fecha,demanda_MWh,temp_media_C,HDD18,CDD22,dow,is_weekend,is_holiday,mes,doy
2015-01-01,603961.474,5.354,12.646,0.0,3,0,1,1,1
2015-01-02,715038.679,5.617,12.383,0.0,4,0,0,1,2
2015-01-03,698648.512,6.714,11.286,0.0,5,1,0,1,3
2015-01-04,663533.254,7.753,10.247,0.0,6,1,0,1,4
2015-01-05,714784.323,6.961,11.039,0.0,0,0,0,1,5
2015-01-06,640502.59,6.557,11.443,0.0,1,0,1,1,6
2015-01-07,797756.388,5.931,12.069,0.0,2,0,0,1,7
2015-01-08,825171.274,5.938,12.062,0.0,3,0,0,1,8
2015-01-09,814974.325,7.13,10.87,0.0,4,0,0,1,9
2015-01-10,730111.554,7.956,10.044,0.0,5,1,0,1,10
2015-01-11,677864.576,7.793,10.207,0.0,6,1,0,1,11
2015-01-12,798385.956,7.401,10.599,0.0,0,0,0,1,12
2015-01-13,808843.601,8.466,9.534,0.0,1,0,0,1,13
2015-01-14,808917.954,8.373,9.627,0.0,2,0,0,1,14
2015-01-15,805493.97,8.603,9.397,0.0,3,0,0,1,15
2015-01-16,806819.56,8.009,9.991,0.0,4,0,0,1,16
2015-01-17,737370.835,5.496,12.504,0.0,5,1,0,1,17
2015-01-18,705750.634,4.843,13.157,0.0,6,1,0,1,18
2015-01-19,832362.441,5.701,12.299,0.0,0,0,0,1,19
2015-01-20,854993.657,4.636,13.364,0.0,1,0,0,1,20
2015-01-21,858827.193,4.743,13.257,0.0,2,0,0,1,21
2015-01-22,852352.418,5.627,12.373,0.0,3,0,0,1,22
2015-01-23,840300.824,5.641,12.359,0.0,4,0,0,1,23
2015-01-24,755029.505,5.654,12.346,0.0,5,1,0,1,24
2015-01-25,691396.043,7.463,10.537,0.0,6,1,0,1,25
2015-01-26,820201.525,6.208,11.792,0.0,0,0,0,1,26
2015-01-27,828540.004,7.079,10.921,0.0,1,0,0,1,27
2015-01-28,822819.394,7.601,10.399,0.0,2,0,0,1,28
2015-01-29,817268.3,8.854,9.146,0.0,3,0,0,1,29
2015-01-30,800560.346,11.991,6.009,0.0,4,0,0,1,30
2015-01-31,722197.352,9.419,8.581,0.0,5,1,0,1,31
2015-02-01,683673.435,6.011,11.989,0.0,6,1,0,2,32
2015-02-02,828262.167,5.742,12.258,0.0,0,0,0,2,33
2015-02-03,846036.506,7.056,10.944,0.0,1,0,0,2,34
2015-02-04,864074.151,4.214,13.786,0.0,2,0,0,2,35
2015-02-05,861302.699,3.956,14.044,0.0,3,0,0,2,36
2015-02-06,865557.073,3.241,14.759,0.0,4,0,0,2,37
2015-02-07,788806.462,3.443,14.557,0.0,5,1,0,2,38
2015-02-08,722720.341,4.487,13.513,0.0,6,1,0,2,39
2015-02-09,848776.346,5.36,12.64,0.0,0,0,0,2,40
2015-02-10,855151.057,5.93,12.07,0.0,1,0,0,2,41
2015-02-11,844145.344,6.395,11.605,0.0,2,0,0,2,42
2015-02-12,837363.267,7.132,10.868,0.0,3,0,0,2,43
2015-02-13,815588.837,8.33,9.67,0.0,4,0,0,2,44
2015-02-14,731921.206,9.693,8.307,0.0,5,1,0,2,45
2015-02-15,666364.522,10.505,7.495,0.0,6,1,0,2,46
2015-02-16,781256.148,9.745,8.255,0.0,0,0,0,2,47
2015-02-17,808815.061,8.662,9.338,0.0,1,0,0,2,48
2015-02-18,805298.458,8.264,9.736,0.0,2,0,0,2,49
2015-02-19,800595.235,7.995,10.005,0.0,3,0,0,2,50
2015-02-20,800551.083,7.419,10.581,0.0,4,0,0,2,51
2015-02-21,723076.713,8.241,9.759,0.0,5,1,0,2,52
2015-02-22,667165.755,8.428,9.572,0.0,6,1,0,2,53
2015-02-23,785999.9,10.213,7.787,0.0,0,0,0,2,54
2015-02-24,804965.856,8.635,9.365,0.0,1,0,0,2,55
2015-02-25,799906.96,9.531,8.469,0.0,2,0,0,2,56
2015-02-26,785077.042,11.595,6.405,0.0,3,0,0,2,57
2015-02-27,767747.309,10.645,7.355,0.0,4,0,0,2,58
2015-02-28,688925.369,9.784,8.216,0.0,5,1,0,2,59
2015-03-01,632398.66,12.606,5.394,0.0,6,1,0,3,60
2015-03-02,740931.84,14.503,3.497,0.0,0,0,0,3,61
2015-03-03,748029.863,13.212,4.788,0.0,1,0,0,3,62
2015-03-04,759198.992,11.163,6.837,0.0,2,0,0,3,63
2015-03-05,766393.373,9.14,8.86,0.0,3,0,0,3,64
2015-03-06,759165.523,9.578,8.422,0.0,4,0,0,3,65
2015-03-07,672167.186,11.471,6.529,0.0,5,1,0,3,66
2015-03-08,620213.043,11.531,6.469,0.0,6,1,0,3,67
2015-03-09,735652.229,11.516,6.484,0.0,0,0,0,3,68
2015-03-10,746131.443,12.412,5.588,0.0,1,0,0,3,69
2015-03-11,741747.056,13.503,4.497,0.0,2,0,0,3,70
2015-03-12,737807.726,13.942,4.058,0.0,3,0,0,3,71
2015-03-13,742091.977,11.812,6.188,0.0,4,0,0,3,72
2015-03-14,683933.3,9.282,8.718,0.0,5,1,0,3,73
2015-03-15,639038.519,8.094,9.906,0.0,6,1,0,3,74
2015-03-16,756961.293,8.155,9.845,0.0,0,0,0,3,75
2015-03-17,773881.322,9.112,8.888,0.0,1,0,0,3,76
2015-03-18,778774.68,9.432,8.568,0.0,2,0,0,3,77
2015-03-19,725746.383,10.983,7.017,0.0,3,0,0,3,78
2015-03-20,748690.134,11.419,6.581,0.0,4,0,0,3,79
2015-03-21,692449.444,10.411,7.589,0.0,5,1,0,3,80
2015-03-22,643671.461,10.469,7.531,0.0,6,1,0,3,81
2015-03-23,770191.421,9.735,8.265,0.0,0,0,0,3,82
2015-03-24,788329.454,9.967,8.033,0.0,1,0,0,3,83
2015-03-25,783474.768,8.298,9.702,0.0,2,0,0,3,84
2015-03-26,774783.358,9.16,8.84,0.0,3,0,0,3,85
2015-03-27,747182.605,13.336,4.664,0.0,4,0,0,3,86
2015-03-28,658008.983,14.501,3.499,0.0,5,1,0,3,87
2015-03-29,569315.019,14.767,3.233,0.0,6,1,0,3,88
2015-03-30,688471.645,16.74,1.26,0.0,0,0,0,3,89
2015-03-31,695789.839,16.369,1.631,0.0,1,0,0,3,90
2015-04-01,686214.746,14.517,3.483,0.0,2,0,0,4,91
2015-04-02,607005.552,13.875,4.125,0.0,3,0,0,4,92
2015-04-03,552208.451,14.445,3.555,0.0,4,0,1,4,93
2015-04-04,582323.752,13.847,4.153,0.0,5,1,0,4,94
2015-04-05,556138.649,13.74,4.26,0.0,6,1,0,4,95
2015-04-06,610002.313,13.429,4.571,0.0,0,0,0,4,96
2015-04-07,691830.242,12.804,5.196,0.0,1,0,0,4,97
2015-04-08,713967.196,11.8,6.2,0.0,2,0,0,4,98
2015-04-09,721531.788,11.068,6.932,0.0,3,0,0,4,99
2015-04-10,715078.518,12.068,5.932,0.0,4,0,0,4,100
2015-04-11,648069.159,13.095,4.905,0.0,5,1,0,4,101
2015-04-12,591230.202,14.257,3.743,0.0,6,1,0,4,102
2015-04-13,687032.209,15.471,2.529,0.0,0,0,0,4,103
2015-04-14,705415.927,16.396,1.604,0.0,1,0,0,4,104
2015-04-15,715115.209,15.048,2.952,0.0,2,0,0,4,105
2015-04-16,715549.262,14.648,3.352,0.0,3,0,0,4,106
2015-04-17,706799.691,15.12,2.88,0.0,4,0,0,4,107
2015-04-18,634399.738,14.426,3.574,0.0,5,1,0,4,108
2015-04-19,582136.363,13.915,4.085,0.0,6,1,0,4,109
2015-04-20,687436.748,14.435,3.565,0.0,0,0,0,4,110
2015-04-21,701522.293,15.897,2.103,0.0,1,0,0,4,111
2015-04-22,699561.995,15.522,2.478,0.0,2,0,0,4,112
2015-04-23,687646.922,16.132,1.868,0.0,3,0,0,4,113
2015-04-24,692397.06,16.736,1.264,0.0,4,0,0,4,114
2015-04-25,634923.747,16.603,1.397,0.0,5,1,0,4,115
2015-04-26,587983.225,15.189,2.811,0.0,6,1,0,4,116
2015-04-27,692629.422,14.794,3.206,0.0,0,0,0,4,117
2015-04-28,700042.293,14.416,3.584,0.0,1,0,0,4,118
2015-04-29,703500.731,15.429,2.571,0.0,2,0,0,4,119
2015-04-30,704052.471,16.46,1.54,0.0,3,0,0,4,120
2015-05-01,578718.608,18.673,0.0,0.0,4,0,1,5,121
2015-05-02,600618.52,20.512,0.0,0.0,5,1,0,5,122
2015-05-03,579556.659,20.987,0.0,0.0,6,1,0,5,123
2015-05-04,696814.532,20.64,0.0,0.0,0,0,0,5,124
2015-05-05,712692.424,18.472,0.0,0.0,1,0,0,5,125
2015-05-06,709631.066,17.075,0.925,0.0,2,0,0,5,126
2015-05-07,709582.216,18.667,0.0,0.0,3,0,0,5,127
2015-05-08,713394.661,19.57,0.0,0.0,4,0,0,5,128
2015-05-09,645342.918,20.257,0.0,0.0,5,1,0,5,129
2015-05-10,592540.844,22.007,0.0,0.007,6,1,0,5,130
2015-05-11,708205.572,22.182,0.0,0.182,0,0,0,5,131
2015-05-12,733578.843,22.784,0.0,0.784,1,0,0,5,132
2015-05-13,744739.728,24.653,0.0,2.653,2,0,0,5,133
2015-05-14,759692.327,24.734,0.0,2.734,3,0,0,5,134
2015-05-15,715045.092,18.723,0.0,0.0,4,0,0,5,135
2015-05-16,648700.189,18.694,0.0,0.0,5,1,0,5,136
2015-05-17,596728.288,19.843,0.0,0.0,6,1,0,5,137
2015-05-18,712910.507,21.066,0.0,0.0,0,0,0,5,138
2015-05-19,725028.289,18.385,0.0,0.0,1,0,0,5,139
2015-05-20,709020.734,15.798,2.202,0.0,2,0,0,5,140
2015-05-21,704145.347,15.79,2.21,0.0,3,0,0,5,141
2015-05-22,703305.968,16.114,1.886,0.0,4,0,0,5,142
2015-05-23,638600.423,16.913,1.087,0.0,5,1,0,5,143
2015-05-24,580677.024,17.602,0.398,0.0,6,1,0,5,144
2015-05-25,690496.615,18.903,0.0,0.0,0,0,0,5,145
2015-05-26,711059.817,19.118,0.0,0.0,1,0,0,5,146
2015-05-27,718112.337,19.835,0.0,0.0,2,0,0,5,147
2015-05-28,727169.773,21.145,0.0,0.0,3,0,0,5,148
2015-05-29,718625.882,20.999,0.0,0.0,4,0,0,5,149
2015-05-30,646373.913,20.609,0.0,0.0,5,1,0,5,150
2015-05-31,593332.959,21.286,0.0,0.0,6,1,0,5,151
2015-06-01,706587.156,21.994,0.0,0.0,0,0,0,6,152
2015-06-02,738775.926,22.823,0.0,0.823,1,0,0,6,153
2015-06-03,747469.967,23.865,0.0,1.865,2,0,0,6,154
2015-06-04,730593.034,24.38,0.0,2.38,3,0,0,6,155
2015-06-05,742351.461,23.835,0.0,1.835,4,0,0,6,156
2015-06-06,678371.769,24.033,0.0,2.033,5,1,0,6,157
2015-06-07,620985.501,24.714,0.0,2.714,6,1,0,6,158
2015-06-08,745772.122,24.919,0.0,2.919,0,0,0,6,159
2015-06-09,757972.236,24.197,0.0,2.197,1,0,0,6,160
2015-06-10,757784.264,22.274,0.0,0.274,2,0,0,6,161
2015-06-11,743655.657,20.788,0.0,0.0,3,0,0,6,162
2015-06-12,726783.339,19.872,0.0,0.0,4,0,0,6,163
2015-06-13,649586.247,19.057,0.0,0.0,5,1,0,6,164
2015-06-14,589719.277,18.619,0.0,0.0,6,1,0,6,165
2015-06-15,700468.742,17.667,0.333,0.0,0,0,0,6,166
2015-06-16,708043.32,18.839,0.0,0.0,1,0,0,6,167
2015-06-17,718026.337,20.163,0.0,0.0,2,0,0,6,168
2015-06-18,728234.631,21.534,0.0,0.0,3,0,0,6,169
2015-06-19,739870.471,22.706,0.0,0.706,4,0,0,6,170
2015-06-20,677987.663,23.635,0.0,1.635,5,1,0,6,171
2015-06-21,623496.304,24.847,0.0,2.847,6,1,0,6,172
2015-06-22,746978.305,25.036,0.0,3.036,0,0,0,6,173
2015-06-23,749632.438,23.963,0.0,1.963,1,0,0,6,174
2015-06-24,709073.974,23.078,0.0,1.078,2,0,0,6,175
2015-06-25,756207.487,24.059,0.0,2.059,3,0,0,6,176
2015-06-26,773092.054,26.045,0.0,4.045,4,0,0,6,177
2015-06-27,718758.663,27.277,0.0,5.277,5,1,0,6,178
2015-06-28,668290.933,28.093,0.0,6.093,6,1,0,6,179
2015-06-29,802343.029,28.534,0.0,6.534,0,0,0,6,180
2015-06-30,825913.225,28.549,0.0,6.549,1,0,0,6,181
2015-07-01,818165.82,27.438,0.0,5.438,2,0,0,7,182
2015-07-02,807298.837,26.734,0.0,4.734,3,0,0,7,183
2015-07-03,813047.623,27.58,0.0,5.58,4,0,0,7,184
2015-07-04,735000.465,28.063,0.0,6.063,5,1,0,7,185
2015-07-05,690986.862,28.694,0.0,6.694,6,1,0,7,186
2015-07-06,833841.194,29.287,0.0,7.287,0,0,0,7,187
2015-07-07,866486.534,29.876,0.0,7.876,1,0,0,7,188
2015-07-08,861343.857,28.122,0.0,6.122,2,0,0,7,189
2015-07-09,842680.316,27.086,0.0,5.086,3,0,0,7,190
2015-07-10,830759.229,27.622,0.0,5.622,4,0,0,7,191
2015-07-11,740508.641,27.003,0.0,5.003,5,1,0,7,192
2015-07-12,681004.161,27.204,0.0,5.204,6,1,0,7,193
2015-07-13,824914.33,27.781,0.0,5.781,0,0,0,7,194
2015-07-14,849611.333,28.286,0.0,6.286,1,0,0,7,195
2015-07-15,854102.621,28.526,0.0,6.526,2,0,0,7,196
2015-07-16,852063.23,28.941,0.0,6.941,3,0,0,7,197
2015-07-17,849281.647,27.789,0.0,5.789,4,0,0,7,198
2015-07-18,753322.967,27.083,0.0,5.083,5,1,0,7,199
2015-07-19,684999.194,27.258,0.0,5.258,6,1,0,7,200
2015-07-20,841224.942,28.2,0.0,6.2,0,0,0,7,201
2015-07-21,865146.926,28.779,0.0,6.779,1,0,0,7,202
2015-07-22,856068.072,27.899,0.0,5.899,2,0,0,7,203
2015-07-23,851979.445,27.843,0.0,5.843,3,0,0,7,204
2015-07-24,843688.292,28.109,0.0,6.109,4,0,0,7,205
2015-07-25,730897.456,26.093,0.0,4.093,5,1,0,7,206
2015-07-26,673201.906,27.061,0.0,5.061,6,1,0,7,207
2015-07-27,816558.257,27.704,0.0,5.704,0,0,0,7,208
2015-07-28,833869.765,27.649,0.0,5.649,1,0,0,7,209
2015-07-29,844723.001,27.655,0.0,5.655,2,0,0,7,210
2015-07-30,819958.886,25.809,0.0,3.809,3,0,0,7,211
2015-07-31,779003.323,24.038,0.0,2.038,4,0,0,7,212
2015-08-01,680361.086,23.335,0.0,1.335,5,1,0,8,213
2015-08-02,635796.261,25.558,0.0,3.558,6,1,0,8,214
2015-08-03,774254.262,26.775,0.0,4.775,0,0,0,8,215
2015-08-04,786083.344,26.357,0.0,4.357,1,0,0,8,216
2015-08-05,794417.385,27.093,0.0,5.093,2,0,0,8,217
2015-08-06,793688.217,27.688,0.0,5.688,3,0,0,8,218
2015-08-07,801217.924,28.09,0.0,6.09,4,0,0,8,219
2015-08-08,711363.27,26.467,0.0,4.467,5,1,0,8,220
2015-08-09,636476.179,24.687,0.0,2.687,6,1,0,8,221
2015-08-10,744364.123,26.041,0.0,4.041,0,0,0,8,222
2015-08-11,762740.052,26.877,0.0,4.877,1,0,0,8,223
2015-08-12,767721.94,26.951,0.0,4.951,2,0,0,8,224
2015-08-13,753532.812,25.019,0.0,3.019,3,0,0,8,225
2015-08-14,713319.001,22.767,0.0,0.767,4,0,0,8,226
2015-08-15,621537.814,22.174,0.0,0.174,5,1,1,8,227
2015-08-16,594535.379,22.804,0.0,0.804,6,1,0,8,228
2015-08-17,697936.416,23.977,0.0,1.977,0,0,0,8,229
2015-08-18,706652.476,23.623,0.0,1.623,1,0,0,8,230
2015-08-19,709229.608,23.704,0.0,1.704,2,0,0,8,231
2015-08-20,731671.914,25.423,0.0,3.423,3,0,0,8,232
2015-08-21,745031.982,26.044,0.0,4.044,4,0,0,8,233
2015-08-22,675418.314,24.54,0.0,2.54,5,1,0,8,234
2015-08-23,614465.919,23.443,0.0,1.443,6,1,0,8,235
2015-08-24,710603.426,22.413,0.0,0.413,0,0,0,8,236
2015-08-25,735562.748,22.511,0.0,0.511,1,0,0,8,237
2015-08-26,752911.303,24.124,0.0,2.124,2,0,0,8,238
2015-08-27,764243.524,25.042,0.0,3.042,3,0,0,8,239
2015-08-28,768622.78,25.523,0.0,3.523,4,0,0,8,240
2015-08-29,700909.286,26.575,0.0,4.575,5,1,0,8,241
2015-08-30,653032.965,26.49,0.0,4.49,6,1,0,8,242
2015-08-31,782342.091,24.809,0.0,2.809,0,0,0,8,243
2015-09-01,781600.481,23.137,0.0,1.137,1,0,0,9,244
2015-09-02,773137.955,22.563,0.0,0.563,2,0,0,9,245
2015-09-03,755240.694,21.586,0.0,0.0,3,0,0,9,246
2015-09-04,732691.965,20.061,0.0,0.0,4,0,0,9,247
2015-09-05,645794.998,19.564,0.0,0.0,5,1,0,9,248
2015-09-06,591063.167,20.121,0.0,0.0,6,1,0,9,249
2015-09-07,699849.007,20.405,0.0,0.0,0,0,0,9,250
2015-09-08,702432.005,20.65,0.0,0.0,1,0,0,9,251
2015-09-09,722409.942,21.213,0.0,0.0,2,0,0,9,252
2015-09-10,728505.804,21.884,0.0,0.0,3,0,0,9,253
2015-09-11,701623.09,22.397,0.0,0.397,4,0,0,9,254
2015-09-12,652086.767,22.425,0.0,0.425,5,1,0,9,255
2015-09-13,599682.057,21.615,0.0,0.0,6,1,0,9,256
2015-09-14,703998.29,20.571,0.0,0.0,0,0,0,9,257
2015-09-15,721881.88,19.264,0.0,0.0,1,0,0,9,258
2015-09-16,731468.57,20.213,0.0,0.0,2,0,0,9,259
2015-09-17,716961.823,18.701,0.0,0.0,3,0,0,9,260
2015-09-18,709624.619,17.945,0.055,0.0,4,0,0,9,261
2015-09-19,641702.928,18.884,0.0,0.0,5,1,0,9,262
2015-09-20,590658.05,19.81,0.0,0.0,6,1,0,9,263
2015-09-21,709595.849,20.874,0.0,0.0,0,0,0,9,264
2015-09-22,729247.244,21.021,0.0,0.0,1,0,0,9,265
2015-09-23,725527.873,19.625,0.0,0.0,2,0,0,9,266
2015-09-24,716022.639,19.725,0.0,0.0,3,0,0,9,267
2015-09-25,713482.173,20.834,0.0,0.0,4,0,0,9,268
2015-09-26,641495.081,20.676,0.0,0.0,5,1,0,9,269
2015-09-27,588066.446,20.102,0.0,0.0,6,1,0,9,270
2015-09-28,699250.72,19.203,0.0,0.0,0,0,0,9,271
2015-09-29,712306.712,18.118,0.0,0.0,1,0,0,9,272
2015-09-30,709938.298,17.946,0.054,0.0,2,0,0,9,273
2015-10-01,710340.362,18.628,0.0,0.0,3,0,0,10,274
2015-10-02,710143.781,18.676,0.0,0.0,4,0,0,10,275
2015-10-03,637119.214,18.874,0.0,0.0,5,1,0,10,276
2015-10-04,591918.854,19.462,0.0,0.0,6,1,0,10,277
2015-10-05,714002.393,21.255,0.0,0.0,0,0,0,10,278
2015-10-06,721391.469,19.855,0.0,0.0,1,0,0,10,279
2015-10-07,712141.884,17.455,0.545,0.0,2,0,0,10,280
2015-10-08,708634.682,16.873,1.127,0.0,3,0,0,10,281
2015-10-09,689071.367,16.74,1.26,0.0,4,0,0,10,282
2015-10-10,624383.868,16.941,1.059,0.0,5,1,0,10,283
2015-10-11,577053.306,17.968,0.032,0.0,6,1,0,10,284
2015-10-12,591151.662,18.122,0.0,0.0,0,0,1,10,285
2015-10-13,693736.095,15.943,2.057,0.0,1,0,0,10,286
2015-10-14,702326.943,14.547,3.453,0.0,2,0,0,10,287
2015-10-15,701629.47,13.858,4.142,0.0,3,0,0,10,288
2015-10-16,702415.798,14.937,3.063,0.0,4,0,0,10,289
2015-10-17,634734.343,16.268,1.732,0.0,5,1,0,10,290
2015-10-18,585855.092,16.945,1.055,0.0,6,1,0,10,291
2015-10-19,701795.134,16.949,1.051,0.0,0,0,0,10,292
2015-10-20,714150.506,16.114,1.886,0.0,1,0,0,10,293
2015-10-21,708063.51,14.21,3.79,0.0,2,0,0,10,294
2015-10-22,706492.648,14.004,3.996,0.0,3,0,0,10,295
2015-10-23,705365.625,15.167,2.833,0.0,4,0,0,10,296
2015-10-24,632451.637,15.87,2.13,0.0,5,1,0,10,297
2015-10-25,606248.24,16.02,1.98,0.0,6,1,0,10,298
2015-10-26,698714.377,15.426,2.574,0.0,0,0,0,10,299
2015-10-27,714045.704,15.451,2.549,0.0,1,0,0,10,300
2015-10-28,712968.78,14.216,3.784,0.0,2,0,0,10,301
2015-10-29,713797.41,15.141,2.859,0.0,3,0,0,10,302
2015-10-30,705347.426,15.68,2.32,0.0,4,0,0,10,303
2015-10-31,631421.414,16.023,1.977,0.0,5,1,0,10,304
2015-11-01,577443.778,16.033,1.967,0.0,6,1,0,11,305
2015-11-02,662810.755,14.406,3.594,0.0,0,0,0,11,306
2015-11-03,713156.063,13.741,4.259,0.0,1,0,0,11,307
2015-11-04,717848.047,14.496,3.504,0.0,2,0,0,11,308
2015-11-05,712966.18,15.827,2.173,0.0,3,0,0,11,309
2015-11-06,709440.852,16.161,1.839,0.0,4,0,0,11,310
2015-11-07,631290.114,15.787,2.213,0.0,5,1,0,11,311
2015-11-08,580730.06,15.841,2.159,0.0,6,1,0,11,312
2015-11-09,682737.263,15.227,2.773,0.0,0,0,0,11,313
2015-11-10,708284.438,14.677,3.323,0.0,1,0,0,11,314
2015-11-11,712159.923,13.928,4.072,0.0,2,0,0,11,315
2015-11-12,714782.597,13.606,4.394,0.0,3,0,0,11,316
2015-11-13,714253.807,13.376,4.624,0.0,4,0,0,11,317
2015-11-14,635005.213,13.419,4.581,0.0,5,1,0,11,318
2015-11-15,590681.619,12.766,5.234,0.0,6,1,0,11,319
2015-11-16,710388.594,12.518,5.482,0.0,0,0,0,11,320
2015-11-17,732321.9,12.071,5.929,0.0,1,0,0,11,321
2015-11-18,734600.621,12.13,5.87,0.0,2,0,0,11,322
2015-11-19,729865.477,13.128,4.872,0.0,3,0,0,11,323
2015-11-20,727648.544,13.741,4.259,0.0,4,0,0,11,324
2015-11-21,658982.079,12.358,5.642,0.0,5,1,0,11,325
2015-11-22,621390.199,8.245,9.755,0.0,6,1,0,11,326
2015-11-23,761047.095,6.835,11.165,0.0,0,0,0,11,327
2015-11-24,792667.153,7.103,10.897,0.0,1,0,0,11,328
2015-11-25,786283.895,10.377,7.623,0.0,2,0,0,11,329
2015-11-26,777027.662,11.408,6.592,0.0,3,0,0,11,330
2015-11-27,765601.74,11.469,6.531,0.0,4,0,0,11,331
2015-11-28,688310.998,10.411,7.589,0.0,5,1,0,11,332
2015-11-29,640782.551,9.163,8.837,0.0,6,1,0,11,333
2015-11-30,771609.629,8.672,9.328,0.0,0,0,0,11,334
2015-12-01,790099.773,7.998,10.002,0.0,1,0,0,12,335
2015-12-02,791699.766,8.747,9.253,0.0,2,0,0,12,336
2015-12-03,783002.667,9.321,8.679,0.0,3,0,0,12,337
2015-12-04,771917.122,10.061,7.939,0.0,4,0,0,12,338
2015-12-05,695778.905,10.599,7.401,0.0,5,1,0,12,339
2015-12-06,640414.626,10.415,7.585,0.0,6,1,0,12,340
2015-12-07,677337.078,10.315,7.685,0.0,0,0,0,12,341
2015-12-08,648186.832,11.029,6.971,0.0,1,0,1,12,342
2015-12-09,756864.691,10.755,7.245,0.0,2,0,0,12,343
2015-12-10,773300.04,10.245,7.755,0.0,3,0,0,12,344
2015-12-11,773033.866,10.143,7.857,0.0,4,0,0,12,345
2015-12-12,701968.104,9.682,8.318,0.0,5,1,0,12,346
2015-12-13,657019.376,9.22,8.78,0.0,6,1,0,12,347
2015-12-14,776425.684,10.591,7.409,0.0,0,0,0,12,348
2015-12-15,780963.44,11.642,6.358,0.0,1,0,0,12,349
2015-12-16,772292.239,11.653,6.347,0.0,2,0,0,12,350
2015-12-17,770585.858,11.063,6.937,0.0,3,0,0,12,351
2015-12-18,755427.25,11.136,6.864,0.0,4,0,0,12,352
2015-12-19,688717.004,10.872,7.128,0.0,5,1,0,12,353
2015-12-20,640402.405,10.437,7.563,0.0,6,1,0,12,354
2015-12-21,744705.501,10.344,7.656,0.0,0,0,0,12,355
2015-12-22,753394.497,9.341,8.659,0.0,1,0,0,12,356
2015-12-23,737145.724,9.444,8.556,0.0,2,0,0,12,357
2015-12-24,649621.947,9.801,8.199,0.0,3,0,0,12,358
2015-12-25,552928.567,8.616,9.384,0.0,4,0,1,12,359
2015-12-26,609671.374,8.729,9.271,0.0,5,1,0,12,360
2015-12-27,607423.494,9.09,8.91,0.0,6,1,0,12,361
2015-12-28,691856.429,10.617,7.383,0.0,0,0,0,12,362
2015-12-29,688847.584,11.056,6.944,0.0,1,0,0,12,363
2015-12-30,686469.667,9.615,8.385,0.0,2,0,0,12,364
2015-12-31,635232.317,11.033,6.967,0.0,3,0,0,12,365
2016-01-01,549334.251,11.087,6.913,0.0,4,0,1,1,1
2016-01-02,614370.924,10.889,7.111,0.0,5,1,0,1,2
2016-01-03,619728.026,9.56,8.44,0.0,6,1,0,1,3
2016-01-04,704966.605,12.827,5.173,0.0,0,0,0,1,4
2016-01-05,701386.909,9.015,8.985,0.0,1,0,0,1,5
2016-01-06,619994.074,7.448,10.552,0.0,2,0,1,1,6
2016-01-07,749294.848,12.52,5.48,0.0,3,0,0,1,7
2016-01-08,750160.278,13.38,4.62,0.0,4,0,0,1,8
2016-01-09,685100.337,12.201,5.799,0.0,5,1,0,1,9
2016-01-10,648714.619,12.198,5.802,0.0,6,1,0,1,10
2016-01-11,761504.75,12.245,5.755,0.0,0,0,0,1,11
2016-01-12,778891.307,8.671,9.329,0.0,1,0,0,1,12
2016-01-13,795087.713,7.656,10.344,0.0,2,0,0,1,13
2016-01-14,802427.396,8.657,9.343,0.0,3,0,0,1,14
2016-01-15,796846.21,8.694,9.306,0.0,4,0,0,1,15
2016-01-16,726141.03,6.014,11.986,0.0,5,1,0,1,16
2016-01-17,690103.083,5.154,12.846,0.0,6,1,0,1,17
2016-01-18,809652.278,7.183,10.817,0.0,0,0,0,1,18
2016-01-19,817453.121,6.819,11.181,0.0,1,0,0,1,19
2016-01-20,812592.743,7.503,10.497,0.0,2,0,0,1,20
2016-01-21,810913.591,8.414,9.586,0.0,3,0,0,1,21
2016-01-22,797248.912,9.797,8.203,0.0,4,0,0,1,22
2016-01-23,704774.445,10.973,7.027,0.0,5,1,0,1,23
2016-01-24,649539.394,10.964,7.036,0.0,6,1,0,1,24
2016-01-25,764530.819,11.219,6.781,0.0,0,0,0,1,25
2016-01-26,783129.126,10.079,7.921,0.0,1,0,0,1,26
2016-01-27,782454.402,9.699,8.301,0.0,2,0,0,1,27
2016-01-28,781220.285,9.399,8.601,0.0,3,0,0,1,28
2016-01-29,776149.051,9.575,8.425,0.0,4,0,0,1,29
2016-01-30,701070.736,9.298,8.702,0.0,5,1,0,1,30
2016-01-31,648243.321,10.602,7.398,0.0,6,1,0,1,31
2016-02-01,755604.833,11.334,6.666,0.0,0,0,0,2,32
2016-02-02,771162.157,10.417,7.583,0.0,1,0,0,2,33
2016-02-03,774920.755,10.157,7.843,0.0,2,0,0,2,34
2016-02-04,779636.335,8.152,9.848,0.0,3,0,0,2,35
2016-02-05,778440.4,8.129,9.871,0.0,4,0,0,2,36
2016-02-06,708475.865,9.31,8.69,0.0,5,1,0,2,37
2016-02-07,654892.273,10.229,7.771,0.0,6,1,0,2,38
2016-02-08,764576.899,10.24,7.76,0.0,0,0,0,2,39
2016-02-09,776296.4,11.903,6.097,0.0,1,0,0,2,40
2016-02-10,779057.216,12.314,5.686,0.0,2,0,0,2,41
2016-02-11,770145.265,12.652,5.348,0.0,3,0,0,2,42
2016-02-12,772155.474,12.54,5.46,0.0,4,0,0,2,43
2016-02-13,694719.829,14.264,3.736,0.0,5,1,0,2,44
2016-02-14,648984.261,10.783,7.217,0.0,6,1,0,2,45
2016-02-15,783874.49,7.764,10.236,0.0,0,0,0,2,46
2016-02-16,804822.875,5.84,12.16,0.0,1,0,0,2,47
2016-02-17,819617.781,4.93,13.07,0.0,2,0,0,2,48
2016-02-18,823891.322,6.86,11.14,0.0,3,0,0,2,49
2016-02-19,809709.545,7.064,10.936,0.0,4,0,0,2,50
2016-02-20,719890.582,8.003,9.997,0.0,5,1,0,2,51
2016-02-21,661995.391,8.96,9.04,0.0,6,1,0,2,52
2016-02-22,769236.13,10.372,7.628,0.0,0,0,0,2,53
2016-02-23,775844.287,10.584,7.416,0.0,1,0,0,2,54
2016-02-24,782909.849,10.088,7.912,0.0,2,0,0,2,55
2016-02-25,773022.654,10.451,7.549,0.0,3,0,0,2,56
2016-02-26,787433.867,8.336,9.664,0.0,4,0,0,2,57
2016-02-27,730652.05,6.735,11.265,0.0,5,1,0,2,58
2016-02-28,671872.845,8.022,9.978,0.0,6,1,0,2,59
2016-02-29,766564.788,8.794,9.206,0.0,0,0,0,2,60
2016-03-01,782435.271,9.049,8.951,0.0,1,0,0,3,61
2016-03-02,780440.745,11.221,6.779,0.0,2,0,0,3,62
2016-03-03,776053.071,10.732,7.268,0.0,3,0,0,3,63
2016-03-04,776287.283,10.418,7.582,0.0,4,0,0,3,64
2016-03-05,701814.836,8.844,9.156,0.0,5,1,0,3,65
2016-03-06,657322.151,7.782,10.218,0.0,6,1,0,3,66
2016-03-07,797057.198,7.538,10.462,0.0,0,0,0,3,67
2016-03-08,800620.964,7.82,10.18,0.0,1,0,0,3,68
2016-03-09,813456.131,8.239,9.761,0.0,2,0,0,3,69
2016-03-10,806943.774,8.232,9.768,0.0,3,0,0,3,70
2016-03-11,790478.931,8.413,9.587,0.0,4,0,0,3,71
2016-03-12,707083.567,8.155,9.845,0.0,5,1,0,3,72
2016-03-13,655003.476,8.561,9.439,0.0,6,1,0,3,73
2016-03-14,780217.235,8.729,9.271,0.0,0,0,0,3,74
2016-03-15,792756.102,9.023,8.977,0.0,1,0,0,3,75
2016-03-16,788127.677,9.596,8.404,0.0,2,0,0,3,76
2016-03-17,785951.92,9.507,8.493,0.0,3,0,0,3,77
2016-03-18,776984.922,9.804,8.196,0.0,4,0,0,3,78
2016-03-19,695002.995,10.461,7.539,0.0,5,1,0,3,79
2016-03-20,644667.695,10.196,7.804,0.0,6,1,0,3,80
2016-03-21,758215.411,9.824,8.176,0.0,0,0,0,3,81
2016-03-22,758874.659,10.639,7.361,0.0,1,0,0,3,82
2016-03-23,742133.988,10.149,7.851,0.0,2,0,0,3,83
2016-03-24,645171.744,10.89,7.11,0.0,3,0,0,3,84
2016-03-25,601008.215,11.893,6.107,0.0,4,0,1,3,85
2016-03-26,622066.484,13.046,4.954,0.0,5,1,0,3,86
2016-03-27,563666.749,12.992,5.008,0.0,6,1,0,3,87
2016-03-28,652080.331,12.484,5.516,0.0,0,0,0,3,88
2016-03-29,717409.352,14.196,3.804,0.0,1,0,0,3,89
2016-03-30,722449.298,13.895,4.105,0.0,2,0,0,3,90
2016-03-31,737927.173,11.74,6.26,0.0,3,0,0,3,91
2016-04-01,741458.89,10.069,7.931,0.0,4,0,0,4,92
2016-04-02,672655.24,10.776,7.224,0.0,5,1,0,4,93
2016-04-03,629069.4,11.706,6.294,0.0,6,1,0,4,94
2016-04-04,744085.306,11.012,6.988,0.0,0,0,0,4,95
2016-04-05,760497.377,11.559,6.441,0.0,1,0,0,4,96
2016-04-06,745920.411,12.287,5.713,0.0,2,0,0,4,97
2016-04-07,738810.264,12.489,5.511,0.0,3,0,0,4,98
2016-04-08,741091.847,10.713,7.287,0.0,4,0,0,4,99
2016-04-09,663840.188,11.534,6.466,0.0,5,1,0,4,100
2016-04-10,618589.05,11.645,6.355,0.0,6,1,0,4,101
2016-04-11,733820.471,11.339,6.661,0.0,0,0,0,4,102
2016-04-12,749723.748,12.134,5.866,0.0,1,0,0,4,103
2016-04-13,737981.093,12.858,5.142,0.0,2,0,0,4,104
2016-04-14,734656.04,13.893,4.107,0.0,3,0,0,4,105
2016-04-15,725628.052,14.398,3.602,0.0,4,0,0,4,106
2016-04-16,656666.187,14.957,3.043,0.0,5,1,0,4,107
2016-04-17,600865.508,14.66,3.34,0.0,6,1,0,4,108
2016-04-18,708728.644,14.25,3.75,0.0,0,0,0,4,109
2016-04-19,730879.617,14.063,3.937,0.0,1,0,0,4,110
2016-04-20,734992.037,13.426,4.574,0.0,2,0,0,4,111
2016-04-21,725975.418,13.507,4.493,0.0,3,0,0,4,112
2016-04-22,718425.772,14.131,3.869,0.0,4,0,0,4,113
2016-04-23,639355.867,14.061,3.939,0.0,5,1,0,4,114
2016-04-24,588258.41,13.66,4.34,0.0,6,1,0,4,115
2016-04-25,696704.796,13.118,4.882,0.0,0,0,0,4,116
2016-04-26,710869.658,14.187,3.813,0.0,1,0,0,4,117
2016-04-27,717645.536,14.586,3.414,0.0,2,0,0,4,118
2016-04-28,717950.891,13.304,4.696,0.0,3,0,0,4,119
2016-04-29,713568.969,13.476,4.524,0.0,4,0,0,4,120
2016-04-30,637483.106,13.704,4.296,0.0,5,1,0,4,121
2016-05-01,563400.989,12.645,5.355,0.0,6,1,0,5,122
2016-05-02,643269.665,13.94,4.06,0.0,0,0,0,5,123
2016-05-03,700908.897,16.046,1.954,0.0,1,0,0,5,124
2016-05-04,706336.716,17.083,0.917,0.0,2,0,0,5,125
2016-05-05,709504.363,16.182,1.818,0.0,3,0,0,5,126
2016-05-06,710229.085,14.988,3.012,0.0,4,0,0,5,127
2016-05-07,639234.355,14.931,3.069,0.0,5,1,0,5,128
2016-05-08,593675.127,14.283,3.717,0.0,6,1,0,5,129
2016-05-09,705132.32,14.177,3.823,0.0,0,0,0,5,130
2016-05-10,720107.983,13.406,4.594,0.0,1,0,0,5,131
2016-05-11,718238.093,13.431,4.569,0.0,2,0,0,5,132
2016-05-12,717601.264,13.777,4.223,0.0,3,0,0,5,133
2016-05-13,711552.092,13.92,4.08,0.0,4,0,0,5,134
2016-05-14,635350.364,15.35,2.65,0.0,5,1,0,5,135
2016-05-15,579221.135,16.175,1.825,0.0,6,1,0,5,136
2016-05-16,650838.585,16.32,1.68,0.0,0,0,0,5,137
2016-05-17,692297.232,16.838,1.162,0.0,1,0,0,5,138
2016-05-18,707385.95,17.995,0.005,0.0,2,0,0,5,139
2016-05-19,706583.408,17.986,0.014,0.0,3,0,0,5,140
2016-05-20,707601.689,19.128,0.0,0.0,4,0,0,5,141
2016-05-21,641344.714,19.429,0.0,0.0,5,1,0,5,142
2016-05-22,589691.238,18.639,0.0,0.0,6,1,0,5,143
2016-05-23,688905.12,16.469,1.531,0.0,0,0,0,5,144
2016-05-24,706604.309,17.824,0.176,0.0,1,0,0,5,145
2016-05-25,712517.096,18.195,0.0,0.0,2,0,0,5,146
2016-05-26,709833.502,18.733,0.0,0.0,3,0,0,5,147
2016-05-27,709426.086,19.29,0.0,0.0,4,0,0,5,148
2016-05-28,641484.124,18.32,0.0,0.0,5,1,0,5,149
2016-05-29,584034.921,17.747,0.253,0.0,6,1,0,5,150
2016-05-30,687161.189,17.656,0.344,0.0,0,0,0,5,151
2016-05-31,704587.279,18.007,0.0,0.0,1,0,0,5,152
2016-06-01,709821.213,18.909,0.0,0.0,2,0,0,6,153
2016-06-02,714223.82,19.917,0.0,0.0,3,0,0,6,154
2016-06-03,716319.971,21.043,0.0,0.0,4,0,0,6,155
2016-06-04,646944.397,20.862,0.0,0.0,5,1,0,6,156
2016-06-05,597053.3,21.363,0.0,0.0,6,1,0,6,157
2016-06-06,713229.237,22.064,0.0,0.064,0,0,0,6,158
2016-06-07,742877.039,23.171,0.0,1.171,1,0,0,6,159
2016-06-08,757700.186,24.421,0.0,2.421,2,0,0,6,160
2016-06-09,768283.205,25.256,0.0,3.256,3,0,0,6,161
2016-06-10,757204.213,24.033,0.0,2.033,4,0,0,6,162
2016-06-11,673474.394,22.76,0.0,0.76,5,1,0,6,163
2016-06-12,618100.688,23.249,0.0,1.249,6,1,0,6,164
2016-06-13,757302.953,24.402,0.0,2.402,0,0,0,6,165
2016-06-14,769256.56,22.555,0.0,0.555,1,0,0,6,166
2016-06-15,756149.223,20.236,0.0,0.0,2,0,0,6,167
2016-06-16,719361.642,18.427,0.0,0.0,3,0,0,6,168
2016-06-17,713638.415,18.742,0.0,0.0,4,0,0,6,169
2016-06-18,653385.417,18.978,0.0,0.0,5,1,0,6,170
2016-06-19,601705.707,19.599,0.0,0.0,6,1,0,6,171
2016-06-20,717719.773,21.939,0.0,0.0,0,0,0,6,172
2016-06-21,748639.036,24.392,0.0,2.392,1,0,0,6,173
2016-06-22,758119.967,25.314,0.0,3.314,2,0,0,6,174
2016-06-23,754454.312,24.79,0.0,2.79,3,0,0,6,175
2016-06-24,718649.229,24.663,0.0,2.663,4,0,0,6,176
2016-06-25,685908.782,23.875,0.0,1.875,5,1,0,6,177
2016-06-26,625080.91,22.78,0.0,0.78,6,1,0,6,178
2016-06-27,751353.712,23.712,0.0,1.712,0,0,0,6,179
2016-06-28,778861.467,25.379,0.0,3.379,1,0,0,6,180
2016-06-29,780388.228,25.373,0.0,3.373,2,0,0,6,181
2016-06-30,785078.65,25.202,0.0,3.202,3,0,0,6,182
2016-07-01,780837.638,25.702,0.0,3.702,4,0,0,7,183
2016-07-02,706129.917,25.663,0.0,3.663,5,1,0,7,184
2016-07-03,656564.101,25.843,0.0,3.843,6,1,0,7,185
2016-07-04,773366.894,25.891,0.0,3.891,0,0,0,7,186
2016-07-05,799505.67,25.626,0.0,3.626,1,0,0,7,187
2016-07-06,804016.097,26.112,0.0,4.112,2,0,0,7,188
2016-07-07,791608.63,26.315,0.0,4.315,3,0,0,7,189
2016-07-08,800680.755,26.769,0.0,4.769,4,0,0,7,190
2016-07-09,732130.485,27.73,0.0,5.73,5,1,0,7,191
2016-07-10,681645.652,28.595,0.0,6.595,6,1,0,7,192
2016-07-11,819684.185,28.014,0.0,6.014,0,0,0,7,193
2016-07-12,820246.74,25.844,0.0,3.844,1,0,0,7,194
2016-07-13,791222.123,23.251,0.0,1.251,2,0,0,7,195
2016-07-14,775029.946,22.281,0.0,0.281,3,0,0,7,196
2016-07-15,764830.789,22.879,0.0,0.879,4,0,0,7,197
2016-07-16,693162.532,24.744,0.0,2.744,5,1,0,7,198
2016-07-17,641482.386,26.318,0.0,4.318,6,1,0,7,199
2016-07-18,779960.407,27.05,0.0,5.05,0,0,0,7,200
2016-07-19,806888.322,27.569,0.0,5.569,1,0,0,7,201
2016-07-20,822375.658,27.842,0.0,5.842,2,0,0,7,202
2016-07-21,823543.175,27.02,0.0,5.02,3,0,0,7,203
2016-07-22,800629.932,25.912,0.0,3.912,4,0,0,7,204
2016-07-23,704385.142,24.62,0.0,2.62,5,1,0,7,205
2016-07-24,647520.055,25.256,0.0,3.256,6,1,0,7,206
2016-07-25,752032.203,26.696,0.0,4.696,0,0,0,7,207
2016-07-26,818352.397,27.447,0.0,5.447,1,0,0,7,208
2016-07-27,822449.75,27.301,0.0,5.301,2,0,0,7,209
2016-07-28,820121.774,27.372,0.0,5.372,3,0,0,7,210
2016-07-29,815377.908,27.887,0.0,5.887,4,0,0,7,211
2016-07-30,732718.3,27.56,0.0,5.56,5,1,0,7,212
2016-07-31,664770.94,26.426,0.0,4.426,6,1,0,7,213
2016-08-01,777384.598,26.013,0.0,4.013,0,0,0,8,214
2016-08-02,795394.433,26.702,0.0,4.702,1,0,0,8,215
2016-08-03,803662.631,27.399,0.0,5.399,2,0,0,8,216
2016-08-04,804104.371,27.636,0.0,5.636,3,0,0,8,217
2016-08-05,784604.624,26.017,0.0,4.017,4,0,0,8,218
2016-08-06,697986.2,25.723,0.0,3.723,5,1,0,8,219
2016-08-07,643890.722,26.4,0.0,4.4,6,1,0,8,220
2016-08-08,751791.103,27.134,0.0,5.134,0,0,0,8,221
2016-08-09,762030.919,26.094,0.0,4.094,1,0,0,8,222
2016-08-10,733011.752,22.833,0.0,0.833,2,0,0,8,223
2016-08-11,727538.224,23.01,0.0,1.01,3,0,0,8,224
2016-08-12,730090.998,24.139,0.0,2.139,4,0,0,8,225
2016-08-13,669486.783,25.335,0.0,3.335,5,1,0,8,226
2016-08-14,618083.966,25.803,0.0,3.803,6,1,0,8,227
2016-08-15,634293.631,25.868,0.0,3.868,0,0,1,8,228
2016-08-16,725863.746,26.18,0.0,4.18,1,0,0,8,229
2016-08-17,742268.85,26.153,0.0,4.153,2,0,0,8,230
2016-08-18,753826.937,26.177,0.0,4.177,3,0,0,8,231
2016-08-19,759782.417,26.697,0.0,4.697,4,0,0,8,232
2016-08-20,703791.583,26.047,0.0,4.047,5,1,0,8,233
2016-08-21,641309.798,24.747,0.0,2.747,6,1,0,8,234
2016-08-22,762760.617,26.074,0.0,4.074,0,0,0,8,235
2016-08-23,783001.233,26.998,0.0,4.998,1,0,0,8,236
2016-08-24,780686.398,26.723,0.0,4.723,2,0,0,8,237
2016-08-25,773709.221,26.207,0.0,4.207,3,0,0,8,238
2016-08-26,773725.147,25.893,0.0,3.893,4,0,0,8,239
2016-08-27,707641.549,26.682,0.0,4.682,5,1,0,8,240
2016-08-28,667416.359,26.943,0.0,4.943,6,1,0,8,241
2016-08-29,796215.291,26.061,0.0,4.061,0,0,0,8,242
2016-08-30,800502.558,24.367,0.0,2.367,1,0,0,8,243
2016-08-31,801022.91,24.722,0.0,2.722,2,0,0,8,244
2016-09-01,803389.649,25.5,0.0,3.5,3,0,0,9,245
2016-09-02,809913.744,26.104,0.0,4.104,4,0,0,9,246
2016-09-03,736925.654,27.144,0.0,5.144,5,1,0,9,247
2016-09-04,694795.32,28.277,0.0,6.277,6,1,0,9,248
2016-09-05,842846.51,28.86,0.0,6.86,0,0,0,9,249
2016-09-06,866776.887,28.673,0.0,6.673,1,0,0,9,250
2016-09-07,858146.014,27.815,0.0,5.815,2,0,0,9,251
2016-09-08,807734.766,25.516,0.0,3.516,3,0,0,9,252
2016-09-09,799280.135,24.752,0.0,2.752,4,0,0,9,253
2016-09-10,715186.71,24.727,0.0,2.727,5,1,0,9,254
2016-09-11,661045.075,25.238,0.0,3.238,6,1,0,9,255
2016-09-12,791191.528,25.342,0.0,3.342,0,0,0,9,256
2016-09-13,783754.966,22.284,0.0,0.284,1,0,0,9,257
2016-09-14,738149.671,18.957,0.0,0.0,2,0,0,9,258
2016-09-15,723970.41,17.98,0.02,0.0,3,0,0,9,259
2016-09-16,720649.983,19.221,0.0,0.0,4,0,0,9,260
2016-09-17,654478.968,19.19,0.0,0.0,5,1,0,9,261
2016-09-18,604760.487,19.093,0.0,0.0,6,1,0,9,262
2016-09-19,711885.025,19.469,0.0,0.0,0,0,0,9,263
2016-09-20,733659.067,20.359,0.0,0.0,1,0,0,9,264
2016-09-21,732473.375,20.704,0.0,0.0,2,0,0,9,265
2016-09-22,738113.746,21.275,0.0,0.0,3,0,0,9,266
2016-09-23,731463.797,20.931,0.0,0.0,4,0,0,9,267
2016-09-24,649254.897,20.835,0.0,0.0,5,1,0,9,268
2016-09-25,597556.409,20.752,0.0,0.0,6,1,0,9,269
2016-09-26,716854.246,20.933,0.0,0.0,0,0,0,9,270
2016-09-27,738751.337,21.582,0.0,0.0,1,0,0,9,271
2016-09-28,739398.371,20.856,0.0,0.0,2,0,0,9,272
2016-09-29,732205.833,20.349,0.0,0.0,3,0,0,9,273
2016-09-30,728244.707,20.448,0.0,0.0,4,0,0,9,274
2016-10-01,651121.153,20.764,0.0,0.0,5,1,0,10,275
2016-10-02,599357.533,20.368,0.0,0.0,6,1,0,10,276
2016-10-03,713722.319,20.846,0.0,0.0,0,0,0,10,277
2016-10-04,736563.205,20.814,0.0,0.0,1,0,0,10,278
2016-10-05,739209.623,20.734,0.0,0.0,2,0,0,10,279
2016-10-06,734532.619,20.896,0.0,0.0,3,0,0,10,280
2016-10-07,714661.239,19.762,0.0,0.0,4,0,0,10,281
2016-10-08,645857.154,19.694,0.0,0.0,5,1,0,10,282
2016-10-09,595450.276,18.748,0.0,0.0,6,1,0,10,283
2016-10-10,702192.053,17.945,0.055,0.0,0,0,0,10,284
2016-10-11,708551.978,17.286,0.714,0.0,1,0,0,10,285
2016-10-12,614952.398,15.508,2.492,0.0,2,0,1,10,286
2016-10-13,698269.323,15.385,2.615,0.0,3,0,0,10,287
2016-10-14,700725.5,15.607,2.393,0.0,4,0,0,10,288
2016-10-15,630819.619,15.521,2.479,0.0,5,1,0,10,289
2016-10-16,587220.739,16.389,1.611,0.0,6,1,0,10,290
2016-10-17,707123.678,17.056,0.944,0.0,0,0,0,10,291
2016-10-18,725283.946,17.487,0.513,0.0,1,0,0,10,292
2016-10-19,723832.962,17.251,0.749,0.0,2,0,0,10,293
2016-10-20,722614.729,15.896,2.104,0.0,3,0,0,10,294
2016-10-21,716440.745,15.283,2.717,0.0,4,0,0,10,295
2016-10-22,648315.218,15.584,2.416,0.0,5,1,0,10,296
2016-10-23,602822.429,16.5,1.5,0.0,6,1,0,10,297
2016-10-24,711498.925,15.893,2.107,0.0,0,0,0,10,298
2016-10-25,725039.13,17.552,0.448,0.0,1,0,0,10,299
2016-10-26,722845.864,18.638,0.0,0.0,2,0,0,10,300
2016-10-27,720293.62,18.479,0.0,0.0,3,0,0,10,301
2016-10-28,715101.758,17.747,0.253,0.0,4,0,0,10,302
2016-10-29,634760.631,16.926,1.074,0.0,5,1,0,10,303
2016-10-30,601760.466,15.715,2.285,0.0,6,1,0,10,304
2016-10-31,641173.28,15.075,2.925,0.0,0,0,0,10,305
2016-11-01,592700.95,15.286,2.714,0.0,1,0,1,11,306
2016-11-02,700034.861,15.515,2.485,0.0,2,0,0,11,307
2016-11-03,714618.903,15.554,2.446,0.0,3,0,0,11,308
2016-11-04,725239.796,15.004,2.996,0.0,4,0,0,11,309
2016-11-05,654135.048,14.895,3.105,0.0,5,1,0,11,310
2016-11-06,599781.048,11.327,6.673,0.0,6,1,0,11,311
2016-11-07,726988.501,8.624,9.376,0.0,0,0,0,11,312
2016-11-08,759834.872,8.724,9.276,0.0,1,0,0,11,313
2016-11-09,758837.182,11.497,6.503,0.0,2,0,0,11,314
2016-11-10,760570.145,11.341,6.659,0.0,3,0,0,11,315
2016-11-11,754886.367,11.118,6.882,0.0,4,0,0,11,316
2016-11-12,676028.351,11.317,6.683,0.0,5,1,0,11,317
2016-11-13,624556.818,12.539,5.461,0.0,6,1,0,11,318
2016-11-14,745517.292,11.463,6.537,0.0,0,0,0,11,319
2016-11-15,768876.712,10.576,7.424,0.0,1,0,0,11,320
2016-11-16,764875.128,10.381,7.619,0.0,2,0,0,11,321
2016-11-17,763284.774,11.029,6.971,0.0,3,0,0,11,322
2016-11-18,758921.427,11.794,6.206,0.0,4,0,0,11,323
2016-11-19,678258.742,10.95,7.05,0.0,5,1,0,11,324
2016-11-20,637187.678,11.466,6.534,0.0,6,1,0,11,325
2016-11-21,753839.724,13.332,4.668,0.0,0,0,0,11,326
2016-11-22,773927.367,10.433,7.567,0.0,1,0,0,11,327
2016-11-23,780114.325,9.868,8.132,0.0,2,0,0,11,328
2016-11-24,783884.245,8.119,9.881,0.0,3,0,0,11,329
2016-11-25,789820.774,7.584,10.416,0.0,4,0,0,11,330
2016-11-26,713319.307,9.549,8.451,0.0,5,1,0,11,331
2016-11-27,658685.061,10.86,7.14,0.0,6,1,0,11,332
2016-11-28,771003.798,10.507,7.493,0.0,0,0,0,11,333
2016-11-29,790572.445,10.308,7.692,0.0,1,0,0,11,334
2016-11-30,788671.898,11.528,6.472,0.0,2,0,0,11,335
2016-12-01,785876.617,10.659,7.341,0.0,3,0,0,12,336
2016-12-02,777112.039,10.055,7.945,0.0,4,0,0,12,337
2016-12-03,706542.519,9.674,8.326,0.0,5,1,0,12,338
2016-12-04,655254.736,11.946,6.054,0.0,6,1,0,12,339
2016-12-05,732588.135,12.742,5.258,0.0,0,0,0,12,340
2016-12-06,677358.021,11.963,6.037,0.0,1,0,1,12,341
2016-12-07,737830.564,10.019,7.981,0.0,2,0,0,12,342
2016-12-08,666087.206,9.961,8.039,0.0,3,0,1,12,343
2016-12-09,715348.606,10.235,7.765,0.0,4,0,0,12,344
2016-12-10,675950.2,10.816,7.184,0.0,5,1,0,12,345
2016-12-11,645628.368,9.465,8.535,0.0,6,1,0,12,346
2016-12-12,769010.839,8.719,9.281,0.0,0,0,0,12,347
2016-12-13,795442.136,8.097,9.903,0.0,1,0,0,12,348
2016-12-14,802700.25,9.188,8.812,0.0,2,0,0,12,349
2016-12-15,806790.24,9.403,8.597,0.0,3,0,0,12,350
2016-12-16,801241.44,9.243,8.757,0.0,4,0,0,12,351
2016-12-17,714042.418,10.328,7.672,0.0,5,1,0,12,352
2016-12-18,676308.34,9.149,8.851,0.0,6,1,0,12,353
2016-12-19,806323.246,8.136,9.864,0.0,0,0,0,12,354
2016-12-20,810406.693,7.865,10.135,0.0,1,0,0,12,355
2016-12-21,802393.776,8.324,9.676,0.0,2,0,0,12,356
2016-12-22,789108.615,8.617,9.383,0.0,3,0,0,12,357
2016-12-23,750541.415,8.708,9.292,0.0,4,0,0,12,358
2016-12-24,648853.885,8.557,9.443,0.0,5,1,0,12,359
2016-12-25,567295.699,8.322,9.678,0.0,6,1,0,12,360
2016-12-26,623100.605,8.459,9.541,0.0,0,0,0,12,361
2016-12-27,716949.53,8.149,9.851,0.0,1,0,0,12,362
2016-12-28,725000.592,8.377,9.623,0.0,2,0,0,12,363
2016-12-29,725599.158,7.863,10.137,0.0,3,0,0,12,364
2016-12-30,724521.677,6.401,11.599,0.0,4,0,0,12,365
2016-12-31,667164.602,5.792,12.208,0.0,5,1,0,12,366
2017-01-01,598777.485,3.939,14.061,0.0,6,1,0,1,1
2017-01-02,737399.953,4.995,13.005,0.0,0,0,0,1,2
2017-01-03,790181.976,6.573,11.427,0.0,1,0,0,1,3
2017-01-04,787400.021,8.114,9.886,0.0,2,0,0,1,4
2017-01-05,755093.902,7.487,10.513,0.0,3,0,0,1,5
2017-01-06,647771.64,6.056,11.944,0.0,4,0,1,1,6
2017-01-07,705200.674,5.201,12.799,0.0,5,1,0,1,7
2017-01-08,694080.263,5.222,12.778,0.0,6,1,0,1,8
2017-01-09,821910.33,5.88,12.12,0.0,0,0,0,1,9
2017-01-10,846224.728,7.543,10.457,0.0,1,0,0,1,10
2017-01-11,824245.639,9.803,8.197,0.0,2,0,0,1,11
2017-01-12,815386.868,9.398,8.602,0.0,3,0,0,1,12
2017-01-13,811110.239,9.065,8.935,0.0,4,0,0,1,13
2017-01-14,747715.593,5.61,12.39,0.0,5,1,0,1,14
2017-01-15,703889.662,6.218,11.782,0.0,6,1,0,1,15
2017-01-16,824373.113,7.858,10.142,0.0,0,0,0,1,16
2017-01-17,847797.77,6.802,11.198,0.0,1,0,0,1,17
2017-01-18,884984.52,2.208,15.792,0.0,2,0,0,1,18
2017-01-19,888001.932,3.515,14.485,0.0,3,0,0,1,19
2017-01-20,866315.684,5.442,12.558,0.0,4,0,0,1,20
2017-01-21,770045.766,6.932,11.068,0.0,5,1,0,1,21
2017-01-22,712918.725,6.69,11.31,0.0,6,1,0,1,22
2017-01-23,836812.562,7.073,10.927,0.0,0,0,0,1,23
2017-01-24,843533.481,6.527,11.473,0.0,1,0,0,1,24
2017-01-25,848770.002,5.437,12.563,0.0,2,0,0,1,25
2017-01-26,856403.657,5.263,12.737,0.0,3,0,0,1,26
2017-01-27,842428.081,7.976,10.024,0.0,4,0,0,1,27
2017-01-28,743673.98,8.265,9.735,0.0,5,1,0,1,28
2017-01-29,689587.651,8.11,9.89,0.0,6,1,0,1,29
2017-01-30,798149.713,10.493,7.507,0.0,0,0,0,1,30
2017-01-31,798037.782,10.053,7.947,0.0,1,0,0,1,31
2017-02-01,796445.506,9.666,8.334,0.0,2,0,0,2,32
2017-02-02,800036.205,10.151,7.849,0.0,3,0,0,2,33
2017-02-03,789355.647,10.675,7.325,0.0,4,0,0,2,34
2017-02-04,706102.119,12.431,5.569,0.0,5,1,0,2,35
2017-02-05,659565.875,11.025,6.975,0.0,6,1,0,2,36
2017-02-06,777153.624,10.558,7.442,0.0,0,0,0,2,37
2017-02-07,783937.826,11.154,6.846,0.0,1,0,0,2,38
2017-02-08,793018.604,8.551,9.449,0.0,2,0,0,2,39
2017-02-09,801543.878,6.959,11.041,0.0,3,0,0,2,40
2017-02-10,810352.774,6.752,11.248,0.0,4,0,0,2,41
2017-02-11,736084.836,8.058,9.942,0.0,5,1,0,2,42
2017-02-12,678862.766,10.555,7.445,0.0,6,1,0,2,43
2017-02-13,785841.799,11.451,6.549,0.0,0,0,0,2,44
2017-02-14,788796.954,9.769,8.231,0.0,1,0,0,2,45
2017-02-15,775997.157,10.095,7.905,0.0,2,0,0,2,46
2017-02-16,778586.428,10.055,7.945,0.0,3,0,0,2,47
2017-02-17,772198.016,9.29,8.71,0.0,4,0,0,2,48
2017-02-18,701068.722,8.816,9.184,0.0,5,1,0,2,49
2017-02-19,650002.868,9.839,8.161,0.0,6,1,0,2,50
2017-02-20,763104.063,9.591,8.409,0.0,0,0,0,2,51
2017-02-21,773555.684,9.882,8.118,0.0,1,0,0,2,52
2017-02-22,769927.659,10.69,7.31,0.0,2,0,0,2,53
2017-02-23,774783.049,11.327,6.673,0.0,3,0,0,2,54
2017-02-24,768733.485,11.504,6.496,0.0,4,0,0,2,55
2017-02-25,689257.508,10.156,7.844,0.0,5,1,0,2,56
2017-02-26,639555.818,9.873,8.127,0.0,6,1,0,2,57
2017-02-27,741530.72,10.929,7.071,0.0,0,0,0,2,58
2017-02-28,746053.565,11.347,6.653,0.0,1,0,0,2,59
2017-03-01,759946.768,11.202,6.798,0.0,2,0,0,3,60
2017-03-02,763569.898,11.214,6.786,0.0,3,0,0,3,61
2017-03-03,774329.746,9.893,8.107,0.0,4,0,0,3,62
2017-03-04,706427.594,8.145,9.855,0.0,5,1,0,3,63
2017-03-05,650806.971,10.786,7.214,0.0,6,1,0,3,64
2017-03-06,742278.676,14.133,3.867,0.0,0,0,0,3,65
2017-03-07,750454.903,13.868,4.132,0.0,1,0,0,3,66
2017-03-08,738763.446,13.943,4.057,0.0,2,0,0,3,67
2017-03-09,733773.192,14.593,3.407,0.0,3,0,0,3,68
2017-03-10,722061.344,15.871,2.129,0.0,4,0,0,3,69
2017-03-11,646815.723,15.452,2.548,0.0,5,1,0,3,70
2017-03-12,603914.043,13.544,4.456,0.0,6,1,0,3,71
2017-03-13,738362.394,11.2,6.8,0.0,0,0,0,3,72
2017-03-14,751881.092,13.103,4.897,0.0,1,0,0,3,73
2017-03-15,737002.077,13.509,4.491,0.0,2,0,0,3,74
2017-03-16,733165.208,12.887,5.113,0.0,3,0,0,3,75
2017-03-17,725396.333,12.695,5.305,0.0,4,0,0,3,76
2017-03-18,647495.696,12.956,5.044,0.0,5,1,0,3,77
2017-03-19,596769.468,14.004,3.996,0.0,6,1,0,3,78
2017-03-20,696202.895,14.998,3.002,0.0,0,0,0,3,79
2017-03-21,735184.495,13.225,4.775,0.0,1,0,0,3,80
2017-03-22,752498.769,10.76,7.24,0.0,2,0,0,3,81
2017-03-23,765141.794,7.941,10.059,0.0,3,0,0,3,82
2017-03-24,777112.401,7.576,10.424,0.0,4,0,0,3,83
2017-03-25,702109.452,8.374,9.626,0.0,5,1,0,3,84
2017-03-26,615279.047,10.662,7.338,0.0,6,1,0,3,85
2017-03-27,752452.857,11.523,6.477,0.0,0,0,0,3,86
2017-03-28,749190.56,12.34,5.66,0.0,1,0,0,3,87
2017-03-29,740480.155,13.583,4.417,0.0,2,0,0,3,88
2017-03-30,730169.661,14.437,3.563,0.0,3,0,0,3,89
2017-03-31,726136.892,13.967,4.033,0.0,4,0,0,3,90
2017-04-01,660366.042,12.969,5.031,0.0,5,1,0,4,91
2017-04-02,612970.34,12.645,5.355,0.0,6,1,0,4,92
2017-04-03,717886.98,13.305,4.695,0.0,0,0,0,4,93
2017-04-04,731511.346,14.364,3.636,0.0,1,0,0,4,94
2017-04-05,729483.28,13.853,4.147,0.0,2,0,0,4,95
2017-04-06,726582.898,14.332,3.668,0.0,3,0,0,4,96
2017-04-07,720099.808,14.907,3.093,0.0,4,0,0,4,97
2017-04-08,651738.634,15.796,2.204,0.0,5,1,0,4,98
2017-04-09,597656.302,16.038,1.962,0.0,6,1,0,4,99
2017-04-10,695538.758,16.392,1.608,0.0,0,0,0,4,100
2017-04-11,707219.894,17.074,0.926,0.0,1,0,0,4,101
2017-04-12,694467.17,17.554,0.446,0.0,2,0,0,4,102
2017-04-13,605880.528,18.323,0.0,0.0,3,0,0,4,103
2017-04-14,559752.619,18.351,0.0,0.0,4,0,1,4,104
2017-04-15,590162.907,17.929,0.071,0.0,5,1,0,4,105
2017-04-16,559525.843,17.224,0.776,0.0,6,1,0,4,106
2017-04-17,616373.08,18.124,0.0,0.0,0,0,0,4,107
2017-04-18,696190.048,18.234,0.0,0.0,1,0,0,4,108
2017-04-19,716827.223,16.159,1.841,0.0,2,0,0,4,109
2017-04-20,715778.602,14.202,3.798,0.0,3,0,0,4,110
2017-04-21,713856.583,14.004,3.996,0.0,4,0,0,4,111
2017-04-22,648300.654,14.39,3.61,0.0,5,1,0,4,112
2017-04-23,593441.183,16.429,1.571,0.0,6,1,0,4,113
2017-04-24,679709.918,16.941,1.059,0.0,0,0,0,4,114
2017-04-25,718206.582,16.755,1.245,0.0,1,0,0,4,115
2017-04-26,727071.917,14.674,3.326,0.0,2,0,0,4,116
2017-04-27,736488.013,11.332,6.668,0.0,3,0,0,4,117
2017-04-28,731294.805,10.939,7.061,0.0,4,0,0,4,118
2017-04-29,657607.178,12.32,5.68,0.0,5,1,0,4,119
2017-04-30,601945.005,13.447,4.553,0.0,6,1,0,4,120
2017-05-01,576647.958,12.803,5.197,0.0,0,0,1,5,121
2017-05-02,684555.249,15.214,2.786,0.0,1,0,0,5,122
2017-05-03,716650.525,16.921,1.079,0.0,2,0,0,5,123
2017-05-04,720216.639,17.765,0.235,0.0,3,0,0,5,124
2017-05-05,717887.944,17.344,0.656,0.0,4,0,0,5,125
2017-05-06,645258.772,17.04,0.96,0.0,5,1,0,5,126
2017-05-07,591291.214,17.832,0.168,0.0,6,1,0,5,127
2017-05-08,701838.514,19.291,0.0,0.0,0,0,0,5,128
2017-05-09,719220.916,18.965,0.0,0.0,1,0,0,5,129
2017-05-10,722357.998,18.116,0.0,0.0,2,0,0,5,130
2017-05-11,720311.77,16.551,1.449,0.0,3,0,0,5,131
2017-05-12,713437.711,16.559,1.441,0.0,4,0,0,5,132
2017-05-13,641735.646,17.607,0.393,0.0,5,1,0,5,133
2017-05-14,588756.865,18.29,0.0,0.0,6,1,0,5,134
2017-05-15,689107.047,19.749,0.0,0.0,0,0,0,5,135
2017-05-16,727065.784,21.388,0.0,0.0,1,0,0,5,136
2017-05-17,726868.807,20.927,0.0,0.0,2,0,0,5,137
2017-05-18,725202.736,17.957,0.043,0.0,3,0,0,5,138
2017-05-19,710927.215,16.557,1.443,0.0,4,0,0,5,139
2017-05-20,642947.328,17.733,0.267,0.0,5,1,0,5,140
2017-05-21,595144.19,19.744,0.0,0.0,6,1,0,5,141
2017-05-22,707215.908,20.84,0.0,0.0,0,0,0,5,142
2017-05-23,735713.079,22.141,0.0,0.141,1,0,0,5,143
2017-05-24,744762.226,23.596,0.0,1.596,2,0,0,5,144
2017-05-25,753708.067,24.274,0.0,2.274,3,0,0,5,145
2017-05-26,751802.485,23.321,0.0,1.321,4,0,0,5,146
2017-05-27,676432.459,22.965,0.0,0.965,5,1,0,5,147
2017-05-28,614285.606,22.283,0.0,0.283,6,1,0,5,148
2017-05-29,720317.959,20.921,0.0,0.0,0,0,0,5,149
2017-05-30,730950.193,20.983,0.0,0.0,1,0,0,5,150
2017-05-31,736466.626,21.628,0.0,0.0,2,0,0,5,151
2017-06-01,747518.87,22.921,0.0,0.921,3,0,0,6,152
2017-06-02,753609.124,23.61,0.0,1.61,4,0,0,6,153
2017-06-03,679426.673,22.472,0.0,0.472,5,1,0,6,154
2017-06-04,611001.936,19.973,0.0,0.0,6,1,0,6,155
2017-06-05,703309.683,19.862,0.0,0.0,0,0,0,6,156
2017-06-06,740130.509,21.428,0.0,0.0,1,0,0,6,157
2017-06-07,749355.998,22.04,0.0,0.04,2,0,0,6,158
2017-06-08,761866.923,23.759,0.0,1.759,3,0,0,6,159
2017-06-09,759329.608,24.042,0.0,2.042,4,0,0,6,160
2017-06-10,694435.316,25.019,0.0,3.019,5,1,0,6,161
2017-06-11,650192.062,26.559,0.0,4.559,6,1,0,6,162
2017-06-12,788982.005,26.944,0.0,4.944,0,0,0,6,163
2017-06-13,817984.82,26.806,0.0,4.806,1,0,0,6,164
2017-06-14,833791.039,27.524,0.0,5.524,2,0,0,6,165
2017-06-15,840938.662,27.714,0.0,5.714,3,0,0,6,166
2017-06-16,843222.117,27.708,0.0,5.708,4,0,0,6,167
2017-06-17,775071.419,28.705,0.0,6.705,5,1,0,6,168
2017-06-18,714249.156,28.683,0.0,6.683,6,1,0,6,169
2017-06-19,838636.414,27.512,0.0,5.512,0,0,0,6,170
2017-06-20,851662.309,26.697,0.0,4.697,1,0,0,6,171
2017-06-21,854595.14,27.629,0.0,5.629,2,0,0,6,172
2017-06-22,855949.555,27.872,0.0,5.872,3,0,0,6,173
2017-06-23,835352.735,27.908,0.0,5.908,4,0,0,6,174
2017-06-24,748147.739,27.437,0.0,5.437,5,1,0,6,175
2017-06-25,690609.154,26.33,0.0,4.33,6,1,0,6,176
2017-06-26,805439.019,24.721,0.0,2.721,0,0,0,6,177
2017-06-27,810662.661,24.343,0.0,2.343,1,0,0,6,178
2017-06-28,785930.599,23.061,0.0,1.061,2,0,0,6,179
2017-06-29,749639.349,20.818,0.0,0.0,3,0,0,6,180
2017-06-30,732881.027,19.469,0.0,0.0,4,0,0,6,181
2017-07-01,665287.066,19.904,0.0,0.0,5,1,0,7,182
2017-07-02,621685.663,21.707,0.0,0.0,6,1,0,7,183
2017-07-03,746866.343,24.361,0.0,2.361,0,0,0,7,184
2017-07-04,783170.813,25.918,0.0,3.918,1,0,0,7,185
2017-07-05,793964.362,25.546,0.0,3.546,2,0,0,7,186
2017-07-06,784389.237,23.972,0.0,1.972,3,0,0,7,187
2017-07-07,774032.849,22.613,0.0,0.613,4,0,0,7,188
2017-07-08,695057.396,23.152,0.0,1.152,5,1,0,7,189
2017-07-09,644495.83,24.251,0.0,2.251,6,1,0,7,190
2017-07-10,780556.382,24.471,0.0,2.471,0,0,0,7,191
2017-07-11,811274.869,24.893,0.0,2.893,1,0,0,7,192
2017-07-12,841963.111,26.924,0.0,4.924,2,0,0,7,193
2017-07-13,864108.624,27.994,0.0,5.994,3,0,0,7,194
2017-07-14,858571.269,27.302,0.0,5.302,4,0,0,7,195
2017-07-15,764624.451,26.677,0.0,4.677,5,1,0,7,196
2017-07-16,696716.06,27.476,0.0,5.476,6,1,0,7,197
2017-07-17,829407.742,27.715,0.0,5.715,0,0,0,7,198
2017-07-18,853182.301,27.747,0.0,5.747,1,0,0,7,199
2017-07-19,843294.513,26.508,0.0,4.508,2,0,0,7,200
2017-07-20,823513.511,25.56,0.0,3.56,3,0,0,7,201
2017-07-21,803777.579,24.93,0.0,2.93,4,0,0,7,202
2017-07-22,722232.749,25.359,0.0,3.359,5,1,0,7,203
2017-07-23,662966.167,25.708,0.0,3.708,6,1,0,7,204
2017-07-24,781909.147,25.8,0.0,3.8,0,0,0,7,205
2017-07-25,775633.496,24.159,0.0,2.159,1,0,0,7,206
2017-07-26,794953.654,24.667,0.0,2.667,2,0,0,7,207
2017-07-27,821649.128,27.223,0.0,5.223,3,0,0,7,208
2017-07-28,825860.618,27.86,0.0,5.86,4,0,0,7,209
2017-07-29,752296.225,27.595,0.0,5.595,5,1,0,7,210
2017-07-30,694030.592,27.778,0.0,5.778,6,1,0,7,211
2017-07-31,786533.772,26.776,0.0,4.776,0,0,0,7,212
2017-08-01,809483.41,26.358,0.0,4.358,1,0,0,8,213
2017-08-02,815805.124,27.134,0.0,5.134,2,0,0,8,214
2017-08-03,830503.29,28.367,0.0,6.367,3,0,0,8,215
2017-08-04,844863.393,29.484,0.0,7.484,4,0,0,8,216
2017-08-05,766691.996,29.247,0.0,7.247,5,1,0,8,217
2017-08-06,696275.799,27.05,0.0,5.05,6,1,0,8,218
2017-08-07,800407.779,27.338,0.0,5.338,0,0,0,8,219
2017-08-08,790770.479,25.426,0.0,3.426,1,0,0,8,220
2017-08-09,756459.917,22.689,0.0,0.689,2,0,0,8,221
2017-08-10,722882.422,21.042,0.0,0.0,3,0,0,8,222
2017-08-11,722937.075,22.076,0.0,0.076,4,0,0,8,223
2017-08-12,667734.597,23.573,0.0,1.573,5,1,0,8,224
2017-08-13,624358.656,24.889,0.0,2.889,6,1,0,8,225
2017-08-14,705119.924,26.017,0.0,4.017,0,0,0,8,226
2017-08-15,667476.848,26.326,0.0,4.326,1,0,1,8,227
2017-08-16,750783.924,26.385,0.0,4.385,2,0,0,8,228
2017-08-17,769223.326,27.178,0.0,5.178,3,0,0,8,229
2017-08-18,781714.003,27.526,0.0,5.526,4,0,0,8,230
2017-08-19,712994.524,26.309,0.0,4.309,5,1,0,8,231
2017-08-20,663334.377,26.19,0.0,4.19,6,1,0,8,232
2017-08-21,781801.298,27.003,0.0,5.003,0,0,0,8,233
2017-08-22,803185.833,27.476,0.0,5.476,1,0,0,8,234
2017-08-23,805156.019,27.075,0.0,5.075,2,0,0,8,235
2017-08-24,801839.414,26.683,0.0,4.683,3,0,0,8,236
2017-08-25,794656.486,26.469,0.0,4.469,4,0,0,8,237
2017-08-26,722123.643,26.264,0.0,4.264,5,1,0,8,238
2017-08-27,660169.139,24.908,0.0,2.908,6,1,0,8,239
2017-08-28,769338.138,22.717,0.0,0.717,0,0,0,8,240
2017-08-29,769062.605,22.038,0.0,0.038,1,0,0,8,241
2017-08-30,756948.043,21.658,0.0,0.0,2,0,0,8,242
2017-08-31,758167.555,21.628,0.0,0.0,3,0,0,8,243
2017-09-01,745637.679,21.497,0.0,0.0,4,0,0,9,244
2017-09-02,670569.574,20.714,0.0,0.0,5,1,0,9,245
2017-09-03,625267.091,22.714,0.0,0.714,6,1,0,9,246
2017-09-04,751839.982,23.43,0.0,1.43,0,0,0,9,247
2017-09-05,789340.76,24.072,0.0,2.072,1,0,0,9,248
2017-09-06,795949.088,24.243,0.0,2.243,2,0,0,9,249
2017-09-07,787398.911,22.863,0.0,0.863,3,0,0,9,250
2017-09-08,757985.149,22.759,0.0,0.759,4,0,0,9,251
2017-09-09,674350.616,21.005,0.0,0.0,5,1,0,9,252
2017-09-10,609041.459,19.336,0.0,0.0,6,1,0,9,253
2017-09-11,709090.262,22.431,0.0,0.431,0,0,0,9,254
2017-09-12,751786.559,22.095,0.0,0.095,1,0,0,9,255
2017-09-13,764653.17,22.706,0.0,0.706,2,0,0,9,256
2017-09-14,768171.308,22.857,0.0,0.857,3,0,0,9,257
2017-09-15,734716.881,18.407,0.0,0.0,4,0,0,9,258
2017-09-16,650104.944,16.837,1.163,0.0,5,1,0,9,259
2017-09-17,599304.06,17.729,0.271,0.0,6,1,0,9,260
2017-09-18,712364.514,19.021,0.0,0.0,0,0,0,9,261
2017-09-19,734767.262,19.339,0.0,0.0,1,0,0,9,262
2017-09-20,735501.297,19.792,0.0,0.0,2,0,0,9,263
2017-09-21,737581.238,20.713,0.0,0.0,3,0,0,9,264
2017-09-22,737987.102,20.6,0.0,0.0,4,0,0,9,265
2017-09-23,661606.811,20.839,0.0,0.0,5,1,0,9,266
2017-09-24,611771.695,21.928,0.0,0.0,6,1,0,9,267
2017-09-25,726403.86,21.71,0.0,0.0,0,0,0,9,268
2017-09-26,742539.212,20.319,0.0,0.0,1,0,0,9,269
2017-09-27,743372.807,20.429,0.0,0.0,2,0,0,9,270
2017-09-28,742938.183,21.233,0.0,0.0,3,0,0,9,271
2017-09-29,740245.271,21.42,0.0,0.0,4,0,0,9,272
2017-09-30,663770.14,21.353,0.0,0.0,5,1,0,9,273
2017-10-01,608897.77,21.023,0.0,0.0,6,1,0,10,274
2017-10-02,729774.425,21.751,0.0,0.0,0,0,0,10,275
2017-10-03,734087.171,22.194,0.0,0.194,1,0,0,10,276
2017-10-04,751873.178,22.037,0.0,0.037,2,0,0,10,277
2017-10-05,754739.627,22.236,0.0,0.236,3,0,0,10,278
2017-10-06,751310.87,21.362,0.0,0.0,4,0,0,10,279
2017-10-07,659217.858,18.971,0.0,0.0,5,1,0,10,280
2017-10-08,605654.988,19.247,0.0,0.0,6,1,0,10,281
2017-10-09,706351.406,19.431,0.0,0.0,0,0,0,10,282
2017-10-10,732202.404,19.386,0.0,0.0,1,0,0,10,283
2017-10-11,730089.89,20.083,0.0,0.0,2,0,0,10,284
2017-10-12,628211.176,20.239,0.0,0.0,3,0,1,10,285
2017-10-13,675209.676,21.007,0.0,0.0,4,0,0,10,286
2017-10-14,643437.968,21.005,0.0,0.0,5,1,0,10,287
2017-10-15,601044.997,21.723,0.0,0.0,6,1,0,10,288
2017-10-16,718351.947,20.49,0.0,0.0,0,0,0,10,289
2017-10-17,731643.127,18.532,0.0,0.0,1,0,0,10,290
2017-10-18,730292.911,16.35,1.65,0.0,2,0,0,10,291
2017-10-19,719557.673,15.148,2.852,0.0,3,0,0,10,292
2017-10-20,719103.852,17.243,0.757,0.0,4,0,0,10,293
2017-10-21,646738.804,18.082,0.0,0.0,5,1,0,10,294
2017-10-22,591488.872,16.012,1.988,0.0,6,1,0,10,295
2017-10-23,705183.881,15.264,2.736,0.0,0,0,0,10,296
2017-10-24,725529.056,16.71,1.29,0.0,1,0,0,10,297
2017-10-25,729923.941,17.097,0.903,0.0,2,0,0,10,298
2017-10-26,724883.635,17.411,0.589,0.0,3,0,0,10,299
2017-10-27,722316.144,18.194,0.0,0.0,4,0,0,10,300
2017-10-28,642175.793,17.043,0.957,0.0,5,1,0,10,301
2017-10-29,614270.002,15.87,2.13,0.0,6,1,0,10,302
2017-10-30,707167.017,15.502,2.498,0.0,0,0,0,10,303
2017-10-31,718185.313,14.386,3.614,0.0,1,0,0,10,304
2017-11-01,615921.655,15.295,2.705,0.0,2,0,1,11,305
2017-11-02,707921.111,15.81,2.19,0.0,3,0,0,11,306
2017-11-03,719459.192,15.527,2.473,0.0,4,0,0,11,307
2017-11-04,645817.412,14.692,3.308,0.0,5,1,0,11,308
2017-11-05,597686.629,13.849,4.151,0.0,6,1,0,11,309
2017-11-06,716972.599,11.494,6.506,0.0,0,0,0,11,310
2017-11-07,744822.203,10.194,7.806,0.0,1,0,0,11,311
2017-11-08,759905.745,10.86,7.14,0.0,2,0,0,11,312
2017-11-09,759861.963,9.847,8.153,0.0,3,0,0,11,313
2017-11-10,764532.188,10.741,7.259,0.0,4,0,0,11,314
2017-11-11,683015.399,12.261,5.739,0.0,5,1,0,11,315
2017-11-12,630568.913,12.339,5.661,0.0,6,1,0,11,316
2017-11-13,754680.556,11.599,6.401,0.0,0,0,0,11,317
2017-11-14,783837.983,9.389,8.611,0.0,1,0,0,11,318
2017-11-15,789164.992,9.157,8.843,0.0,2,0,0,11,319
2017-11-16,787289.911,9.706,8.294,0.0,3,0,0,11,320
2017-11-17,779087.427,10.686,7.314,0.0,4,0,0,11,321
2017-11-18,698082.147,11.736,6.264,0.0,5,1,0,11,322
2017-11-19,645371.4,10.714,7.286,0.0,6,1,0,11,323
2017-11-20,768722.248,10.348,7.652,0.0,0,0,0,11,324
2017-11-21,788658.495,10.366,7.634,0.0,1,0,0,11,325
2017-11-22,794652.02,10.223,7.777,0.0,2,0,0,11,326
2017-11-23,782339.118,12.557,5.443,0.0,3,0,0,11,327
2017-11-24,772036.18,13.334,4.666,0.0,4,0,0,11,328
2017-11-25,699834.74,12.776,5.224,0.0,5,1,0,11,329
2017-11-26,651682.382,9.951,8.049,0.0,6,1,0,11,330
2017-11-27,785800.132,7.961,10.039,0.0,0,0,0,11,331
2017-11-28,809687.538,8.03,9.97,0.0,1,0,0,11,332
2017-11-29,815675.267,8.962,9.038,0.0,2,0,0,11,333
2017-11-30,820643.977,6.309,11.691,0.0,3,0,0,11,334
2017-12-01,831437.788,5.757,12.243,0.0,4,0,0,12,335
2017-12-02,764719.224,4.877,13.123,0.0,5,1,0,12,336
2017-12-03,715939.553,4.902,13.098,0.0,6,1,0,12,337
2017-12-04,838132.678,5.318,12.682,0.0,0,0,0,12,338
2017-12-05,848162.295,5.188,12.812,0.0,1,0,0,12,339
2017-12-06,756360.395,4.816,13.184,0.0,2,0,1,12,340
2017-12-07,782686.007,5.481,12.519,0.0,3,0,0,12,341
2017-12-08,719496.923,8.009,9.991,0.0,4,0,1,12,342
2017-12-09,717690.506,9.98,8.02,0.0,5,1,0,12,343
2017-12-10,684898.749,11.652,6.348,0.0,6,1,0,12,344
2017-12-11,802343.752,10.427,7.573,0.0,0,0,0,12,345
2017-12-12,825186.982,6.495,11.505,0.0,1,0,0,12,346
2017-12-13,839031.423,6.605,11.395,0.0,2,0,0,12,347
2017-12-14,829227.426,9.891,8.109,0.0,3,0,0,12,348
2017-12-15,803118.403,10.527,7.473,0.0,4,0,0,12,349
2017-12-16,727264.645,6.842,11.158,0.0,5,1,0,12,350
2017-12-17,694705.763,6.099,11.901,0.0,6,1,0,12,351
2017-12-18,829576.999,6.199,11.801,0.0,0,0,0,12,352
2017-12-19,832816.687,8.424,9.576,0.0,1,0,0,12,353
2017-12-20,834761.96,6.695,11.305,0.0,2,0,0,12,354
2017-12-21,819406.557,8.072,9.928,0.0,3,0,0,12,355
2017-12-22,792960.353,7.787,10.213,0.0,4,0,0,12,356
2017-12-23,702851.367,8.505,9.495,0.0,5,1,0,12,357
2017-12-24,642910.063,7.57,10.43,0.0,6,1,0,12,358
2017-12-25,595600.77,6.589,11.411,0.0,0,0,1,12,359
2017-12-26,701435.719,8.324,9.676,0.0,1,0,0,12,360
2017-12-27,741629.025,9.721,8.279,0.0,2,0,0,12,361
2017-12-28,736357.873,9.805,8.195,0.0,3,0,0,12,362
2017-12-29,715140.213,11.185,6.815,0.0,4,0,0,12,363
2017-12-30,652290.283,12.482,5.518,0.0,5,1,0,12,364
2017-12-31,618260.273,10.828,7.172,0.0,6,1,0,12,365
2018-01-01,574637.329,9.577,8.423,0.0,0,0,1,1,1
2018-01-02,724549.044,11.066,6.934,0.0,1,0,0,1,2
2018-01-03,753204.111,13.363,4.637,0.0,2,0,0,1,3
2018-01-04,752386.801,13.472,4.528,0.0,3,0,0,1,4
2018-01-05,724096.688,11.669,6.331,0.0,4,0,0,1,5
2018-01-06,639705.663,7.329,10.671,0.0,5,1,1,1,6
2018-01-07,672064.65,5.991,12.009,0.0,6,1,0,1,7
2018-01-08,817299.975,5.181,12.819,0.0,0,0,0,1,8
2018-01-09,854745.17,5.263,12.737,0.0,1,0,0,1,9
2018-01-10,837804.956,7.947,10.053,0.0,2,0,0,1,10
2018-01-11,834709.714,7.487,10.513,0.0,3,0,0,1,11
2018-01-12,831785.061,6.853,11.147,0.0,4,0,0,1,12
2018-01-13,760638.523,5.766,12.234,0.0,5,1,0,1,13
2018-01-14,708621.619,6.643,11.357,0.0,6,1,0,1,14
2018-01-15,835104.116,5.769,12.231,0.0,0,0,0,1,15
2018-01-16,833389.158,9.18,8.82,0.0,1,0,0,1,16
2018-01-17,817515.175,10.116,7.884,0.0,2,0,0,1,17
2018-01-18,817603.332,8.411,9.589,0.0,3,0,0,1,18
2018-01-19,812552.434,8.723,9.277,0.0,4,0,0,1,19
2018-01-20,725927.312,9.895,8.105,0.0,5,1,0,1,20
2018-01-21,665342.898,12.545,5.455,0.0,6,1,0,1,21
2018-01-22,776934.361,11.135,6.865,0.0,0,0,0,1,22
2018-01-23,792215.662,10.244,7.756,0.0,1,0,0,1,23
2018-01-24,795267.689,9.209,8.791,0.0,2,0,0,1,24
2018-01-25,808307.013,8.734,9.266,0.0,3,0,0,1,25
2018-01-26,820239.28,7.684,10.316,0.0,4,0,0,1,26
2018-01-27,737558.974,7.568,10.432,0.0,5,1,0,1,27
2018-01-28,684397.914,8.622,9.378,0.0,6,1,0,1,28
2018-01-29,793986.634,8.89,9.11,0.0,0,0,0,1,29
2018-01-30,811803.938,7.974,10.026,0.0,1,0,0,1,30
2018-01-31,809902.19,7.691,10.309,0.0,2,0,0,1,31
2018-02-01,828993.869,7.337,10.663,0.0,3,0,0,2,32
2018-02-02,836715.01,5.753,12.247,0.0,4,0,0,2,33
2018-02-03,755609.56,6.167,11.833,0.0,5,1,0,2,34
2018-02-04,719531.244,5.675,12.325,0.0,6,1,0,2,35
2018-02-05,852377.942,5.399,12.601,0.0,0,0,0,2,36
2018-02-06,864736.056,5.297,12.703,0.0,1,0,0,2,37
2018-02-07,873750.902,3.962,14.038,0.0,2,0,0,2,38
2018-02-08,880070.875,3.6,14.4,0.0,3,0,0,2,39
2018-02-09,873284.436,4.024,13.976,0.0,4,0,0,2,40
2018-02-10,774761.864,6.381,11.619,0.0,5,1,0,2,41
2018-02-11,706770.018,8.844,9.156,0.0,6,1,0,2,42
2018-02-12,833332.266,8.177,9.823,0.0,0,0,0,2,43
2018-02-13,852668.027,5.708,12.292,0.0,1,0,0,2,44
2018-02-14,845115.172,9.059,8.941,0.0,2,0,0,2,45
2018-02-15,818989.989,10.787,7.213,0.0,3,0,0,2,46
2018-02-16,799331.13,11.29,6.71,0.0,4,0,0,2,47
2018-02-17,713847.709,10.557,7.443,0.0,5,1,0,2,48
2018-02-18,670069.44,9.353,8.647,0.0,6,1,0,2,49
2018-02-19,788774.86,9.992,8.008,0.0,0,0,0,2,50
2018-02-20,796993.212,10.722,7.278,0.0,1,0,0,2,51
2018-02-21,802817.854,9.145,8.855,0.0,2,0,0,2,52
2018-02-22,816409.034,5.906,12.094,0.0,3,0,0,2,53
2018-02-23,822010.418,5.319,12.681,0.0,4,0,0,2,54
2018-02-24,738315.463,5.595,12.405,0.0,5,1,0,2,55
2018-02-25,682057.541,7.44,10.56,0.0,6,1,0,2,56
2018-02-26,809186.41,8.006,9.994,0.0,0,0,0,2,57
2018-02-27,854244.166,5.031,12.969,0.0,1,0,0,2,58
2018-02-28,838163.754,7.666,10.334,0.0,2,0,0,2,59
2018-03-01,828808.564,10.762,7.238,0.0,3,0,0,3,60
2018-03-02,828422.246,9.35,8.65,0.0,4,0,0,3,61
2018-03-03,718198.115,11.165,6.835,0.0,5,1,0,3,62
2018-03-04,661692.431,11.175,6.825,0.0,6,1,0,3,63
2018-03-05,792157.92,9.586,8.414,0.0,0,0,0,3,64
2018-03-06,808969.759,9.174,8.826,0.0,1,0,0,3,65
2018-03-07,802365.201,8.444,9.556,0.0,2,0,0,3,66
2018-03-08,795959.464,10.012,7.988,0.0,3,0,0,3,67
2018-03-09,786754.305,12.344,5.656,0.0,4,0,0,3,68
2018-03-10,695131.877,13.23,4.77,0.0,5,1,0,3,69
2018-03-11,650662.602,11.17,6.83,0.0,6,1,0,3,70
2018-03-12,768123.415,11.119,6.881,0.0,0,0,0,3,71
2018-03-13,783569.196,11.412,6.588,0.0,1,0,0,3,72
2018-03-14,792974.586,11.259,6.741,0.0,2,0,0,3,73
2018-03-15,786821.055,11.329,6.671,0.0,3,0,0,3,74
2018-03-16,779143.3,9.569,8.431,0.0,4,0,0,3,75
2018-03-17,712298.48,8.027,9.973,0.0,5,1,0,3,76
2018-03-18,660909.128,8.525,9.475,0.0,6,1,0,3,77
2018-03-19,780044.318,7.616,10.384,0.0,0,0,0,3,78
2018-03-20,830948.036,6.95,11.05,0.0,1,0,0,3,79
2018-03-21,828243.998,6.933,11.067,0.0,2,0,0,3,80
2018-03-22,816801.037,7.069,10.931,0.0,3,0,0,3,81
2018-03-23,814750.421,9.477,8.523,0.0,4,0,0,3,82
2018-03-24,737438.894,9.473,8.527,0.0,5,1,0,3,83
2018-03-25,647149.7,9.485,8.515,0.0,6,1,0,3,84
2018-03-26,775540.539,10.376,7.624,0.0,0,0,0,3,85
2018-03-27,765765.21,12.531,5.469,0.0,1,0,0,3,86
2018-03-28,739889.331,14.152,3.848,0.0,2,0,0,3,87
2018-03-29,657909.112,12.627,5.373,0.0,3,0,0,3,88
2018-03-30,617090.812,10.484,7.516,0.0,4,0,1,3,89
2018-03-31,637005.171,10.099,7.901,0.0,5,1,0,3,90
2018-04-01,602215.316,11.416,6.584,0.0,6,1,0,4,91
2018-04-02,663779.182,12.666,5.334,0.0,0,0,0,4,92
2018-04-03,738282.352,13.475,4.525,0.0,1,0,0,4,93
2018-04-04,750807.118,13.162,4.838,0.0,2,0,0,4,94
2018-04-05,737613.924,13.124,4.876,0.0,3,0,0,4,95
2018-04-06,742671.803,13.455,4.545,0.0,4,0,0,4,96
2018-04-07,680415.86,11.868,6.132,0.0,5,1,0,4,97
2018-04-08,627282.051,11.764,6.236,0.0,6,1,0,4,98
2018-04-09,744284.834,9.805,8.195,0.0,0,0,0,4,99
2018-04-10,787841.799,9.022,8.978,0.0,1,0,0,4,100
2018-04-11,792550.109,9.354,8.646,0.0,2,0,0,4,101
2018-04-12,782939.381,10.431,7.569,0.0,3,0,0,4,102
2018-04-13,777829.895,10.554,7.446,0.0,4,0,0,4,103
2018-04-14,684509.766,12.031,5.969,0.0,5,1,0,4,104
2018-04-15,629483.731,13.814,4.186,0.0,6,1,0,4,105
2018-04-16,739318.027,13.335,4.665,0.0,0,0,0,4,106
2018-04-17,739507.766,14.423,3.577,0.0,1,0,0,4,107
2018-04-18,729297.495,16.366,1.634,0.0,2,0,0,4,108
2018-04-19,720948.439,16.328,1.672,0.0,3,0,0,4,109
2018-04-20,716005.351,15.934,2.066,0.0,4,0,0,4,110
2018-04-21,646179.568,16.13,1.87,0.0,5,1,0,4,111
2018-04-22,595070.256,16.89,1.11,0.0,6,1,0,4,112
2018-04-23,691149.408,17.213,0.787,0.0,0,0,0,4,113
2018-04-24,717381.862,18.063,0.0,0.0,1,0,0,4,114
2018-04-25,724557.315,18.023,0.0,0.0,2,0,0,4,115
2018-04-26,720400.383,17.43,0.57,0.0,3,0,0,4,116
2018-04-27,715248.92,17.973,0.027,0.0,4,0,0,4,117
2018-04-28,640817.164,15.365,2.635,0.0,5,1,0,4,118
2018-04-29,592217.889,12.456,5.544,0.0,6,1,0,4,119
2018-04-30,657472.785,11.161,6.839,0.0,0,0,0,4,120
2018-05-01,595259.428,11.217,6.783,0.0,1,0,1,5,121
2018-05-02,696770.116,12.958,5.042,0.0,2,0,0,5,122
2018-05-03,726983.455,14.931,3.069,0.0,3,0,0,5,123
2018-05-04,727900.647,14.515,3.485,0.0,4,0,0,5,124
2018-05-05,652250.936,16.456,1.544,0.0,5,1,0,5,125
2018-05-06,594583.971,17.942,0.058,0.0,6,1,0,5,126
2018-05-07,705703.787,18.052,0.0,0.0,0,0,0,5,127
2018-05-08,722719.01,18.413,0.0,0.0,1,0,0,5,128
2018-05-09,721928.421,18.347,0.0,0.0,2,0,0,5,129
2018-05-10,721917.234,17.807,0.193,0.0,3,0,0,5,130
2018-05-11,717399.401,17.742,0.258,0.0,4,0,0,5,131
2018-05-12,646620.272,16.796,1.204,0.0,5,1,0,5,132
2018-05-13,596053.825,13.987,4.013,0.0,6,1,0,5,133
2018-05-14,702287.808,14.88,3.12,0.0,0,0,0,5,134
2018-05-15,712356.306,16.262,1.738,0.0,1,0,0,5,135
2018-05-16,723164.325,17.463,0.537,0.0,2,0,0,5,136
2018-05-17,719349.822,18.09,0.0,0.0,3,0,0,5,137
2018-05-18,716461.42,17.398,0.602,0.0,4,0,0,5,138
2018-05-19,645615.139,18.114,0.0,0.0,5,1,0,5,139
2018-05-20,592734.99,17.575,0.425,0.0,6,1,0,5,140
2018-05-21,689203.833,17.791,0.209,0.0,0,0,0,5,141
2018-05-22,717857.076,18.71,0.0,0.0,1,0,0,5,142
2018-05-23,727970.062,19.991,0.0,0.0,2,0,0,5,143
2018-05-24,728576.654,19.911,0.0,0.0,3,0,0,5,144
2018-05-25,722239.63,18.087,0.0,0.0,4,0,0,5,145
2018-05-26,644830.27,18.169,0.0,0.0,5,1,0,5,146
2018-05-27,591743.016,19.139,0.0,0.0,6,1,0,5,147
2018-05-28,702764.869,18.064,0.0,0.0,0,0,0,5,148
2018-05-29,719285.425,17.577,0.423,0.0,1,0,0,5,149
2018-05-30,714527.196,17.342,0.658,0.0,2,0,0,5,150
2018-05-31,711261.98,18.384,0.0,0.0,3,0,0,5,151
2018-06-01,709531.19,18.885,0.0,0.0,4,0,0,6,152
2018-06-02,639545.367,18.343,0.0,0.0,5,1,0,6,153
2018-06-03,585011.121,18.629,0.0,0.0,6,1,0,6,154
2018-06-04,700225.761,18.064,0.0,0.0,0,0,0,6,155
2018-06-05,720420.592,17.725,0.275,0.0,1,0,0,6,156
2018-06-06,718515.12,17.061,0.939,0.0,2,0,0,6,157
2018-06-07,717194.956,18.108,0.0,0.0,3,0,0,6,158
2018-06-08,718521.762,18.593,0.0,0.0,4,0,0,6,159
2018-06-09,645004.56,18.416,0.0,0.0,5,1,0,6,160
2018-06-10,594316.025,18.043,0.0,0.0,6,1,0,6,161
2018-06-11,708892.089,18.887,0.0,0.0,0,0,0,6,162
2018-06-12,730828.24,19.501,0.0,0.0,1,0,0,6,163
2018-06-13,737636.219,20.495,0.0,0.0,2,0,0,6,164
2018-06-14,738226.291,20.294,0.0,0.0,3,0,0,6,165
2018-06-15,737410.634,21.739,0.0,0.0,4,0,0,6,166
2018-06-16,672512.37,22.94,0.0,0.94,5,1,0,6,167
2018-06-17,623648.886,23.087,0.0,1.087,6,1,0,6,168
2018-06-18,744574.912,23.639,0.0,1.639,0,0,0,6,169
2018-06-19,768735.621,23.967,0.0,1.967,1,0,0,6,170
2018-06-20,781677.864,25.149,0.0,3.149,2,0,0,6,171
2018-06-21,790763.917,25.551,0.0,3.551,3,0,0,6,172
2018-06-22,792862.116,25.799,0.0,3.799,4,0,0,6,173
2018-06-23,714070.971,25.857,0.0,3.857,5,1,0,6,174
2018-06-24,656341.812,26.168,0.0,4.168,6,1,0,6,175
2018-06-25,782993.168,25.827,0.0,3.827,0,0,0,6,176
2018-06-26,803400.563,25.59,0.0,3.59,1,0,0,6,177
2018-06-27,802356.746,25.132,0.0,3.132,2,0,0,6,178
2018-06-28,793182.687,24.437,0.0,2.437,3,0,0,6,179
2018-06-29,778647.068,24.364,0.0,2.364,4,0,0,6,180
2018-06-30,706077.789,23.505,0.0,1.505,5,1,0,6,181
2018-07-01,647045.444,23.274,0.0,1.274,6,1,0,7,182
2018-07-02,762834.05,23.573,0.0,1.573,0,0,0,7,183
2018-07-03,793136.627,24.309,0.0,2.309,1,0,0,7,184
2018-07-04,788164.606,24.055,0.0,2.055,2,0,0,7,185
2018-07-05,784170.96,23.946,0.0,1.946,3,0,0,7,186
2018-07-06,781892.96,24.313,0.0,2.313,4,0,0,7,187
2018-07-07,708618.684,25.424,0.0,3.424,5,1,0,7,188
2018-07-08,655055.667,26.313,0.0,4.313,6,1,0,7,189
2018-07-09,800602.771,26.877,0.0,4.877,0,0,0,7,190
2018-07-10,822681.663,26.748,0.0,4.748,1,0,0,7,191
2018-07-11,816712.461,25.897,0.0,3.897,2,0,0,7,192
2018-07-12,808184.004,25.24,0.0,3.24,3,0,0,7,193
2018-07-13,801059.532,25.7,0.0,3.7,4,0,0,7,194
2018-07-14,717272.175,25.931,0.0,3.931,5,1,0,7,195
2018-07-15,652824.574,25.074,0.0,3.074,6,1,0,7,196
2018-07-16,770533.011,24.53,0.0,2.53,0,0,0,7,197
2018-07-17,800350.741,25.292,0.0,3.292,1,0,0,7,198
2018-07-18,809583.593,25.851,0.0,3.851,2,0,0,7,199
2018-07-19,811532.012,25.507,0.0,3.507,3,0,0,7,200
2018-07-20,801551.616,25.064,0.0,3.064,4,0,0,7,201
2018-07-21,705939.811,24.177,0.0,2.177,5,1,0,7,202
2018-07-22,642233.688,23.738,0.0,1.738,6,1,0,7,203
2018-07-23,783084.655,25.65,0.0,3.65,0,0,0,7,204
2018-07-24,809659.769,26.451,0.0,4.451,1,0,0,7,205
2018-07-25,800798.389,26.423,0.0,4.423,2,0,0,7,206
2018-07-26,809234.407,26.55,0.0,4.55,3,0,0,7,207
2018-07-27,805064.29,26.218,0.0,4.218,4,0,0,7,208
2018-07-28,723725.986,26.178,0.0,4.178,5,1,0,7,209
2018-07-29,662113.405,26.137,0.0,4.137,6,1,0,7,210
2018-07-30,782765.406,26.427,0.0,4.427,0,0,0,7,211
2018-07-31,803371.281,26.907,0.0,4.907,1,0,0,7,212
2018-08-01,829902.512,27.983,0.0,5.983,2,0,0,8,213
2018-08-02,849473.769,29.328,0.0,7.328,3,0,0,8,214
2018-08-03,858593.632,30.269,0.0,8.269,4,0,0,8,215
2018-08-04,768551.915,29.964,0.0,7.964,5,1,0,8,216
2018-08-05,710960.473,29.662,0.0,7.662,6,1,0,8,217
2018-08-06,832313.622,29.552,0.0,7.552,0,0,0,8,218
2018-08-07,836089.347,28.647,0.0,6.647,1,0,0,8,219
2018-08-08,815836.925,26.418,0.0,4.418,2,0,0,8,220
2018-08-09,791067.023,25.31,0.0,3.31,3,0,0,8,221
2018-08-10,767196.313,24.147,0.0,2.147,4,0,0,8,222
2018-08-11,709368.422,26.201,0.0,4.201,5,1,0,8,223
2018-08-12,667332.016,27.073,0.0,5.073,6,1,0,8,224
2018-08-13,748050.993,26.204,0.0,4.204,0,0,0,8,225
2018-08-14,747596.502,25.345,0.0,3.345,1,0,0,8,226
2018-08-15,668157.849,25.06,0.0,3.06,2,0,1,8,227
2018-08-16,729296.235,25.487,0.0,3.487,3,0,0,8,228
2018-08-17,718847.708,24.208,0.0,2.208,4,0,0,8,229
2018-08-18,659031.979,23.5,0.0,1.5,5,1,0,8,230
2018-08-19,624764.023,24.965,0.0,2.965,6,1,0,8,231
2018-08-20,739507.261,25.678,0.0,3.678,0,0,0,8,232
2018-08-21,768257.01,26.243,0.0,4.243,1,0,0,8,233
2018-08-22,778103.399,26.42,0.0,4.42,2,0,0,8,234
2018-08-23,777965.294,26.362,0.0,4.362,3,0,0,8,235
2018-08-24,773349.415,25.58,0.0,3.58,4,0,0,8,236
2018-08-25,697144.8,24.37,0.0,2.37,5,1,0,8,237
2018-08-26,643379.539,24.291,0.0,2.291,6,1,0,8,238
2018-08-27,782718.8,25.958,0.0,3.958,0,0,0,8,239
2018-08-28,810448.212,26.35,0.0,4.35,1,0,0,8,240
2018-08-29,806294.371,25.407,0.0,3.407,2,0,0,8,241
2018-08-30,803963.921,24.767,0.0,2.767,3,0,0,8,242
2018-08-31,796365.517,25.103,0.0,3.103,4,0,0,8,243
2018-09-01,715322.145,25.5,0.0,3.5,5,1,0,9,244
2018-09-02,670590.343,25.885,0.0,3.885,6,1,0,9,245
2018-09-03,790769.944,25.094,0.0,3.094,0,0,0,9,246
2018-09-04,800273.143,23.888,0.0,1.888,1,0,0,9,247
2018-09-05,793541.365,22.902,0.0,0.902,2,0,0,9,248
2018-09-06,778613.244,22.367,0.0,0.367,3,0,0,9,249
2018-09-07,763965.091,22.482,0.0,0.482,4,0,0,9,250
2018-09-08,669149.755,21.511,0.0,0.0,5,1,0,9,251
2018-09-09,619852.256,21.622,0.0,0.0,6,1,0,9,252
2018-09-10,725662.617,22.495,0.0,0.495,0,0,0,9,253
2018-09-11,734621.067,22.969,0.0,0.969,1,0,0,9,254
2018-09-12,778177.832,23.188,0.0,1.188,2,0,0,9,255
2018-09-13,784509.329,24.144,0.0,2.144,3,0,0,9,256
2018-09-14,778201.265,23.809,0.0,1.809,4,0,0,9,257
2018-09-15,684200.136,23.111,0.0,1.111,5,1,0,9,258
2018-09-16,632403.926,23.05,0.0,1.05,6,1,0,9,259
2018-09-17,759809.502,23.569,0.0,1.569,0,0,0,9,260
2018-09-18,777704.848,22.963,0.0,0.963,1,0,0,9,261
2018-09-19,784461.48,23.563,0.0,1.563,2,0,0,9,262
2018-09-20,790751.691,24.421,0.0,2.421,3,0,0,9,263
2018-09-21,784512.84,24.28,0.0,2.28,4,0,0,9,264
2018-09-22,705950.057,24.617,0.0,2.617,5,1,0,9,265
2018-09-23,654538.386,25.058,0.0,3.058,6,1,0,9,266
2018-09-24,776098.777,24.078,0.0,2.078,0,0,0,9,267
2018-09-25,783307.403,22.051,0.0,0.051,1,0,0,9,268
2018-09-26,776593.29,22.335,0.0,0.335,2,0,0,9,269
2018-09-27,765194.306,21.524,0.0,0.0,3,0,0,9,270
2018-09-28,755478.782,21.87,0.0,0.0,4,0,0,9,271
2018-09-29,670903.495,21.53,0.0,0.0,5,1,0,9,272
2018-09-30,617464.211,21.483,0.0,0.0,6,1,0,9,273
2018-10-01,733629.113,19.982,0.0,0.0,0,0,0,10,274
2018-10-02,736946.907,18.351,0.0,0.0,1,0,0,10,275
2018-10-03,740193.367,19.675,0.0,0.0,2,0,0,10,276
2018-10-04,742064.884,19.935,0.0,0.0,3,0,0,10,277
2018-10-05,731108.037,19.975,0.0,0.0,4,0,0,10,278
2018-10-06,656265.341,20.194,0.0,0.0,5,1,0,10,279
2018-10-07,603979.963,17.659,0.341,0.0,6,1,0,10,280
2018-10-08,700562.8,16.336,1.664,0.0,0,0,0,10,281
2018-10-09,706803.991,16.137,1.863,0.0,1,0,0,10,282
2018-10-10,721067.357,17.212,0.788,0.0,2,0,0,10,283
2018-10-11,720238.147,18.44,0.0,0.0,3,0,0,10,284
2018-10-12,620435.411,19.743,0.0,0.0,4,0,1,10,285
2018-10-13,622562.842,20.154,0.0,0.0,5,1,0,10,286
2018-10-14,596303.089,17.655,0.345,0.0,6,1,0,10,287
2018-10-15,696558.778,15.086,2.914,0.0,0,0,0,10,288
2018-10-16,716388.299,16.107,1.893,0.0,1,0,0,10,289
2018-10-17,723752.124,16.34,1.66,0.0,2,0,0,10,290
2018-10-18,724444.85,16.367,1.633,0.0,3,0,0,10,291
2018-10-19,715107.265,16.801,1.199,0.0,4,0,0,10,292
2018-10-20,639515.312,16.845,1.155,0.0,5,1,0,10,293
2018-10-21,593179.455,17.593,0.407,0.0,6,1,0,10,294
2018-10-22,701055.332,17.162,0.838,0.0,0,0,0,10,295
2018-10-23,717889.261,16.209,1.791,0.0,1,0,0,10,296
2018-10-24,717282.709,16.532,1.468,0.0,2,0,0,10,297
2018-10-25,715267.861,15.916,2.084,0.0,3,0,0,10,298
2018-10-26,716585.374,14.896,3.104,0.0,4,0,0,10,299
2018-10-27,646604.888,12.798,5.202,0.0,5,1,0,10,300
2018-10-28,630999.672,8.521,9.479,0.0,6,1,0,10,301
2018-10-29,744335.779,8.535,9.465,0.0,0,0,0,10,302
2018-10-30,776331.825,9.377,8.623,0.0,1,0,0,10,303
2018-10-31,772179.197,10.28,7.72,0.0,2,0,0,10,304
2018-11-01,657040.183,10.918,7.082,0.0,3,0,1,11,305
2018-11-02,698895.934,12.851,5.149,0.0,4,0,0,11,306
2018-11-03,661353.336,11.402,6.598,0.0,5,1,0,11,307
2018-11-04,629521.381,11.493,6.507,0.0,6,1,0,11,308
2018-11-05,755615.208,11.441,6.559,0.0,0,0,0,11,309
2018-11-06,776755.251,10.699,7.301,0.0,1,0,0,11,310
2018-11-07,775756.514,12.09,5.91,0.0,2,0,0,11,311
2018-11-08,777488.075,11.482,6.518,0.0,3,0,0,11,312
2018-11-09,764551.895,11.374,6.626,0.0,4,0,0,11,313
2018-11-10,685487.65,13.144,4.856,0.0,5,1,0,11,314
2018-11-11,628671.308,14.658,3.342,0.0,6,1,0,11,315
2018-11-12,743600.436,13.246,4.754,0.0,0,0,0,11,316
2018-11-13,753421.129,13.906,4.094,0.0,1,0,0,11,317
2018-11-14,752414.487,13.983,4.017,0.0,2,0,0,11,318
2018-11-15,750390.626,13.957,4.043,0.0,3,0,0,11,319
2018-11-16,745386.462,13.65,4.35,0.0,4,0,0,11,320
2018-11-17,667009.484,13.466,4.534,0.0,5,1,0,11,321
2018-11-18,631308.683,11.949,6.051,0.0,6,1,0,11,322
2018-11-19,750865.393,11.768,6.232,0.0,0,0,0,11,323
2018-11-20,776247.365,10.793,7.207,0.0,1,0,0,11,324
2018-11-21,781660.504,10.583,7.417,0.0,2,0,0,11,325
2018-11-22,787440.373,9.926,8.074,0.0,3,0,0,11,326
2018-11-23,781396.692,10.558,7.442,0.0,4,0,0,11,327
2018-11-24,703454.736,8.769,9.231,0.0,5,1,0,11,328
2018-11-25,656292.766,10.852,7.148,0.0,6,1,0,11,329
2018-11-26,779621.428,10.415,7.585,0.0,0,0,0,11,330
2018-11-27,796219.383,9.291,8.709,0.0,1,0,0,11,331
2018-11-28,797684.88,8.673,9.327,0.0,2,0,0,11,332
2018-11-29,800277.925,8.254,9.746,0.0,3,0,0,11,333
2018-11-30,788560.916,9.954,8.046,0.0,4,0,0,11,334
2018-12-01,709867.704,8.729,9.271,0.0,5,1,0,12,335
2018-12-02,658914.812,10.16,7.84,0.0,6,1,0,12,336
2018-12-03,767969.28,10.605,7.395,0.0,0,0,0,12,337
2018-12-04,774493.273,11.431,6.569,0.0,1,0,0,12,338
2018-12-05,770700.385,10.739,7.261,0.0,2,0,0,12,339
2018-12-06,676366.83,10.655,7.345,0.0,3,0,1,12,340
2018-12-07,707326.878,9.461,8.539,0.0,4,0,0,12,341
2018-12-08,660856.189,10.547,7.453,0.0,5,1,1,12,342
2018-12-09,642487.243,10.23,7.77,0.0,6,1,0,12,343
2018-12-10,767366.141,9.831,8.169,0.0,0,0,0,12,344
2018-12-11,792463.684,8.211,9.789,0.0,1,0,0,12,345
2018-12-12,800931.996,8.952,9.048,0.0,2,0,0,12,346
2018-12-13,811190.674,9.691,8.309,0.0,3,0,0,12,347
2018-12-14,800807.102,9.013,8.987,0.0,4,0,0,12,348
2018-12-15,720296.453,9.186,8.814,0.0,5,1,0,12,349
2018-12-16,675981.479,10.723,7.277,0.0,6,1,0,12,350
2018-12-17,798875.276,8.072,9.928,0.0,0,0,0,12,351
2018-12-18,822742.049,6.968,11.032,0.0,1,0,0,12,352
2018-12-19,806392.973,9.608,8.392,0.0,2,0,0,12,353
2018-12-20,796738.086,9.147,8.853,0.0,3,0,0,12,354
2018-12-21,772837.898,9.335,8.665,0.0,4,0,0,12,355
2018-12-22,689265.354,9.676,8.324,0.0,5,1,0,12,356
2018-12-23,648505.967,9.051,8.949,0.0,6,1,0,12,357
2018-12-24,647899.273,8.392,9.608,0.0,0,0,0,12,358
2018-12-25,567423.103,8.472,9.528,0.0,1,0,1,12,359
2018-12-26,672883.725,7.837,10.163,0.0,2,0,0,12,360
2018-12-27,721456.089,6.753,11.247,0.0,3,0,0,12,361
2018-12-28,722356.607,7.423,10.577,0.0,4,0,0,12,362
2018-12-29,674033.359,8.247,9.753,0.0,5,1,0,12,363
2018-12-30,638506.177,7.624,10.376,0.0,6,1,0,12,364
2018-12-31,655175.237,7.364,10.636,0.0,0,0,0,12,365
2019-01-01,582949.806,6.761,11.239,0.0,1,0,1,1,1
2019-01-02,742199.407,6.267,11.733,0.0,2,0,0,1,2
2019-01-03,787764.963,5.895,12.105,0.0,3,0,0,1,3
2019-01-04,796010.035,5.246,12.754,0.0,4,0,0,1,4
2019-01-05,721029.651,5.391,12.609,0.0,5,1,0,1,5
2019-01-06,661772.168,6.124,11.876,0.0,6,1,0,1,6
2019-01-07,764920.771,5.979,12.021,0.0,0,0,0,1,7
2019-01-08,844559.085,6.105,11.895,0.0,1,0,0,1,8
2019-01-09,846151.453,7.311,10.689,0.0,2,0,0,1,9
2019-01-10,857323.124,6.35,11.65,0.0,3,0,0,1,10
2019-01-11,867181.886,4.219,13.781,0.0,4,0,0,1,11
2019-01-12,775170.712,5.441,12.559,0.0,5,1,0,1,12
2019-01-13,722271.171,6.143,11.857,0.0,6,1,0,1,13
2019-01-14,835752.36,7.68,10.32,0.0,0,0,0,1,14
2019-01-15,846245.527,7.117,10.883,0.0,1,0,0,1,15
2019-01-16,847911.818,6.213,11.787,0.0,2,0,0,1,16
2019-01-17,849875.833,6.469,11.531,0.0,3,0,0,1,17
2019-01-18,848781.942,5.54,12.46,0.0,4,0,0,1,18
2019-01-19,766537.72,5.653,12.347,0.0,5,1,0,1,19
2019-01-20,705583.355,7.805,10.195,0.0,6,1,0,1,20
2019-01-21,828406.838,6.228,11.772,0.0,0,0,0,1,21
2019-01-22,864855.303,5.828,12.172,0.0,1,0,0,1,22
2019-01-23,854462.174,9.269,8.731,0.0,2,0,0,1,23
2019-01-24,837075.708,10.273,7.727,0.0,3,0,0,1,24
2019-01-25,815349.834,10.289,7.711,0.0,4,0,0,1,25
2019-01-26,724205.323,8.784,9.216,0.0,5,1,0,1,26
2019-01-27,678249.362,9.041,8.959,0.0,6,1,0,1,27
2019-01-28,807644.379,8.957,9.043,0.0,0,0,0,1,28
2019-01-29,832616.612,8.536,9.464,0.0,1,0,0,1,29
2019-01-30,829785.386,8.623,9.377,0.0,2,0,0,1,30
2019-01-31,823510.841,11.273,6.727,0.0,3,0,0,1,31
2019-02-01,811408.357,10.523,7.477,0.0,4,0,0,2,32
2019-02-02,739149.442,7.154,10.846,0.0,5,1,0,2,33
2019-02-03,696029.792,5.716,12.284,0.0,6,1,0,2,34
2019-02-04,827865.952,5.844,12.156,0.0,0,0,0,2,35
2019-02-05,826264.446,8.309,9.691,0.0,1,0,0,2,36
2019-02-06,813527.159,9.156,8.844,0.0,2,0,0,2,37
2019-02-07,805445.154,9.278,8.722,0.0,3,0,0,2,38
2019-02-08,799019.676,8.923,9.077,0.0,4,0,0,2,39
2019-02-09,719403.839,8.954,9.046,0.0,5,1,0,2,40
2019-02-10,672445.604,10.202,7.798,0.0,6,1,0,2,41
2019-02-11,781692.422,10.587,7.413,0.0,0,0,0,2,42
2019-02-12,799138.409,8.848,9.152,0.0,1,0,0,2,43
2019-02-13,797839.046,8.415,9.585,0.0,2,0,0,2,44
2019-02-14,794299.138,8.819,9.181,0.0,3,0,0,2,45
2019-02-15,790637.803,8.769,9.231,0.0,4,0,0,2,46
2019-02-16,706487.416,9.57,8.43,0.0,5,1,0,2,47
2019-02-17,656688.443,9.132,8.868,0.0,6,1,0,2,48
2019-02-18,779646.845,9.436,8.564,0.0,0,0,0,2,49
2019-02-19,789997.493,9.453,8.547,0.0,1,0,0,2,50
2019-02-20,785631.268,9.536,8.464,0.0,2,0,0,2,51
2019-02-21,781135.556,9.861,8.139,0.0,3,0,0,2,52
2019-02-22,771083.106,11.221,6.779,0.0,4,0,0,2,53
2019-02-23,689175.82,11.922,6.078,0.0,5,1,0,2,54
2019-02-24,637452.604,12.042,5.958,0.0,6,1,0,2,55
2019-02-25,750831.906,11.398,6.602,0.0,0,0,0,2,56
2019-02-26,759697.475,12.249,5.751,0.0,1,0,0,2,57
2019-02-27,756324.91,12.795,5.205,0.0,2,0,0,2,58
2019-02-28,742210.124,12.568,5.432,0.0,3,0,0,2,59
2019-03-01,747742.259,12.204,5.796,0.0,4,0,0,3,60
2019-03-02,670242.996,13.067,4.933,0.0,5,1,0,3,61
2019-03-03,621445.195,13.673,4.327,0.0,6,1,0,3,62
2019-03-04,729814.28,13.901,4.099,0.0,0,0,0,3,63
2019-03-05,745164.11,12.984,5.016,0.0,1,0,0,3,64
2019-03-06,767457.592,12.409,5.591,0.0,2,0,0,3,65
2019-03-07,758178.303,10.831,7.169,0.0,3,0,0,3,66
2019-03-08,748568.791,10.957,7.043,0.0,4,0,0,3,67
2019-03-09,671315.341,11.942,6.058,0.0,5,1,0,3,68
2019-03-10,617758.559,13.701,4.299,0.0,6,1,0,3,69
2019-03-11,726454.288,13.715,4.285,0.0,0,0,0,3,70
2019-03-12,743155.047,13.029,4.971,0.0,1,0,0,3,71
2019-03-13,753372.783,12.333,5.667,0.0,2,0,0,3,72
2019-03-14,753975.948,11.295,6.705,0.0,3,0,0,3,73
2019-03-15,738753.829,13.261,4.739,0.0,4,0,0,3,74
2019-03-16,660072.282,14.191,3.809,0.0,5,1,0,3,75
2019-03-17,610229.793,14.334,3.666,0.0,6,1,0,3,76
2019-03-18,708116.389,11.409,6.591,0.0,0,0,0,3,77
2019-03-19,707250.357,10.862,7.138,0.0,1,0,0,3,78
2019-03-20,755634.542,10.136,7.864,0.0,2,0,0,3,79
2019-03-21,758931.722,10.435,7.565,0.0,3,0,0,3,80
2019-03-22,749138.108,11.795,6.205,0.0,4,0,0,3,81
2019-03-23,669633.017,13.379,4.621,0.0,5,1,0,3,82
2019-03-24,611819.827,14.389,3.611,0.0,6,1,0,3,83
2019-03-25,717073.819,14.28,3.72,0.0,0,0,0,3,84
2019-03-26,732395.045,13.275,4.725,0.0,1,0,0,3,85
2019-03-27,735314.342,12.171,5.829,0.0,2,0,0,3,86
2019-03-28,736120.156,12.21,5.79,0.0,3,0,0,3,87
2019-03-29,733687.593,12.443,5.557,0.0,4,0,0,3,88
2019-03-30,661273.331,12.536,5.464,0.0,5,1,0,3,89
2019-03-31,595455.992,11.976,6.024,0.0,6,1,0,3,90
2019-04-01,728854.039,12.817,5.183,0.0,0,0,0,4,91
2019-04-02,740720.312,13.136,4.864,0.0,1,0,0,4,92
2019-04-03,743726.231,12.418,5.582,0.0,2,0,0,4,93
2019-04-04,746532.132,9.85,8.15,0.0,3,0,0,4,94
2019-04-05,758884.449,9.565,8.435,0.0,4,0,0,4,95
2019-04-06,683345.822,9.356,8.644,0.0,5,1,0,4,96
2019-04-07,635743.258,10.214,7.786,0.0,6,1,0,4,97
2019-04-08,745947.421,12.754,5.246,0.0,0,0,0,4,98
2019-04-09,762514.952,11.296,6.704,0.0,1,0,0,4,99
2019-04-10,759373.018,11.373,6.627,0.0,2,0,0,4,100
2019-04-11,754593.577,11.608,6.392,0.0,3,0,0,4,101
2019-04-12,737503.833,12.238,5.762,0.0,4,0,0,4,102
2019-04-13,658751.444,13.293,4.707,0.0,5,1,0,4,103
2019-04-14,606715.171,16.134,1.866,0.0,6,1,0,4,104
2019-04-15,705651.944,16.175,1.825,0.0,0,0,0,4,105
2019-04-16,712912.968,14.85,3.15,0.0,1,0,0,4,106
2019-04-17,706896.182,15.291,2.709,0.0,2,0,0,4,107
2019-04-18,633645.163,13.137,4.863,0.0,3,0,0,4,108
2019-04-19,584929.31,13.094,4.906,0.0,4,0,1,4,109
2019-04-20,598281.137,14.751,3.249,0.0,5,1,0,4,110
2019-04-21,575850.979,13.08,4.92,0.0,6,1,0,4,111
2019-04-22,622892.917,14.098,3.902,0.0,0,0,0,4,112
2019-04-23,691440.392,12.741,5.259,0.0,1,0,0,4,113
2019-04-24,737862.824,11.472,6.528,0.0,2,0,0,4,114
2019-04-25,739947.966,13.052,4.948,0.0,3,0,0,4,115
2019-04-26,722351.575,13.015,4.985,0.0,4,0,0,4,116
2019-04-27,641476.76,13.842,4.158,0.0,5,1,0,4,117
2019-04-28,580034.58,15.279,2.721,0.0,6,1,0,4,118
2019-04-29,681641.153,16.149,1.851,0.0,0,0,0,4,119
2019-04-30,693188.14,16.885,1.115,0.0,1,0,0,4,120
2019-05-01,588783.574,17.192,0.808,0.0,2,0,1,5,121
2019-05-02,674320.005,16.579,1.421,0.0,3,0,0,5,122
2019-05-03,696474.728,14.707,3.293,0.0,4,0,0,5,123
2019-05-04,634765.62,14.551,3.449,0.0,5,1,0,5,124
2019-05-05,585505.022,15.143,2.857,0.0,6,1,0,5,125
2019-05-06,691903.437,15.653,2.347,0.0,0,0,0,5,126
2019-05-07,715282.519,16.966,1.034,0.0,1,0,0,5,127
2019-05-08,720383.459,17.923,0.077,0.0,2,0,0,5,128
2019-05-09,719680.488,17.536,0.464,0.0,3,0,0,5,129
2019-05-10,714705.845,19.852,0.0,0.0,4,0,0,5,130
2019-05-11,642893.955,19.213,0.0,0.0,5,1,0,5,131
2019-05-12,589066.207,18.379,0.0,0.0,6,1,0,5,132
2019-05-13,693194.342,19.13,0.0,0.0,0,0,0,5,133
2019-05-14,716085.91,19.145,0.0,0.0,1,0,0,5,134
2019-05-15,714403.802,20.689,0.0,0.0,2,0,0,5,135
2019-05-16,723608.482,19.25,0.0,0.0,3,0,0,5,136
2019-05-17,708065.687,15.43,2.57,0.0,4,0,0,5,137
2019-05-18,633581.663,14.765,3.235,0.0,5,1,0,5,138
2019-05-19,588760.853,14.99,3.01,0.0,6,1,0,5,139
2019-05-20,693266.151,16.007,1.993,0.0,0,0,0,5,140
2019-05-21,712267.526,17.686,0.314,0.0,1,0,0,5,141
2019-05-22,720423.021,19.065,0.0,0.0,2,0,0,5,142
2019-05-23,721032.652,20.188,0.0,0.0,3,0,0,5,143
2019-05-24,717689.342,18.607,0.0,0.0,4,0,0,5,144
2019-05-25,641713.37,18.039,0.0,0.0,5,1,0,5,145
2019-05-26,586295.917,18.614,0.0,0.0,6,1,0,5,146
2019-05-27,703430.222,19.637,0.0,0.0,0,0,0,5,147
2019-05-28,723789.614,19.102,0.0,0.0,1,0,0,5,148
2019-05-29,722528.761,18.51,0.0,0.0,2,0,0,5,149
2019-05-30,719643.509,20.067,0.0,0.0,3,0,0,5,150
2019-05-31,720746.446,21.919,0.0,0.0,4,0,0,5,151
2019-06-01,657113.804,22.887,0.0,0.887,5,1,0,6,152
2019-06-02,610135.227,23.396,0.0,1.396,6,1,0,6,153
2019-06-03,727199.819,23.603,0.0,1.603,0,0,0,6,154
2019-06-04,743803.929,22.023,0.0,0.023,1,0,0,6,155
2019-06-05,728013.427,19.049,0.0,0.0,2,0,0,6,156
2019-06-06,718987.495,18.387,0.0,0.0,3,0,0,6,157
2019-06-07,716146.113,19.168,0.0,0.0,4,0,0,6,158
2019-06-08,649114.105,19.604,0.0,0.0,5,1,0,6,159
2019-06-09,598266.091,20.653,0.0,0.0,6,1,0,6,160
2019-06-10,692985.625,20.221,0.0,0.0,0,0,0,6,161
2019-06-11,717613.036,18.124,0.0,0.0,1,0,0,6,162
2019-06-12,721685.017,17.487,0.513,0.0,2,0,0,6,163
2019-06-13,725139.71,19.436,0.0,0.0,3,0,0,6,164
2019-06-14,720698.739,20.059,0.0,0.0,4,0,0,6,165
2019-06-15,649826.641,19.822,0.0,0.0,5,1,0,6,166
2019-06-16,600853.162,20.911,0.0,0.0,6,1,0,6,167
2019-06-17,714625.455,22.734,0.0,0.734,0,0,0,6,168
2019-06-18,736896.725,23.234,0.0,1.234,1,0,0,6,169
2019-06-19,741912.133,22.459,0.0,0.459,2,0,0,6,170
2019-06-20,735488.271,22.284,0.0,0.284,3,0,0,6,171
2019-06-21,732798.844,21.99,0.0,0.0,4,0,0,6,172
2019-06-22,672993.652,22.949,0.0,0.949,5,1,0,6,173
2019-06-23,623379.646,24.398,0.0,2.398,6,1,0,6,174
2019-06-24,688002.526,24.082,0.0,2.082,0,0,0,6,175
2019-06-25,765220.281,24.747,0.0,2.747,1,0,0,6,176
2019-06-26,792832.45,26.513,0.0,4.513,2,0,0,6,177
2019-06-27,807875.011,27.776,0.0,5.776,3,0,0,6,178
2019-06-28,821152.543,29.004,0.0,7.004,4,0,0,6,179
2019-06-29,751724.535,29.192,0.0,7.192,5,1,0,6,180
2019-06-30,696474.637,28.091,0.0,6.091,6,1,0,6,181
2019-07-01,805062.314,26.628,0.0,4.628,0,0,0,7,182
2019-07-02,817750.686,25.819,0.0,3.819,1,0,0,7,183
2019-07-03,814766.368,26.374,0.0,4.374,2,0,0,7,184
2019-07-04,813934.525,26.333,0.0,4.333,3,0,0,7,185
2019-07-05,816024.974,26.445,0.0,4.445,4,0,0,7,186
2019-07-06,738401.275,26.774,0.0,4.774,5,1,0,7,187
2019-07-07,686379.684,26.775,0.0,4.775,6,1,0,7,188
2019-07-08,783297.789,24.918,0.0,2.918,0,0,0,7,189
2019-07-09,782095.233,23.686,0.0,1.686,1,0,0,7,190
2019-07-10,792718.173,24.906,0.0,2.906,2,0,0,7,191
2019-07-11,821250.349,27.155,0.0,5.155,3,0,0,7,192
2019-07-12,828876.825,28.199,0.0,6.199,4,0,0,7,193
2019-07-13,739065.225,27.591,0.0,5.591,5,1,0,7,194
2019-07-14,667289.338,26.078,0.0,4.078,6,1,0,7,195
2019-07-15,796026.561,26.424,0.0,4.424,0,0,0,7,196
2019-07-16,810257.077,26.146,0.0,4.146,1,0,0,7,197
2019-07-17,805414.836,26.115,0.0,4.115,2,0,0,7,198
2019-07-18,808118.682,26.1,0.0,4.1,3,0,0,7,199
2019-07-19,818254.951,27.128,0.0,5.128,4,0,0,7,200
2019-07-20,744167.851,28.147,0.0,6.147,5,1,0,7,201
2019-07-21,691903.017,28.216,0.0,6.216,6,1,0,7,202
2019-07-22,836080.36,28.781,0.0,6.781,0,0,0,7,203
2019-07-23,857696.956,29.179,0.0,7.179,1,0,0,7,204
2019-07-24,860191.27,28.954,0.0,6.954,2,0,0,7,205
2019-07-25,835226.076,28.449,0.0,6.449,3,0,0,7,206
2019-07-26,809646.945,26.675,0.0,4.675,4,0,0,7,207
2019-07-27,705760.649,23.682,0.0,1.682,5,1,0,7,208
2019-07-28,639052.413,23.289,0.0,1.289,6,1,0,7,209
2019-07-29,759984.776,25.291,0.0,3.291,0,0,0,7,210
2019-07-30,773820.297,24.529,0.0,2.529,1,0,0,7,211
2019-07-31,765475.695,24.533,0.0,2.533,2,0,0,7,212
2019-08-01,789334.274,25.852,0.0,3.852,3,0,0,8,213
2019-08-02,784389.389,26.33,0.0,4.33,4,0,0,8,214
2019-08-03,706068.784,26.687,0.0,4.687,5,1,0,8,215
2019-08-04,659374.462,27.166,0.0,5.166,6,1,0,8,216
2019-08-05,772347.5,27.272,0.0,5.272,0,0,0,8,217
2019-08-06,793044.82,27.464,0.0,5.464,1,0,0,8,218
2019-08-07,787712.421,26.447,0.0,4.447,2,0,0,8,219
2019-08-08,795638.987,27.559,0.0,5.559,3,0,0,8,220
2019-08-09,795454.697,27.825,0.0,5.825,4,0,0,8,221
2019-08-10,716321.021,26.349,0.0,4.349,5,1,0,8,222
2019-08-11,651892.626,25.476,0.0,3.476,6,1,0,8,223
2019-08-12,712385.398,23.458,0.0,1.458,0,0,0,8,224
2019-08-13,713398.323,23.15,0.0,1.15,1,0,0,8,225
2019-08-14,722738.208,24.823,0.0,2.823,2,0,0,8,226
2019-08-15,661417.317,26.102,0.0,4.102,3,0,1,8,227
2019-08-16,715896.427,26.444,0.0,4.444,4,0,0,8,228
2019-08-17,692638.36,27.53,0.0,5.53,5,1,0,8,229
2019-08-18,652155.441,26.931,0.0,4.931,6,1,0,8,230
2019-08-19,750065.106,25.532,0.0,3.532,0,0,0,8,231
2019-08-20,750474.293,24.232,0.0,2.232,1,0,0,8,232
2019-08-21,743508.569,23.696,0.0,1.696,2,0,0,8,233
2019-08-22,746785.396,24.477,0.0,2.477,3,0,0,8,234
2019-08-23,746320.647,25.186,0.0,3.186,4,0,0,8,235
2019-08-24,685685.967,25.72,0.0,3.72,5,1,0,8,236
2019-08-25,640382.6,25.989,0.0,3.989,6,1,0,8,237
2019-08-26,753002.18,23.558,0.0,1.558,0,0,0,8,238
2019-08-27,748334.103,22.775,0.0,0.775,1,0,0,8,239
2019-08-28,759403.981,24.384,0.0,2.384,2,0,0,8,240
2019-08-29,778170.266,25.853,0.0,3.853,3,0,0,8,241
2019-08-30,782463.034,26.467,0.0,4.467,4,0,0,8,242
2019-08-31,704124.582,26.19,0.0,4.19,5,1,0,8,243
2019-09-01,658275.465,25.877,0.0,3.877,6,1,0,9,244
2019-09-02,772035.659,23.817,0.0,1.817,0,0,0,9,245
2019-09-03,796492.504,24.459,0.0,2.459,1,0,0,9,246
2019-09-04,802739.777,24.727,0.0,2.727,2,0,0,9,247
2019-09-05,785233.792,22.511,0.0,0.511,3,0,0,9,248
2019-09-06,759835.407,20.998,0.0,0.0,4,0,0,9,249
2019-09-07,677237.25,21.348,0.0,0.0,5,1,0,9,250
2019-09-08,625559.392,21.84,0.0,0.0,6,1,0,9,251
2019-09-09,725543.137,22.383,0.0,0.383,0,0,0,9,252
2019-09-10,731011.426,19.559,0.0,0.0,1,0,0,9,253
2019-09-11,699252.213,19.814,0.0,0.0,2,0,0,9,254
2019-09-12,720175.206,21.198,0.0,0.0,3,0,0,9,255
2019-09-13,710999.404,20.518,0.0,0.0,4,0,0,9,256
2019-09-14,639594.83,20.601,0.0,0.0,5,1,0,9,257
2019-09-15,600804.651,20.65,0.0,0.0,6,1,0,9,258
2019-09-16,722110.774,21.331,0.0,0.0,0,0,0,9,259
2019-09-17,745327.536,21.856,0.0,0.0,1,0,0,9,260
2019-09-18,749439.31,21.612,0.0,0.0,2,0,0,9,261
2019-09-19,750409.372,21.485,0.0,0.0,3,0,0,9,262
2019-09-20,742546.066,20.997,0.0,0.0,4,0,0,9,263
2019-09-21,662313.73,20.142,0.0,0.0,5,1,0,9,264
2019-09-22,606999.498,20.74,0.0,0.0,6,1,0,9,265
2019-09-23,708014.904,19.197,0.0,0.0,0,0,0,9,266
2019-09-24,727730.253,20.737,0.0,0.0,1,0,0,9,267
2019-09-25,738028.712,20.4,0.0,0.0,2,0,0,9,268
2019-09-26,739145.522,20.588,0.0,0.0,3,0,0,9,269
2019-09-27,734426.657,20.89,0.0,0.0,4,0,0,9,270
2019-09-28,653673.494,20.77,0.0,0.0,5,1,0,9,271
2019-09-29,597643.634,21.267,0.0,0.0,6,1,0,9,272
2019-09-30,715112.43,21.328,0.0,0.0,0,0,0,9,273
2019-10-01,741441.646,21.823,0.0,0.0,1,0,0,10,274
2019-10-02,733752.221,20.115,0.0,0.0,2,0,0,10,275
2019-10-03,722404.634,19.412,0.0,0.0,3,0,0,10,276
2019-10-04,719060.66,19.97,0.0,0.0,4,0,0,10,277
2019-10-05,639966.26,20.224,0.0,0.0,5,1,0,10,278
2019-10-06,595822.23,20.072,0.0,0.0,6,1,0,10,279
2019-10-07,706811.27,20.629,0.0,0.0,0,0,0,10,280
2019-10-08,729654.451,21.308,0.0,0.0,1,0,0,10,281
2019-10-09,718306.304,20.632,0.0,0.0,2,0,0,10,282
2019-10-10,725766.274,19.621,0.0,0.0,3,0,0,10,283
2019-10-11,717342.224,20.817,0.0,0.0,4,0,0,10,284
2019-10-12,624559.893,21.587,0.0,0.0,5,1,1,10,285
2019-10-13,591908.756,20.812,0.0,0.0,6,1,0,10,286
2019-10-14,708972.391,18.667,0.0,0.0,0,0,0,10,287
2019-10-15,707947.469,15.268,2.732,0.0,1,0,0,10,288
2019-10-16,711483.129,15.651,2.349,0.0,2,0,0,10,289
2019-10-17,712870.909,16.303,1.697,0.0,3,0,0,10,290
2019-10-18,702013.343,17.846,0.154,0.0,4,0,0,10,291
2019-10-19,638521.461,17.096,0.904,0.0,5,1,0,10,292
2019-10-20,590245.061,14.74,3.26,0.0,6,1,0,10,293
2019-10-21,698011.851,12.59,5.41,0.0,0,0,0,10,294
2019-10-22,728673.757,12.471,5.529,0.0,1,0,0,10,295
2019-10-23,731462.329,12.676,5.324,0.0,2,0,0,10,296
2019-10-24,729548.927,13.639,4.361,0.0,3,0,0,10,297
2019-10-25,721004.715,14.644,3.356,0.0,4,0,0,10,298
2019-10-26,639527.818,15.46,2.54,0.0,5,1,0,10,299
2019-10-27,617897.851,15.578,2.422,0.0,6,1,0,10,300
2019-10-28,705517.424,16.079,1.921,0.0,0,0,0,10,301
2019-10-29,720759.167,16.15,1.85,0.0,1,0,0,10,302
2019-10-30,716813.201,16.872,1.128,0.0,2,0,0,10,303
2019-10-31,706779.544,18.254,0.0,0.0,3,0,0,10,304
2019-11-01,610338.583,18.277,0.0,0.0,4,0,1,11,305
2019-11-02,613091.302,17.899,0.101,0.0,5,1,0,11,306
2019-11-03,585745.923,16.496,1.504,0.0,6,1,0,11,307
2019-11-04,701349.067,16.25,1.75,0.0,0,0,0,11,308
2019-11-05,723921.225,13.39,4.61,0.0,1,0,0,11,309
2019-11-06,726803.046,12.571,5.429,0.0,2,0,0,11,310
2019-11-07,738904.63,12.526,5.474,0.0,3,0,0,11,311
2019-11-08,747095.1,9.991,8.009,0.0,4,0,0,11,312
2019-11-09,674799.054,10.367,7.633,0.0,5,1,0,11,313
2019-11-10,628624.931,10.343,7.657,0.0,6,1,0,11,314
2019-11-11,757559.515,10.442,7.558,0.0,0,0,0,11,315
2019-11-12,773524.257,10.774,7.226,0.0,1,0,0,11,316
2019-11-13,776833.483,12.441,5.559,0.0,2,0,0,11,317
2019-11-14,794537.245,9.832,8.168,0.0,3,0,0,11,318
2019-11-15,794400.091,7.942,10.058,0.0,4,0,0,11,319
2019-11-16,712515.929,7.361,10.639,0.0,5,1,0,11,320
2019-11-17,673216.611,8.156,9.844,0.0,6,1,0,11,321
2019-11-18,784186.573,8.868,9.132,0.0,0,0,0,11,322
2019-11-19,810154.106,7.31,10.69,0.0,1,0,0,11,323
2019-11-20,821576.303,7.693,10.307,0.0,2,0,0,11,324
2019-11-21,815715.186,9.13,8.87,0.0,3,0,0,11,325
2019-11-22,812859.646,10.457,7.543,0.0,4,0,0,11,326
2019-11-23,706596.572,11.086,6.914,0.0,5,1,0,11,327
2019-11-24,657967.591,10.157,7.843,0.0,6,1,0,11,328
2019-11-25,774027.534,12.725,5.275,0.0,0,0,0,11,329
2019-11-26,785754.366,13.415,4.585,0.0,1,0,0,11,330
2019-11-27,774548.693,13.456,4.544,0.0,2,0,0,11,331
2019-11-28,776056.195,12.678,5.322,0.0,3,0,0,11,332
2019-11-29,758247.169,13.667,4.333,0.0,4,0,0,11,333
2019-11-30,686811.005,13.262,4.738,0.0,5,1,0,11,334
2019-12-01,649030.819,10.845,7.155,0.0,6,1,0,12,335
2019-12-02,776156.953,9.749,8.251,0.0,0,0,0,12,336
2019-12-03,794071.443,8.513,9.487,0.0,1,0,0,12,337
2019-12-04,802721.404,9.247,8.753,0.0,2,0,0,12,338
2019-12-05,797187.595,10.259,7.741,0.0,3,0,0,12,339
2019-12-06,687010.235,9.933,8.067,0.0,4,0,1,12,340
2019-12-07,677745.106,8.616,9.384,0.0,5,1,0,12,341
2019-12-08,653010.122,8.664,9.336,0.0,6,1,0,12,342
2019-12-09,731497.032,10.479,7.521,0.0,0,0,0,12,343
2019-12-10,794421.564,8.216,9.784,0.0,1,0,0,12,344
2019-12-11,810110.768,8.28,9.72,0.0,2,0,0,12,345
2019-12-12,825121.76,8.706,9.294,0.0,3,0,0,12,346
2019-12-13,793677.004,13.269,4.731,0.0,4,0,0,12,347
2019-12-14,703955.843,11.963,6.037,0.0,5,1,0,12,348
2019-12-15,660219.604,11.222,6.778,0.0,6,1,0,12,349
2019-12-16,780295.07,10.594,7.406,0.0,0,0,0,12,350
2019-12-17,786945.087,10.824,7.176,0.0,1,0,0,12,351
2019-12-18,792257.443,9.996,8.004,0.0,2,0,0,12,352
2019-12-19,793728.479,11.213,6.787,0.0,3,0,0,12,353
2019-12-20,757483.61,13.951,4.049,0.0,4,0,0,12,354
2019-12-21,666815.843,14.677,3.323,0.0,5,1,0,12,355
2019-12-22,621188.286,13.114,4.886,0.0,6,1,0,12,356
2019-12-23,675581.844,11.072,6.928,0.0,0,0,0,12,357
2019-12-24,622147.62,11.068,6.932,0.0,1,0,0,12,358
2019-12-25,541452.518,10.537,7.463,0.0,2,0,1,12,359
2019-12-26,632220.615,10.526,7.474,0.0,3,0,0,12,360
2019-12-27,674150.472,8.595,9.405,0.0,4,0,0,12,361
2019-12-28,646963.129,8.028,9.972,0.0,5,1,0,12,362
2019-12-29,617265.192,7.435,10.565,0.0,6,1,0,12,363
2019-12-30,689973.969,6.784,11.216,0.0,0,0,0,12,364
2019-12-31,656514.303,6.599,11.401,0.0,1,0,0,12,365
2020-01-01,574776.72,5.994,12.006,0.0,2,0,1,1,1
2020-01-02,723522.375,5.587,12.413,0.0,3,0,0,1,2
2020-01-03,754645.342,5.485,12.515,0.0,4,0,0,1,3
2020-01-04,702390.878,7.32,10.68,0.0,5,1,0,1,4
2020-01-05,651967.486,7.147,10.853,0.0,6,1,0,1,5
2020-01-06,630259.532,6.015,11.985,0.0,0,0,1,1,6
2020-01-07,789031.621,6.43,11.57,0.0,1,0,0,1,7
2020-01-08,820143.678,7.354,10.646,0.0,2,0,0,1,8
2020-01-09,820769.614,7.646,10.354,0.0,3,0,0,1,9
2020-01-10,814759.827,8.547,9.453,0.0,4,0,0,1,10
2020-01-11,732531.725,6.699,11.301,0.0,5,1,0,1,11
2020-01-12,693449.101,5.12,12.88,0.0,6,1,0,1,12
2020-01-13,829157.906,4.394,13.606,0.0,0,0,0,1,13
2020-01-14,844416.079,5.648,12.352,0.0,1,0,0,1,14
2020-01-15,832910.293,7.534,10.466,0.0,2,0,0,1,15
2020-01-16,822827.255,9.027,8.973,0.0,3,0,0,1,16
2020-01-17,807653.787,9.771,8.229,0.0,4,0,0,1,17
2020-01-18,729673.024,8.661,9.339,0.0,5,1,0,1,18
2020-01-19,689820.886,7.952,10.048,0.0,6,1,0,1,19
2020-01-20,846106.888,5.824,12.176,0.0,0,0,0,1,20
2020-01-21,862132.604,7.296,10.704,0.0,1,0,0,1,21
2020-01-22,841706.187,8.591,9.409,0.0,2,0,0,1,22
2020-01-23,829427.103,8.143,9.857,0.0,3,0,0,1,23
2020-01-24,821136.183,8.279,9.721,0.0,4,0,0,1,24
2020-01-25,734265.345,8.486,9.514,0.0,5,1,0,1,25
2020-01-26,676369.262,8.593,9.407,0.0,6,1,0,1,26
2020-01-27,807615.701,8.4,9.6,0.0,0,0,0,1,27
2020-01-28,807001.677,11.559,6.441,0.0,1,0,0,1,28
2020-01-29,792162.501,11.441,6.559,0.0,2,0,0,1,29
2020-01-30,778203.546,11.744,6.256,0.0,3,0,0,1,30
2020-01-31,765448.598,12.893,5.107,0.0,4,0,0,1,31
2020-02-01,681471.943,14.093,3.907,0.0,5,1,0,2,32
2020-02-02,625016.468,13.524,4.476,0.0,6,1,0,2,33
2020-02-03,729329.082,13.367,4.633,0.0,0,0,0,2,34
2020-02-04,747892.827,12.404,5.596,0.0,1,0,0,2,35
2020-02-05,758987.788,10.058,7.942,0.0,2,0,0,2,36
2020-02-06,769754.643,8.505,9.495,0.0,3,0,0,2,37
2020-02-07,772488.589,9.249,8.751,0.0,4,0,0,2,38
2020-02-08,698199.59,9.401,8.599,0.0,5,1,0,2,39
2020-02-09,646787.156,10.056,7.944,0.0,6,1,0,2,40
2020-02-10,749504.414,12.526,5.474,0.0,0,0,0,2,41
2020-02-11,761008.347,11.91,6.09,0.0,1,0,0,2,42
2020-02-12,766558.356,11.785,6.215,0.0,2,0,0,2,43
2020-02-13,759532.177,12.598,5.402,0.0,3,0,0,2,44
2020-02-14,753954.141,11.088,6.912,0.0,4,0,0,2,45
2020-02-15,675832.097,10.792,7.208,0.0,5,1,0,2,46
2020-02-16,625453.407,11.858,6.142,0.0,6,1,0,2,47
2020-02-17,739797.699,12.224,5.776,0.0,0,0,0,2,48
2020-02-18,766371.869,10.947,7.053,0.0,1,0,0,2,49
2020-02-19,764941.248,10.165,7.835,0.0,2,0,0,2,50
2020-02-20,763651.659,9.552,8.448,0.0,3,0,0,2,51
2020-02-21,753744.734,10.745,7.255,0.0,4,0,0,2,52
2020-02-22,672072.47,11.138,6.862,0.0,5,1,0,2,53
2020-02-23,620872.08,11.779,6.221,0.0,6,1,0,2,54
2020-02-24,730827.761,11.964,6.036,0.0,0,0,0,2,55
2020-02-25,743820.753,12.075,5.925,0.0,1,0,0,2,56
2020-02-26,753405.313,12.234,5.766,0.0,2,0,0,2,57
2020-02-27,751137.432,12.873,5.127,0.0,3,0,0,2,58
2020-02-28,728292.593,13.015,4.985,0.0,4,0,0,2,59
2020-02-29,670263.321,12.756,5.244,0.0,5,1,0,2,60
2020-03-01,626873.694,13.528,4.472,0.0,6,1,0,3,61
2020-03-02,741296.331,13.063,4.937,0.0,0,0,0,3,62
2020-03-03,769321.188,11.062,6.938,0.0,1,0,0,3,63
2020-03-04,759058.244,14.162,3.838,0.0,2,0,0,3,64
2020-03-05,754365.164,13.896,4.104,0.0,3,0,0,3,65
2020-03-06,757995.483,10.567,7.433,0.0,4,0,0,3,66
2020-03-07,683532.439,10.903,7.097,0.0,5,1,0,3,67
2020-03-08,630442.877,11.069,6.931,0.0,6,1,0,3,68
2020-03-09,740417.533,12.862,5.138,0.0,0,0,0,3,69
2020-03-10,747566.521,14.064,3.936,0.0,1,0,0,3,70
2020-03-11,742561.392,15.525,2.475,0.0,2,0,0,3,71
2020-03-12,738088.907,16.163,1.837,0.0,3,0,0,3,72
2020-03-13,729774.542,15.11,2.89,0.0,4,0,0,3,73
2020-03-14,646497.547,14.052,3.948,0.0,5,1,0,3,74
2020-03-15,600435.811,13.201,4.799,0.0,6,1,0,3,75
2020-03-16,704124.264,10.204,7.796,0.0,0,0,0,3,76
2020-03-17,706050.583,11.867,6.133,0.0,1,0,0,3,77
2020-03-18,684799.07,13.455,4.545,0.0,2,0,0,3,78
2020-03-19,641992.028,12.698,5.302,0.0,3,0,0,3,79
2020-03-20,647058.248,12.256,5.744,0.0,4,0,0,3,80
2020-03-21,612492.101,10.885,7.115,0.0,5,1,0,3,81
2020-03-22,583510.909,10.769,7.231,0.0,6,1,0,3,82
2020-03-23,653558.582,11.511,6.489,0.0,0,0,0,3,83
2020-03-24,663819.764,11.939,6.061,0.0,1,0,0,3,84
2020-03-25,664643.791,11.089,6.911,0.0,2,0,0,3,85
2020-03-26,661338.324,10.131,7.869,0.0,3,0,0,3,86
2020-03-27,667335.755,8.636,9.364,0.0,4,0,0,3,87
2020-03-28,605617.221,10.135,7.865,0.0,5,1,0,3,88
2020-03-29,540515.04,11.916,6.084,0.0,6,1,0,3,89
2020-03-30,610996.075,9.111,8.889,0.0,0,0,0,3,90
2020-03-31,610653.934,8.323,9.677,0.0,1,0,0,3,91
2020-04-01,599875.958,10.586,7.414,0.0,2,0,0,4,92
2020-04-02,599323.162,10.564,7.436,0.0,3,0,0,4,93
2020-04-03,584683.694,10.912,7.088,0.0,4,0,0,4,94
2020-04-04,542996.041,12.06,5.94,0.0,5,1,0,4,95
2020-04-05,519594.376,13.333,4.667,0.0,6,1,0,4,96
2020-04-06,568143.84,13.485,4.515,0.0,0,0,0,4,97
2020-04-07,567082.621,14.077,3.923,0.0,1,0,0,4,98
2020-04-08,555027.089,14.445,3.555,0.0,2,0,0,4,99
2020-04-09,529824.736,14.088,3.912,0.0,3,0,0,4,100
2020-04-10,510435.49,14.087,3.913,0.0,4,0,1,4,101
2020-04-11,518229.908,14.45,3.55,0.0,5,1,0,4,102
2020-04-12,501615.48,14.34,3.66,0.0,6,1,0,4,103
2020-04-13,537818.991,13.873,4.127,0.0,0,0,0,4,104
2020-04-14,584017.243,14.022,3.978,0.0,1,0,0,4,105
2020-04-15,604347.185,13.724,4.276,0.0,2,0,0,4,106
2020-04-16,604521.525,14.575,3.425,0.0,3,0,0,4,107
2020-04-17,598697.568,14.499,3.501,0.0,4,0,0,4,108
2020-04-18,552914.776,14.9,3.1,0.0,5,1,0,4,109
2020-04-19,520123.268,15.128,2.872,0.0,6,1,0,4,110
2020-04-20,585331.059,14.476,3.524,0.0,0,0,0,4,111
2020-04-21,608880.705,12.956,5.044,0.0,1,0,0,4,112
2020-04-22,608023.375,14.495,3.505,0.0,2,0,0,4,113
2020-04-23,599598.011,15.42,2.58,0.0,3,0,0,4,114
2020-04-24,594661.984,16.184,1.816,0.0,4,0,0,4,115
2020-04-25,556038.735,15.39,2.61,0.0,5,1,0,4,116
2020-04-26,522374.953,15.473,2.527,0.0,6,1,0,4,117
2020-04-27,590579.965,14.763,3.237,0.0,0,0,0,4,118
2020-04-28,601203.105,14.624,3.376,0.0,1,0,0,4,119
2020-04-29,600234.68,15.16,2.84,0.0,2,0,0,4,120
2020-04-30,594712.471,16.522,1.478,0.0,3,0,0,4,121
2020-05-01,525344.189,18.465,0.0,0.0,4,0,1,5,122
2020-05-02,529331.136,19.652,0.0,0.0,5,1,0,5,123
2020-05-03,509365.967,20.381,0.0,0.0,6,1,0,5,124
2020-05-04,585884.404,20.836,0.0,0.0,0,0,0,5,125
2020-05-05,607115.027,19.661,0.0,0.0,1,0,0,5,126
2020-05-06,610199.36,19.185,0.0,0.0,2,0,0,5,127
2020-05-07,604624.142,19.9,0.0,0.0,3,0,0,5,128
2020-05-08,597179.788,19.863,0.0,0.0,4,0,0,5,129
2020-05-09,547084.706,18.666,0.0,0.0,5,1,0,5,130
2020-05-10,513399.456,16.653,1.347,0.0,6,1,0,5,131
2020-05-11,591350.652,17.145,0.855,0.0,0,0,0,5,132
2020-05-12,617479.021,15.2,2.8,0.0,1,0,0,5,133
2020-05-13,617401.116,15.645,2.355,0.0,2,0,0,5,134
2020-05-14,620557.901,14.267,3.733,0.0,3,0,0,5,135
2020-05-15,608952.25,14.602,3.398,0.0,4,0,0,5,136
2020-05-16,555670.934,15.575,2.425,0.0,5,1,0,5,137
2020-05-17,519597.946,16.647,1.353,0.0,6,1,0,5,138
2020-05-18,596670.207,18.16,0.0,0.0,0,0,0,5,139
2020-05-19,615052.604,20.054,0.0,0.0,1,0,0,5,140
2020-05-20,622450.073,21.325,0.0,0.0,2,0,0,5,141
2020-05-21,630168.002,22.604,0.0,0.604,3,0,0,5,142
2020-05-22,634355.264,23.365,0.0,1.365,4,0,0,5,143
2020-05-23,582895.641,23.227,0.0,1.227,5,1,0,5,144
2020-05-24,542170.641,21.754,0.0,0.0,6,1,0,5,145
2020-05-25,627466.111,21.655,0.0,0.0,0,0,0,5,146
2020-05-26,642990.536,20.963,0.0,0.0,1,0,0,5,147
2020-05-27,644707.726,21.922,0.0,0.0,2,0,0,5,148
2020-05-28,642005.868,22.038,0.0,0.038,3,0,0,5,149
2020-05-29,641570.31,22.55,0.0,0.55,4,0,0,5,150
2020-05-30,583380.433,22.526,0.0,0.526,5,1,0,5,151
2020-05-31,541662.429,22.262,0.0,0.262,6,1,0,5,152
2020-06-01,627334.741,21.67,0.0,0.0,0,0,0,6,153
2020-06-02,653396.5,22.055,0.0,0.055,1,0,0,6,154
2020-06-03,662452.407,21.97,0.0,0.0,2,0,0,6,155
2020-06-04,651301.681,19.719,0.0,0.0,3,0,0,6,156
2020-06-05,640912.088,19.748,0.0,0.0,4,0,0,6,157
2020-06-06,582674.188,21.242,0.0,0.0,5,1,0,6,158
2020-06-07,540393.818,19.522,0.0,0.0,6,1,0,6,159
2020-06-08,625763.383,17.465,0.535,0.0,0,0,0,6,160
2020-06-09,643604.721,17.644,0.356,0.0,1,0,0,6,161
2020-06-10,653728.489,18.839,0.0,0.0,2,0,0,6,162
2020-06-11,653624.408,19.848,0.0,0.0,3,0,0,6,163
2020-06-12,645918.049,18.525,0.0,0.0,4,0,0,6,164
2020-06-13,581088.713,19.074,0.0,0.0,5,1,0,6,165
2020-06-14,543304.621,20.395,0.0,0.0,6,1,0,6,166
2020-06-15,644001.077,21.151,0.0,0.0,0,0,0,6,167
2020-06-16,656823.463,20.857,0.0,0.0,1,0,0,6,168
2020-06-17,661145.578,20.467,0.0,0.0,2,0,0,6,169
2020-06-18,662011.432,20.713,0.0,0.0,3,0,0,6,170
2020-06-19,657676.183,21.724,0.0,0.0,4,0,0,6,171
2020-06-20,608254.976,23.241,0.0,1.241,5,1,0,6,172
2020-06-21,572807.006,24.784,0.0,2.784,6,1,0,6,173
2020-06-22,682963.291,25.263,0.0,3.263,0,0,0,6,174
2020-06-23,706613.83,26.269,0.0,4.269,1,0,0,6,175
2020-06-24,668203.326,25.595,0.0,3.595,2,0,0,6,176
2020-06-25,711838.827,25.352,0.0,3.352,3,0,0,6,177
2020-06-26,702221.428,24.625,0.0,2.625,4,0,0,6,178
2020-06-27,638125.491,24.844,0.0,2.844,5,1,0,6,179
2020-06-28,604144.564,25.912,0.0,3.912,6,1,0,6,180
2020-06-29,723951.102,26.254,0.0,4.254,0,0,0,6,181
2020-06-30,752302.735,26.666,0.0,4.666,1,0,0,6,182
2020-07-01,763359.011,27.13,0.0,5.13,2,0,0,7,183
2020-07-02,765790.102,26.098,0.0,4.098,3,0,0,7,184
2020-07-03,735357.247,23.823,0.0,1.823,4,0,0,7,185
2020-07-04,660713.186,24.764,0.0,2.764,5,1,0,7,186
2020-07-05,626327.165,26.487,0.0,4.487,6,1,0,7,187
2020-07-06,757299.096,26.953,0.0,4.953,0,0,0,7,188
2020-07-07,780525.085,27.164,0.0,5.164,1,0,0,7,189
2020-07-08,784566.99,26.959,0.0,4.959,2,0,0,7,190
2020-07-09,771125.891,25.9,0.0,3.9,3,0,0,7,191
2020-07-10,758878.105,25.484,0.0,3.484,4,0,0,7,192
2020-07-11,690697.734,26.548,0.0,4.548,5,1,0,7,193
2020-07-12,633135.072,25.981,0.0,3.981,6,1,0,7,194
2020-07-13,752649.491,25.944,0.0,3.944,0,0,0,7,195
2020-07-14,760459.038,25.11,0.0,3.11,1,0,0,7,196
2020-07-15,756753.738,24.528,0.0,2.528,2,0,0,7,197
2020-07-16,763067.312,25.406,0.0,3.406,3,0,0,7,198
2020-07-17,760177.205,25.819,0.0,3.819,4,0,0,7,199
2020-07-18,688716.516,25.834,0.0,3.834,5,1,0,7,200
2020-07-19,644522.223,27.147,0.0,5.147,6,1,0,7,201
2020-07-20,769330.38,27.582,0.0,5.582,0,0,0,7,202
2020-07-21,785563.684,27.015,0.0,5.015,1,0,0,7,203
2020-07-22,776667.953,26.715,0.0,4.715,2,0,0,7,204
2020-07-23,789634.51,27.728,0.0,5.728,3,0,0,7,205
2020-07-24,789089.65,27.858,0.0,5.858,4,0,0,7,206
2020-07-25,704273.245,27.58,0.0,5.58,5,1,0,7,207
2020-07-26,664179.618,28.227,0.0,6.227,6,1,0,7,208
2020-07-27,794291.764,28.963,0.0,6.963,0,0,0,7,209
2020-07-28,814337.543,28.34,0.0,6.34,1,0,0,7,210
2020-07-29,817487.547,28.17,0.0,6.17,2,0,0,7,211
2020-07-30,825275.946,29.222,0.0,7.222,3,0,0,7,212
2020-07-31,810169.058,29.18,0.0,7.18,4,0,0,7,213
2020-08-01,738269.153,29.349,0.0,7.349,5,1,0,8,214
2020-08-02,673895.707,27.886,0.0,5.886,6,1,0,8,215
2020-08-03,747511.864,25.875,0.0,3.875,0,0,0,8,216
2020-08-04,751123.76,25.196,0.0,3.196,1,0,0,8,217
2020-08-05,764126.717,26.63,0.0,4.63,2,0,0,8,218
2020-08-06,776466.924,28.225,0.0,6.225,3,0,0,8,219
2020-08-07,775393.905,28.75,0.0,6.75,4,0,0,8,220
2020-08-08,700782.169,28.847,0.0,6.847,5,1,0,8,221
2020-08-09,657269.503,29.087,0.0,7.087,6,1,0,8,222
2020-08-10,738068.961,27.53,0.0,5.53,0,0,0,8,223
2020-08-11,734500.01,24.909,0.0,2.909,1,0,0,8,224
2020-08-12,712418.386,23.978,0.0,1.978,2,0,0,8,225
2020-08-13,716219.241,24.591,0.0,2.591,3,0,0,8,226
2020-08-14,710586.003,24.978,0.0,2.978,4,0,0,8,227
2020-08-15,631293.617,24.678,0.0,2.678,5,1,1,8,228
2020-08-16,591662.6,23.939,0.0,1.939,6,1,0,8,229
2020-08-17,683923.907,24.493,0.0,2.493,0,0,0,8,230
2020-08-18,708888.916,25.495,0.0,3.495,1,0,0,8,231
2020-08-19,725675.863,26.523,0.0,4.523,2,0,0,8,232
2020-08-20,729676.986,26.266,0.0,4.266,3,0,0,8,233
2020-08-21,739080.574,26.466,0.0,4.466,4,0,0,8,234
2020-08-22,676812.548,26.431,0.0,4.431,5,1,0,8,235
2020-08-23,625384.861,25.7,0.0,3.7,6,1,0,8,236
2020-08-24,733320.649,25.395,0.0,3.395,0,0,0,8,237
2020-08-25,772384.724,26.793,0.0,4.793,1,0,0,8,238
2020-08-26,791658.289,27.368,0.0,5.368,2,0,0,8,239
2020-08-27,797890.754,27.755,0.0,5.755,3,0,0,8,240
2020-08-28,773438.841,26.471,0.0,4.471,4,0,0,8,241
2020-08-29,635866.109,21.317,0.0,0.0,5,1,0,8,242
2020-08-30,572310.898,19.498,0.0,0.0,6,1,0,8,243
2020-08-31,679208.909,19.99,0.0,0.0,0,0,0,8,244
2020-09-01,700209.044,21.322,0.0,0.0,1,0,0,9,245
2020-09-02,711095.786,22.008,0.0,0.008,2,0,0,9,246
2020-09-03,719005.12,23.143,0.0,1.143,3,0,0,9,247
2020-09-04,724580.748,24.19,0.0,2.19,4,0,0,9,248
2020-09-05,653584.402,24.355,0.0,2.355,5,1,0,9,249
2020-09-06,604081.335,24.097,0.0,2.097,6,1,0,9,250
2020-09-07,696258.312,21.359,0.0,0.0,0,0,0,9,251
2020-09-08,698100.318,20.824,0.0,0.0,1,0,0,9,252
2020-09-09,718084.935,21.935,0.0,0.0,2,0,0,9,253
2020-09-10,721372.797,23.029,0.0,1.029,3,0,0,9,254
2020-09-11,698312.958,24.009,0.0,2.009,4,0,0,9,255
2020-09-12,649165.551,24.868,0.0,2.868,5,1,0,9,256
2020-09-13,605491.558,25.277,0.0,3.277,6,1,0,9,257
2020-09-14,718980.488,24.527,0.0,2.527,0,0,0,9,258
2020-09-15,740288.273,23.833,0.0,1.833,1,0,0,9,259
2020-09-16,751556.717,23.634,0.0,1.634,2,0,0,9,260
2020-09-17,740760.783,23.223,0.0,1.223,3,0,0,9,261
2020-09-18,713829.456,20.719,0.0,0.0,4,0,0,9,262
2020-09-19,627328.408,20.078,0.0,0.0,5,1,0,9,263
2020-09-20,574171.087,20.461,0.0,0.0,6,1,0,9,264
2020-09-21,683416.711,20.126,0.0,0.0,0,0,0,9,265
2020-09-22,703840.984,19.999,0.0,0.0,1,0,0,9,266
2020-09-23,712811.873,20.821,0.0,0.0,2,0,0,9,267
2020-09-24,712997.199,20.764,0.0,0.0,3,0,0,9,268
2020-09-25,691789.689,17.872,0.128,0.0,4,0,0,9,269
2020-09-26,614309.972,16.824,1.176,0.0,5,1,0,9,270
2020-09-27,568766.565,17.767,0.233,0.0,6,1,0,9,271
2020-09-28,666559.06,16.778,1.222,0.0,0,0,0,9,272
2020-09-29,686797.043,18.327,0.0,0.0,1,0,0,9,273
2020-09-30,690962.671,18.691,0.0,0.0,2,0,0,9,274
2020-10-01,700916.732,19.713,0.0,0.0,3,0,0,10,275
2020-10-02,698403.756,16.007,1.993,0.0,4,0,0,10,276
2020-10-03,612169.05,14.155,3.845,0.0,5,1,0,10,277
2020-10-04,571636.922,14.698,3.302,0.0,6,1,0,10,278
2020-10-05,673482.22,15.415,2.585,0.0,0,0,0,10,279
2020-10-06,690894.896,17.844,0.156,0.0,1,0,0,10,280
2020-10-07,699613.798,19.267,0.0,0.0,2,0,0,10,281
2020-10-08,699215.554,19.243,0.0,0.0,3,0,0,10,282
2020-10-09,679813.517,19.262,0.0,0.0,4,0,0,10,283
2020-10-10,614331.962,18.358,0.0,0.0,5,1,0,10,284
2020-10-11,563490.862,15.552,2.448,0.0,6,1,0,10,285
2020-10-12,570701.026,14.939,3.061,0.0,0,0,1,10,286
2020-10-13,673784.687,16.588,1.412,0.0,1,0,0,10,287
2020-10-14,703005.757,15.046,2.954,0.0,2,0,0,10,288
2020-10-15,709578.141,13.111,4.889,0.0,3,0,0,10,289
2020-10-16,704019.681,12.172,5.828,0.0,4,0,0,10,290
2020-10-17,631928.375,12.638,5.362,0.0,5,1,0,10,291
2020-10-18,583351.177,14.136,3.864,0.0,6,1,0,10,292
2020-10-19,687152.413,16.042,1.958,0.0,0,0,0,10,293
2020-10-20,711714.9,17.601,0.399,0.0,1,0,0,10,294
2020-10-21,707162.568,17.408,0.592,0.0,2,0,0,10,295
2020-10-22,710357.203,16.092,1.908,0.0,3,0,0,10,296
2020-10-23,696843.426,15.089,2.911,0.0,4,0,0,10,297
2020-10-24,625382.417,13.978,4.022,0.0,5,1,0,10,298
2020-10-25,606307.969,14.405,3.595,0.0,6,1,0,10,299
2020-10-26,689553.095,12.578,5.422,0.0,0,0,0,10,300
2020-10-27,714662.582,12.089,5.911,0.0,1,0,0,10,301
2020-10-28,715705.336,13.716,4.284,0.0,2,0,0,10,302
2020-10-29,715284.16,14.119,3.881,0.0,3,0,0,10,303
2020-10-30,704726.127,13.862,4.138,0.0,4,0,0,10,304
2020-10-31,628294.896,14.771,3.229,0.0,5,1,0,10,305
2020-11-01,575075.028,15.293,2.707,0.0,6,1,0,11,306
2020-11-02,647094.468,15.628,2.372,0.0,0,0,0,11,307
2020-11-03,706154.584,14.622,3.378,0.0,1,0,0,11,308
2020-11-04,728814.878,12.239,5.761,0.0,2,0,0,11,309
2020-11-05,724766.756,13.031,4.969,0.0,3,0,0,11,310
2020-11-06,710624.719,16.173,1.827,0.0,4,0,0,11,311
2020-11-07,635069.873,15.321,2.679,0.0,5,1,0,11,312
2020-11-08,585653.269,13.467,4.533,0.0,6,1,0,11,313
2020-11-09,688061.521,13.288,4.712,0.0,0,0,0,11,314
2020-11-10,711586.135,12.598,5.402,0.0,1,0,0,11,315
2020-11-11,718173.294,12.156,5.844,0.0,2,0,0,11,316
2020-11-12,717880.631,12.274,5.726,0.0,3,0,0,11,317
2020-11-13,713264.969,12.478,5.522,0.0,4,0,0,11,318
2020-11-14,641465.596,13.107,4.893,0.0,5,1,0,11,319
2020-11-15,585947.032,15.386,2.614,0.0,6,1,0,11,320
2020-11-16,693236.68,15.668,2.332,0.0,0,0,0,11,321
2020-11-17,712862.51,13.185,4.815,0.0,1,0,0,11,322
2020-11-18,718214.566,12.844,5.156,0.0,2,0,0,11,323
2020-11-19,718299.945,13.698,4.302,0.0,3,0,0,11,324
2020-11-20,716666.871,12.027,5.973,0.0,4,0,0,11,325
2020-11-21,645094.568,10.102,7.898,0.0,5,1,0,11,326
2020-11-22,605990.942,9.091,8.909,0.0,6,1,0,11,327
2020-11-23,728188.952,9.169,8.831,0.0,0,0,0,11,328
2020-11-24,757498.853,8.829,9.171,0.0,1,0,0,11,329
2020-11-25,765268.18,10.363,7.637,0.0,2,0,0,11,330
2020-11-26,766690.677,11.943,6.057,0.0,3,0,0,11,331
2020-11-27,751489.82,11.303,6.697,0.0,4,0,0,11,332
2020-11-28,667627.721,11.022,6.978,0.0,5,1,0,11,333
2020-11-29,624731.773,10.885,7.115,0.0,6,1,0,11,334
2020-11-30,737071.712,10.533,7.467,0.0,0,0,0,11,335
2020-12-01,753620.849,10.217,7.783,0.0,1,0,0,12,336
2020-12-02,768634.956,9.387,8.613,0.0,2,0,0,12,337
2020-12-03,784315.168,6.815,11.185,0.0,3,0,0,12,338
2020-12-04,790382.104,7.886,10.114,0.0,4,0,0,12,339
2020-12-05,723627.58,5.615,12.385,0.0,5,1,0,12,340
2020-12-06,676303.0,6.706,11.294,0.0,6,1,0,12,341
2020-12-07,712656.602,9.18,8.82,0.0,0,0,0,12,342
2020-12-08,693433.293,8.756,9.244,0.0,1,0,1,12,343
2020-12-09,804018.806,7.565,10.435,0.0,2,0,0,12,344
2020-12-10,807771.695,10.613,7.387,0.0,3,0,0,12,345
2020-12-11,783766.293,13.38,4.62,0.0,4,0,0,12,346
2020-12-12,686510.161,12.567,5.433,0.0,5,1,0,12,347
2020-12-13,644286.586,10.617,7.383,0.0,6,1,0,12,348
2020-12-14,759517.717,11.114,6.886,0.0,0,0,0,12,349
2020-12-15,766794.634,10.874,7.126,0.0,1,0,0,12,350
2020-12-16,780348.751,9.059,8.941,0.0,2,0,0,12,351
2020-12-17,778470.844,9.973,8.027,0.0,3,0,0,12,352
2020-12-18,776174.524,9.155,8.845,0.0,4,0,0,12,353
2020-12-19,697945.808,9.575,8.425,0.0,5,1,0,12,354
2020-12-20,646840.581,9.702,8.298,0.0,6,1,0,12,355
2020-12-21,750406.82,9.805,8.195,0.0,0,0,0,12,356
2020-12-22,750081.066,10.085,7.915,0.0,1,0,0,12,357
2020-12-23,727706.624,10.019,7.981,0.0,2,0,0,12,358
2020-12-24,643648.623,9.984,8.016,0.0,3,0,0,12,359
2020-12-25,570771.924,7.241,10.759,0.0,4,0,1,12,360
2020-12-26,635755.792,5.236,12.764,0.0,5,1,0,12,361
2020-12-27,646699.546,4.694,13.306,0.0,6,1,0,12,362
2020-12-28,724357.078,8.171,9.829,0.0,0,0,0,12,363
2020-12-29,732115.459,6.464,11.536,0.0,1,0,0,12,364
2020-12-30,734283.124,5.819,12.181,0.0,2,0,0,12,365
2020-12-31,687715.588,5.487,12.513,0.0,3,0,0,12,366
2021-01-01,608715.931,5.923,12.077,0.0,4,0,1,1,1
2021-01-02,680432.407,4.205,13.795,0.0,5,1,0,1,2
2021-01-03,684489.215,4.227,13.773,0.0,6,1,0,1,3
2021-01-04,793625.993,3.808,14.192,0.0,0,0,0,1,4
2021-01-05,806588.156,2.853,15.147,0.0,1,0,0,1,5
2021-01-06,700144.564,2.685,15.315,0.0,2,0,1,1,6
2021-01-07,854323.166,3.094,14.906,0.0,3,0,0,1,7
2021-01-08,872357.353,3.013,14.987,0.0,4,0,0,1,8
2021-01-09,773296.979,3.174,14.826,0.0,5,1,0,1,9
2021-01-10,735647.962,3.752,14.248,0.0,6,1,0,1,10
2021-01-11,851740.825,3.433,14.567,0.0,0,0,0,1,11
2021-01-12,875118.684,1.949,16.051,0.0,1,0,0,1,12
2021-01-13,874914.272,2.97,15.03,0.0,2,0,0,1,13
2021-01-14,873577.23,2.872,15.128,0.0,3,0,0,1,14
2021-01-15,859355.795,4.753,13.247,0.0,4,0,0,1,15
2021-01-16,765002.342,4.418,13.582,0.0,5,1,0,1,16
2021-01-17,708974.301,4.801,13.199,0.0,6,1,0,1,17
2021-01-18,827619.581,5.37,12.63,0.0,0,0,0,1,18
2021-01-19,846116.609,4.234,13.766,0.0,1,0,0,1,19
2021-01-20,850299.079,6.312,11.688,0.0,2,0,0,1,20
2021-01-21,817647.661,10.221,7.779,0.0,3,0,0,1,21
2021-01-22,794514.658,10.577,7.423,0.0,4,0,0,1,22
2021-01-23,719510.829,8.965,9.035,0.0,5,1,0,1,23
2021-01-24,655028.547,11.38,6.62,0.0,6,1,0,1,24
2021-01-25,775155.263,11.502,6.498,0.0,0,0,0,1,25
2021-01-26,770796.102,11.665,6.335,0.0,1,0,0,1,26
2021-01-27,753321.62,13.506,4.494,0.0,2,0,0,1,27
2021-01-28,744101.186,13.346,4.654,0.0,3,0,0,1,28
2021-01-29,733183.947,13.287,4.713,0.0,4,0,0,1,29
2021-01-30,672206.563,12.489,5.511,0.0,5,1,0,1,30
2021-01-31,631678.074,11.86,6.14,0.0,6,1,0,1,31
2021-02-01,725308.41,13.367,4.633,0.0,0,0,0,2,32
2021-02-02,742016.165,12.667,5.333,0.0,1,0,0,2,33
2021-02-03,744032.692,12.34,5.66,0.0,2,0,0,2,34
2021-02-04,742410.917,11.627,6.373,0.0,3,0,0,2,35
2021-02-05,742180.511,11.609,6.391,0.0,4,0,0,2,36
2021-02-06,673202.889,10.583,7.417,0.0,5,1,0,2,37
2021-02-07,635184.428,9.266,8.734,0.0,6,1,0,2,38
2021-02-08,757811.118,10.119,7.881,0.0,0,0,0,2,39
2021-02-09,789357.66,10.072,7.928,0.0,1,0,0,2,40
2021-02-10,767889.956,10.889,7.111,0.0,2,0,0,2,41
2021-02-11,757949.224,11.74,6.26,0.0,3,0,0,2,42
2021-02-12,744944.86,12.608,5.392,0.0,4,0,0,2,43
2021-02-13,664031.439,11.063,6.937,0.0,5,1,0,2,44
2021-02-14,627377.64,10.083,7.917,0.0,6,1,0,2,45
2021-02-15,743811.335,10.34,7.66,0.0,0,0,0,2,46
2021-02-16,751446.91,10.102,7.898,0.0,1,0,0,2,47
2021-02-17,752695.056,10.896,7.104,0.0,2,0,0,2,48
2021-02-18,754962.027,10.441,7.559,0.0,3,0,0,2,49
2021-02-19,749031.191,10.697,7.303,0.0,4,0,0,2,50
2021-02-20,667785.4,11.225,6.775,0.0,5,1,0,2,51
2021-02-21,636820.402,11.214,6.786,0.0,6,1,0,2,52
2021-02-22,743317.962,10.001,7.999,0.0,0,0,0,2,53
2021-02-23,750925.914,10.114,7.886,0.0,1,0,0,2,54
2021-02-24,747390.312,10.938,7.062,0.0,2,0,0,2,55
2021-02-25,744810.272,10.64,7.36,0.0,3,0,0,2,56
2021-02-26,740017.479,11.207,6.793,0.0,4,0,0,2,57
2021-02-27,664275.565,11.151,6.849,0.0,5,1,0,2,58
2021-02-28,621167.542,10.39,7.61,0.0,6,1,0,2,59
2021-03-01,730802.101,10.709,7.291,0.0,0,0,0,3,60
2021-03-02,749835.836,11.657,6.343,0.0,1,0,0,3,61
2021-03-03,744167.225,11.604,6.396,0.0,2,0,0,3,62
2021-03-04,740268.037,11.03,6.97,0.0,3,0,0,3,63
2021-03-05,735724.58,11.018,6.982,0.0,4,0,0,3,64
2021-03-06,658451.851,11.272,6.728,0.0,5,1,0,3,65
2021-03-07,622685.66,10.882,7.118,0.0,6,1,0,3,66
2021-03-08,742936.38,9.798,8.202,0.0,0,0,0,3,67
2021-03-09,758352.519,9.516,8.484,0.0,1,0,0,3,68
2021-03-10,750796.647,9.299,8.701,0.0,2,0,0,3,69
2021-03-11,739481.269,12.158,5.842,0.0,3,0,0,3,70
2021-03-12,729092.448,12.278,5.722,0.0,4,0,0,3,71
2021-03-13,646301.497,10.884,7.116,0.0,5,1,0,3,72
2021-03-14,606540.412,11.164,6.836,0.0,6,1,0,3,73
2021-03-15,719293.522,11.298,6.702,0.0,0,0,0,3,74
2021-03-16,732005.026,11.886,6.114,0.0,1,0,0,3,75
2021-03-17,729775.728,12.467,5.533,0.0,2,0,0,3,76
2021-03-18,741473.221,10.182,7.818,0.0,3,0,0,3,77
2021-03-19,706043.651,8.725,9.275,0.0,4,0,0,3,78
2021-03-20,670497.641,8.184,9.816,0.0,5,1,0,3,79
2021-03-21,630102.703,8.881,9.119,0.0,6,1,0,3,80
2021-03-22,735080.366,10.346,7.654,0.0,0,0,0,3,81
2021-03-23,739437.425,11.409,6.591,0.0,1,0,0,3,82
2021-03-24,731621.692,12.352,5.648,0.0,2,0,0,3,83
2021-03-25,726346.417,12.891,5.109,0.0,3,0,0,3,84
2021-03-26,719331.777,13.479,4.521,0.0,4,0,0,3,85
2021-03-27,648466.535,13.457,4.543,0.0,5,1,0,3,86
2021-03-28,571635.074,13.816,4.184,0.0,6,1,0,3,87
2021-03-29,691559.272,14.848,3.152,0.0,0,0,0,3,88
2021-03-30,695256.722,16.062,1.938,0.0,1,0,0,3,89
2021-03-31,679687.653,15.85,2.15,0.0,2,0,0,3,90
2021-04-01,603780.936,15.461,2.539,0.0,3,0,0,4,91
2021-04-02,558137.662,14.779,3.221,0.0,4,0,1,4,92
2021-04-03,577877.662,14.683,3.317,0.0,5,1,0,4,93
2021-04-04,551346.366,13.678,4.322,0.0,6,1,0,4,94
2021-04-05,604043.925,13.739,4.261,0.0,0,0,0,4,95
2021-04-06,678937.062,14.28,3.72,0.0,1,0,0,4,96
2021-04-07,706832.348,12.677,5.323,0.0,2,0,0,4,97
2021-04-08,711274.992,12.681,5.319,0.0,3,0,0,4,98
2021-04-09,713789.777,12.029,5.971,0.0,4,0,0,4,99
2021-04-10,641313.52,12.852,5.148,0.0,5,1,0,4,100
2021-04-11,594071.686,13.253,4.747,0.0,6,1,0,4,101
2021-04-12,692941.728,11.896,6.104,0.0,0,0,0,4,102
2021-04-13,717396.928,12.172,5.828,0.0,1,0,0,4,103
2021-04-14,716654.185,13.486,4.514,0.0,2,0,0,4,104
2021-04-15,722238.709,12.932,5.068,0.0,3,0,0,4,105
2021-04-16,713583.273,11.87,6.13,0.0,4,0,0,4,106
2021-04-17,642865.34,10.678,7.322,0.0,5,1,0,4,107
2021-04-18,593293.117,11.893,6.107,0.0,6,1,0,4,108
2021-04-19,697833.818,13.616,4.384,0.0,0,0,0,4,109
2021-04-20,709788.735,14.107,3.893,0.0,1,0,0,4,110
2021-04-21,710848.815,13.753,4.247,0.0,2,0,0,4,111
2021-04-22,713242.666,13.619,4.381,0.0,3,0,0,4,112
2021-04-23,685398.678,14.35,3.65,0.0,4,0,0,4,113
2021-04-24,620321.236,14.334,3.666,0.0,5,1,0,4,114
2021-04-25,584849.257,14.257,3.743,0.0,6,1,0,4,115
2021-04-26,689249.537,14.706,3.294,0.0,0,0,0,4,116
2021-04-27,703092.56,14.582,3.418,0.0,1,0,0,4,117
2021-04-28,698342.061,14.588,3.412,0.0,2,0,0,4,118
2021-04-29,697918.72,14.2,3.8,0.0,3,0,0,4,119
2021-04-30,688956.526,13.449,4.551,0.0,4,0,0,4,120
2021-05-01,577472.256,13.274,4.726,0.0,5,1,1,5,121
2021-05-02,559173.805,13.126,4.874,0.0,6,1,0,5,122
2021-05-03,667365.198,13.421,4.579,0.0,0,0,0,5,123
2021-05-04,689998.019,14.951,3.049,0.0,1,0,0,5,124
2021-05-05,690651.1,16.574,1.426,0.0,2,0,0,5,125
2021-05-06,689028.329,17.959,0.041,0.0,3,0,0,5,126
2021-05-07,681399.427,19.454,0.0,0.0,4,0,0,5,127
2021-05-08,612800.041,20.291,0.0,0.0,5,1,0,5,128
2021-05-09,573950.672,17.46,0.54,0.0,6,1,0,5,129
2021-05-10,672517.486,14.99,3.01,0.0,0,0,0,5,130
2021-05-11,690260.839,14.258,3.742,0.0,1,0,0,5,131
2021-05-12,696396.062,16.049,1.951,0.0,2,0,0,5,132
2021-05-13,695282.254,16.407,1.593,0.0,3,0,0,5,133
2021-05-14,688397.416,17.329,0.671,0.0,4,0,0,5,134
2021-05-15,622863.597,19.373,0.0,0.0,5,1,0,5,135
2021-05-16,580577.79,21.266,0.0,0.0,6,1,0,5,136
2021-05-17,668878.06,19.207,0.0,0.0,0,0,0,5,137
2021-05-18,696787.021,19.353,0.0,0.0,1,0,0,5,138
2021-05-19,698169.314,18.595,0.0,0.0,2,0,0,5,139
2021-05-20,697758.698,19.224,0.0,0.0,3,0,0,5,140
2021-05-21,691966.356,20.485,0.0,0.0,4,0,0,5,141
2021-05-22,621633.202,18.244,0.0,0.0,5,1,0,5,142
2021-05-23,574180.28,15.85,2.15,0.0,6,1,0,5,143
2021-05-24,659025.584,17.24,0.76,0.0,0,0,0,5,144
2021-05-25,687452.59,18.025,0.0,0.0,1,0,0,5,145
2021-05-26,692338.143,18.507,0.0,0.0,2,0,0,5,146
2021-05-27,694593.137,19.678,0.0,0.0,3,0,0,5,147
2021-05-28,687217.66,20.226,0.0,0.0,4,0,0,5,148
2021-05-29,625581.869,21.801,0.0,0.0,5,1,0,5,149
2021-05-30,579605.519,22.441,0.0,0.441,6,1,0,5,150
2021-05-31,683327.24,22.523,0.0,0.523,0,0,0,5,151
2021-06-01,696048.627,20.02,0.0,0.0,1,0,0,6,152
2021-06-02,700505.017,19.967,0.0,0.0,2,0,0,6,153
2021-06-03,698600.649,21.071,0.0,0.0,3,0,0,6,154
2021-06-04,692965.661,20.742,0.0,0.0,4,0,0,6,155
2021-06-05,622988.965,19.429,0.0,0.0,5,1,0,6,156
2021-06-06,576739.713,20.709,0.0,0.0,6,1,0,6,157
2021-06-07,687687.127,22.281,0.0,0.281,0,0,0,6,158
2021-06-08,719311.181,23.842,0.0,1.842,1,0,0,6,159
2021-06-09,727998.479,24.618,0.0,2.618,2,0,0,6,160
2021-06-10,739161.249,24.83,0.0,2.83,3,0,0,6,161
2021-06-11,732773.334,24.117,0.0,2.117,4,0,0,6,162
2021-06-12,663407.333,24.09,0.0,2.09,5,1,0,6,163
2021-06-13,616205.06,25.314,0.0,3.314,6,1,0,6,164
2021-06-14,737903.439,25.68,0.0,3.68,0,0,0,6,165
2021-06-15,759440.415,25.853,0.0,3.853,1,0,0,6,166
2021-06-16,755302.693,24.87,0.0,2.87,2,0,0,6,167
2021-06-17,732968.196,21.146,0.0,0.0,3,0,0,6,168
2021-06-18,720620.28,20.825,0.0,0.0,4,0,0,6,169
2021-06-19,646908.276,20.643,0.0,0.0,5,1,0,6,170
2021-06-20,594444.33,20.107,0.0,0.0,6,1,0,6,171
2021-06-21,695310.81,20.335,0.0,0.0,0,0,0,6,172
2021-06-22,710395.742,19.898,0.0,0.0,1,0,0,6,173
2021-06-23,701339.201,19.848,0.0,0.0,2,0,0,6,174
2021-06-24,667378.472,20.916,0.0,0.0,3,0,0,6,175
2021-06-25,694493.443,22.877,0.0,0.877,4,0,0,6,176
2021-06-26,651121.08,24.292,0.0,2.292,5,1,0,6,177
2021-06-27,606935.474,23.767,0.0,1.767,6,1,0,6,178
2021-06-28,706509.225,22.659,0.0,0.659,0,0,0,6,179
2021-06-29,727913.028,22.76,0.0,0.76,1,0,0,6,180
2021-06-30,744980.042,23.597,0.0,1.597,2,0,0,6,181
2021-07-01,745646.823,24.804,0.0,2.804,3,0,0,7,182
2021-07-02,751071.94,25.538,0.0,3.538,4,0,0,7,183
2021-07-03,686746.086,26.0,0.0,4.0,5,1,0,7,184
2021-07-04,645197.787,26.294,0.0,4.294,6,1,0,7,185
2021-07-05,756482.667,26.296,0.0,4.296,0,0,0,7,186
2021-07-06,765521.607,24.328,0.0,2.328,1,0,0,7,187
2021-07-07,749498.243,22.789,0.0,0.789,2,0,0,7,188
2021-07-08,743139.951,22.879,0.0,0.879,3,0,0,7,189
2021-07-09,749361.516,24.558,0.0,2.558,4,0,0,7,190
2021-07-10,698499.464,26.577,0.0,4.577,5,1,0,7,191
2021-07-11,662579.088,27.357,0.0,5.357,6,1,0,7,192
2021-07-12,763113.617,25.458,0.0,3.458,0,0,0,7,193
2021-07-13,739886.353,22.132,0.0,0.132,1,0,0,7,194
2021-07-14,742631.422,22.352,0.0,0.352,2,0,0,7,195
2021-07-15,749381.936,23.518,0.0,1.518,3,0,0,7,196
2021-07-16,755786.802,25.303,0.0,3.303,4,0,0,7,197
2021-07-17,703589.58,26.827,0.0,4.827,5,1,0,7,198
2021-07-18,657129.066,27.328,0.0,5.328,6,1,0,7,199
2021-07-19,770181.187,27.355,0.0,5.355,0,0,0,7,200
2021-07-20,786064.039,27.242,0.0,5.242,1,0,0,7,201
2021-07-21,796392.983,27.691,0.0,5.691,2,0,0,7,202
2021-07-22,807661.031,28.509,0.0,6.509,3,0,0,7,203
2021-07-23,801290.966,27.501,0.0,5.501,4,0,0,7,204
2021-07-24,708875.188,26.053,0.0,4.053,5,1,0,7,205
2021-07-25,647414.033,25.182,0.0,3.182,6,1,0,7,206
2021-07-26,741788.852,24.419,0.0,2.419,0,0,0,7,207
2021-07-27,764664.988,25.285,0.0,3.285,1,0,0,7,208
2021-07-28,777471.567,25.832,0.0,3.832,2,0,0,7,209
2021-07-29,786049.111,26.426,0.0,4.426,3,0,0,7,210
2021-07-30,780535.725,26.546,0.0,4.546,4,0,0,7,211
2021-07-31,688602.143,23.443,0.0,1.443,5,1,0,7,212
2021-08-01,610030.071,21.524,0.0,0.0,6,1,0,8,213
2021-08-02,692296.539,23.004,0.0,1.004,0,0,0,8,214
2021-08-03,716478.894,24.285,0.0,2.285,1,0,0,8,215
2021-08-04,726929.59,25.404,0.0,3.404,2,0,0,8,216
2021-08-05,737222.091,25.992,0.0,3.992,3,0,0,8,217
2021-08-06,733401.456,25.91,0.0,3.91,4,0,0,8,218
2021-08-07,676412.684,25.093,0.0,3.093,5,1,0,8,219
2021-08-08,615001.22,23.638,0.0,1.638,6,1,0,8,220
2021-08-09,688277.519,24.829,0.0,2.829,0,0,0,8,221
2021-08-10,712411.101,26.452,0.0,4.452,1,0,0,8,222
2021-08-11,735965.665,27.807,0.0,5.807,2,0,0,8,223
2021-08-12,755611.095,28.427,0.0,6.427,3,0,0,8,224
2021-08-13,762760.446,28.832,0.0,6.832,4,0,0,8,225
2021-08-14,734160.936,30.129,0.0,8.129,5,1,0,8,226
2021-08-15,692750.878,29.414,0.0,7.414,6,1,0,8,227
2021-08-16,734676.191,27.091,0.0,5.091,0,0,0,8,228
2021-08-17,734157.383,24.705,0.0,2.705,1,0,0,8,229
2021-08-18,729662.489,24.483,0.0,2.483,2,0,0,8,230
2021-08-19,723091.039,24.627,0.0,2.627,3,0,0,8,231
2021-08-20,723168.05,25.445,0.0,3.445,4,0,0,8,232
2021-08-21,680177.885,26.262,0.0,4.262,5,1,0,8,233
2021-08-22,642547.886,26.487,0.0,4.487,6,1,0,8,234
2021-08-23,740216.309,26.661,0.0,4.661,0,0,0,8,235
2021-08-24,749610.14,24.91,0.0,2.91,1,0,0,8,236
2021-08-25,738207.487,24.355,0.0,2.355,2,0,0,8,237
2021-08-26,746460.103,25.642,0.0,3.642,3,0,0,8,238
2021-08-27,752000.087,26.665,0.0,4.665,4,0,0,8,239
2021-08-28,680131.728,25.56,0.0,3.56,5,1,0,8,240
2021-08-29,625714.882,24.35,0.0,2.35,6,1,0,8,241
2021-08-30,722450.384,24.105,0.0,2.105,0,0,0,8,242
2021-08-31,747811.051,24.274,0.0,2.274,1,0,0,8,243
2021-09-01,746405.192,22.503,0.0,0.503,2,0,0,9,244
2021-09-02,733294.828,21.539,0.0,0.0,3,0,0,9,245
2021-09-03,731068.102,22.292,0.0,0.292,4,0,0,9,246
2021-09-04,661105.572,23.18,0.0,1.18,5,1,0,9,247
2021-09-05,625947.506,24.39,0.0,2.39,6,1,0,9,248
2021-09-06,750941.319,25.4,0.0,3.4,0,0,0,9,249
2021-09-07,778331.589,25.499,0.0,3.499,1,0,0,9,250
2021-09-08,758832.979,24.097,0.0,2.097,2,0,0,9,251
2021-09-09,759765.067,23.686,0.0,1.686,3,0,0,9,252
2021-09-10,743109.71,23.654,0.0,1.654,4,0,0,9,253
2021-09-11,664034.519,23.008,0.0,1.008,5,1,0,9,254
2021-09-12,624471.173,23.754,0.0,1.754,6,1,0,9,255
2021-09-13,730599.845,23.633,0.0,1.633,0,0,0,9,256
2021-09-14,744889.97,21.723,0.0,0.0,1,0,0,9,257
2021-09-15,740655.596,21.358,0.0,0.0,2,0,0,9,258
2021-09-16,726396.632,20.99,0.0,0.0,3,0,0,9,259
2021-09-17,714163.921,21.355,0.0,0.0,4,0,0,9,260
2021-09-18,639492.9,20.988,0.0,0.0,5,1,0,9,261
2021-09-19,588068.278,19.557,0.0,0.0,6,1,0,9,262
2021-09-20,692113.328,19.242,0.0,0.0,0,0,0,9,263
2021-09-21,696775.737,17.948,0.052,0.0,1,0,0,9,264
2021-09-22,701743.975,18.39,0.0,0.0,2,0,0,9,265
2021-09-23,704545.814,19.815,0.0,0.0,3,0,0,9,266
2021-09-24,697179.551,20.143,0.0,0.0,4,0,0,9,267
2021-09-25,631054.818,19.947,0.0,0.0,5,1,0,9,268
2021-09-26,582860.409,19.968,0.0,0.0,6,1,0,9,269
2021-09-27,686152.044,20.252,0.0,0.0,0,0,0,9,270
2021-09-28,706305.455,19.619,0.0,0.0,1,0,0,9,271
2021-09-29,710112.398,19.553,0.0,0.0,2,0,0,9,272
2021-09-30,702537.831,19.417,0.0,0.0,3,0,0,9,273
2021-10-01,692944.543,19.653,0.0,0.0,4,0,0,10,274
2021-10-02,630287.998,20.037,0.0,0.0,5,1,0,10,275
2021-10-03,585692.62,18.781,0.0,0.0,6,1,0,10,276
2021-10-04,665592.111,15.603,2.397,0.0,0,0,0,10,277
2021-10-05,681284.754,17.483,0.517,0.0,1,0,0,10,278
2021-10-06,695359.374,18.405,0.0,0.0,2,0,0,10,279
2021-10-07,689344.379,18.112,0.0,0.0,3,0,0,10,280
2021-10-08,685109.813,18.405,0.0,0.0,4,0,0,10,281
2021-10-09,612730.729,17.925,0.075,0.0,5,1,0,10,282
2021-10-10,568730.598,18.059,0.0,0.0,6,1,0,10,283
2021-10-11,615641.185,17.765,0.235,0.0,0,0,0,10,284
2021-10-12,577417.811,17.612,0.388,0.0,1,0,1,10,285
2021-10-13,668727.443,17.699,0.301,0.0,2,0,0,10,286
2021-10-14,682596.759,16.809,1.191,0.0,3,0,0,10,287
2021-10-15,681763.233,17.495,0.505,0.0,4,0,0,10,288
2021-10-16,616067.047,17.284,0.716,0.0,5,1,0,10,289
2021-10-17,573616.151,18.191,0.0,0.0,6,1,0,10,290
2021-10-18,675467.776,18.603,0.0,0.0,0,0,0,10,291
2021-10-19,692280.722,19.173,0.0,0.0,1,0,0,10,292
2021-10-20,693103.655,18.996,0.0,0.0,2,0,0,10,293
2021-10-21,688480.315,18.02,0.0,0.0,3,0,0,10,294
2021-10-22,682264.745,16.281,1.719,0.0,4,0,0,10,295
2021-10-23,612018.709,14.466,3.534,0.0,5,1,0,10,296
2021-10-24,571138.872,14.445,3.555,0.0,6,1,0,10,297
2021-10-25,670783.825,14.704,3.296,0.0,0,0,0,10,298
2021-10-26,692319.42,15.302,2.698,0.0,1,0,0,10,299
2021-10-27,689359.293,14.833,3.167,0.0,2,0,0,10,300
2021-10-28,691147.265,14.951,3.049,0.0,3,0,0,10,301
2021-10-29,692264.935,15.422,2.578,0.0,4,0,0,10,302
2021-10-30,626694.705,17.659,0.341,0.0,5,1,0,10,303
2021-10-31,597247.186,18.449,0.0,0.0,6,1,0,10,304
2021-11-01,576367.744,17.454,0.546,0.0,0,0,1,11,305
2021-11-02,674854.716,13.755,4.245,0.0,1,0,0,11,306
2021-11-03,695235.266,12.029,5.971,0.0,2,0,0,11,307
2021-11-04,705890.141,9.44,8.56,0.0,3,0,0,11,308
2021-11-05,717193.16,9.436,8.564,0.0,4,0,0,11,309
2021-11-06,655441.422,9.403,8.597,0.0,5,1,0,11,310
2021-11-07,616104.014,9.419,8.581,0.0,6,1,0,11,311
2021-11-08,716917.625,11.862,6.138,0.0,0,0,0,11,312
2021-11-09,728003.134,11.482,6.518,0.0,1,0,0,11,313
2021-11-10,737414.445,11.164,6.836,0.0,2,0,0,11,314
2021-11-11,738439.482,11.138,6.862,0.0,3,0,0,11,315
2021-11-12,731746.944,12.144,5.856,0.0,4,0,0,11,316
2021-11-13,652720.566,12.476,5.524,0.0,5,1,0,11,317
2021-11-14,612965.856,11.948,6.052,0.0,6,1,0,11,318
2021-11-15,725702.68,12.199,5.801,0.0,0,0,0,11,319
2021-11-16,748837.812,10.148,7.852,0.0,1,0,0,11,320
2021-11-17,753689.107,10.522,7.478,0.0,2,0,0,11,321
2021-11-18,755571.919,10.2,7.8,0.0,3,0,0,11,322
2021-11-19,746448.912,10.742,7.258,0.0,4,0,0,11,323
2021-11-20,674480.947,10.987,7.013,0.0,5,1,0,11,324
2021-11-21,622504.567,11.619,6.381,0.0,6,1,0,11,325
2021-11-22,744436.995,9.714,8.286,0.0,0,0,0,11,326
2021-11-23,774690.327,8.145,9.855,0.0,1,0,0,11,327
2021-11-24,786755.043,7.415,10.585,0.0,2,0,0,11,328
2021-11-25,787163.875,8.473,9.527,0.0,3,0,0,11,329
2021-11-26,781000.985,7.9,10.1,0.0,4,0,0,11,330
2021-11-27,716586.063,7.486,10.514,0.0,5,1,0,11,331
2021-11-28,685695.321,6.879,11.121,0.0,6,1,0,11,332
2021-11-29,782127.955,9.814,8.186,0.0,0,0,0,11,333
2021-11-30,788505.669,8.666,9.334,0.0,1,0,0,11,334
2021-12-01,797141.836,7.915,10.085,0.0,2,0,0,12,335
2021-12-02,800194.435,8.44,9.56,0.0,3,0,0,12,336
2021-12-03,790811.497,8.544,9.456,0.0,4,0,0,12,337
2021-12-04,711448.518,9.404,8.596,0.0,5,1,0,12,338
2021-12-05,660580.665,9.033,8.967,0.0,6,1,0,12,339
2021-12-06,667195.846,9.79,8.21,0.0,0,0,1,12,340
2021-12-07,710588.895,10.083,7.917,0.0,1,0,0,12,341
2021-12-08,684008.281,9.977,8.023,0.0,2,0,1,12,342
2021-12-09,782066.188,8.98,9.02,0.0,3,0,0,12,343
2021-12-10,776257.295,11.842,6.158,0.0,4,0,0,12,344
2021-12-11,692242.959,11.974,6.026,0.0,5,1,0,12,345
2021-12-12,644678.964,10.232,7.768,0.0,6,1,0,12,346
2021-12-13,758492.556,8.653,9.347,0.0,0,0,0,12,347
2021-12-14,783341.736,8.359,9.641,0.0,1,0,0,12,348
2021-12-15,787193.874,8.45,9.55,0.0,2,0,0,12,349
2021-12-16,792100.159,7.692,10.308,0.0,3,0,0,12,350
2021-12-17,783162.446,7.242,10.758,0.0,4,0,0,12,351
2021-12-18,706205.51,7.423,10.577,0.0,5,1,0,12,352
2021-12-19,660628.862,8.32,9.68,0.0,6,1,0,12,353
2021-12-20,771478.461,7.325,10.675,0.0,0,0,0,12,354
2021-12-21,772523.695,9.74,8.26,0.0,1,0,0,12,355
2021-12-22,757320.524,10.0,8.0,0.0,2,0,0,12,356
2021-12-23,729089.502,10.599,7.401,0.0,3,0,0,12,357
2021-12-24,637631.538,11.382,6.618,0.0,4,0,0,12,358
2021-12-25,547513.015,11.046,6.954,0.0,5,1,1,12,359
2021-12-26,582595.459,11.254,6.746,0.0,6,1,0,12,360
2021-12-27,657559.283,14.187,3.813,0.0,0,0,0,12,361
2021-12-28,663701.614,13.434,4.566,0.0,1,0,0,12,362
2021-12-29,657200.732,11.883,6.117,0.0,2,0,0,12,363
2021-12-30,653602.373,10.456,7.544,0.0,3,0,0,12,364
2021-12-31,611387.919,9.873,8.127,0.0,4,0,0,12,365
2022-01-01,535144.786,10.033,7.967,0.0,5,1,1,1,1
2022-01-02,578855.186,9.025,8.975,0.0,6,1,0,1,2
2022-01-03,691970.774,9.269,8.731,0.0,0,0,0,1,3
2022-01-04,718047.874,10.377,7.623,0.0,1,0,0,1,4
2022-01-05,715070.234,8.653,9.347,0.0,2,0,0,1,5
2022-01-06,617936.351,6.485,11.515,0.0,3,0,1,1,6
2022-01-07,703004.57,6.466,11.534,0.0,4,0,0,1,7
2022-01-08,686615.314,6.667,11.333,0.0,5,1,0,1,8
2022-01-09,657099.904,9.792,8.208,0.0,6,1,0,1,9
2022-01-10,756621.212,12.142,5.858,0.0,0,0,0,1,10
2022-01-11,771711.078,10.908,7.092,0.0,1,0,0,1,11
2022-01-12,777310.213,8.69,9.31,0.0,2,0,0,1,12
2022-01-13,788572.283,5.966,12.034,0.0,3,0,0,1,13
2022-01-14,796150.956,5.241,12.759,0.0,4,0,0,1,14
2022-01-15,717164.143,4.61,13.39,0.0,5,1,0,1,15
2022-01-16,672381.068,4.793,13.207,0.0,6,1,0,1,16
2022-01-17,790794.183,5.252,12.748,0.0,0,0,0,1,17
2022-01-18,809453.033,5.077,12.923,0.0,1,0,0,1,18
2022-01-19,813885.767,5.111,12.889,0.0,2,0,0,1,19
2022-01-20,813841.104,6.396,11.604,0.0,3,0,0,1,20
2022-01-21,812933.383,5.942,12.058,0.0,4,0,0,1,21
2022-01-22,728531.886,5.381,12.619,0.0,5,1,0,1,22
2022-01-23,681487.178,5.524,12.476,0.0,6,1,0,1,23
2022-01-24,800222.601,6.3,11.7,0.0,0,0,0,1,24
2022-01-25,803957.158,7.17,10.83,0.0,1,0,0,1,25
2022-01-26,800205.701,6.592,11.408,0.0,2,0,0,1,26
2022-01-27,794878.473,7.083,10.917,0.0,3,0,0,1,27
2022-01-28,786143.822,7.264,10.736,0.0,4,0,0,1,28
2022-01-29,698969.016,7.388,10.612,0.0,5,1,0,1,29
2022-01-30,648503.898,8.029,9.971,0.0,6,1,0,1,30
2022-01-31,761832.783,8.251,9.749,0.0,0,0,0,1,31
2022-02-01,774260.763,10.167,7.833,0.0,1,0,0,2,32
2022-02-02,762494.554,10.722,7.278,0.0,2,0,0,2,33
2022-02-03,760780.897,10.049,7.951,0.0,3,0,0,2,34
2022-02-04,756896.641,10.752,7.248,0.0,4,0,0,2,35
2022-02-05,682674.839,10.822,7.178,0.0,5,1,0,2,36
2022-02-06,635247.08,9.012,8.988,0.0,6,1,0,2,37
2022-02-07,746724.421,9.321,8.679,0.0,0,0,0,2,38
2022-02-08,756678.724,10.028,7.972,0.0,1,0,0,2,39
2022-02-09,755748.252,9.425,8.575,0.0,2,0,0,2,40
2022-02-10,762082.393,9.241,8.759,0.0,3,0,0,2,41
2022-02-11,754633.793,10.212,7.788,0.0,4,0,0,2,42
2022-02-12,679947.691,9.595,8.405,0.0,5,1,0,2,43
2022-02-13,635776.528,10.568,7.432,0.0,6,1,0,2,44
2022-02-14,741719.03,10.785,7.215,0.0,0,0,0,2,45
2022-02-15,759124.039,9.319,8.681,0.0,1,0,0,2,46
2022-02-16,758265.98,11.199,6.801,0.0,2,0,0,2,47
2022-02-17,744050.02,12.055,5.945,0.0,3,0,0,2,48
2022-02-18,735427.048,11.901,6.099,0.0,4,0,0,2,49
2022-02-19,677992.558,10.772,7.228,0.0,5,1,0,2,50
2022-02-20,628491.111,9.513,8.487,0.0,6,1,0,2,51
2022-02-21,726597.17,11.183,6.817,0.0,0,0,0,2,52
2022-02-22,734120.281,11.682,6.318,0.0,1,0,0,2,53
2022-02-23,732237.567,11.147,6.853,0.0,2,0,0,2,54
2022-02-24,736907.737,11.185,6.815,0.0,3,0,0,2,55
2022-02-25,742820.885,10.476,7.524,0.0,4,0,0,2,56
2022-02-26,670693.047,10.135,7.865,0.0,5,1,0,2,57
2022-02-27,618013.898,10.777,7.223,0.0,6,1,0,2,58
2022-02-28,697748.424,11.077,6.923,0.0,0,0,0,2,59
2022-03-01,722629.686,10.962,7.038,0.0,1,0,0,3,60
2022-03-02,735689.298,11.956,6.044,0.0,2,0,0,3,61
2022-03-03,742779.369,10.521,7.479,0.0,3,0,0,3,62
2022-03-04,743386.909,10.192,7.808,0.0,4,0,0,3,63
2022-03-05,660787.324,8.921,9.079,0.0,5,1,0,3,64
2022-03-06,620251.472,8.586,9.414,0.0,6,1,0,3,65
2022-03-07,732493.133,8.851,9.149,0.0,0,0,0,3,66
2022-03-08,735113.962,9.267,8.733,0.0,1,0,0,3,67
2022-03-09,726757.341,9.764,8.236,0.0,2,0,0,3,68
2022-03-10,722215.252,10.694,7.306,0.0,3,0,0,3,69
2022-03-11,731329.705,10.995,7.005,0.0,4,0,0,3,70
2022-03-12,642182.296,10.8,7.2,0.0,5,1,0,3,71
2022-03-13,593322.595,11.107,6.893,0.0,6,1,0,3,72
2022-03-14,726364.443,10.616,7.384,0.0,0,0,0,3,73
2022-03-15,727251.646,13.545,4.455,0.0,1,0,0,3,74
2022-03-16,728889.512,13.208,4.792,0.0,2,0,0,3,75
2022-03-17,726425.305,12.294,5.706,0.0,3,0,0,3,76
2022-03-18,704833.012,11.808,6.192,0.0,4,0,0,3,77
2022-03-19,624061.488,11.306,6.694,0.0,5,1,0,3,78
2022-03-20,591749.465,11.82,6.18,0.0,6,1,0,3,79
2022-03-21,698550.305,11.974,6.026,0.0,0,0,0,3,80
2022-03-22,717641.0,11.306,6.694,0.0,1,0,0,3,81
2022-03-23,719548.211,10.781,7.219,0.0,2,0,0,3,82
2022-03-24,725071.963,10.785,7.215,0.0,3,0,0,3,83
2022-03-25,706766.452,11.811,6.189,0.0,4,0,0,3,84
2022-03-26,631663.488,11.418,6.582,0.0,5,1,0,3,85
2022-03-27,554056.158,12.532,5.468,0.0,6,1,0,3,86
2022-03-28,677673.545,12.065,5.935,0.0,0,0,0,3,87
2022-03-29,692972.303,12.266,5.734,0.0,1,0,0,3,88
2022-03-30,707690.926,11.96,6.04,0.0,2,0,0,3,89
2022-03-31,705601.198,11.174,6.826,0.0,3,0,0,3,90
2022-04-01,710892.602,9.006,8.994,0.0,4,0,0,4,91
2022-04-02,645549.332,7.337,10.663,0.0,5,1,0,4,92
2022-04-03,613758.289,6.502,11.498,0.0,6,1,0,4,93
2022-04-04,744100.153,7.238,10.762,0.0,0,0,0,4,94
2022-04-05,762729.139,7.572,10.428,0.0,1,0,0,4,95
2022-04-06,744533.256,10.269,7.731,0.0,2,0,0,4,96
2022-04-07,722876.934,13.455,4.545,0.0,3,0,0,4,97
2022-04-08,707077.849,13.94,4.06,0.0,4,0,0,4,98
2022-04-09,621527.143,14.169,3.831,0.0,5,1,0,4,99
2022-04-10,574809.756,14.634,3.366,0.0,6,1,0,4,100
2022-04-11,667783.117,14.334,3.666,0.0,0,0,0,4,101
2022-04-12,687251.619,12.951,5.049,0.0,1,0,0,4,102
2022-04-13,685363.179,13.29,4.71,0.0,2,0,0,4,103
2022-04-14,585210.51,15.485,2.515,0.0,3,0,0,4,104
2022-04-15,536448.535,16.279,1.721,0.0,4,0,1,4,105
2022-04-16,551086.712,17.688,0.312,0.0,5,1,0,4,106
2022-04-17,527257.849,17.638,0.362,0.0,6,1,0,4,107
2022-04-18,580335.76,17.088,0.912,0.0,0,0,0,4,108
2022-04-19,657825.815,14.239,3.761,0.0,1,0,0,4,109
2022-04-20,698469.112,11.152,6.848,0.0,2,0,0,4,110
2022-04-21,697710.847,12.33,5.67,0.0,3,0,0,4,111
2022-04-22,695637.89,11.793,6.207,0.0,4,0,0,4,112
2022-04-23,628779.932,11.383,6.617,0.0,5,1,0,4,113
2022-04-24,571994.039,13.178,4.822,0.0,6,1,0,4,114
2022-04-25,654714.455,13.944,4.056,0.0,0,0,0,4,115
2022-04-26,677540.715,14.888,3.112,0.0,1,0,0,4,116
2022-04-27,687613.611,14.096,3.904,0.0,2,0,0,4,117
2022-04-28,688510.063,14.21,3.79,0.0,3,0,0,4,118
2022-04-29,669022.367,15.757,2.243,0.0,4,0,0,4,119
2022-04-30,592600.643,16.867,1.133,0.0,5,1,0,4,120
2022-05-01,528390.929,17.517,0.483,0.0,6,1,0,5,121
2022-05-02,614138.744,15.263,2.737,0.0,0,0,0,5,122
2022-05-03,677392.499,14.271,3.729,0.0,1,0,0,5,123
2022-05-04,687315.435,14.867,3.133,0.0,2,0,0,5,124
2022-05-05,680762.673,16.013,1.987,0.0,3,0,0,5,125
2022-05-06,668597.638,16.339,1.661,0.0,4,0,0,5,126
2022-05-07,596496.276,17.283,0.717,0.0,5,1,0,5,127
2022-05-08,550457.934,18.187,0.0,0.0,6,1,0,5,128
2022-05-09,650598.557,18.982,0.0,0.0,0,0,0,5,129
2022-05-10,673774.152,19.951,0.0,0.0,1,0,0,5,130
2022-05-11,678560.086,20.571,0.0,0.0,2,0,0,5,131
2022-05-12,683981.303,20.126,0.0,0.0,3,0,0,5,132
2022-05-13,678906.624,20.547,0.0,0.0,4,0,0,5,133
2022-05-14,613471.345,20.987,0.0,0.0,5,1,0,5,134
2022-05-15,565340.711,20.384,0.0,0.0,6,1,0,5,135
2022-05-16,658606.234,20.607,0.0,0.0,0,0,0,5,136
2022-05-17,689159.568,21.612,0.0,0.0,1,0,0,5,137
2022-05-18,701701.58,22.944,0.0,0.944,2,0,0,5,138
2022-05-19,716668.676,23.681,0.0,1.681,3,0,0,5,139
2022-05-20,714896.579,24.123,0.0,2.123,4,0,0,5,140
2022-05-21,645687.218,24.702,0.0,2.702,5,1,0,5,141
2022-05-22,591016.568,23.309,0.0,1.309,6,1,0,5,142
2022-05-23,692293.672,21.983,0.0,0.0,0,0,0,5,143
2022-05-24,699490.143,19.104,0.0,0.0,1,0,0,5,144
2022-05-25,683203.914,17.352,0.648,0.0,2,0,0,5,145
2022-05-26,688924.599,19.146,0.0,0.0,3,0,0,5,146
2022-05-27,691167.658,21.931,0.0,0.0,4,0,0,5,147
2022-05-28,628739.734,23.339,0.0,1.339,5,1,0,5,148
2022-05-29,579504.708,22.584,0.0,0.584,6,1,0,5,149
2022-05-30,672096.948,20.816,0.0,0.0,0,0,0,5,150
2022-05-31,699889.965,21.713,0.0,0.0,1,0,0,5,151
2022-06-01,709660.649,22.685,0.0,0.685,2,0,0,6,152
2022-06-02,714096.111,22.228,0.0,0.228,3,0,0,6,153
2022-06-03,711460.499,22.46,0.0,0.46,4,0,0,6,154
2022-06-04,632752.836,21.728,0.0,0.0,5,1,0,6,155
2022-06-05,583681.514,22.401,0.0,0.401,6,1,0,6,156
2022-06-06,671690.704,23.523,0.0,1.523,0,0,0,6,157
2022-06-07,720817.352,24.33,0.0,2.33,1,0,0,6,158
2022-06-08,734652.173,24.421,0.0,2.421,2,0,0,6,159
2022-06-09,740426.075,24.587,0.0,2.587,3,0,0,6,160
2022-06-10,740712.627,25.401,0.0,3.401,4,0,0,6,161
2022-06-11,678773.887,26.401,0.0,4.401,5,1,0,6,162
2022-06-12,633281.978,26.99,0.0,4.99,6,1,0,6,163
2022-06-13,758638.075,27.773,0.0,5.773,0,0,0,6,164
2022-06-14,798691.052,28.511,0.0,6.511,1,0,0,6,165
2022-06-15,816499.073,28.796,0.0,6.796,2,0,0,6,166
2022-06-16,810374.883,28.695,0.0,6.695,3,0,0,6,167
2022-06-17,807731.237,29.286,0.0,7.286,4,0,0,6,168
2022-06-18,721874.37,28.621,0.0,6.621,5,1,0,6,169
2022-06-19,639567.443,24.575,0.0,2.575,6,1,0,6,170
2022-06-20,746482.216,23.705,0.0,1.705,0,0,0,6,171
2022-06-21,754336.941,22.935,0.0,0.935,1,0,0,6,172
2022-06-22,735366.573,21.617,0.0,0.0,2,0,0,6,173
2022-06-23,712244.518,21.811,0.0,0.0,3,0,0,6,174
2022-06-24,658105.271,22.434,0.0,0.434,4,0,0,6,175
2022-06-25,634796.661,22.598,0.0,0.598,5,1,0,6,176
2022-06-26,597120.111,22.368,0.0,0.368,6,1,0,6,177
2022-06-27,697550.971,22.4,0.0,0.4,0,0,0,6,178
2022-06-28,717423.769,23.113,0.0,1.113,1,0,0,6,179
2022-06-29,727046.257,24.112,0.0,2.112,2,0,0,6,180
2022-06-30,724490.783,23.508,0.0,1.508,3,0,0,6,181
2022-07-01,714296.439,23.323,0.0,1.323,4,0,0,7,182
2022-07-02,664621.873,25.557,0.0,3.557,5,1,0,7,183
2022-07-03,628386.931,26.171,0.0,4.171,6,1,0,7,184
2022-07-04,734811.021,26.176,0.0,4.176,0,0,0,7,185
2022-07-05,766576.117,26.377,0.0,4.377,1,0,0,7,186
2022-07-06,763815.16,24.517,0.0,2.517,2,0,0,7,187
2022-07-07,756028.699,24.788,0.0,2.788,3,0,0,7,188
2022-07-08,760229.022,25.844,0.0,3.844,4,0,0,7,189
2022-07-09,692390.322,27.248,0.0,5.248,5,1,0,7,190
2022-07-10,652462.732,28.228,0.0,6.228,6,1,0,7,191
2022-07-11,781323.554,28.435,0.0,6.435,0,0,0,7,192
2022-07-12,811270.388,29.054,0.0,7.054,1,0,0,7,193
2022-07-13,827870.215,30.174,0.0,8.174,2,0,0,7,194
2022-07-14,836258.259,30.775,0.0,8.775,3,0,0,7,195
2022-07-15,831856.371,30.499,0.0,8.499,4,0,0,7,196
2022-07-16,748679.261,30.472,0.0,8.472,5,1,0,7,197
2022-07-17,698666.051,30.445,0.0,8.445,6,1,0,7,198
2022-07-18,822023.508,29.516,0.0,7.516,0,0,0,7,199
2022-07-19,823558.586,27.964,0.0,5.964,1,0,0,7,200
2022-07-20,823283.426,27.71,0.0,5.71,2,0,0,7,201
2022-07-21,836727.903,28.422,0.0,6.422,3,0,0,7,202
2022-07-22,831424.411,29.079,0.0,7.079,4,0,0,7,203
2022-07-23,735091.226,28.396,0.0,6.396,5,1,0,7,204
2022-07-24,687821.417,29.473,0.0,7.473,6,1,0,7,205
2022-07-25,787876.394,29.303,0.0,7.303,0,0,0,7,206
2022-07-26,824187.447,27.858,0.0,5.858,1,0,0,7,207
2022-07-27,806232.992,26.925,0.0,4.925,2,0,0,7,208
2022-07-28,800376.722,27.285,0.0,5.285,3,0,0,7,209
2022-07-29,793992.235,27.751,0.0,5.751,4,0,0,7,210
2022-07-30,718385.467,27.522,0.0,5.522,5,1,0,7,211
2022-07-31,675415.017,28.428,0.0,6.428,6,1,0,7,212
2022-08-01,782866.189,29.327,0.0,7.327,0,0,0,8,213
2022-08-02,800030.828,29.281,0.0,7.281,1,0,0,8,214
2022-08-03,795863.729,29.548,0.0,7.548,2,0,0,8,215
2022-08-04,789564.733,28.814,0.0,6.814,3,0,0,8,216
2022-08-05,772886.414,28.247,0.0,6.247,4,0,0,8,217
2022-08-06,699119.098,28.234,0.0,6.234,5,1,0,8,218
2022-08-07,647889.366,28.406,0.0,6.406,6,1,0,8,219
2022-08-08,727811.301,28.014,0.0,6.014,0,0,0,8,220
2022-08-09,745979.959,28.648,0.0,6.648,1,0,0,8,221
2022-08-10,754636.552,29.046,0.0,7.046,2,0,0,8,222
2022-08-11,750843.942,28.52,0.0,6.52,3,0,0,8,223
2022-08-12,750786.746,29.349,0.0,7.349,4,0,0,8,224
2022-08-13,698246.392,27.9,0.0,5.9,5,1,0,8,225
2022-08-14,629884.456,27.219,0.0,5.219,6,1,0,8,226
2022-08-15,622660.016,25.816,0.0,3.816,0,0,1,8,227
2022-08-16,680755.938,25.616,0.0,3.616,1,0,0,8,228
2022-08-17,677139.664,23.526,0.0,1.526,2,0,0,8,229
2022-08-18,659330.261,22.61,0.0,0.61,3,0,0,8,230
2022-08-19,661916.618,24.001,0.0,2.001,4,0,0,8,231
2022-08-20,633699.219,25.817,0.0,3.817,5,1,0,8,232
2022-08-21,602791.839,27.078,0.0,5.078,6,1,0,8,233
2022-08-22,703153.961,26.525,0.0,4.525,0,0,0,8,234
2022-08-23,730634.865,26.824,0.0,4.824,1,0,0,8,235
2022-08-24,738558.459,27.604,0.0,5.604,2,0,0,8,236
2022-08-25,736603.211,26.573,0.0,4.573,3,0,0,8,237
2022-08-26,725562.063,25.606,0.0,3.606,4,0,0,8,238
2022-08-27,656630.131,24.939,0.0,2.939,5,1,0,8,239
2022-08-28,615465.721,26.588,0.0,4.588,6,1,0,8,240
2022-08-29,727200.545,25.934,0.0,3.934,0,0,0,8,241
2022-08-30,750924.467,26.866,0.0,4.866,1,0,0,8,242
2022-08-31,740231.753,26.273,0.0,4.273,2,0,0,8,243
2022-09-01,731641.339,24.997,0.0,2.997,3,0,0,9,244
2022-09-02,732227.67,24.974,0.0,2.974,4,0,0,9,245
2022-09-03,642236.01,23.612,0.0,1.612,5,1,0,9,246
2022-09-04,596575.601,23.807,0.0,1.807,6,1,0,9,247
2022-09-05,711057.502,24.004,0.0,2.004,0,0,0,9,248
2022-09-06,727527.085,24.414,0.0,2.414,1,0,0,9,249
2022-09-07,731678.0,23.78,0.0,1.78,2,0,0,9,250
2022-09-08,715619.573,24.111,0.0,2.111,3,0,0,9,251
2022-09-09,721661.277,24.768,0.0,2.768,4,0,0,9,252
2022-09-10,653804.812,25.382,0.0,3.382,5,1,0,9,253
2022-09-11,619822.057,26.512,0.0,4.512,6,1,0,9,254
2022-09-12,743105.948,26.057,0.0,4.057,0,0,0,9,255
2022-09-13,746416.15,23.908,0.0,1.908,1,0,0,9,256
2022-09-14,722541.723,21.856,0.0,0.0,2,0,0,9,257
2022-09-15,713473.613,21.892,0.0,0.0,3,0,0,9,258
2022-09-16,708799.082,21.928,0.0,0.0,4,0,0,9,259
2022-09-17,619334.834,21.667,0.0,0.0,5,1,0,9,260
2022-09-18,574254.188,22.109,0.0,0.109,6,1,0,9,261
2022-09-19,685476.662,22.01,0.0,0.01,0,0,0,9,262
2022-09-20,704300.231,21.902,0.0,0.0,1,0,0,9,263
2022-09-21,700070.02,21.489,0.0,0.0,2,0,0,9,264
2022-09-22,695597.389,21.623,0.0,0.0,3,0,0,9,265
2022-09-23,689988.523,21.858,0.0,0.0,4,0,0,9,266
2022-09-24,602468.746,20.764,0.0,0.0,5,1,0,9,267
2022-09-25,547492.934,18.241,0.0,0.0,6,1,0,9,268
2022-09-26,638740.351,17.867,0.133,0.0,0,0,0,9,269
2022-09-27,659456.712,18.463,0.0,0.0,1,0,0,9,270
2022-09-28,663780.704,19.372,0.0,0.0,2,0,0,9,271
2022-09-29,663785.856,17.321,0.679,0.0,3,0,0,9,272
2022-09-30,649024.388,16.25,1.75,0.0,4,0,0,9,273
2022-10-01,576530.486,17.451,0.549,0.0,5,1,0,10,274
2022-10-02,536105.027,19.402,0.0,0.0,6,1,0,10,275
2022-10-03,644976.653,20.333,0.0,0.0,0,0,0,10,276
2022-10-04,667812.384,21.233,0.0,0.0,1,0,0,10,277
2022-10-05,669204.132,20.66,0.0,0.0,2,0,0,10,278
2022-10-06,675127.531,20.679,0.0,0.0,3,0,0,10,279
2022-10-07,666351.834,19.867,0.0,0.0,4,0,0,10,280
2022-10-08,589542.598,19.69,0.0,0.0,5,1,0,10,281
2022-10-09,540796.45,19.614,0.0,0.0,6,1,0,10,282
2022-10-10,644622.826,18.556,0.0,0.0,0,0,0,10,283
2022-10-11,654510.421,18.323,0.0,0.0,1,0,0,10,284
2022-10-12,557942.649,18.349,0.0,0.0,2,0,1,10,285
2022-10-13,641378.909,18.765,0.0,0.0,3,0,0,10,286
2022-10-14,654335.366,19.501,0.0,0.0,4,0,0,10,287
2022-10-15,579414.681,19.763,0.0,0.0,5,1,0,10,288
2022-10-16,540243.248,20.272,0.0,0.0,6,1,0,10,289
2022-10-17,645458.789,20.533,0.0,0.0,0,0,0,10,290
2022-10-18,666698.644,21.139,0.0,0.0,1,0,0,10,291
2022-10-19,678778.124,20.66,0.0,0.0,2,0,0,10,292
2022-10-20,683996.794,19.315,0.0,0.0,3,0,0,10,293
2022-10-21,672847.573,18.642,0.0,0.0,4,0,0,10,294
2022-10-22,586790.797,18.586,0.0,0.0,5,1,0,10,295
2022-10-23,551003.213,18.701,0.0,0.0,6,1,0,10,296
2022-10-24,646287.207,18.214,0.0,0.0,0,0,0,10,297
2022-10-25,663966.837,18.77,0.0,0.0,1,0,0,10,298
2022-10-26,669571.962,19.089,0.0,0.0,2,0,0,10,299
2022-10-27,664276.72,19.646,0.0,0.0,3,0,0,10,300
2022-10-28,653085.719,18.966,0.0,0.0,4,0,0,10,301
2022-10-29,573082.907,18.461,0.0,0.0,5,1,0,10,302
2022-10-30,547874.045,17.231,0.769,0.0,6,1,0,10,303
2022-10-31,587498.589,16.462,1.538,0.0,0,0,0,10,304
2022-11-01,538630.845,17.052,0.948,0.0,1,0,1,11,305
2022-11-02,634187.151,16.235,1.765,0.0,2,0,0,11,306
2022-11-03,656532.768,16.317,1.683,0.0,3,0,0,11,307
2022-11-04,653078.471,14.83,3.17,0.0,4,0,0,11,308
2022-11-05,571841.348,12.847,5.153,0.0,5,1,0,11,309
2022-11-06,532238.943,13.317,4.683,0.0,6,1,0,11,310
2022-11-07,612953.806,13.765,4.235,0.0,0,0,0,11,311
2022-11-08,666701.201,14.873,3.127,0.0,1,0,0,11,312
2022-11-09,661163.333,15.495,2.505,0.0,2,0,0,11,313
2022-11-10,664449.942,13.847,4.153,0.0,3,0,0,11,314
2022-11-11,664653.882,13.646,4.354,0.0,4,0,0,11,315
2022-11-12,588358.835,15.555,2.445,0.0,5,1,0,11,316
2022-11-13,542933.157,14.808,3.192,0.0,6,1,0,11,317
2022-11-14,652741.12,14.561,3.439,0.0,0,0,0,11,318
2022-11-15,651544.301,15.83,2.17,0.0,1,0,0,11,319
2022-11-16,681393.885,15.503,2.497,0.0,2,0,0,11,320
2022-11-17,679641.411,16.819,1.181,0.0,3,0,0,11,321
2022-11-18,675636.087,12.768,5.232,0.0,4,0,0,11,322
2022-11-19,603900.284,10.437,7.563,0.0,5,1,0,11,323
2022-11-20,560680.142,11.847,6.153,0.0,6,1,0,11,324
2022-11-21,686937.943,13.13,4.87,0.0,0,0,0,11,325
2022-11-22,715617.289,10.759,7.241,0.0,1,0,0,11,326
2022-11-23,701571.613,15.124,2.876,0.0,2,0,0,11,327
2022-11-24,698309.438,13.835,4.165,0.0,3,0,0,11,328
2022-11-25,682256.747,13.031,4.969,0.0,4,0,0,11,329
2022-11-26,614741.775,10.272,7.728,0.0,5,1,0,11,330
2022-11-27,582620.008,9.496,8.504,0.0,6,1,0,11,331
2022-11-28,688907.474,10.762,7.238,0.0,0,0,0,11,332
2022-11-29,712802.199,9.561,8.439,0.0,1,0,0,11,333
2022-11-30,724740.32,9.281,8.719,0.0,2,0,0,11,334
2022-12-01,730613.079,9.205,8.795,0.0,3,0,0,12,335
2022-12-02,731618.823,7.752,10.248,0.0,4,0,0,12,336
2022-12-03,659861.394,7.042,10.958,0.0,5,1,0,12,337
2022-12-04,616327.939,7.79,10.21,0.0,6,1,0,12,338
2022-12-05,707473.451,8.875,9.125,0.0,0,0,0,12,339
2022-12-06,645078.436,10.971,7.029,0.0,1,0,1,12,340
2022-12-07,693711.869,10.116,7.884,0.0,2,0,0,12,341
2022-12-08,632319.537,10.917,7.083,0.0,3,0,1,12,342
2022-12-09,671091.448,11.596,6.404,0.0,4,0,0,12,343
2022-12-10,623146.186,10.669,7.331,0.0,5,1,0,12,344
2022-12-11,606821.364,9.313,8.687,0.0,6,1,0,12,345
2022-12-12,728180.46,11.78,6.22,0.0,0,0,0,12,346
2022-12-13,732934.204,14.618,3.382,0.0,1,0,0,12,347
2022-12-14,717540.301,13.688,4.312,0.0,2,0,0,12,348
2022-12-15,712548.603,11.81,6.19,0.0,3,0,0,12,349
2022-12-16,713514.912,10.166,7.834,0.0,4,0,0,12,350
2022-12-17,629703.175,9.515,8.485,0.0,5,1,0,12,351
2022-12-18,591386.911,9.308,8.692,0.0,6,1,0,12,352
2022-12-19,708990.929,9.374,8.626,0.0,0,0,0,12,353
2022-12-20,724156.043,10.745,7.255,0.0,1,0,0,12,354
2022-12-21,711189.579,12.63,5.37,0.0,2,0,0,12,355
2022-12-22,694814.032,13.481,4.519,0.0,3,0,0,12,356
2022-12-23,657996.045,13.626,4.374,0.0,4,0,0,12,357
2022-12-24,562091.314,12.205,5.795,0.0,5,1,0,12,358
2022-12-25,489067.621,11.739,6.261,0.0,6,1,0,12,359
2022-12-26,532343.828,11.432,6.568,0.0,0,0,0,12,360
2022-12-27,612141.492,10.104,7.896,0.0,1,0,0,12,361
2022-12-28,629989.307,9.808,8.192,0.0,2,0,0,12,362
2022-12-29,637184.984,10.982,7.018,0.0,3,0,0,12,363
2022-12-30,624064.594,12.863,5.137,0.0,4,0,0,12,364
2022-12-31,559754.852,11.186,6.814,0.0,5,1,0,12,365
2023-01-01,506425.906,10.591,7.409,0.0,6,1,0,1,1
2023-01-02,621645.824,10.537,7.463,0.0,0,0,0,1,2
2023-01-03,677052.137,9.534,8.466,0.0,1,0,0,1,3
2023-01-04,689160.95,8.335,9.665,0.0,2,0,0,1,4
2023-01-05,671291.045,7.718,10.282,0.0,3,0,0,1,5
2023-01-06,580299.936,6.688,11.312,0.0,4,0,1,1,6
2023-01-07,626064.221,7.838,10.162,0.0,5,1,0,1,7
2023-01-08,614482.321,12.094,5.906,0.0,6,1,0,1,8
2023-01-09,702001.315,12.183,5.817,0.0,0,0,0,1,9
2023-01-10,731661.44,9.079,8.921,0.0,1,0,0,1,10
2023-01-11,738957.782,9.902,8.098,0.0,2,0,0,1,11
2023-01-12,743091.787,8.24,9.76,0.0,3,0,0,1,12
2023-01-13,737961.141,8.324,9.676,0.0,4,0,0,1,13
2023-01-14,663062.596,7.832,10.168,0.0,5,1,0,1,14
2023-01-15,615888.197,9.159,8.841,0.0,6,1,0,1,15
2023-01-16,755509.285,8.971,9.029,0.0,0,0,0,1,16
2023-01-17,758739.977,10.863,7.137,0.0,1,0,0,1,17
2023-01-18,780321.606,6.624,11.376,0.0,2,0,0,1,18
2023-01-19,790062.795,6.554,11.446,0.0,3,0,0,1,19
2023-01-20,757426.586,10.137,7.863,0.0,4,0,0,1,20
2023-01-21,676924.309,7.494,10.506,0.0,5,1,0,1,21
2023-01-22,649293.321,5.039,12.961,0.0,6,1,0,1,22
2023-01-23,787526.211,4.291,13.709,0.0,0,0,0,1,23
2023-01-24,825630.213,4.026,13.974,0.0,1,0,0,1,24
2023-01-25,816153.242,5.122,12.878,0.0,2,0,0,1,25
2023-01-26,817260.311,5.835,12.165,0.0,3,0,0,1,26
2023-01-27,806430.869,5.342,12.658,0.0,4,0,0,1,27
2023-01-28,718692.953,5.542,12.458,0.0,5,1,0,1,28
2023-01-29,675983.757,4.377,13.623,0.0,6,1,0,1,29
2023-01-30,795325.338,4.4,13.6,0.0,0,0,0,1,30
2023-01-31,803698.92,5.331,12.669,0.0,1,0,0,1,31
2023-02-01,801662.332,6.502,11.498,0.0,2,0,0,2,32
2023-02-02,790975.567,6.831,11.169,0.0,3,0,0,2,33
2023-02-03,775632.369,7.091,10.909,0.0,4,0,0,2,34
2023-02-04,684167.496,8.002,9.998,0.0,5,1,0,2,35
2023-02-05,638690.856,8.803,9.197,0.0,6,1,0,2,36
2023-02-06,775399.85,7.438,10.562,0.0,0,0,0,2,37
2023-02-07,808031.458,6.613,11.387,0.0,1,0,0,2,38
2023-02-08,805426.932,7.612,10.388,0.0,2,0,0,2,39
2023-02-09,795325.55,7.644,10.356,0.0,3,0,0,2,40
2023-02-10,791833.872,6.557,11.443,0.0,4,0,0,2,41
2023-02-11,696716.754,6.184,11.816,0.0,5,1,0,2,42
2023-02-12,648805.368,6.898,11.102,0.0,6,1,0,2,43
2023-02-13,763941.892,7.457,10.543,0.0,0,0,0,2,44
2023-02-14,776349.758,8.514,9.486,0.0,1,0,0,2,45
2023-02-15,765234.644,9.25,8.75,0.0,2,0,0,2,46
2023-02-16,756184.773,8.891,9.109,0.0,3,0,0,2,47
2023-02-17,745841.242,9.376,8.624,0.0,4,0,0,2,48
2023-02-18,656958.729,10.324,7.676,0.0,5,1,0,2,49
2023-02-19,604243.142,11.41,6.59,0.0,6,1,0,2,50
2023-02-20,703843.757,12.071,5.929,0.0,0,0,0,2,51
2023-02-21,718542.25,11.554,6.446,0.0,1,0,0,2,52
2023-02-22,723179.886,11.373,6.627,0.0,2,0,0,2,53
2023-02-23,744746.598,9.224,8.776,0.0,3,0,0,2,54
2023-02-24,741153.705,7.243,10.757,0.0,4,0,0,2,55
2023-02-25,670495.14,6.76,11.24,0.0,5,1,0,2,56
2023-02-26,633054.625,7.222,10.778,0.0,6,1,0,2,57
2023-02-27,769247.838,5.018,12.982,0.0,0,0,0,2,58
2023-02-28,774548.797,5.539,12.461,0.0,1,0,0,2,59
2023-03-01,790626.199,4.81,13.19,0.0,2,0,0,3,60
2023-03-02,796204.01,5.796,12.204,0.0,3,0,0,3,61
2023-03-03,772937.401,6.894,11.106,0.0,4,0,0,3,62
2023-03-04,674017.739,7.852,10.148,0.0,5,1,0,3,63
2023-03-05,635805.655,7.751,10.249,0.0,6,1,0,3,64
2023-03-06,739440.9,10.006,7.994,0.0,0,0,0,3,65
2023-03-07,736668.395,12.416,5.584,0.0,1,0,0,3,66
2023-03-08,726365.685,14.906,3.094,0.0,2,0,0,3,67
2023-03-09,716452.857,15.495,2.505,0.0,3,0,0,3,68
2023-03-10,689273.37,15.52,2.48,0.0,4,0,0,3,69
2023-03-11,608584.638,17.187,0.813,0.0,5,1,0,3,70
2023-03-12,557439.954,16.63,1.37,0.0,6,1,0,3,71
2023-03-13,658906.077,16.087,1.913,0.0,0,0,0,3,72
2023-03-14,669720.805,14.269,3.731,0.0,1,0,0,3,73
2023-03-15,669686.9,13.227,4.773,0.0,2,0,0,3,74
2023-03-16,671404.492,14.404,3.596,0.0,3,0,0,3,75
2023-03-17,669898.72,14.117,3.883,0.0,4,0,0,3,76
2023-03-18,603233.37,13.155,4.845,0.0,5,1,0,3,77
2023-03-19,551700.834,13.348,4.652,0.0,6,1,0,3,78
2023-03-20,641384.343,13.306,4.694,0.0,0,0,0,3,79
2023-03-21,667437.684,13.961,4.039,0.0,1,0,0,3,80
2023-03-22,665415.519,14.466,3.534,0.0,2,0,0,3,81
2023-03-23,664773.196,15.718,2.282,0.0,3,0,0,3,82
2023-03-24,664920.294,15.782,2.218,0.0,4,0,0,3,83
2023-03-25,595900.869,15.396,2.604,0.0,5,1,0,3,84
2023-03-26,525933.283,16.906,1.094,0.0,6,1,0,3,85
2023-03-27,642067.363,14.604,3.396,0.0,0,0,0,3,86
2023-03-28,655229.932,14.692,3.308,0.0,1,0,0,3,87
2023-03-29,657287.875,16.394,1.606,0.0,2,0,0,3,88
2023-03-30,660755.927,17.481,0.519,0.0,3,0,0,3,89
2023-03-31,660236.946,17.879,0.121,0.0,4,0,0,3,90
2023-04-01,592046.555,16.069,1.931,0.0,5,1,0,4,91
2023-04-02,548874.924,14.034,3.966,0.0,6,1,0,4,92
2023-04-03,639072.811,13.202,4.798,0.0,0,0,0,4,93
2023-04-04,652016.035,13.533,4.467,0.0,1,0,0,4,94
2023-04-05,639631.827,13.259,4.741,0.0,2,0,0,4,95
2023-04-06,564889.452,14.534,3.466,0.0,3,0,0,4,96
2023-04-07,518549.539,15.233,2.767,0.0,4,0,1,4,97
2023-04-08,531339.729,16.535,1.465,0.0,5,1,0,4,98
2023-04-09,508947.86,17.196,0.804,0.0,6,1,0,4,99
2023-04-10,562915.862,18.505,0.0,0.0,0,0,0,4,100
2023-04-11,631802.137,17.847,0.153,0.0,1,0,0,4,101
2023-04-12,660115.2,17.396,0.604,0.0,2,0,0,4,102
2023-04-13,658532.314,14.029,3.971,0.0,3,0,0,4,103
2023-04-14,664022.635,15.793,2.207,0.0,4,0,0,4,104
2023-04-15,592441.566,16.976,1.024,0.0,5,1,0,4,105
2023-04-16,547231.264,16.648,1.352,0.0,6,1,0,4,106
2023-04-17,634831.145,16.027,1.973,0.0,0,0,0,4,107
2023-04-18,654865.618,15.679,2.321,0.0,1,0,0,4,108
2023-04-19,654950.573,16.431,1.569,0.0,2,0,0,4,109
2023-04-20,656653.518,17.841,0.159,0.0,3,0,0,4,110
2023-04-21,650980.32,18.161,0.0,0.0,4,0,0,4,111
2023-04-22,590495.8,16.9,1.1,0.0,5,1,0,4,112
2023-04-23,544376.883,17.43,0.57,0.0,6,1,0,4,113
2023-04-24,633779.346,18.359,0.0,0.0,0,0,0,4,114
2023-04-25,659059.16,20.08,0.0,0.0,1,0,0,4,115
2023-04-26,661852.956,20.715,0.0,0.0,2,0,0,4,116
2023-04-27,666829.312,21.405,0.0,0.0,3,0,0,4,117
2023-04-28,661354.264,21.93,0.0,0.0,4,0,0,4,118
2023-04-29,592081.712,21.383,0.0,0.0,5,1,0,4,119
2023-04-30,542193.983,19.817,0.0,0.0,6,1,0,4,120
2023-05-01,523889.313,18.991,0.0,0.0,0,0,1,5,121
2023-05-02,622434.735,20.005,0.0,0.0,1,0,0,5,122
2023-05-03,660714.847,20.905,0.0,0.0,2,0,0,5,123
2023-05-04,665290.908,19.897,0.0,0.0,3,0,0,5,124
2023-05-05,659616.923,19.684,0.0,0.0,4,0,0,5,125
2023-05-06,590485.791,19.759,0.0,0.0,5,1,0,5,126
2023-05-07,548502.085,20.372,0.0,0.0,6,1,0,5,127
2023-05-08,642369.829,20.851,0.0,0.0,0,0,0,5,128
2023-05-09,668097.149,21.679,0.0,0.0,1,0,0,5,129
2023-05-10,663531.114,19.15,0.0,0.0,2,0,0,5,130
2023-05-11,657135.64,17.299,0.701,0.0,3,0,0,5,131
2023-05-12,656184.255,15.527,2.473,0.0,4,0,0,5,132
2023-05-13,585306.083,15.487,2.513,0.0,5,1,0,5,133
2023-05-14,542358.512,16.55,1.45,0.0,6,1,0,5,134
2023-05-15,631619.964,17.459,0.541,0.0,0,0,0,5,135
2023-05-16,651749.949,17.362,0.638,0.0,1,0,0,5,136
2023-05-17,643132.606,16.793,1.207,0.0,2,0,0,5,137
2023-05-18,651137.81,16.252,1.748,0.0,3,0,0,5,138
2023-05-19,646534.241,16.071,1.929,0.0,4,0,0,5,139
2023-05-20,576238.824,16.232,1.768,0.0,5,1,0,5,140
2023-05-21,535466.982,16.45,1.55,0.0,6,1,0,5,141
2023-05-22,639422.481,17.63,0.37,0.0,0,0,0,5,142
2023-05-23,654198.935,17.391,0.609,0.0,1,0,0,5,143
2023-05-24,650279.581,17.937,0.063,0.0,2,0,0,5,144
2023-05-25,651724.712,17.722,0.278,0.0,3,0,0,5,145
2023-05-26,638249.622,17.576,0.424,0.0,4,0,0,5,146
2023-05-27,566548.508,18.354,0.0,0.0,5,1,0,5,147
2023-05-28,521285.615,18.203,0.0,0.0,6,1,0,5,148
2023-05-29,621366.375,18.31,0.0,0.0,0,0,0,5,149
2023-05-30,638434.329,18.526,0.0,0.0,1,0,0,5,150
2023-05-31,640059.655,19.106,0.0,0.0,2,0,0,5,151
2023-06-01,649942.676,18.693,0.0,0.0,3,0,0,6,152
2023-06-02,642678.488,18.469,0.0,0.0,4,0,0,6,153
2023-06-03,571764.741,19.026,0.0,0.0,5,1,0,6,154
2023-06-04,529995.247,19.745,0.0,0.0,6,1,0,6,155
2023-06-05,632165.698,20.422,0.0,0.0,0,0,0,6,156
2023-06-06,660649.668,21.789,0.0,0.0,1,0,0,6,157
2023-06-07,675239.156,20.279,0.0,0.0,2,0,0,6,158
2023-06-08,666873.185,20.154,0.0,0.0,3,0,0,6,159
2023-06-09,657431.943,21.131,0.0,0.0,4,0,0,6,160
2023-06-10,585434.217,21.849,0.0,0.0,5,1,0,6,161
2023-06-11,546386.353,22.199,0.0,0.199,6,1,0,6,162
2023-06-12,654286.647,21.56,0.0,0.0,0,0,0,6,163
2023-06-13,671548.429,20.962,0.0,0.0,1,0,0,6,164
2023-06-14,675031.725,21.955,0.0,0.0,2,0,0,6,165
2023-06-15,685681.558,23.838,0.0,1.838,3,0,0,6,166
2023-06-16,695921.152,25.189,0.0,3.189,4,0,0,6,167
2023-06-17,627665.321,26.082,0.0,4.082,5,1,0,6,168
2023-06-18,577954.372,23.785,0.0,1.785,6,1,0,6,169
2023-06-19,684896.351,23.883,0.0,1.883,0,0,0,6,170
2023-06-20,704703.371,23.559,0.0,1.559,1,0,0,6,171
2023-06-21,714975.961,23.018,0.0,1.018,2,0,0,6,172
2023-06-22,709422.083,23.426,0.0,1.426,3,0,0,6,173
2023-06-23,705413.541,25.189,0.0,3.189,4,0,0,6,174
2023-06-24,628176.282,26.554,0.0,4.554,5,1,0,6,175
2023-06-25,616012.038,28.097,0.0,6.097,6,1,0,6,176
2023-06-26,753018.153,28.091,0.0,6.091,0,0,0,6,177
2023-06-27,772286.006,27.376,0.0,5.376,1,0,0,6,178
2023-06-28,777596.436,27.107,0.0,5.107,2,0,0,6,179
2023-06-29,771072.346,26.384,0.0,4.384,3,0,0,6,180
2023-06-30,729157.132,23.506,0.0,1.506,4,0,0,6,181
2023-07-01,646254.981,24.379,0.0,2.379,5,1,0,7,182
2023-07-02,615130.595,25.885,0.0,3.885,6,1,0,7,183
2023-07-03,741756.166,26.47,0.0,4.47,0,0,0,7,184
2023-07-04,754074.66,26.318,0.0,4.318,1,0,0,7,185
2023-07-05,756329.156,25.54,0.0,3.54,2,0,0,7,186
2023-07-06,760166.347,25.764,0.0,3.764,3,0,0,7,187
2023-07-07,752018.825,25.869,0.0,3.869,4,0,0,7,188
2023-07-08,665130.797,26.251,0.0,4.251,5,1,0,7,189
2023-07-09,628912.612,26.788,0.0,4.788,6,1,0,7,190
2023-07-10,778800.77,28.179,0.0,6.179,0,0,0,7,191
2023-07-11,820243.486,29.28,0.0,7.28,1,0,0,7,192
2023-07-12,813329.123,27.678,0.0,5.678,2,0,0,7,193
2023-07-13,799787.648,27.433,0.0,5.433,3,0,0,7,194
2023-07-14,800527.393,28.016,0.0,6.016,4,0,0,7,195
2023-07-15,698753.666,26.936,0.0,4.936,5,1,0,7,196
2023-07-16,639880.119,26.315,0.0,4.315,6,1,0,7,197
2023-07-17,781395.496,27.896,0.0,5.896,0,0,0,7,198
2023-07-18,824598.568,29.897,0.0,7.897,1,0,0,7,199
2023-07-19,837501.706,29.94,0.0,7.94,2,0,0,7,200
2023-07-20,818438.549,28.349,0.0,6.349,3,0,0,7,201
2023-07-21,780090.042,26.702,0.0,4.702,4,0,0,7,202
2023-07-22,681943.561,26.079,0.0,4.079,5,1,0,7,203
2023-07-23,646041.839,27.256,0.0,5.256,6,1,0,7,204
2023-07-24,752105.434,27.078,0.0,5.078,0,0,0,7,205
2023-07-25,721372.938,25.388,0.0,3.388,1,0,0,7,206
2023-07-26,733046.018,25.111,0.0,3.111,2,0,0,7,207
2023-07-27,748428.535,26.242,0.0,4.242,3,0,0,7,208
2023-07-28,740713.259,26.403,0.0,4.403,4,0,0,7,209
2023-07-29,680851.05,27.475,0.0,5.475,5,1,0,7,210
2023-07-30,645350.877,27.826,0.0,5.826,6,1,0,7,211
2023-07-31,736624.838,27.94,0.0,5.94,0,0,0,7,212
2023-08-01,754106.067,28.269,0.0,6.269,1,0,0,8,213
2023-08-02,767572.867,28.586,0.0,6.586,2,0,0,8,214
2023-08-03,743787.712,26.39,0.0,4.39,3,0,0,8,215
2023-08-04,689678.817,23.473,0.0,1.473,4,0,0,8,216
2023-08-05,616704.903,24.365,0.0,2.365,5,1,0,8,217
2023-08-06,594272.852,26.06,0.0,4.06,6,1,0,8,218
2023-08-07,677200.493,26.017,0.0,4.017,0,0,0,8,219
2023-08-08,710098.443,27.782,0.0,5.782,1,0,0,8,220
2023-08-09,730621.532,29.067,0.0,7.067,2,0,0,8,221
2023-08-10,746766.603,29.575,0.0,7.575,3,0,0,8,222
2023-08-11,739105.889,29.08,0.0,7.08,4,0,0,8,223
2023-08-12,680130.564,28.421,0.0,6.421,5,1,0,8,224
2023-08-13,633561.647,27.994,0.0,5.994,6,1,0,8,225
2023-08-14,679049.268,27.294,0.0,5.294,0,0,0,8,226
2023-08-15,632371.277,27.046,0.0,5.046,1,0,1,8,227
2023-08-16,697609.563,27.191,0.0,5.191,2,0,0,8,228
2023-08-17,705886.436,27.385,0.0,5.385,3,0,0,8,229
2023-08-18,708620.632,27.704,0.0,5.704,4,0,0,8,230
2023-08-19,669852.416,28.151,0.0,6.151,5,1,0,8,231
2023-08-20,650595.656,29.307,0.0,7.307,6,1,0,8,232
2023-08-21,769909.688,30.234,0.0,8.234,0,0,0,8,233
2023-08-22,791908.796,30.622,0.0,8.622,1,0,0,8,234
2023-08-23,805114.493,31.082,0.0,9.082,2,0,0,8,235
2023-08-24,806257.924,30.735,0.0,8.735,3,0,0,8,236
2023-08-25,795777.497,29.637,0.0,7.637,4,0,0,8,237
2023-08-26,704096.731,27.37,0.0,5.37,5,1,0,8,238
2023-08-27,589812.346,22.176,0.0,0.176,6,1,0,8,239
2023-08-28,666251.744,22.445,0.0,0.445,0,0,0,8,240
2023-08-29,684519.165,22.616,0.0,0.616,1,0,0,8,241
2023-08-30,691690.676,22.549,0.0,0.549,2,0,0,8,242
2023-08-31,696633.256,23.414,0.0,1.414,3,0,0,8,243
2023-09-01,707897.142,24.449,0.0,2.449,4,0,0,9,244
2023-09-02,617334.231,21.396,0.0,0.0,5,1,0,9,245
2023-09-03,567635.528,20.802,0.0,0.0,6,1,0,9,246
2023-09-04,680749.198,22.665,0.0,0.665,0,0,0,9,247
2023-09-05,702074.366,22.936,0.0,0.936,1,0,0,9,248
2023-09-06,713455.091,23.21,0.0,1.21,2,0,0,9,249
2023-09-07,718709.335,23.479,0.0,1.479,3,0,0,9,250
2023-09-08,696807.158,23.163,0.0,1.163,4,0,0,9,251
2023-09-09,623814.065,22.8,0.0,0.8,5,1,0,9,252
2023-09-10,582350.336,22.403,0.0,0.403,6,1,0,9,253
2023-09-11,670861.718,22.096,0.0,0.096,0,0,0,9,254
2023-09-12,705037.939,21.741,0.0,0.0,1,0,0,9,255
2023-09-13,705471.848,21.906,0.0,0.0,2,0,0,9,256
2023-09-14,712650.088,22.255,0.0,0.255,3,0,0,9,257
2023-09-15,704741.902,21.206,0.0,0.0,4,0,0,9,258
2023-09-16,610152.639,20.88,0.0,0.0,5,1,0,9,259
2023-09-17,573642.626,20.67,0.0,0.0,6,1,0,9,260
2023-09-18,665858.082,20.353,0.0,0.0,0,0,0,9,261
2023-09-19,683286.703,19.728,0.0,0.0,1,0,0,9,262
2023-09-20,680363.13,19.952,0.0,0.0,2,0,0,9,263
2023-09-21,682301.958,19.403,0.0,0.0,3,0,0,9,264
2023-09-22,657786.885,18.65,0.0,0.0,4,0,0,9,265
2023-09-23,577386.642,17.699,0.301,0.0,5,1,0,9,266
2023-09-24,541155.475,19.217,0.0,0.0,6,1,0,9,267
2023-09-25,644344.176,20.199,0.0,0.0,0,0,0,9,268
2023-09-26,673007.777,20.781,0.0,0.0,1,0,0,9,269
2023-09-27,684381.179,21.305,0.0,0.0,2,0,0,9,270
2023-09-28,688482.194,21.816,0.0,0.0,3,0,0,9,271
2023-09-29,682620.495,22.675,0.0,0.675,4,0,0,9,272
2023-09-30,608394.984,23.155,0.0,1.155,5,1,0,9,273
2023-10-01,568592.41,23.299,0.0,1.299,6,1,0,10,274
2023-10-02,677907.782,22.657,0.0,0.657,0,0,0,10,275
2023-10-03,694129.802,22.153,0.0,0.153,1,0,0,10,276
2023-10-04,697359.162,22.413,0.0,0.413,2,0,0,10,277
2023-10-05,698683.251,22.492,0.0,0.492,3,0,0,10,278
2023-10-06,699421.954,22.413,0.0,0.413,4,0,0,10,279
2023-10-07,618380.502,22.465,0.0,0.465,5,1,0,10,280
2023-10-08,572203.065,22.066,0.0,0.066,6,1,0,10,281
2023-10-09,661444.716,21.596,0.0,0.0,0,0,0,10,282
2023-10-10,682328.873,20.805,0.0,0.0,1,0,0,10,283
2023-10-11,676631.446,20.273,0.0,0.0,2,0,0,10,284
2023-10-12,575504.945,20.601,0.0,0.0,3,0,1,10,285
2023-10-13,615394.793,20.588,0.0,0.0,4,0,0,10,286
2023-10-14,578579.097,19.998,0.0,0.0,5,1,0,10,287
2023-10-15,541876.33,18.804,0.0,0.0,6,1,0,10,288
2023-10-16,656582.378,19.359,0.0,0.0,0,0,0,10,289
2023-10-17,685735.457,20.451,0.0,0.0,1,0,0,10,290
2023-10-18,691544.263,20.31,0.0,0.0,2,0,0,10,291
2023-10-19,695588.62,18.58,0.0,0.0,3,0,0,10,292
2023-10-20,670024.187,15.991,2.009,0.0,4,0,0,10,293
2023-10-21,578655.968,14.132,3.868,0.0,5,1,0,10,294
2023-10-22,547584.426,13.882,4.118,0.0,6,1,0,10,295
2023-10-23,652396.01,15.809,2.191,0.0,0,0,0,10,296
2023-10-24,668310.627,14.829,3.171,0.0,1,0,0,10,297
2023-10-25,680986.583,17.234,0.766,0.0,2,0,0,10,298
2023-10-26,695519.318,18.786,0.0,0.0,3,0,0,10,299
2023-10-27,681696.979,16.083,1.917,0.0,4,0,0,10,300
2023-10-28,600928.081,16.215,1.785,0.0,5,1,0,10,301
2023-10-29,584792.106,15.993,2.007,0.0,6,1,0,10,302
2023-10-30,663807.745,15.125,2.875,0.0,0,0,0,10,303
2023-10-31,677491.268,13.241,4.759,0.0,1,0,0,10,304
2023-11-01,595447.394,14.524,3.476,0.0,2,0,1,11,305
2023-11-02,681524.046,16.155,1.845,0.0,3,0,0,11,306
2023-11-03,688910.052,12.668,5.332,0.0,4,0,0,11,307
2023-11-04,621381.226,15.009,2.991,0.0,5,1,0,11,308
2023-11-05,573801.32,14.07,3.93,0.0,6,1,0,11,309
2023-11-06,677205.414,11.957,6.043,0.0,0,0,0,11,310
2023-11-07,699291.04,10.243,7.757,0.0,1,0,0,11,311
2023-11-08,713708.037,10.737,7.263,0.0,2,0,0,11,312
2023-11-09,703993.269,13.22,4.78,0.0,3,0,0,11,313
2023-11-10,703513.302,13.668,4.332,0.0,4,0,0,11,314
2023-11-11,628504.13,15.622,2.378,0.0,5,1,0,11,315
2023-11-12,573478.299,16.816,1.184,0.0,6,1,0,11,316
2023-11-13,672700.842,17.35,0.65,0.0,0,0,0,11,317
2023-11-14,682941.124,16.467,1.533,0.0,1,0,0,11,318
2023-11-15,690217.89,14.886,3.114,0.0,2,0,0,11,319
2023-11-16,694399.37,15.291,2.709,0.0,3,0,0,11,320
2023-11-17,681979.844,14.524,3.476,0.0,4,0,0,11,321
2023-11-18,604200.644,13.756,4.244,0.0,5,1,0,11,322
2023-11-19,560129.864,12.886,5.114,0.0,6,1,0,11,323
2023-11-20,674097.163,12.561,5.439,0.0,0,0,0,11,324
2023-11-21,697706.662,12.218,5.782,0.0,1,0,0,11,325
2023-11-22,709139.885,11.875,6.125,0.0,2,0,0,11,326
2023-11-23,713863.707,9.913,8.087,0.0,3,0,0,11,327
2023-11-24,715114.11,10.038,7.962,0.0,4,0,0,11,328
2023-11-25,635313.081,10.576,7.424,0.0,5,1,0,11,329
2023-11-26,602380.968,9.748,8.252,0.0,6,1,0,11,330
2023-11-27,720961.771,10.351,7.649,0.0,0,0,0,11,331
2023-11-28,737005.018,12.307,5.693,0.0,1,0,0,11,332
2023-11-29,735891.426,14.239,3.761,0.0,2,0,0,11,333
2023-11-30,724390.897,15.207,2.793,0.0,3,0,0,11,334
2023-12-01,721843.711,12.155,5.845,0.0,4,0,0,12,335
2023-12-02,646520.006,9.149,8.851,0.0,5,1,0,12,336
2023-12-03,624482.267,7.346,10.654,0.0,6,1,0,12,337
2023-12-04,743449.538,9.182,8.818,0.0,0,0,0,12,338
2023-12-05,751522.63,8.35,9.65,0.0,1,0,0,12,339
2023-12-06,674816.633,8.496,9.504,0.0,2,0,1,12,340
2023-12-07,701438.509,9.191,8.809,0.0,3,0,0,12,341
2023-12-08,638304.87,11.554,6.446,0.0,4,0,1,12,342
2023-12-09,633897.78,11.418,6.582,0.0,5,1,0,12,343
2023-12-10,604532.257,13.348,4.652,0.0,6,1,0,12,344
2023-12-11,712662.101,13.356,4.644,0.0,0,0,0,12,345
2023-12-12,734744.889,13.388,4.612,0.0,1,0,0,12,346
2023-12-13,741549.886,12.599,5.401,0.0,2,0,0,12,347
2023-12-14,745172.248,9.682,8.318,0.0,3,0,0,12,348
2023-12-15,739184.562,10.006,7.994,0.0,4,0,0,12,349
2023-12-16,662260.256,8.019,9.981,0.0,5,1,0,12,350
2023-12-17,636365.322,6.55,11.45,0.0,6,1,0,12,351
2023-12-18,758212.531,6.038,11.962,0.0,0,0,0,12,352
2023-12-19,774315.347,6.223,11.777,0.0,1,0,0,12,353
2023-12-20,781442.119,7.782,10.218,0.0,2,0,0,12,354
2023-12-21,758822.16,8.707,9.293,0.0,3,0,0,12,355
2023-12-22,721413.251,9.308,8.692,0.0,4,0,0,12,356
2023-12-23,640883.947,8.344,9.656,0.0,5,1,0,12,357
2023-12-24,596118.636,7.291,10.709,0.0,6,1,0,12,358
2023-12-25,553617.338,5.943,12.057,0.0,0,0,1,12,359
2023-12-26,654679.567,5.355,12.645,0.0,1,0,0,12,360
2023-12-27,703161.901,5.71,12.29,0.0,2,0,0,12,361
2023-12-28,710999.762,5.634,12.366,0.0,3,0,0,12,362
2023-12-29,698783.477,6.701,11.299,0.0,4,0,0,12,363
2023-12-30,630400.595,7.493,10.507,0.0,5,1,0,12,364
2023-12-31,606791.929,9.172,8.828,0.0,6,1,0,12,365
2024-01-01,555244.867,8.25,9.75,0.0,0,0,1,1,1
2024-01-02,703015.288,8.899,9.101,0.0,1,0,0,1,2
2024-01-03,721647.165,12.945,5.055,0.0,2,0,0,1,3
2024-01-04,726021.564,11.296,6.704,0.0,3,0,0,1,4
2024-01-05,697927.044,9.24,8.76,0.0,4,0,0,1,5
2024-01-06,614433.071,7.987,10.013,0.0,5,1,1,1,6
2024-01-07,637873.153,6.736,11.264,0.0,6,1,0,1,7
2024-01-08,784344.305,5.287,12.713,0.0,0,0,0,1,8
2024-01-09,811334.555,6.413,11.587,0.0,1,0,0,1,9
2024-01-10,818554.39,7.446,10.554,0.0,2,0,0,1,10
2024-01-11,808748.333,6.473,11.527,0.0,3,0,0,1,11
2024-01-12,805039.453,5.674,12.326,0.0,4,0,0,1,12
2024-01-13,717299.596,6.244,11.756,0.0,5,1,0,1,13
2024-01-14,660467.647,9.524,8.476,0.0,6,1,0,1,14
2024-01-15,770268.23,12.279,5.721,0.0,0,0,0,1,15
2024-01-16,770386.472,13.376,4.624,0.0,1,0,0,1,16
2024-01-17,759854.347,13.449,4.551,0.0,2,0,0,1,17
2024-01-18,742783.492,13.648,4.352,0.0,3,0,0,1,18
2024-01-19,776526.605,9.316,8.684,0.0,4,0,0,1,19
2024-01-20,683033.933,7.141,10.859,0.0,5,1,0,1,20
2024-01-21,640605.651,7.484,10.516,0.0,6,1,0,1,21
2024-01-22,756819.433,7.654,10.346,0.0,0,0,0,1,22
2024-01-23,753138.609,9.857,8.143,0.0,1,0,0,1,23
2024-01-24,740425.099,10.905,7.095,0.0,2,0,0,1,24
2024-01-25,731835.908,11.366,6.634,0.0,3,0,0,1,25
2024-01-26,723523.058,11.876,6.124,0.0,4,0,0,1,26
2024-01-27,637219.431,11.12,6.88,0.0,5,1,0,1,27
2024-01-28,600542.109,10.269,7.731,0.0,6,1,0,1,28
2024-01-29,722022.961,10.798,7.202,0.0,0,0,0,1,29
2024-01-30,739056.741,10.266,7.734,0.0,1,0,0,1,30
2024-01-31,743579.224,9.002,8.998,0.0,2,0,0,1,31
2024-02-01,742360.015,9.969,8.031,0.0,3,0,0,2,32
2024-02-02,732137.756,9.984,8.016,0.0,4,0,0,2,33
2024-02-03,645683.778,9.785,8.215,0.0,5,1,0,2,34
2024-02-04,603124.588,9.889,8.111,0.0,6,1,0,2,35
2024-02-05,723751.094,9.253,8.747,0.0,0,0,0,2,36
2024-02-06,737643.259,10.423,7.577,0.0,1,0,0,2,37
2024-02-07,749239.087,11.101,6.899,0.0,2,0,0,2,38
2024-02-08,753771.808,12.251,5.749,0.0,3,0,0,2,39
2024-02-09,755078.183,12.141,5.859,0.0,4,0,0,2,40
2024-02-10,663286.901,10.563,7.437,0.0,5,1,0,2,41
2024-02-11,637388.013,8.534,9.466,0.0,6,1,0,2,42
2024-02-12,714805.293,12.315,5.685,0.0,0,0,0,2,43
2024-02-13,711774.274,12.934,5.066,0.0,1,0,0,2,44
2024-02-14,720159.286,13.291,4.709,0.0,2,0,0,2,45
2024-02-15,729110.689,12.955,5.045,0.0,3,0,0,2,46
2024-02-16,717799.65,12.482,5.518,0.0,4,0,0,2,47
2024-02-17,624221.905,11.338,6.662,0.0,5,1,0,2,48
2024-02-18,584974.522,10.821,7.179,0.0,6,1,0,2,49
2024-02-19,689633.162,12.342,5.658,0.0,0,0,0,2,50
2024-02-20,701883.264,11.688,6.312,0.0,1,0,0,2,51
2024-02-21,717459.193,11.107,6.893,0.0,2,0,0,2,52
2024-02-22,727081.55,13.363,4.637,0.0,3,0,0,2,53
2024-02-23,724628.099,9.799,8.201,0.0,4,0,0,2,54
2024-02-24,657800.038,8.731,9.269,0.0,5,1,0,2,55
2024-02-25,626143.633,11.327,6.673,0.0,6,1,0,2,56
2024-02-26,730573.86,11.326,6.674,0.0,0,0,0,2,57
2024-02-27,746142.904,9.253,8.747,0.0,1,0,0,2,58
2024-02-28,732016.128,9.728,8.272,0.0,2,0,0,2,59
2024-02-29,735852.499,9.922,8.078,0.0,3,0,0,2,60
2024-03-01,729467.223,10.171,7.829,0.0,4,0,0,3,61
2024-03-02,666467.109,10.095,7.905,0.0,5,1,0,3,62
2024-03-03,621709.846,8.521,9.479,0.0,6,1,0,3,63
2024-03-04,737435.932,10.433,7.567,0.0,0,0,0,3,64
2024-03-05,723424.215,10.152,7.848,0.0,1,0,0,3,65
2024-03-06,729789.252,9.235,8.765,0.0,2,0,0,3,66
2024-03-07,746093.475,10.152,7.848,0.0,3,0,0,3,67
2024-03-08,749031.934,9.733,8.267,0.0,4,0,0,3,68
2024-03-09,692419.871,9.357,8.643,0.0,5,1,0,3,69
2024-03-10,627303.729,9.898,8.102,0.0,6,1,0,3,70
2024-03-11,717439.261,10.888,7.112,0.0,0,0,0,3,71
2024-03-12,716317.541,10.589,7.411,0.0,1,0,0,3,72
2024-03-13,716865.216,11.299,6.701,0.0,2,0,0,3,73
2024-03-14,717487.516,12.288,5.712,0.0,3,0,0,3,74
2024-03-15,698375.264,13.571,4.429,0.0,4,0,0,3,75
2024-03-16,619190.554,14.393,3.607,0.0,5,1,0,3,76
2024-03-17,571959.711,15.57,2.43,0.0,6,1,0,3,77
2024-03-18,656466.182,15.505,2.495,0.0,0,0,0,3,78
2024-03-19,650942.94,16.185,1.815,0.0,1,0,0,3,79
2024-03-20,677715.876,15.423,2.577,0.0,2,0,0,3,80
2024-03-21,684131.084,16.114,1.886,0.0,3,0,0,3,81
2024-03-22,675156.316,17.455,0.545,0.0,4,0,0,3,82
2024-03-23,603767.889,16.527,1.473,0.0,5,1,0,3,83
2024-03-24,563702.618,15.414,2.586,0.0,6,1,0,3,84
2024-03-25,685192.419,12.997,5.003,0.0,0,0,0,3,85
2024-03-26,699802.428,10.191,7.809,0.0,1,0,0,3,86
2024-03-27,695408.52,11.039,6.961,0.0,2,0,0,3,87
2024-03-28,617996.902,13.747,4.253,0.0,3,0,0,3,88
2024-03-29,573029.121,12.218,5.782,0.0,4,0,1,3,89
2024-03-30,588708.264,10.132,7.868,0.0,5,1,0,3,90
2024-03-31,561847.85,10.154,7.846,0.0,6,1,0,3,91
2024-04-01,623303.276,10.776,7.224,0.0,0,0,0,4,92
2024-04-02,694646.131,11.477,6.523,0.0,1,0,0,4,93
2024-04-03,688565.412,14.172,3.828,0.0,2,0,0,4,94
2024-04-04,677501.897,14.819,3.181,0.0,3,0,0,4,95
2024-04-05,671728.963,15.963,2.037,0.0,4,0,0,4,96
2024-04-06,604539.804,17.311,0.689,0.0,5,1,0,4,97
2024-04-07,561830.999,17.41,0.59,0.0,6,1,0,4,98
2024-04-08,657510.236,15.762,2.238,0.0,0,0,0,4,99
2024-04-09,668332.691,12.632,5.368,0.0,1,0,0,4,100
2024-04-10,668277.546,12.936,5.064,0.0,2,0,0,4,101
2024-04-11,666051.0,15.755,2.245,0.0,3,0,0,4,102
2024-04-12,664534.289,16.771,1.229,0.0,4,0,0,4,103
2024-04-13,585627.137,18.133,0.0,0.0,5,1,0,4,104
2024-04-14,543795.772,18.943,0.0,0.0,6,1,0,4,105
2024-04-15,648467.3,18.856,0.0,0.0,0,0,0,4,106
2024-04-16,666104.149,17.592,0.408,0.0,1,0,0,4,107
2024-04-17,661868.183,15.49,2.51,0.0,2,0,0,4,108
2024-04-18,666332.603,14.811,3.189,0.0,3,0,0,4,109
2024-04-19,663124.782,14.571,3.429,0.0,4,0,0,4,110
2024-04-20,589557.074,15.862,2.138,0.0,5,1,0,4,111
2024-04-21,546008.854,15.379,2.621,0.0,6,1,0,4,112
2024-04-22,651354.591,13.441,4.559,0.0,0,0,0,4,113
2024-04-23,667541.496,11.864,6.136,0.0,1,0,0,4,114
2024-04-24,675674.227,12.442,5.558,0.0,2,0,0,4,115
2024-04-25,691514.386,13.889,4.111,0.0,3,0,0,4,116
2024-04-26,675506.739,13.884,4.116,0.0,4,0,0,4,117
2024-04-27,611988.992,13.819,4.181,0.0,5,1,0,4,118
2024-04-28,568776.214,13.104,4.896,0.0,6,1,0,4,119
2024-04-29,672239.614,13.173,4.827,0.0,0,0,0,4,120
2024-04-30,665002.708,14.163,3.837,0.0,1,0,0,4,121
2024-05-01,568495.068,13.177,4.823,0.0,2,0,1,5,122
2024-05-02,635501.984,12.589,5.411,0.0,3,0,0,5,123
2024-05-03,652238.521,14.281,3.719,0.0,4,0,0,5,124
2024-05-04,593627.948,17.163,0.837,0.0,5,1,0,5,125
2024-05-05,555852.311,17.605,0.395,0.0,6,1,0,5,126
2024-05-06,648228.123,17.094,0.906,0.0,0,0,0,5,127
2024-05-07,652583.945,16.414,1.586,0.0,1,0,0,5,128
2024-05-08,658873.053,17.385,0.615,0.0,2,0,0,5,129
2024-05-09,655891.305,18.609,0.0,0.0,3,0,0,5,130
2024-05-10,645699.657,20.104,0.0,0.0,4,0,0,5,131
2024-05-11,580019.888,19.971,0.0,0.0,5,1,0,5,132
2024-05-12,541009.031,19.876,0.0,0.0,6,1,0,5,133
2024-05-13,646028.397,19.787,0.0,0.0,0,0,0,5,134
2024-05-14,665540.527,17.551,0.449,0.0,1,0,0,5,135
2024-05-15,655349.807,15.586,2.414,0.0,2,0,0,5,136
2024-05-16,661439.853,15.487,2.513,0.0,3,0,0,5,137
2024-05-17,652048.475,16.579,1.421,0.0,4,0,0,5,138
2024-05-18,584137.337,16.865,1.135,0.0,5,1,0,5,139
2024-05-19,545024.052,16.534,1.466,0.0,6,1,0,5,140
2024-05-20,632021.971,16.618,1.382,0.0,0,0,0,5,141
2024-05-21,656109.774,16.593,1.407,0.0,1,0,0,5,142
2024-05-22,659114.186,17.098,0.902,0.0,2,0,0,5,143
2024-05-23,657885.535,17.821,0.179,0.0,3,0,0,5,144
2024-05-24,652663.71,18.952,0.0,0.0,4,0,0,5,145
2024-05-25,584566.506,20.297,0.0,0.0,5,1,0,5,146
2024-05-26,543898.242,20.924,0.0,0.0,6,1,0,5,147
2024-05-27,656440.291,21.174,0.0,0.0,0,0,0,5,148
2024-05-28,665817.233,21.478,0.0,0.0,1,0,0,5,149
2024-05-29,678938.262,23.269,0.0,1.269,2,0,0,5,150
2024-05-30,684233.4,23.568,0.0,1.568,3,0,0,5,151
2024-05-31,672026.119,21.211,0.0,0.0,4,0,0,5,152
2024-06-01,605685.889,19.931,0.0,0.0,5,1,0,6,153
2024-06-02,560792.014,20.167,0.0,0.0,6,1,0,6,154
2024-06-03,664249.663,21.176,0.0,0.0,0,0,0,6,155
2024-06-04,676223.208,22.517,0.0,0.517,1,0,0,6,156
2024-06-05,690706.326,24.008,0.0,2.008,2,0,0,6,157
2024-06-06,709405.629,25.582,0.0,3.582,3,0,0,6,158
2024-06-07,709081.52,25.144,0.0,3.144,4,0,0,6,159
2024-06-08,625017.26,22.147,0.0,0.147,5,1,0,6,160
2024-06-09,564689.066,20.773,0.0,0.0,6,1,0,6,161
2024-06-10,667360.68,19.204,0.0,0.0,0,0,0,6,162
2024-06-11,675023.098,18.855,0.0,0.0,1,0,0,6,163
2024-06-12,669532.698,18.498,0.0,0.0,2,0,0,6,164
2024-06-13,656769.75,19.303,0.0,0.0,3,0,0,6,165
2024-06-14,674206.766,22.227,0.0,0.227,4,0,0,6,166
2024-06-15,601068.708,22.176,0.0,0.176,5,1,0,6,167
2024-06-16,561514.511,21.853,0.0,0.0,6,1,0,6,168
2024-06-17,681820.916,22.906,0.0,0.906,0,0,0,6,169
2024-06-18,699419.396,22.137,0.0,0.137,1,0,0,6,170
2024-06-19,690884.271,20.526,0.0,0.0,2,0,0,6,171
2024-06-20,684434.641,19.705,0.0,0.0,3,0,0,6,172
2024-06-21,669689.165,20.869,0.0,0.0,4,0,0,6,173
2024-06-22,608838.516,22.554,0.0,0.554,5,1,0,6,174
2024-06-23,569494.463,23.047,0.0,1.047,6,1,0,6,175
2024-06-24,649416.806,23.823,0.0,1.823,0,0,0,6,176
2024-06-25,712922.105,24.973,0.0,2.973,1,0,0,6,177
2024-06-26,717892.384,24.399,0.0,2.399,2,0,0,6,178
2024-06-27,721054.708,24.618,0.0,2.618,3,0,0,6,179
2024-06-28,715511.219,23.78,0.0,1.78,4,0,0,6,180
2024-06-29,630142.827,21.9,0.0,0.0,5,1,0,6,181
2024-06-30,584627.364,22.114,0.0,0.114,6,1,0,6,182
2024-07-01,681409.249,22.324,0.0,0.324,0,0,0,7,183
2024-07-02,703491.606,22.438,0.0,0.438,1,0,0,7,184
2024-07-03,721171.089,23.969,0.0,1.969,2,0,0,7,185
2024-07-04,741981.107,26.009,0.0,4.009,3,0,0,7,186
2024-07-05,744021.161,26.367,0.0,4.367,4,0,0,7,187
2024-07-06,655275.862,25.218,0.0,3.218,5,1,0,7,188
2024-07-07,592880.387,23.31,0.0,1.31,6,1,0,7,189
2024-07-08,704684.064,24.566,0.0,2.566,0,0,0,7,190
2024-07-09,735322.24,25.041,0.0,3.041,1,0,0,7,191
2024-07-10,756032.335,26.488,0.0,4.488,2,0,0,7,192
2024-07-11,784406.465,27.861,0.0,5.861,3,0,0,7,193
2024-07-12,774064.671,26.585,0.0,4.585,4,0,0,7,194
2024-07-13,669619.273,24.854,0.0,2.854,5,1,0,7,195
2024-07-14,619815.61,25.666,0.0,3.666,6,1,0,7,196
2024-07-15,746760.75,26.132,0.0,4.132,0,0,0,7,197
2024-07-16,761435.351,25.749,0.0,3.749,1,0,0,7,198
2024-07-17,769574.128,26.035,0.0,4.035,2,0,0,7,199
2024-07-18,788334.388,27.55,0.0,5.55,3,0,0,7,200
2024-07-19,798658.134,28.88,0.0,6.88,4,0,0,7,201
2024-07-20,713125.299,28.528,0.0,6.528,5,1,0,7,202
2024-07-21,642305.943,25.98,0.0,3.98,6,1,0,7,203
2024-07-22,742688.427,25.726,0.0,3.726,0,0,0,7,204
2024-07-23,783735.147,28.042,0.0,6.042,1,0,0,7,205
2024-07-24,806576.408,29.462,0.0,7.462,2,0,0,7,206
2024-07-25,773955.13,28.857,0.0,6.857,3,0,0,7,207
2024-07-26,773590.842,27.914,0.0,5.914,4,0,0,7,208
2024-07-27,703718.397,28.26,0.0,6.26,5,1,0,7,209
2024-07-28,669515.361,29.052,0.0,7.052,6,1,0,7,210
2024-07-29,795661.898,29.105,0.0,7.105,0,0,0,7,211
2024-07-30,814439.123,29.936,0.0,7.936,1,0,0,7,212
2024-07-31,808446.346,29.873,0.0,7.873,2,0,0,7,213
2024-08-01,822334.593,29.059,0.0,7.059,3,0,0,8,214
2024-08-02,796742.399,28.158,0.0,6.158,4,0,0,8,215
2024-08-03,700122.36,27.614,0.0,5.614,5,1,0,8,216
2024-08-04,664411.431,28.407,0.0,6.407,6,1,0,8,217
2024-08-05,759002.69,28.938,0.0,6.938,0,0,0,8,218
2024-08-06,771423.581,28.805,0.0,6.805,1,0,0,8,219
2024-08-07,772073.249,28.519,0.0,6.519,2,0,0,8,220
2024-08-08,772401.538,28.551,0.0,6.551,3,0,0,8,221
2024-08-09,772935.824,29.254,0.0,7.254,4,0,0,8,222
2024-08-10,713464.803,29.938,0.0,7.938,5,1,0,8,223
2024-08-11,671701.722,29.579,0.0,7.579,6,1,0,8,224
2024-08-12,750014.535,28.554,0.0,6.554,0,0,0,8,225
2024-08-13,737828.997,26.726,0.0,4.726,1,0,0,8,226
2024-08-14,702725.921,25.021,0.0,3.021,2,0,0,8,227
2024-08-15,617541.371,23.919,0.0,1.919,3,0,1,8,228
2024-08-16,655090.386,25.392,0.0,3.392,4,0,0,8,229
2024-08-17,647929.123,27.14,0.0,5.14,5,1,0,8,230
2024-08-18,628945.697,27.023,0.0,5.023,6,1,0,8,231
2024-08-19,712297.821,26.193,0.0,4.193,0,0,0,8,232
2024-08-20,732700.795,26.818,0.0,4.818,1,0,0,8,233
2024-08-21,742774.409,26.632,0.0,4.632,2,0,0,8,234
2024-08-22,749146.713,27.528,0.0,5.528,3,0,0,8,235
2024-08-23,743446.72,27.622,0.0,5.622,4,0,0,8,236
2024-08-24,688878.926,27.536,0.0,5.536,5,1,0,8,237
2024-08-25,647915.767,26.18,0.0,4.18,6,1,0,8,238
2024-08-26,738601.944,26.046,0.0,4.046,0,0,0,8,239
2024-08-27,765981.401,26.982,0.0,4.982,1,0,0,8,240
2024-08-28,777702.507,27.048,0.0,5.048,2,0,0,8,241
2024-08-29,767391.885,24.774,0.0,2.774,3,0,0,8,242
2024-08-30,754877.136,24.193,0.0,2.193,4,0,0,8,243
2024-08-31,679489.19,24.433,0.0,2.433,5,1,0,8,244
2024-09-01,635520.797,24.528,0.0,2.528,6,1,0,9,245
2024-09-02,747148.328,24.584,0.0,2.584,0,0,0,9,246
2024-09-03,749492.829,23.474,0.0,1.474,1,0,0,9,247
2024-09-04,724877.568,21.55,0.0,0.0,2,0,0,9,248
2024-09-05,711286.885,20.743,0.0,0.0,3,0,0,9,249
2024-09-06,713336.528,21.474,0.0,0.0,4,0,0,9,250
2024-09-07,627865.294,21.433,0.0,0.0,5,1,0,9,251
2024-09-08,586439.281,21.984,0.0,0.0,6,1,0,9,252
2024-09-09,678959.577,21.845,0.0,0.0,0,0,0,9,253
2024-09-10,702676.435,22.109,0.0,0.109,1,0,0,9,254
2024-09-11,690262.905,21.75,0.0,0.0,2,0,0,9,255
2024-09-12,712003.62,21.763,0.0,0.0,3,0,0,9,256
2024-09-13,684372.294,19.302,0.0,0.0,4,0,0,9,257
2024-09-14,603145.351,19.29,0.0,0.0,5,1,0,9,258
2024-09-15,565914.59,21.006,0.0,0.0,6,1,0,9,259
2024-09-16,677158.157,21.189,0.0,0.0,0,0,0,9,260
2024-09-17,693667.015,20.312,0.0,0.0,1,0,0,9,261
2024-09-18,697682.109,20.46,0.0,0.0,2,0,0,9,262
2024-09-19,695367.747,19.518,0.0,0.0,3,0,0,9,263
2024-09-20,686311.435,19.16,0.0,0.0,4,0,0,9,264
2024-09-21,612520.092,19.319,0.0,0.0,5,1,0,9,265
2024-09-22,563714.064,19.641,0.0,0.0,6,1,0,9,266
2024-09-23,658402.489,19.413,0.0,0.0,0,0,0,9,267
2024-09-24,666549.893,18.955,0.0,0.0,1,0,0,9,268
2024-09-25,690170.306,20.203,0.0,0.0,2,0,0,9,269
2024-09-26,709563.671,21.803,0.0,0.0,3,0,0,9,270
2024-09-27,681451.804,19.413,0.0,0.0,4,0,0,9,271
2024-09-28,586411.756,16.617,1.383,0.0,5,1,0,9,272
2024-09-29,547130.07,18.016,0.0,0.0,6,1,0,9,273
2024-09-30,651718.723,19.916,0.0,0.0,0,0,0,9,274
2024-10-01,684612.618,20.65,0.0,0.0,1,0,0,10,275
2024-10-02,704137.965,21.568,0.0,0.0,2,0,0,10,276
2024-10-03,693438.927,20.232,0.0,0.0,3,0,0,10,277
2024-10-04,675767.86,18.792,0.0,0.0,4,0,0,10,278
2024-10-05,606869.229,19.625,0.0,0.0,5,1,0,10,279
2024-10-06,577173.06,21.384,0.0,0.0,6,1,0,10,280
2024-10-07,690070.631,19.782,0.0,0.0,0,0,0,10,281
2024-10-08,690974.941,18.231,0.0,0.0,1,0,0,10,282
2024-10-09,688394.281,19.152,0.0,0.0,2,0,0,10,283
2024-10-10,674602.585,17.394,0.606,0.0,3,0,0,10,284
2024-10-11,664565.584,16.112,1.888,0.0,4,0,0,10,285
2024-10-12,589272.325,18.021,0.0,0.0,5,1,1,10,286
2024-10-13,549390.403,18.202,0.0,0.0,6,1,0,10,287
2024-10-14,668027.312,18.94,0.0,0.0,0,0,0,10,288
2024-10-15,693335.616,18.855,0.0,0.0,1,0,0,10,289
2024-10-16,696267.98,18.955,0.0,0.0,2,0,0,10,290
2024-10-17,689262.671,16.204,1.796,0.0,3,0,0,10,291
2024-10-18,672083.364,14.88,3.12,0.0,4,0,0,10,292
2024-10-19,592622.751,16.57,1.43,0.0,5,1,0,10,293
2024-10-20,556263.258,17.147,0.853,0.0,6,1,0,10,294
2024-10-21,652929.134,17.166,0.834,0.0,0,0,0,10,295
2024-10-22,677075.735,17.096,0.904,0.0,1,0,0,10,296
2024-10-23,675029.303,16.578,1.422,0.0,2,0,0,10,297
2024-10-24,675732.064,16.788,1.212,0.0,3,0,0,10,298
2024-10-25,680753.442,15.743,2.257,0.0,4,0,0,10,299
2024-10-26,600259.491,12.668,5.332,0.0,5,1,0,10,300
2024-10-27,592818.011,11.645,6.355,0.0,6,1,0,10,301
2024-10-28,674874.49,14.494,3.506,0.0,0,0,0,10,302
2024-10-29,700574.099,15.83,2.17,0.0,1,0,0,10,303
2024-10-30,687653.302,16.044,1.956,0.0,2,0,0,10,304
2024-10-31,666086.577,16.282,1.718,0.0,3,0,0,10,305
2024-11-01,576955.641,15.83,2.17,0.0,4,0,1,11,306
2024-11-02,573530.388,15.14,2.86,0.0,5,1,0,11,307
2024-11-03,554206.328,15.295,2.705,0.0,6,1,0,11,308
2024-11-04,651653.41,15.66,2.34,0.0,0,0,0,11,309
2024-11-05,671008.768,15.8,2.2,0.0,1,0,0,11,310
2024-11-06,674763.53,15.5,2.5,0.0,2,0,0,11,311
2024-11-07,675631.479,15.048,2.952,0.0,3,0,0,11,312
2024-11-08,682336.02,14.278,3.722,0.0,4,0,0,11,313
2024-11-09,603689.931,14.347,3.653,0.0,5,1,0,11,314
2024-11-10,564790.043,14.063,3.937,0.0,6,1,0,11,315
2024-11-11,667031.681,13.653,4.347,0.0,0,0,0,11,316
2024-11-12,698667.79,11.77,6.23,0.0,1,0,0,11,317
2024-11-13,729582.134,9.879,8.121,0.0,2,0,0,11,318
2024-11-14,713120.292,12.808,5.192,0.0,3,0,0,11,319
2024-11-15,704955.638,13.885,4.115,0.0,4,0,0,11,320
2024-11-16,622878.804,13.233,4.767,0.0,5,1,0,11,321
2024-11-17,578882.985,12.912,5.088,0.0,6,1,0,11,322
2024-11-18,682827.51,13.236,4.764,0.0,0,0,0,11,323
2024-11-19,698671.221,13.058,4.942,0.0,1,0,0,11,324
2024-11-20,707107.296,14.138,3.862,0.0,2,0,0,11,325
2024-11-21,723249.489,13.178,4.822,0.0,3,0,0,11,326
2024-11-22,708584.877,13.359,4.641,0.0,4,0,0,11,327
2024-11-23,627903.578,12.758,5.242,0.0,5,1,0,11,328
2024-11-24,588974.226,13.747,4.253,0.0,6,1,0,11,329
2024-11-25,698078.343,14.906,3.094,0.0,0,0,0,11,330
2024-11-26,720149.567,11.092,6.908,0.0,1,0,0,11,331
2024-11-27,724324.978,10.256,7.744,0.0,2,0,0,11,332
2024-11-28,730708.457,9.972,8.028,0.0,3,0,0,11,333
2024-11-29,718561.576,10.937,7.063,0.0,4,0,0,11,334
2024-11-30,635729.236,11.893,6.107,0.0,5,1,0,11,335
2024-12-01,603031.577,11.774,6.226,0.0,6,1,0,12,336
2024-12-02,706645.856,12.002,5.998,0.0,0,0,0,12,337
2024-12-03,723815.781,11.709,6.291,0.0,1,0,0,12,338
2024-12-04,733823.736,11.881,6.119,0.0,2,0,0,12,339
2024-12-05,728678.452,10.423,7.577,0.0,3,0,0,12,340
2024-12-06,634732.969,12.369,5.631,0.0,4,0,1,12,341
2024-12-07,626204.107,12.315,5.685,0.0,5,1,0,12,342
2024-12-08,618579.423,9.429,8.571,0.0,6,1,0,12,343
2024-12-09,727630.736,7.868,10.132,0.0,0,0,0,12,344
2024-12-10,781334.031,6.846,11.154,0.0,1,0,0,12,345
2024-12-11,809721.081,6.813,11.187,0.0,2,0,0,12,346
2024-12-12,805169.012,7.24,10.76,0.0,3,0,0,12,347
2024-12-13,785137.193,7.745,10.255,0.0,4,0,0,12,348
2024-12-14,704828.445,6.813,11.187,0.0,5,1,0,12,349
2024-12-15,672362.256,6.653,11.347,0.0,6,1,0,12,350
2024-12-16,782975.415,6.72,11.28,0.0,0,0,0,12,351
2024-12-17,796202.148,6.655,11.345,0.0,1,0,0,12,352
2024-12-18,781895.5,8.459,9.541,0.0,2,0,0,12,353
2024-12-19,769610.762,11.996,6.004,0.0,3,0,0,12,354
2024-12-20,744247.659,8.402,9.598,0.0,4,0,0,12,355
2024-12-21,674505.332,6.703,11.297,0.0,5,1,0,12,356
2024-12-22,642593.443,8.291,9.709,0.0,6,1,0,12,357
2024-12-23,690633.09,9.361,8.639,0.0,0,0,0,12,358
2024-12-24,642852.982,8.884,9.116,0.0,1,0,0,12,359
2024-12-25,547482.617,10.196,7.804,0.0,2,0,1,12,360
2024-12-26,643051.101,9.479,8.521,0.0,3,0,0,12,361
2024-12-27,676247.896,8.497,9.503,0.0,4,0,0,12,362
2024-12-28,642095.784,7.028,10.972,0.0,5,1,0,12,363
2024-12-29,619712.688,6.512,11.488,0.0,6,1,0,12,364
2024-12-30,691924.592,5.922,12.078,0.0,0,0,0,12,365
2024-12-31,666906.666,5.704,12.296,0.0,1,0,0,12,366
2025-01-01,585942.98,5.783,12.217,0.0,2,0,1,1,1
2025-01-02,714746.165,5.9,12.1,0.0,3,0,0,1,2
2025-01-03,743131.902,7.202,10.798,0.0,4,0,0,1,3
2025-01-04,672654.205,8.369,9.631,0.0,5,1,0,1,4
2025-01-05,637473.016,9.805,8.195,0.0,6,1,0,1,5
2025-01-06,612375.246,10.851,7.149,0.0,0,0,1,1,6
2025-01-07,761126.956,8.419,9.581,0.0,1,0,0,1,7
2025-01-08,785457.969,11.074,6.926,0.0,2,0,0,1,8
2025-01-09,766861.319,12.888,5.112,0.0,3,0,0,1,9
2025-01-10,758349.049,11.747,6.253,0.0,4,0,0,1,10
2025-01-11,670140.941,13.841,4.159,0.0,5,1,0,1,11
2025-01-12,627798.603,10.418,7.582,0.0,6,1,0,1,12
2025-01-13,770960.273,6.22,11.78,0.0,0,0,0,1,13
2025-01-14,811334.506,4.851,13.149,0.0,1,0,0,1,14
2025-01-15,825272.872,3.956,14.044,0.0,2,0,0,1,15
2025-01-16,837533.046,5.692,12.308,0.0,3,0,0,1,16
2025-01-17,823171.174,7.323,10.677,0.0,4,0,0,1,17
2025-01-18,721462.081,5.924,12.076,0.0,5,1,0,1,18
2025-01-19,686072.784,5.56,12.44,0.0,6,1,0,1,19
2025-01-20,814665.825,7.466,10.534,0.0,0,0,0,1,20
2025-01-21,816068.543,9.674,8.326,0.0,1,0,0,1,21
2025-01-22,786025.216,11.478,6.522,0.0,2,0,0,1,22
2025-01-23,763306.352,12.119,5.881,0.0,3,0,0,1,23
2025-01-24,754465.345,12.197,5.803,0.0,4,0,0,1,24
2025-01-25,677659.658,11.52,6.48,0.0,5,1,0,1,25
2025-01-26,639514.665,10.791,7.209,0.0,6,1,0,1,26
2025-01-27,745544.984,14.569,3.431,0.0,0,0,0,1,27
2025-01-28,776292.423,10.496,7.504,0.0,1,0,0,1,28
2025-01-29,797240.69,9.176,8.824,0.0,2,0,0,1,29
2025-01-30,783496.217,9.008,8.992,0.0,3,0,0,1,30
2025-01-31,772257.643,7.865,10.135,0.0,4,0,0,1,31
2025-02-01,695742.806,7.333,10.667,0.0,5,1,0,2,32
2025-02-02,659166.289,7.496,10.504,0.0,6,1,0,2,33
2025-02-03,768751.535,8.131,9.869,0.0,0,0,0,2,34
2025-02-04,782615.522,7.762,10.238,0.0,1,0,0,2,35
2025-02-05,782147.842,8.0,10.0,0.0,2,0,0,2,36
2025-02-06,786399.816,7.485,10.515,0.0,3,0,0,2,37
2025-02-07,796255.651,7.343,10.657,0.0,4,0,0,2,38
2025-02-08,689583.624,8.991,9.009,0.0,5,1,0,2,39
2025-02-09,647247.053,8.519,9.481,0.0,6,1,0,2,40
2025-02-10,757836.189,9.927,8.073,0.0,0,0,0,2,41
2025-02-11,765437.268,10.701,7.299,0.0,1,0,0,2,42
2025-02-12,773734.442,10.766,7.234,0.0,2,0,0,2,43
2025-02-13,757461.905,10.493,7.507,0.0,3,0,0,2,44
2025-02-14,735597.658,10.958,7.042,0.0,4,0,0,2,45
2025-02-15,663818.4,10.84,7.16,0.0,5,1,0,2,46
2025-02-16,612138.615,11.395,6.605,0.0,6,1,0,2,47
2025-02-17,714984.452,11.067,6.933,0.0,0,0,0,2,48
2025-02-18,741638.655,11.509,6.491,0.0,1,0,0,2,49
2025-02-19,729534.345,12.181,5.819,0.0,2,0,0,2,50
2025-02-20,730459.658,12.09,5.91,0.0,3,0,0,2,51
2025-02-21,739860.672,12.556,5.444,0.0,4,0,0,2,52
2025-02-22,654390.89,11.618,6.382,0.0,5,1,0,2,53
2025-02-23,607511.781,10.729,7.271,0.0,6,1,0,2,54
2025-02-24,721880.389,10.913,7.087,0.0,0,0,0,2,55
2025-02-25,746983.888,11.758,6.242,0.0,1,0,0,2,56
2025-02-26,730095.38,9.558,8.442,0.0,2,0,0,2,57
2025-02-27,744246.435,9.607,8.393,0.0,3,0,0,2,58
2025-02-28,728757.572,10.362,7.638,0.0,4,0,0,2,59
2025-03-01,674291.083,9.326,8.674,0.0,5,1,0,3,60
2025-03-02,650355.572,7.722,10.278,0.0,6,1,0,3,61
2025-03-03,754992.978,10.02,7.98,0.0,0,0,0,3,62
2025-03-04,744701.905,11.773,6.227,0.0,1,0,0,3,63
2025-03-05,752590.785,11.778,6.222,0.0,2,0,0,3,64
2025-03-06,749727.851,12.067,5.933,0.0,3,0,0,3,65
2025-03-07,753102.249,11.904,6.096,0.0,4,0,0,3,66
2025-03-08,671410.611,11.632,6.368,0.0,5,1,0,3,67
2025-03-09,620610.269,9.729,8.271,0.0,6,1,0,3,68
2025-03-10,734548.538,9.765,8.235,0.0,0,0,0,3,69
2025-03-11,747118.253,10.823,7.177,0.0,1,0,0,3,70
2025-03-12,739764.977,10.729,7.271,0.0,2,0,0,3,71
2025-03-13,763441.839,9.592,8.408,0.0,3,0,0,3,72
2025-03-14,768965.713,8.331,9.669,0.0,4,0,0,3,73
2025-03-15,670593.774,7.634,10.366,0.0,5,1,0,3,74
2025-03-16,639750.189,7.581,10.419,0.0,6,1,0,3,75
2025-03-17,762507.034,8.257,9.743,0.0,0,0,0,3,76
2025-03-18,770388.213,10.225,7.775,0.0,1,0,0,3,77
2025-03-19,732948.831,12.542,5.458,0.0,2,0,0,3,78
2025-03-20,748489.404,13.585,4.415,0.0,3,0,0,3,79
2025-03-21,741574.845,12.603,5.397,0.0,4,0,0,3,80
2025-03-22,655240.105,10.405,7.595,0.0,5,1,0,3,81
2025-03-23,623984.664,9.203,8.797,0.0,6,1,0,3,82
2025-03-24,731931.312,9.568,8.432,0.0,0,0,0,3,83
2025-03-25,733633.334,11.097,6.903,0.0,1,0,0,3,84
2025-03-26,717710.69,11.192,6.808,0.0,2,0,0,3,85
2025-03-27,709253.992,11.261,6.739,0.0,3,0,0,3,86
2025-03-28,690335.115,12.111,5.889,0.0,4,0,0,3,87
2025-03-29,611762.084,12.534,5.466,0.0,5,1,0,3,88
2025-03-30,545041.522,11.811,6.189,0.0,6,1,0,3,89
2025-03-31,662374.383,13.944,4.056,0.0,0,0,0,3,90
2025-04-01,675970.718,14.178,3.822,0.0,1,0,0,4,91
2025-04-02,703596.661,13.793,4.207,0.0,2,0,0,4,92
2025-04-03,718753.316,12.672,5.328,0.0,3,0,0,4,93
2025-04-04,708149.497,13.962,4.038,0.0,4,0,0,4,94
2025-04-05,613267.03,13.955,4.045,0.0,5,1,0,4,95
2025-04-06,563258.408,14.971,3.029,0.0,6,1,0,4,96
2025-04-07,658503.168,15.333,2.667,0.0,0,0,0,4,97
2025-04-08,665345.094,15.906,2.094,0.0,1,0,0,4,98
2025-04-09,665082.802,15.992,2.008,0.0,2,0,0,4,99
2025-04-10,669485.926,15.978,2.022,0.0,3,0,0,4,100
2025-04-11,681170.848,14.587,3.413,0.0,4,0,0,4,101
2025-04-12,615576.921,14.559,3.441,0.0,5,1,0,4,102
2025-04-13,566161.185,14.842,3.158,0.0,6,1,0,4,103
2025-04-14,662868.148,14.381,3.619,0.0,0,0,0,4,104
2025-04-15,681884.426,12.042,5.958,0.0,1,0,0,4,105
2025-04-16,673293.59,10.565,7.435,0.0,2,0,0,4,106
2025-04-17,592381.044,13.202,4.798,0.0,3,0,0,4,107
2025-04-18,552534.757,14.515,3.485,0.0,4,0,1,4,108
2025-04-19,567411.461,13.165,4.835,0.0,5,1,0,4,109
2025-04-20,545602.352,12.202,5.798,0.0,6,1,0,4,110
2025-04-21,595976.349,13.882,4.118,0.0,0,0,0,4,111
2025-04-22,666864.958,14.678,3.322,0.0,1,0,0,4,112
2025-04-23,653356.505,15.074,2.926,0.0,2,0,0,4,113
2025-04-24,654811.42,16.93,1.07,0.0,3,0,0,4,114
2025-04-25,657751.21,17.695,0.305,0.0,4,0,0,4,115
2025-04-26,586878.013,17.18,0.82,0.0,5,1,0,4,116
2025-04-27,541776.286,16.084,1.916,0.0,6,1,0,4,117
2025-04-28,403207.036,16.759,1.241,0.0,0,0,0,4,118
2025-04-29,589642.502,16.925,1.075,0.0,1,0,0,4,119
2025-04-30,643781.367,16.407,1.593,0.0,2,0,0,4,120
2025-05-01,545263.484,17.158,0.842,0.0,3,0,1,5,121
2025-05-02,591365.627,16.845,1.155,0.0,4,0,0,5,122
2025-05-03,560793.506,16.881,1.119,0.0,5,1,0,5,123
2025-05-04,533549.476,16.277,1.723,0.0,6,1,0,5,124
2025-05-05,648639.197,15.345,2.655,0.0,0,0,0,5,125
2025-05-06,657786.189,13.905,4.095,0.0,1,0,0,5,126
2025-05-07,659535.192,14.269,3.731,0.0,2,0,0,5,127
2025-05-08,668893.553,14.491,3.509,0.0,3,0,0,5,128
2025-05-09,666485.073,14.938,3.062,0.0,4,0,0,5,129
2025-05-10,590369.102,15.185,2.815,0.0,5,1,0,5,130
2025-05-11,545248.668,15.416,2.584,0.0,6,1,0,5,131
2025-05-12,643297.354,15.279,2.721,0.0,0,0,0,5,132
2025-05-13,660055.296,15.747,2.253,0.0,1,0,0,5,133
2025-05-14,672274.468,16.035,1.965,0.0,2,0,0,5,134
2025-05-15,658394.862,16.262,1.738,0.0,3,0,0,5,135
2025-05-16,648923.956,17.6,0.4,0.0,4,0,0,5,136
2025-05-17,571024.884,18.736,0.0,0.0,5,1,0,5,137
2025-05-18,535072.434,20.138,0.0,0.0,6,1,0,5,138
2025-05-19,643248.447,18.895,0.0,0.0,0,0,0,5,139
2025-05-20,652858.323,19.425,0.0,0.0,1,0,0,5,140
2025-05-21,664126.551,20.132,0.0,0.0,2,0,0,5,141
2025-05-22,668934.761,19.735,0.0,0.0,3,0,0,5,142
2025-05-23,662370.423,18.037,0.0,0.0,4,0,0,5,143
2025-05-24,576278.854,18.917,0.0,0.0,5,1,0,5,144
2025-05-25,541833.367,21.251,0.0,0.0,6,1,0,5,145
2025-05-26,656907.772,21.999,0.0,0.0,0,0,0,5,146
2025-05-27,673937.417,22.344,0.0,0.344,1,0,0,5,147
2025-05-28,690657.01,23.888,0.0,1.888,2,0,0,5,148
2025-05-29,705618.351,25.348,0.0,3.348,3,0,0,5,149
2025-05-30,715806.08,26.284,0.0,4.284,4,0,0,5,150
2025-05-31,642661.771,25.949,0.0,3.949,5,1,0,5,151
2025-06-01,601403.207,25.764,0.0,3.764,6,1,0,6,152
2025-06-02,708803.44,23.589,0.0,1.589,0,0,0,6,153
2025-06-03,702262.944,21.442,0.0,0.0,1,0,0,6,154
2025-06-04,695659.883,21.313,0.0,0.0,2,0,0,6,155
2025-06-05,699779.839,22.358,0.0,0.358,3,0,0,6,156
2025-06-06,702444.921,23.634,0.0,1.634,4,0,0,6,157
2025-06-07,629746.725,24.177,0.0,2.177,5,1,0,6,158
2025-06-08,597725.404,24.969,0.0,2.969,6,1,0,6,159
2025-06-09,710918.962,25.316,0.0,3.316,0,0,0,6,160
2025-06-10,754696.984,26.34,0.0,4.34,1,0,0,6,161
2025-06-11,752899.496,24.515,0.0,2.515,2,0,0,6,162
2025-06-12,735130.474,23.512,0.0,1.512,3,0,0,6,163
2025-06-13,741270.425,24.666,0.0,2.666,4,0,0,6,164
2025-06-14,662642.834,25.915,0.0,3.915,5,1,0,6,165
2025-06-15,627012.243,26.346,0.0,4.346,6,1,0,6,166
2025-06-16,755796.389,26.503,0.0,4.503,0,0,0,6,167
2025-06-17,789539.344,27.97,0.0,5.97,1,0,0,6,168
2025-06-18,798771.575,28.098,0.0,6.098,2,0,0,6,169
2025-06-19,800371.54,28.221,0.0,6.221,3,0,0,6,170
2025-06-20,799043.803,28.933,0.0,6.933,4,0,0,6,171
2025-06-21,716688.135,29.14,0.0,7.14,5,1,0,6,172
2025-06-22,668192.776,28.303,0.0,6.303,6,1,0,6,173
2025-06-23,768928.351,28.327,0.0,6.327,0,0,0,6,174
2025-06-24,756417.62,28.207,0.0,6.207,1,0,0,6,175
2025-06-25,779196.977,25.753,0.0,3.753,2,0,0,6,176
2025-06-26,789344.14,26.404,0.0,4.404,3,0,0,6,177
2025-06-27,805524.442,28.09,0.0,6.09,4,0,0,6,178
2025-06-28,735838.704,29.861,0.0,7.861,5,1,0,6,179
2025-06-29,706151.373,30.958,0.0,8.958,6,1,0,6,180
2025-06-30,836439.201,30.834,0.0,8.834,0,0,0,6,181
2025-07-01,855802.483,30.26,0.0,8.26,1,0,0,7,182
2025-07-02,859922.841,29.615,0.0,7.615,2,0,0,7,183
2025-07-03,856473.621,28.764,0.0,6.764,3,0,0,7,184
2025-07-04,840845.187,28.5,0.0,6.5,4,0,0,7,185
2025-07-05,745107.989,28.463,0.0,6.463,5,1,0,7,186
2025-07-06,687730.918,27.53,0.0,5.53,6,1,0,7,187
2025-07-07,801641.548,26.751,0.0,4.751,0,0,0,7,188
2025-07-08,793529.934,25.172,0.0,3.172,1,0,0,7,189
2025-07-09,808754.42,27.144,0.0,5.144,2,0,0,7,190
2025-07-10,803389.452,27.488,0.0,5.488,3,0,0,7,191
2025-07-11,786953.002,26.311,0.0,4.311,4,0,0,7,192
2025-07-12,670387.31,23.723,0.0,1.723,5,1,0,7,193
2025-07-13,613937.491,24.991,0.0,2.991,6,1,0,7,194
2025-07-14,761045.663,26.799,0.0,4.799,0,0,0,7,195
2025-07-15,795849.912,27.67,0.0,5.67,1,0,0,7,196
2025-07-16,815078.448,28.567,0.0,6.567,2,0,0,7,197
2025-07-17,838007.023,29.565,0.0,7.565,3,0,0,7,198
2025-07-18,819513.995,28.169,0.0,6.169,4,0,0,7,199
2025-07-19,710737.397,26.551,0.0,4.551,5,1,0,7,200
2025-07-20,658769.157,26.473,0.0,4.473,6,1,0,7,201
2025-07-21,757112.828,25.554,0.0,3.554,0,0,0,7,202
2025-07-22,774126.042,26.071,0.0,4.071,1,0,0,7,203
2025-07-23,788231.74,26.174,0.0,4.174,2,0,0,7,204
2025-07-24,748388.251,23.368,0.0,1.368,3,0,0,7,205
2025-07-25,690451.027,23.083,0.0,1.083,4,0,0,7,206
2025-07-26,643741.119,24.481,0.0,2.481,5,1,0,7,207
2025-07-27,620654.224,25.934,0.0,3.934,6,1,0,7,208
2025-07-28,735074.432,25.84,0.0,3.84,0,0,0,7,209
2025-07-29,729341.445,23.924,0.0,1.924,1,0,0,7,210
2025-07-30,736753.706,24.906,0.0,2.906,2,0,0,7,211
2025-07-31,736861.508,26.016,0.0,4.016,3,0,0,7,212
2025-08-01,738032.959,25.882,0.0,3.882,4,0,0,8,213
2025-08-02,669897.493,26.182,0.0,4.182,5,1,0,8,214
2025-08-03,632149.078,27.067,0.0,5.067,6,1,0,8,215
2025-08-04,736161.938,27.958,0.0,5.958,0,0,0,8,216
2025-08-05,735478.609,28.855,0.0,6.855,1,0,0,8,217
2025-08-06,738187.733,28.203,0.0,6.203,2,0,0,8,218
2025-08-07,756224.724,28.499,0.0,6.499,3,0,0,8,219
2025-08-08,754852.392,28.602,0.0,6.602,4,0,0,8,220
2025-08-09,694991.226,29.065,0.0,7.065,5,1,0,8,221
2025-08-10,664339.049,30.125,0.0,8.125,6,1,0,8,222
2025-08-11,769184.367,30.925,0.0,8.925,0,0,0,8,223
2025-08-12,788507.462,30.863,0.0,8.863,1,0,0,8,224
2025-08-13,783296.53,29.729,0.0,7.729,2,0,0,8,225
2025-08-14,767851.607,29.734,0.0,7.734,3,0,0,8,226
2025-08-15,694235.587,30.636,0.0,8.636,4,0,1,8,227
2025-08-16,711386.957,31.257,0.0,9.257,5,1,0,8,228
2025-08-17,697739.998,31.475,0.0,9.475,6,1,0,8,229
2025-08-18,789797.366,30.15,0.0,8.15,0,0,0,8,230
2025-08-19,764038.242,27.02,0.0,5.02,1,0,0,8,231
2025-08-20,727302.506,24.881,0.0,2.881,2,0,0,8,232
2025-08-21,709967.667,24.029,0.0,2.029,3,0,0,8,233
2025-08-22,699921.002,24.308,0.0,2.308,4,0,0,8,234
2025-08-23,648399.471,25.023,0.0,3.023,5,1,0,8,235
2025-08-24,620629.644,26.289,0.0,4.289,6,1,0,8,236
2025-08-25,736788.448,26.839,0.0,4.839,0,0,0,8,237
2025-08-26,767732.905,27.415,0.0,5.415,1,0,0,8,238
2025-08-27,775098.237,26.616,0.0,4.616,2,0,0,8,239
2025-08-28,738249.775,23.862,0.0,1.862,3,0,0,8,240
2025-08-29,707675.068,23.587,0.0,1.587,4,0,0,8,241
2025-08-30,644586.186,24.976,0.0,2.976,5,1,0,8,242
2025-08-31,612448.377,24.583,0.0,2.583,6,1,0,8,243
2025-09-01,694089.649,22.034,0.0,0.034,0,0,0,9,244
2025-09-02,707902.838,22.18,0.0,0.18,1,0,0,9,245
2025-09-03,723012.406,23.887,0.0,1.887,2,0,0,9,246
2025-09-04,738710.824,24.499,0.0,2.499,3,0,0,9,247
2025-09-05,731984.419,23.801,0.0,1.801,4,0,0,9,248
2025-09-06,660824.664,24.969,0.0,2.969,5,1,0,9,249
2025-09-07,636818.691,24.931,0.0,2.931,6,1,0,9,250
2025-09-08,733515.375,24.078,0.0,2.078,0,0,0,9,251
2025-09-09,728201.825,22.05,0.0,0.05,1,0,0,9,252
2025-09-10,719712.346,22.375,0.0,0.375,2,0,0,9,253
2025-09-11,706372.633,23.233,0.0,1.233,3,0,0,9,254
2025-09-12,717767.587,23.831,0.0,1.831,4,0,0,9,255
2025-09-13,647954.104,24.053,0.0,2.053,5,1,0,9,256
2025-09-14,609034.799,24.161,0.0,2.161,6,1,0,9,257
2025-09-15,732596.126,24.769,0.0,2.769,0,0,0,9,258
2025-09-16,760997.274,24.795,0.0,2.795,1,0,0,9,259
2025-09-17,770717.862,25.332,0.0,3.332,2,0,0,9,260
2025-09-18,775937.633,25.802,0.0,3.802,3,0,0,9,261
2025-09-19,772904.075,25.845,0.0,3.845,4,0,0,9,262
2025-09-20,681176.671,24.946,0.0,2.946,5,1,0,9,263
2025-09-21,618932.462,22.181,0.0,0.181,6,1,0,9,264
2025-09-22,672340.723,18.233,0.0,0.0,0,0,0,9,265
2025-09-23,681459.84,17.588,0.412,0.0,1,0,0,9,266
2025-09-24,678532.483,17.158,0.842,0.0,2,0,0,9,267
2025-09-25,686554.906,18.141,0.0,0.0,3,0,0,9,268
2025-09-26,677959.732,18.952,0.0,0.0,4,0,0,9,269
2025-09-27,606269.866,20.096,0.0,0.0,5,1,0,9,270
2025-09-28,576712.041,19.758,0.0,0.0,6,1,0,9,271
2025-09-29,667557.816,19.329,0.0,0.0,0,0,0,9,272
2025-09-30,723309.727,19.246,0.0,0.0,1,0,0,9,273
2025-10-01,681009.588,20.181,0.0,0.0,2,0,0,10,274
2025-10-02,685852.105,20.609,0.0,0.0,3,0,0,10,275
2025-10-03,690940.843,20.883,0.0,0.0,4,0,0,10,276
2025-10-04,616041.663,21.898,0.0,0.0,5,1,0,10,277
2025-10-05,571392.384,20.242,0.0,0.0,6,1,0,10,278
2025-10-06,675818.609,18.688,0.0,0.0,0,0,0,10,279
2025-10-07,684438.63,19.968,0.0,0.0,1,0,0,10,280
2025-10-08,693547.224,20.469,0.0,0.0,2,0,0,10,281
2025-10-09,686617.038,19.548,0.0,0.0,3,0,0,10,282
2025-10-10,673868.817,18.552,0.0,0.0,4,0,0,10,283
2025-10-11,596845.899,19.098,0.0,0.0,5,1,0,10,284
2025-10-12,556396.905,19.405,0.0,0.0,6,1,0,10,285
2025-10-13,642757.0,19.132,0.0,0.0,0,0,0,10,286
2025-10-14,684248.408,18.911,0.0,0.0,1,0,0,10,287
2025-10-15,684880.144,19.071,0.0,0.0,2,0,0,10,288
2025-10-16,692389.074,18.707,0.0,0.0,3,0,0,10,289
2025-10-17,685129.648,18.363,0.0,0.0,4,0,0,10,290
2025-10-18,598733.523,18.235,0.0,0.0,5,1,0,10,291
2025-10-19,568967.866,18.542,0.0,0.0,6,1,0,10,292
2025-10-20,678055.657,19.409,0.0,0.0,0,0,0,10,293
2025-10-21,699792.792,19.373,0.0,0.0,1,0,0,10,294
2025-10-22,701838.787,20.425,0.0,0.0,2,0,0,10,295
2025-10-23,697161.249,20.94,0.0,0.0,3,0,0,10,296
2025-10-24,682287.305,18.4,0.0,0.0,4,0,0,10,297
2025-10-25,611012.908,18.465,0.0,0.0,5,1,0,10,298
2025-10-26,596622.432,16.036,1.964,0.0,6,1,0,10,299
2025-10-27,664331.731,13.636,4.364,0.0,0,0,0,10,300
2025-10-28,685277.73,14.163,3.837,0.0,1,0,0,10,301
2025-10-29,701261.002,15.042,2.958,0.0,2,0,0,10,302
2025-10-30,690241.726,16.076,1.924,0.0,3,0,0,10,303
2025-10-31,682048.175,15.793,2.207,0.0,4,0,0,10,304
2025-11-01,592218.16,16.25,1.75,0.0,5,1,1,11,305
2025-11-02,565102.7,16.306,1.694,0.0,6,1,0,11,306
2025-11-03,667465.389,14.078,3.922,0.0,0,0,0,11,307
2025-11-04,692255.798,14.064,3.936,0.0,1,0,0,11,308
2025-11-05,710081.755,15.45,2.55,0.0,2,0,0,11,309
2025-11-06,707774.547,13.812,4.188,0.0,3,0,0,11,310
2025-11-07,710010.435,12.829,5.171,0.0,4,0,0,11,311
2025-11-08,629295.303,13.119,4.881,0.0,5,1,0,11,312
2025-11-09,588460.828,11.458,6.542,0.0,6,1,0,11,313
2025-11-10,692492.149,11.604,6.396,0.0,0,0,0,11,314
2025-11-11,716585.649,12.604,5.396,0.0,1,0,0,11,315
2025-11-12,717439.4,14.377,3.623,0.0,2,0,0,11,316
2025-11-13,736843.768,15.386,2.614,0.0,3,0,0,11,317
2025-11-14,725427.537,15.234,2.766,0.0,4,0,0,11,318
2025-11-15,644784.497,14.195,3.805,0.0,5,1,0,11,319
2025-11-16,595975.014,13.918,4.082,0.0,6,1,0,11,320
2025-11-17,708860.945,12.33,5.67,0.0,0,0,0,11,321
2025-11-18,728135.481,11.036,6.964,0.0,1,0,0,11,322
2025-11-19,747024.24,8.88,9.12,0.0,2,0,0,11,323
2025-11-20,765048.633,8.184,9.816,0.0,3,0,0,11,324
2025-11-21,778694.38,7.579,10.421,0.0,4,0,0,11,325
2025-11-22,701389.461,6.787,11.213,0.0,5,1,0,11,326
2025-11-23,663179.63,9.298,8.702,0.0,6,1,0,11,327
2025-11-24,777474.48,12.476,5.524,0.0,0,0,0,11,328
2025-11-25,781772.966,11.183,6.817,0.0,1,0,0,11,329
2025-11-26,789853.38,8.772,9.228,0.0,2,0,0,11,330
2025-11-27,798378.217,7.708,10.292,0.0,3,0,0,11,331
2025-11-28,789168.18,8.118,9.882,0.0,4,0,0,11,332
2025-11-29,703816.13,8.169,9.831,0.0,5,1,0,11,333
2025-11-30,673953.514,9.444,8.556,0.0,6,1,0,11,334
2025-12-01,789066.537,8.057,9.943,0.0,0,0,0,12,335
2025-12-02,809822.821,8.307,9.693,0.0,1,0,0,12,336
2025-12-03,811028.566,8.026,9.974,0.0,2,0,0,12,337
2025-12-04,836398.776,9.128,8.872,0.0,3,0,0,12,338
2025-12-05,802278.757,10.487,7.513,0.0,4,0,0,12,339
2025-12-06,678158.423,13.481,4.519,0.0,5,1,1,12,340
2025-12-07,629514.903,12.92,5.08,0.0,6,1,0,12,341
2025-12-08,649618.368,10.678,7.322,0.0,0,0,1,12,342
2025-12-09,763644.913,10.167,7.833,0.0,1,0,0,12,343
2025-12-10,792569.325,10.902,7.098,0.0,2,0,0,12,344
2025-12-11,785807.398,10.172,7.828,0.0,3,0,0,12,345
2025-12-12,785077.434,10.266,7.734,0.0,4,0,0,12,346
2025-12-13,684962.919,11.34,6.66,0.0,5,1,0,12,347
2025-12-14,656653.19,9.617,8.383,0.0,6,1,0,12,348
2025-12-15,770607.252,10.215,7.785,0.0,0,0,0,12,349
2025-12-16,801065.078,9.926,8.074,0.0,1,0,0,12,350
2025-12-17,780541.299,10.558,7.442,0.0,2,0,0,12,351
2025-12-18,778194.582,9.98,8.02,0.0,3,0,0,12,352
2025-12-19,773959.293,9.908,8.092,0.0,4,0,0,12,353
2025-12-20,690773.012,9.831,8.169,0.0,5,1,0,12,354
2025-12-21,668189.045,8.236,9.764,0.0,6,1,0,12,355
2025-12-22,769646.169,5.759,12.241,0.0,0,0,0,12,356
2025-12-23,776888.763,6.634,11.366,0.0,1,0,0,12,357
2025-12-24,685228.032,7.293,10.707,0.0,2,0,0,12,358
2025-12-25,609939.918,6.413,11.587,0.0,3,0,1,12,359
2025-12-26,683677.621,7.215,10.785,0.0,4,0,0,12,360
2025-12-27,677314.364,7.946,10.054,0.0,5,1,0,12,361
2025-12-28,639401.264,9.293,8.707,0.0,6,1,0,12,362
2025-12-29,713389.21,8.67,9.33,0.0,0,0,0,12,363
2025-12-30,721915.539,7.389,10.611,0.0,1,0,0,12,364
2025-12-31,682120.965,6.351,11.649,0.0,2,0,0,12,365
