modelo,ano_test,fecha,real,pred
chronos2,2020,2020-01-01,574776.72,586837.625
chronos2,2020,2020-01-02,723522.375,765955.0
chronos2,2020,2020-01-03,754645.342,769111.6875
chronos2,2020,2020-01-04,702390.878,690876.6875
chronos2,2020,2020-01-05,651967.486,644833.625
chronos2,2020,2020-01-06,630259.532,654393.8125
chronos2,2020,2020-01-07,789031.621,789810.6875
chronos2,2020,2020-01-08,820143.678,805213.75
chronos2,2020,2020-01-09,820769.614,819232.5625
chronos2,2020,2020-01-10,814759.827,805142.0625
chronos2,2020,2020-01-11,732531.725,737386.1875
chronos2,2020,2020-01-12,693449.101,703010.875
chronos2,2020,2020-01-13,829157.906,816717.5
chronos2,2020,2020-01-14,844416.079,833304.875
chronos2,2020,2020-01-15,832910.293,839098.5
chronos2,2020,2020-01-16,822827.255,832828.625
chronos2,2020,2020-01-17,807653.787,819468.625
chronos2,2020,2020-01-18,729673.024,736459.625
chronos2,2020,2020-01-19,689820.886,682582.0
chronos2,2020,2020-01-20,846106.888,818222.6875
chronos2,2020,2020-01-21,862132.604,824995.625
chronos2,2020,2020-01-22,841706.187,829126.0
chronos2,2020,2020-01-23,829427.103,826498.25
chronos2,2020,2020-01-24,821136.183,817921.375
chronos2,2020,2020-01-25,734265.345,733777.3125
chronos2,2020,2020-01-26,676369.262,675107.75
chronos2,2020,2020-01-27,807615.701,791489.625
chronos2,2020,2020-01-28,807001.677,788221.375
chronos2,2020,2020-01-29,792162.501,788312.4375
chronos2,2020,2020-01-30,778203.546,781567.0625
chronos2,2020,2020-01-31,765448.598,761565.5
chronos2,2020,2020-02-01,681471.943,675974.75
chronos2,2020,2020-02-02,625016.468,630904.8125
chronos2,2020,2020-02-03,729329.082,741370.75
chronos2,2020,2020-02-04,747892.827,764706.0625
chronos2,2020,2020-02-05,758987.788,779620.9375
chronos2,2020,2020-02-06,769754.643,783171.875
chronos2,2020,2020-02-07,772488.589,776361.5625
chronos2,2020,2020-02-08,698199.59,706177.3125
chronos2,2020,2020-02-09,646787.156,653191.0
chronos2,2020,2020-02-10,749504.414,750421.875
chronos2,2020,2020-02-11,761008.347,770236.625
chronos2,2020,2020-02-12,766558.356,773161.0
chronos2,2020,2020-02-13,759532.177,767951.9375
chronos2,2020,2020-02-14,753954.141,764382.0
chronos2,2020,2020-02-15,675832.097,692030.9375
chronos2,2020,2020-02-16,625453.407,636476.25
chronos2,2020,2020-02-17,739797.699,743127.5
chronos2,2020,2020-02-18,766371.869,767639.1875
chronos2,2020,2020-02-19,764941.248,771285.8125
chronos2,2020,2020-02-20,763651.659,769437.6875
chronos2,2020,2020-02-21,753744.734,757952.125
chronos2,2020,2020-02-22,672072.47,684658.375
chronos2,2020,2020-02-23,620872.08,629104.25
chronos2,2020,2020-02-24,730827.761,736063.0625
chronos2,2020,2020-02-25,743820.753,753950.3125
chronos2,2020,2020-02-26,753405.313,755691.8125
chronos2,2020,2020-02-27,751137.432,753164.0
chronos2,2020,2020-02-28,728292.593,747566.125
chronos2,2020,2020-02-29,670263.321,672843.5
chronos2,2020,2020-03-01,626873.694,617214.375
chronos2,2020,2020-03-02,741296.331,732034.5625
chronos2,2020,2020-03-03,769321.188,750774.75
chronos2,2020,2020-03-04,759058.244,750758.3125
chronos2,2020,2020-03-05,754365.164,750971.875
chronos2,2020,2020-03-06,757995.483,748996.0
chronos2,2020,2020-03-07,683532.439,670133.1875
chronos2,2020,2020-03-08,630442.877,622512.625
chronos2,2020,2020-03-09,740417.533,718065.75
chronos2,2020,2020-03-10,747566.521,737097.5
chronos2,2020,2020-03-11,742561.392,736962.375
chronos2,2020,2020-03-12,738088.907,737504.75
chronos2,2020,2020-03-13,729774.542,733842.5625
chronos2,2020,2020-03-14,646497.547,652277.875
chronos2,2020,2020-03-15,600435.811,611546.25
chronos2,2020,2020-03-16,704124.264,728672.8125
chronos2,2020,2020-03-17,706050.583,742406.9375
chronos2,2020,2020-03-18,684799.07,747380.0
chronos2,2020,2020-03-19,641992.028,746024.0
chronos2,2020,2020-03-20,647058.248,742453.6875
chronos2,2020,2020-03-21,612492.101,666468.125
chronos2,2020,2020-03-22,583510.909,625219.125
chronos2,2020,2020-03-23,653558.582,734842.5625
chronos2,2020,2020-03-24,663819.764,754541.25
chronos2,2020,2020-03-25,664643.791,762733.75
chronos2,2020,2020-03-26,661338.324,768877.125
chronos2,2020,2020-03-27,667335.755,763108.25
chronos2,2020,2020-03-28,605617.221,693661.375
chronos2,2020,2020-03-29,540515.04,641964.0
chronos2,2020,2020-03-30,610996.075,757875.25
chronos2,2020,2020-03-31,610653.934,776834.1875
chronos2,2020,2020-04-01,599875.958,779592.3125
chronos2,2020,2020-04-02,599323.162,778067.625
chronos2,2020,2020-04-03,584683.694,766582.375
chronos2,2020,2020-04-04,542996.041,679600.5625
chronos2,2020,2020-04-05,519594.376,625352.6875
chronos2,2020,2020-04-06,568143.84,720189.125
chronos2,2020,2020-04-07,567082.621,736556.125
chronos2,2020,2020-04-08,555027.089,732989.4375
chronos2,2020,2020-04-09,529824.736,718807.75
chronos2,2020,2020-04-10,510435.49,610409.375
chronos2,2020,2020-04-11,518229.908,648203.9375
chronos2,2020,2020-04-12,501615.48,568824.875
chronos2,2020,2020-04-13,537818.991,686651.375
chronos2,2020,2020-04-14,584017.243,712547.5625
chronos2,2020,2020-04-15,604347.185,716865.6875
chronos2,2020,2020-04-16,604521.525,710738.0625
chronos2,2020,2020-04-17,598697.568,705881.0625
chronos2,2020,2020-04-18,552914.776,631572.75
chronos2,2020,2020-04-19,520123.268,578594.875
chronos2,2020,2020-04-20,585331.059,684010.25
chronos2,2020,2020-04-21,608880.705,709740.4375
chronos2,2020,2020-04-22,608023.375,714377.75
chronos2,2020,2020-04-23,599598.011,713203.6875
chronos2,2020,2020-04-24,594661.984,696390.6875
chronos2,2020,2020-04-25,556038.735,629834.0625
chronos2,2020,2020-04-26,522374.953,570524.0625
chronos2,2020,2020-04-27,590579.965,676380.25
chronos2,2020,2020-04-28,601203.105,692984.0625
chronos2,2020,2020-04-29,600234.68,701256.5
chronos2,2020,2020-04-30,594712.471,704702.4375
chronos2,2020,2020-05-01,525344.189,631381.625
chronos2,2020,2020-05-02,529331.136,633100.25
chronos2,2020,2020-05-03,509365.967,553041.5
chronos2,2020,2020-05-04,585884.404,676864.0
chronos2,2020,2020-05-05,607115.027,696161.8125
chronos2,2020,2020-05-06,610199.36,700503.6875
chronos2,2020,2020-05-07,604624.142,702143.375
chronos2,2020,2020-05-08,597179.788,698589.3125
chronos2,2020,2020-05-09,547084.706,626924.1875
chronos2,2020,2020-05-10,513399.456,577499.8125
chronos2,2020,2020-05-11,591350.652,681555.875
chronos2,2020,2020-05-12,617479.021,706820.625
chronos2,2020,2020-05-13,617401.116,715703.4375
chronos2,2020,2020-05-14,620557.901,716372.4375
chronos2,2020,2020-05-15,608952.25,712875.25
chronos2,2020,2020-05-16,555670.934,643005.0
chronos2,2020,2020-05-17,519597.946,589766.8125
chronos2,2020,2020-05-18,596670.207,687087.875
chronos2,2020,2020-05-19,615052.604,707707.25
chronos2,2020,2020-05-20,622450.073,712023.9375
chronos2,2020,2020-05-21,630168.002,722135.8125
chronos2,2020,2020-05-22,634355.264,723020.75
chronos2,2020,2020-05-23,582895.641,647809.4375
chronos2,2020,2020-05-24,542170.641,589731.3125
chronos2,2020,2020-05-25,627466.111,698724.75
chronos2,2020,2020-05-26,642990.536,709427.125
chronos2,2020,2020-05-27,644707.726,709091.375
chronos2,2020,2020-05-28,642005.868,709594.3125
chronos2,2020,2020-05-29,641570.31,711440.8125
chronos2,2020,2020-05-30,583380.433,639248.5625
chronos2,2020,2020-05-31,541662.429,595398.5
chronos2,2020,2020-06-01,627334.741,695201.375
chronos2,2020,2020-06-02,653396.5,711368.1875
chronos2,2020,2020-06-03,662452.407,711667.875
chronos2,2020,2020-06-04,651301.681,710163.8125
chronos2,2020,2020-06-05,640912.088,706167.125
chronos2,2020,2020-06-06,582674.188,630171.3125
chronos2,2020,2020-06-07,540393.818,587480.0
chronos2,2020,2020-06-08,625763.383,695408.25
chronos2,2020,2020-06-09,643604.721,708126.3125
chronos2,2020,2020-06-10,653728.489,709824.3125
chronos2,2020,2020-06-11,653624.408,708222.8125
chronos2,2020,2020-06-12,645918.049,697988.875
chronos2,2020,2020-06-13,581088.713,623706.875
chronos2,2020,2020-06-14,543304.621,586133.0
chronos2,2020,2020-06-15,644001.077,693028.5
chronos2,2020,2020-06-16,656823.463,711739.9375
chronos2,2020,2020-06-17,661145.578,715432.8125
chronos2,2020,2020-06-18,662011.432,714973.0
chronos2,2020,2020-06-19,657676.183,712809.875
chronos2,2020,2020-06-20,608254.976,655367.125
chronos2,2020,2020-06-21,572807.006,623456.625
chronos2,2020,2020-06-22,682963.291,738430.3125
chronos2,2020,2020-06-23,706613.83,765688.75
chronos2,2020,2020-06-24,668203.326,770989.875
chronos2,2020,2020-06-25,711838.827,777252.125
chronos2,2020,2020-06-26,702221.428,759602.875
chronos2,2020,2020-06-27,638125.491,692013.8125
chronos2,2020,2020-06-28,604144.564,668874.125
chronos2,2020,2020-06-29,723951.102,783125.0
chronos2,2020,2020-06-30,752302.735,807758.0
chronos2,2020,2020-07-01,763359.011,812604.8125
chronos2,2020,2020-07-02,765790.102,804715.9375
chronos2,2020,2020-07-03,735357.247,766877.6875
chronos2,2020,2020-07-04,660713.186,699618.1875
chronos2,2020,2020-07-05,626327.165,674966.6875
chronos2,2020,2020-07-06,757299.096,796331.5
chronos2,2020,2020-07-07,780525.085,816484.875
chronos2,2020,2020-07-08,784566.99,818463.375
chronos2,2020,2020-07-09,771125.891,799830.4375
chronos2,2020,2020-07-10,758878.105,792390.8125
chronos2,2020,2020-07-11,690697.734,727170.1875
chronos2,2020,2020-07-12,633135.072,662628.75
chronos2,2020,2020-07-13,752649.491,791838.125
chronos2,2020,2020-07-14,760459.038,792429.6875
chronos2,2020,2020-07-15,756753.738,784123.6875
chronos2,2020,2020-07-16,763067.312,792626.5625
chronos2,2020,2020-07-17,760177.205,786572.25
chronos2,2020,2020-07-18,688716.516,707736.625
chronos2,2020,2020-07-19,644522.223,675074.4375
chronos2,2020,2020-07-20,769330.38,801411.4375
chronos2,2020,2020-07-21,785563.684,812450.8125
chronos2,2020,2020-07-22,776667.953,814275.6875
chronos2,2020,2020-07-23,789634.51,824458.875
chronos2,2020,2020-07-24,789089.65,824115.875
chronos2,2020,2020-07-25,704273.245,737585.75
chronos2,2020,2020-07-26,664179.618,705885.1875
chronos2,2020,2020-07-27,794291.764,832154.0625
chronos2,2020,2020-07-28,814337.543,833828.75
chronos2,2020,2020-07-29,817487.547,839604.25
chronos2,2020,2020-07-30,825275.946,849338.8125
chronos2,2020,2020-07-31,810169.058,841943.0625
chronos2,2020,2020-08-01,738269.153,779535.4375
chronos2,2020,2020-08-02,673895.707,708418.875
chronos2,2020,2020-08-03,747511.864,785737.4375
chronos2,2020,2020-08-04,751123.76,788400.875
chronos2,2020,2020-08-05,764126.717,813972.1875
chronos2,2020,2020-08-06,776466.924,828998.5
chronos2,2020,2020-08-07,775393.905,825635.875
chronos2,2020,2020-08-08,700782.169,752742.0625
chronos2,2020,2020-08-09,657269.503,714912.75
chronos2,2020,2020-08-10,738068.961,769056.625
chronos2,2020,2020-08-11,734500.01,752868.5625
chronos2,2020,2020-08-12,712418.386,741521.9375
chronos2,2020,2020-08-13,716219.241,744451.6875
chronos2,2020,2020-08-14,710586.003,741111.3125
chronos2,2020,2020-08-15,631293.617,603386.125
chronos2,2020,2020-08-16,591662.6,620921.75
chronos2,2020,2020-08-17,683923.907,703751.8125
chronos2,2020,2020-08-18,708888.916,752985.25
chronos2,2020,2020-08-19,725675.863,779704.0625
chronos2,2020,2020-08-20,729676.986,780075.1875
chronos2,2020,2020-08-21,739080.574,782052.8125
chronos2,2020,2020-08-22,676812.548,718890.4375
chronos2,2020,2020-08-23,625384.861,663751.5
chronos2,2020,2020-08-24,733320.649,751031.5
chronos2,2020,2020-08-25,772384.724,792975.6875
chronos2,2020,2020-08-26,791658.289,800415.375
chronos2,2020,2020-08-27,797890.754,803528.875
chronos2,2020,2020-08-28,773438.841,797440.625
chronos2,2020,2020-08-29,635866.109,657661.625
chronos2,2020,2020-08-30,572310.898,612907.75
chronos2,2020,2020-08-31,679208.909,709590.8125
chronos2,2020,2020-09-01,700209.044,732906.6875
chronos2,2020,2020-09-02,711095.786,740317.75
chronos2,2020,2020-09-03,719005.12,753729.0
chronos2,2020,2020-09-04,724580.748,758381.25
chronos2,2020,2020-09-05,653584.402,682090.5625
chronos2,2020,2020-09-06,604081.335,631680.375
chronos2,2020,2020-09-07,696258.312,706399.25
chronos2,2020,2020-09-08,698100.318,726558.25
chronos2,2020,2020-09-09,718084.935,726711.25
chronos2,2020,2020-09-10,721372.797,753703.875
chronos2,2020,2020-09-11,698312.958,755913.625
chronos2,2020,2020-09-12,649165.551,696555.4375
chronos2,2020,2020-09-13,605491.558,652609.625
chronos2,2020,2020-09-14,718980.488,763205.1875
chronos2,2020,2020-09-15,740288.273,767925.4375
chronos2,2020,2020-09-16,751556.717,767536.8125
chronos2,2020,2020-09-17,740760.783,759543.6875
chronos2,2020,2020-09-18,713829.456,733757.125
chronos2,2020,2020-09-19,627328.408,658087.5
chronos2,2020,2020-09-20,574171.087,615585.625
chronos2,2020,2020-09-21,683416.711,720375.625
chronos2,2020,2020-09-22,703840.984,734693.875
chronos2,2020,2020-09-23,712811.873,739454.875
chronos2,2020,2020-09-24,712997.199,734333.25
chronos2,2020,2020-09-25,691789.689,720002.9375
chronos2,2020,2020-09-26,614309.972,650621.5625
chronos2,2020,2020-09-27,568766.565,602726.1875
chronos2,2020,2020-09-28,666559.06,716172.0625
chronos2,2020,2020-09-29,686797.043,716227.9375
chronos2,2020,2020-09-30,690962.671,721076.6875
chronos2,2020,2020-10-01,700916.732,720001.0
chronos2,2020,2020-10-02,698403.756,715873.75
chronos2,2020,2020-10-03,612169.05,647195.0
chronos2,2020,2020-10-04,571636.922,597699.6875
chronos2,2020,2020-10-05,673482.22,701468.0
chronos2,2020,2020-10-06,690894.896,712308.4375
chronos2,2020,2020-10-07,699613.798,717301.0625
chronos2,2020,2020-10-08,699215.554,715500.4375
chronos2,2020,2020-10-09,679813.517,700014.6875
chronos2,2020,2020-10-10,614331.962,618597.125
chronos2,2020,2020-10-11,563490.862,575118.8125
chronos2,2020,2020-10-12,570701.026,617299.0
chronos2,2020,2020-10-13,673784.687,709542.3125
chronos2,2020,2020-10-14,703005.757,705040.8125
chronos2,2020,2020-10-15,709578.141,712578.25
chronos2,2020,2020-10-16,704019.681,711828.5625
chronos2,2020,2020-10-17,631928.375,642836.8125
chronos2,2020,2020-10-18,583351.177,601903.375
chronos2,2020,2020-10-19,687152.413,696843.3125
chronos2,2020,2020-10-20,711714.9,710262.875
chronos2,2020,2020-10-21,707162.568,714887.125
chronos2,2020,2020-10-22,710357.203,724664.5625
chronos2,2020,2020-10-23,696843.426,715412.875
chronos2,2020,2020-10-24,625382.417,643972.6875
chronos2,2020,2020-10-25,606307.969,606266.625
chronos2,2020,2020-10-26,689553.095,717054.625
chronos2,2020,2020-10-27,714662.582,732146.75
chronos2,2020,2020-10-28,715705.336,734006.3125
chronos2,2020,2020-10-29,715284.16,728514.75
chronos2,2020,2020-10-30,704726.127,723878.3125
chronos2,2020,2020-10-31,628294.896,643826.375
chronos2,2020,2020-11-01,575075.028,602297.1875
chronos2,2020,2020-11-02,647094.468,708775.5
chronos2,2020,2020-11-03,706154.584,728737.75
chronos2,2020,2020-11-04,728814.878,744589.0625
chronos2,2020,2020-11-05,724766.756,746756.5
chronos2,2020,2020-11-06,710624.719,725732.6875
chronos2,2020,2020-11-07,635069.873,658656.9375
chronos2,2020,2020-11-08,585653.269,619429.75
chronos2,2020,2020-11-09,688061.521,722074.6875
chronos2,2020,2020-11-10,711586.135,747797.625
chronos2,2020,2020-11-11,718173.294,757323.9375
chronos2,2020,2020-11-12,717880.631,757796.875
chronos2,2020,2020-11-13,713264.969,749285.5
chronos2,2020,2020-11-14,641465.596,668144.25
chronos2,2020,2020-11-15,585947.032,622036.875
chronos2,2020,2020-11-16,693236.68,721229.125
chronos2,2020,2020-11-17,712862.51,758466.0
chronos2,2020,2020-11-18,718214.566,766507.875
chronos2,2020,2020-11-19,718299.945,767245.4375
chronos2,2020,2020-11-20,716666.871,767209.75
chronos2,2020,2020-11-21,645094.568,700503.3125
chronos2,2020,2020-11-22,605990.942,654107.875
chronos2,2020,2020-11-23,728188.952,770192.875
chronos2,2020,2020-11-24,757498.853,789658.125
chronos2,2020,2020-11-25,765268.18,787725.375
chronos2,2020,2020-11-26,766690.677,781181.9375
chronos2,2020,2020-11-27,751489.82,778424.8125
chronos2,2020,2020-11-28,667627.721,699483.0625
chronos2,2020,2020-11-29,624731.773,657338.1875
chronos2,2020,2020-11-30,737071.712,762949.75
chronos2,2020,2020-12-01,753620.849,785406.125
chronos2,2020,2020-12-02,768634.956,783659.1875
chronos2,2020,2020-12-03,784315.168,793763.25
chronos2,2020,2020-12-04,790382.104,777032.875
chronos2,2020,2020-12-05,723627.58,715957.1875
chronos2,2020,2020-12-06,676303.0,659085.125
chronos2,2020,2020-12-07,712656.602,762085.8125
chronos2,2020,2020-12-08,693433.293,740908.125
chronos2,2020,2020-12-09,804018.806,808548.3125
chronos2,2020,2020-12-10,807771.695,782008.875
chronos2,2020,2020-12-11,783766.293,774285.625
chronos2,2020,2020-12-12,686510.161,701105.0
chronos2,2020,2020-12-13,644286.586,655702.0
chronos2,2020,2020-12-14,759517.717,765952.375
chronos2,2020,2020-12-15,766794.634,776591.75
chronos2,2020,2020-12-16,780348.751,784755.375
chronos2,2020,2020-12-17,778470.844,774946.125
chronos2,2020,2020-12-18,776174.524,752665.625
chronos2,2020,2020-12-19,697945.808,665657.875
chronos2,2020,2020-12-20,646840.581,620716.0625
chronos2,2020,2020-12-21,750406.82,681653.625
chronos2,2020,2020-12-22,750081.066,694517.75
chronos2,2020,2020-12-23,727706.624,690888.4375
chronos2,2020,2020-12-24,643648.623,686588.25
chronos2,2020,2020-12-25,570771.924,580738.875
chronos2,2020,2020-12-26,635755.792,642372.4375
chronos2,2020,2020-12-27,646699.546,617749.1875
chronos2,2020,2020-12-28,724357.078,703504.875
chronos2,2020,2020-12-29,732115.459,722200.0
chronos2,2020,2020-12-30,734283.124,725385.1875
chronos2,2020,2020-12-31,687715.588,742932.9375
chronos2,2021,2021-01-01,608715.931,596731.25
chronos2,2021,2021-01-02,680432.407,672130.3125
chronos2,2021,2021-01-03,684489.215,660913.125
chronos2,2021,2021-01-04,793625.993,764256.5625
chronos2,2021,2021-01-05,806588.156,774582.4375
chronos2,2021,2021-01-06,700144.564,714920.9375
chronos2,2021,2021-01-07,854323.166,816822.875
chronos2,2021,2021-01-08,872357.353,836113.875
chronos2,2021,2021-01-09,773296.979,780957.3125
chronos2,2021,2021-01-10,735647.962,714531.375
chronos2,2021,2021-01-11,851740.825,801491.3125
chronos2,2021,2021-01-12,875118.684,836783.25
chronos2,2021,2021-01-13,874914.272,844123.8125
chronos2,2021,2021-01-14,873577.23,853744.375
chronos2,2021,2021-01-15,859355.795,846458.125
chronos2,2021,2021-01-16,765002.342,778035.0625
chronos2,2021,2021-01-17,708974.301,712613.9375
chronos2,2021,2021-01-18,827619.581,818795.9375
chronos2,2021,2021-01-19,846116.609,838056.75
chronos2,2021,2021-01-20,850299.079,830519.5625
chronos2,2021,2021-01-21,817647.661,817429.875
chronos2,2021,2021-01-22,794514.658,799274.5625
chronos2,2021,2021-01-23,719510.829,724389.1875
chronos2,2021,2021-01-24,655028.547,653395.4375
chronos2,2021,2021-01-25,775155.263,749674.5625
chronos2,2021,2021-01-26,770796.102,770653.5
chronos2,2021,2021-01-27,753321.62,767723.9375
chronos2,2021,2021-01-28,744101.186,763660.25
chronos2,2021,2021-01-29,733183.947,748829.8125
chronos2,2021,2021-01-30,672206.563,684120.125
chronos2,2021,2021-01-31,631678.074,630551.75
chronos2,2021,2021-02-01,725308.41,729210.75
chronos2,2021,2021-02-02,742016.165,754600.5625
chronos2,2021,2021-02-03,744032.692,760895.875
chronos2,2021,2021-02-04,742410.917,761792.875
chronos2,2021,2021-02-05,742180.511,753166.75
chronos2,2021,2021-02-06,673202.889,685059.875
chronos2,2021,2021-02-07,635184.428,641791.4375
chronos2,2021,2021-02-08,757811.118,748729.75
chronos2,2021,2021-02-09,789357.66,765345.125
chronos2,2021,2021-02-10,767889.956,764820.375
chronos2,2021,2021-02-11,757949.224,760805.375
chronos2,2021,2021-02-12,744944.86,746083.6875
chronos2,2021,2021-02-13,664031.439,674075.3125
chronos2,2021,2021-02-14,627377.64,632351.625
chronos2,2021,2021-02-15,743811.335,737955.125
chronos2,2021,2021-02-16,751446.91,758472.625
chronos2,2021,2021-02-17,752695.056,759307.875
chronos2,2021,2021-02-18,754962.027,755714.625
chronos2,2021,2021-02-19,749031.191,747947.375
chronos2,2021,2021-02-20,667785.4,676631.125
chronos2,2021,2021-02-21,636820.402,627649.5625
chronos2,2021,2021-02-22,743317.962,735289.9375
chronos2,2021,2021-02-23,750925.914,753453.0625
chronos2,2021,2021-02-24,747390.312,759706.6875
chronos2,2021,2021-02-25,744810.272,759644.5625
chronos2,2021,2021-02-26,740017.479,743890.0625
chronos2,2021,2021-02-27,664275.565,674798.5625
chronos2,2021,2021-02-28,621167.542,630648.9375
chronos2,2021,2021-03-01,730802.101,734093.4375
chronos2,2021,2021-03-02,749835.836,750163.625
chronos2,2021,2021-03-03,744167.225,756888.625
chronos2,2021,2021-03-04,740268.037,752779.3125
chronos2,2021,2021-03-05,735724.58,742259.5
chronos2,2021,2021-03-06,658451.851,665365.5625
chronos2,2021,2021-03-07,622685.66,618506.9375
chronos2,2021,2021-03-08,742936.38,734961.375
chronos2,2021,2021-03-09,758352.519,753341.6875
chronos2,2021,2021-03-10,750796.647,759898.0625
chronos2,2021,2021-03-11,739481.269,756344.625
chronos2,2021,2021-03-12,729092.448,742665.4375
chronos2,2021,2021-03-13,646301.497,672044.9375
chronos2,2021,2021-03-14,606540.412,617885.6875
chronos2,2021,2021-03-15,719293.522,728816.0625
chronos2,2021,2021-03-16,732005.026,746036.5625
chronos2,2021,2021-03-17,729775.728,751770.0625
chronos2,2021,2021-03-18,741473.221,752719.0
chronos2,2021,2021-03-19,706043.651,748328.25
chronos2,2021,2021-03-20,670497.641,676875.375
chronos2,2021,2021-03-21,630102.703,624058.5
chronos2,2021,2021-03-22,735080.366,726355.125
chronos2,2021,2021-03-23,739437.425,742757.0
chronos2,2021,2021-03-24,731621.692,738690.8125
chronos2,2021,2021-03-25,726346.417,728856.5625
chronos2,2021,2021-03-26,719331.777,713610.3125
chronos2,2021,2021-03-27,648466.535,650913.125
chronos2,2021,2021-03-28,571635.074,585211.625
chronos2,2021,2021-03-29,691559.272,683517.4375
chronos2,2021,2021-03-30,695256.722,706162.625
chronos2,2021,2021-03-31,679687.653,702472.1875
chronos2,2021,2021-04-01,603780.936,689713.6875
chronos2,2021,2021-04-02,558137.662,593727.25
chronos2,2021,2021-04-03,577877.662,627986.25
chronos2,2021,2021-04-04,551346.366,562339.5625
chronos2,2021,2021-04-05,604043.925,679239.75
chronos2,2021,2021-04-06,678937.062,698264.25
chronos2,2021,2021-04-07,706832.348,701868.375
chronos2,2021,2021-04-08,711274.992,705431.125
chronos2,2021,2021-04-09,713789.777,705859.5625
chronos2,2021,2021-04-10,641313.52,646981.625
chronos2,2021,2021-04-11,594071.686,590874.375
chronos2,2021,2021-04-12,692941.728,693197.5625
chronos2,2021,2021-04-13,717396.928,711996.9375
chronos2,2021,2021-04-14,716654.185,717573.125
chronos2,2021,2021-04-15,722238.709,715130.875
chronos2,2021,2021-04-16,713583.273,710247.75
chronos2,2021,2021-04-17,642865.34,643930.25
chronos2,2021,2021-04-18,593293.117,592793.0
chronos2,2021,2021-04-19,697833.818,686713.6875
chronos2,2021,2021-04-20,709788.735,704927.5
chronos2,2021,2021-04-21,710848.815,708896.375
chronos2,2021,2021-04-22,713242.666,708022.3125
chronos2,2021,2021-04-23,685398.678,695735.875
chronos2,2021,2021-04-24,620321.236,628638.0
chronos2,2021,2021-04-25,584849.257,582798.3125
chronos2,2021,2021-04-26,689249.537,679714.4375
chronos2,2021,2021-04-27,703092.56,702004.8125
chronos2,2021,2021-04-28,698342.061,707349.875
chronos2,2021,2021-04-29,697918.72,707948.375
chronos2,2021,2021-04-30,688956.526,702538.3125
chronos2,2021,2021-05-01,577472.256,562199.125
chronos2,2021,2021-05-02,559173.805,601079.75
chronos2,2021,2021-05-03,667365.198,676063.0
chronos2,2021,2021-05-04,689998.019,706232.625
chronos2,2021,2021-05-05,690651.1,706876.875
chronos2,2021,2021-05-06,689028.329,707319.1875
chronos2,2021,2021-05-07,681399.427,697655.625
chronos2,2021,2021-05-08,612800.041,616490.1875
chronos2,2021,2021-05-09,573950.672,573974.4375
chronos2,2021,2021-05-10,672517.486,677246.1875
chronos2,2021,2021-05-11,690260.839,701331.25
chronos2,2021,2021-05-12,696396.062,704097.4375
chronos2,2021,2021-05-13,695282.254,702082.4375
chronos2,2021,2021-05-14,688397.416,694214.625
chronos2,2021,2021-05-15,622863.597,626094.6875
chronos2,2021,2021-05-16,580577.79,579849.0
chronos2,2021,2021-05-17,668878.06,674672.1875
chronos2,2021,2021-05-18,696787.021,695174.9375
chronos2,2021,2021-05-19,698169.314,701725.3125
chronos2,2021,2021-05-20,697758.698,701599.9375
chronos2,2021,2021-05-21,691966.356,693014.9375
chronos2,2021,2021-05-22,621633.202,620755.25
chronos2,2021,2021-05-23,574180.28,581583.0
chronos2,2021,2021-05-24,659025.584,680453.875
chronos2,2021,2021-05-25,687452.59,692884.25
chronos2,2021,2021-05-26,692338.143,697470.5
chronos2,2021,2021-05-27,694593.137,694754.75
chronos2,2021,2021-05-28,687217.66,687596.0
chronos2,2021,2021-05-29,625581.869,614395.5625
chronos2,2021,2021-05-30,579605.519,580415.5
chronos2,2021,2021-05-31,683327.24,682657.6875
chronos2,2021,2021-06-01,696048.627,698504.8125
chronos2,2021,2021-06-02,700505.017,705739.75
chronos2,2021,2021-06-03,698600.649,702548.4375
chronos2,2021,2021-06-04,692965.661,694520.0625
chronos2,2021,2021-06-05,622988.965,625223.75
chronos2,2021,2021-06-06,576739.713,580528.75
chronos2,2021,2021-06-07,687687.127,691365.1875
chronos2,2021,2021-06-08,719311.181,726411.0625
chronos2,2021,2021-06-09,727998.479,737773.4375
chronos2,2021,2021-06-10,739161.249,740024.875
chronos2,2021,2021-06-11,732773.334,728180.75
chronos2,2021,2021-06-12,663407.333,661579.1875
chronos2,2021,2021-06-13,616205.06,639082.25
chronos2,2021,2021-06-14,737903.439,731238.9375
chronos2,2021,2021-06-15,759440.415,760792.1875
chronos2,2021,2021-06-16,755302.693,758051.3125
chronos2,2021,2021-06-17,732968.196,714800.875
chronos2,2021,2021-06-18,720620.28,700885.75
chronos2,2021,2021-06-19,646908.276,628646.0625
chronos2,2021,2021-06-20,594444.33,592343.0
chronos2,2021,2021-06-21,695310.81,683787.3125
chronos2,2021,2021-06-22,710395.742,700995.125
chronos2,2021,2021-06-23,701339.201,705491.875
chronos2,2021,2021-06-24,667378.472,697949.4375
chronos2,2021,2021-06-25,694493.443,704875.5
chronos2,2021,2021-06-26,651121.08,650132.4375
chronos2,2021,2021-06-27,606935.474,604139.8125
chronos2,2021,2021-06-28,706509.225,696293.4375
chronos2,2021,2021-06-29,727913.028,722940.375
chronos2,2021,2021-06-30,744980.042,737309.625
chronos2,2021,2021-07-01,745646.823,752771.1875
chronos2,2021,2021-07-02,751071.94,754344.375
chronos2,2021,2021-07-03,686746.086,694705.625
chronos2,2021,2021-07-04,645197.787,648558.5
chronos2,2021,2021-07-05,756482.667,764554.5625
chronos2,2021,2021-07-06,765521.607,768897.3125
chronos2,2021,2021-07-07,749498.243,757680.125
chronos2,2021,2021-07-08,743139.951,757647.25
chronos2,2021,2021-07-09,749361.516,767024.5
chronos2,2021,2021-07-10,698499.464,708900.0625
chronos2,2021,2021-07-11,662579.088,665122.0625
chronos2,2021,2021-07-12,763113.617,766006.4375
chronos2,2021,2021-07-13,739886.353,741522.0
chronos2,2021,2021-07-14,742631.422,744449.9375
chronos2,2021,2021-07-15,749381.936,751318.8125
chronos2,2021,2021-07-16,755786.802,757113.0625
chronos2,2021,2021-07-17,703589.58,708405.4375
chronos2,2021,2021-07-18,657129.066,673614.4375
chronos2,2021,2021-07-19,770181.187,783464.3125
chronos2,2021,2021-07-20,786064.039,799668.375
chronos2,2021,2021-07-21,796392.983,813740.9375
chronos2,2021,2021-07-22,807661.031,817341.125
chronos2,2021,2021-07-23,801290.966,800226.3125
chronos2,2021,2021-07-24,708875.188,717323.1875
chronos2,2021,2021-07-25,647414.033,662937.1875
chronos2,2021,2021-07-26,741788.852,750632.5
chronos2,2021,2021-07-27,764664.988,785241.3125
chronos2,2021,2021-07-28,777471.567,784254.0
chronos2,2021,2021-07-29,786049.111,783658.9375
chronos2,2021,2021-07-30,780535.725,778761.75
chronos2,2021,2021-07-31,688602.143,672610.0625
chronos2,2021,2021-08-01,610030.071,599383.125
chronos2,2021,2021-08-02,692296.539,699798.9375
chronos2,2021,2021-08-03,716478.894,738280.25
chronos2,2021,2021-08-04,726929.59,761336.1875
chronos2,2021,2021-08-05,737222.091,763818.125
chronos2,2021,2021-08-06,733401.456,757647.625
chronos2,2021,2021-08-07,676412.684,683238.1875
chronos2,2021,2021-08-08,615001.22,616508.375
chronos2,2021,2021-08-09,688277.519,724404.375
chronos2,2021,2021-08-10,712411.101,763107.5
chronos2,2021,2021-08-11,735965.665,787895.0625
chronos2,2021,2021-08-12,755611.095,796514.875
chronos2,2021,2021-08-13,762760.446,803622.8125
chronos2,2021,2021-08-14,734160.936,760682.625
chronos2,2021,2021-08-15,692750.878,710426.25
chronos2,2021,2021-08-16,734676.191,783654.6875
chronos2,2021,2021-08-17,734157.383,766954.625
chronos2,2021,2021-08-18,729662.489,774589.0625
chronos2,2021,2021-08-19,723091.039,773814.1875
chronos2,2021,2021-08-20,723168.05,771955.8125
chronos2,2021,2021-08-21,680177.885,707536.0625
chronos2,2021,2021-08-22,642547.886,665030.75
chronos2,2021,2021-08-23,740216.309,767901.3125
chronos2,2021,2021-08-24,749610.14,754435.9375
chronos2,2021,2021-08-25,738207.487,756268.1875
chronos2,2021,2021-08-26,746460.103,775989.75
chronos2,2021,2021-08-27,752000.087,776977.625
chronos2,2021,2021-08-28,680131.728,687058.875
chronos2,2021,2021-08-29,625714.882,618071.0625
chronos2,2021,2021-08-30,722450.384,721567.6875
chronos2,2021,2021-08-31,747811.051,748010.625
chronos2,2021,2021-09-01,746405.192,730777.5
chronos2,2021,2021-09-02,733294.828,719682.625
chronos2,2021,2021-09-03,731068.102,712973.9375
chronos2,2021,2021-09-04,661105.572,650445.125
chronos2,2021,2021-09-05,625947.506,626219.5
chronos2,2021,2021-09-06,750941.319,735423.125
chronos2,2021,2021-09-07,778331.589,755771.125
chronos2,2021,2021-09-08,758832.979,750393.8125
chronos2,2021,2021-09-09,759765.067,749770.8125
chronos2,2021,2021-09-10,743109.71,737900.6875
chronos2,2021,2021-09-11,664034.519,652281.0
chronos2,2021,2021-09-12,624471.173,626997.75
chronos2,2021,2021-09-13,730599.845,731402.4375
chronos2,2021,2021-09-14,744889.97,728035.4375
chronos2,2021,2021-09-15,740655.596,732451.25
chronos2,2021,2021-09-16,726396.632,729485.1875
chronos2,2021,2021-09-17,714163.921,718368.75
chronos2,2021,2021-09-18,639492.9,639521.625
chronos2,2021,2021-09-19,588068.278,594117.9375
chronos2,2021,2021-09-20,692113.328,702732.25
chronos2,2021,2021-09-21,696775.737,720603.3125
chronos2,2021,2021-09-22,701743.975,726503.25
chronos2,2021,2021-09-23,704545.814,725795.3125
chronos2,2021,2021-09-24,697179.551,715390.5625
chronos2,2021,2021-09-25,631054.818,635803.25
chronos2,2021,2021-09-26,582860.409,594401.0
chronos2,2021,2021-09-27,686152.044,702289.5
chronos2,2021,2021-09-28,706305.455,719435.125
chronos2,2021,2021-09-29,710112.398,724009.25
chronos2,2021,2021-09-30,702537.831,712757.625
chronos2,2021,2021-10-01,692944.543,710338.6875
chronos2,2021,2021-10-02,630287.998,640644.5625
chronos2,2021,2021-10-03,585692.62,591123.75
chronos2,2021,2021-10-04,665592.111,694827.6875
chronos2,2021,2021-10-05,681284.754,713861.625
chronos2,2021,2021-10-06,695359.374,721968.1875
chronos2,2021,2021-10-07,689344.379,718530.0625
chronos2,2021,2021-10-08,685109.813,707405.75
chronos2,2021,2021-10-09,612730.729,635834.625
chronos2,2021,2021-10-10,568730.598,586326.5
chronos2,2021,2021-10-11,615641.185,698274.875
chronos2,2021,2021-10-12,577417.811,667155.25
chronos2,2021,2021-10-13,668727.443,731477.125
chronos2,2021,2021-10-14,682596.759,711617.6875
chronos2,2021,2021-10-15,681763.233,709680.8125
chronos2,2021,2021-10-16,616067.047,621023.875
chronos2,2021,2021-10-17,573616.151,584564.0
chronos2,2021,2021-10-18,675467.776,693657.25
chronos2,2021,2021-10-19,692280.722,713441.875
chronos2,2021,2021-10-20,693103.655,719102.4375
chronos2,2021,2021-10-21,688480.315,712869.8125
chronos2,2021,2021-10-22,682264.745,706137.9375
chronos2,2021,2021-10-23,612018.709,637652.0625
chronos2,2021,2021-10-24,571138.872,594277.9375
chronos2,2021,2021-10-25,670783.825,707037.125
chronos2,2021,2021-10-26,692319.42,723809.6875
chronos2,2021,2021-10-27,689359.293,730198.25
chronos2,2021,2021-10-28,691147.265,730726.5
chronos2,2021,2021-10-29,692264.935,719862.5
chronos2,2021,2021-10-30,626694.705,637733.0625
chronos2,2021,2021-10-31,597247.186,597390.375
chronos2,2021,2021-11-01,576367.744,598414.3125
chronos2,2021,2021-11-02,674854.716,736936.125
chronos2,2021,2021-11-03,695235.266,735137.6875
chronos2,2021,2021-11-04,705890.141,754067.6875
chronos2,2021,2021-11-05,717193.16,742872.875
chronos2,2021,2021-11-06,655441.422,678474.3125
chronos2,2021,2021-11-07,616104.014,636794.25
chronos2,2021,2021-11-08,716917.625,739953.375
chronos2,2021,2021-11-09,728003.134,764665.6875
chronos2,2021,2021-11-10,737414.445,766270.0625
chronos2,2021,2021-11-11,738439.482,771214.0
chronos2,2021,2021-11-12,731746.944,763592.8125
chronos2,2021,2021-11-13,652720.566,694860.875
chronos2,2021,2021-11-14,612965.856,647031.6875
chronos2,2021,2021-11-15,725702.68,750576.6875
chronos2,2021,2021-11-16,748837.812,773062.6875
chronos2,2021,2021-11-17,753689.107,777110.125
chronos2,2021,2021-11-18,755571.919,781076.875
chronos2,2021,2021-11-19,746448.912,777125.125
chronos2,2021,2021-11-20,674480.947,698129.125
chronos2,2021,2021-11-21,622504.567,647749.5
chronos2,2021,2021-11-22,744436.995,756935.6875
chronos2,2021,2021-11-23,774690.327,787574.375
chronos2,2021,2021-11-24,786755.043,799247.75
chronos2,2021,2021-11-25,787163.875,793579.375
chronos2,2021,2021-11-26,781000.985,790009.375
chronos2,2021,2021-11-27,716586.063,721406.625
chronos2,2021,2021-11-28,685695.321,675230.5625
chronos2,2021,2021-11-29,782127.955,777462.5
chronos2,2021,2021-11-30,788505.669,796509.1875
chronos2,2021,2021-12-01,797141.836,803537.25
chronos2,2021,2021-12-02,800194.435,799963.25
chronos2,2021,2021-12-03,790811.497,790214.375
chronos2,2021,2021-12-04,711448.518,704168.6875
chronos2,2021,2021-12-05,660580.665,666437.125
chronos2,2021,2021-12-06,667195.846,715808.5
chronos2,2021,2021-12-07,710588.895,802244.25
chronos2,2021,2021-12-08,684008.281,742085.0
chronos2,2021,2021-12-09,782066.188,810604.375
chronos2,2021,2021-12-10,776257.295,771734.75
chronos2,2021,2021-12-11,692242.959,698186.0625
chronos2,2021,2021-12-12,644678.964,655363.9375
chronos2,2021,2021-12-13,758492.556,769787.25
chronos2,2021,2021-12-14,783341.736,790236.625
chronos2,2021,2021-12-15,787193.874,796343.375
chronos2,2021,2021-12-16,792100.159,809170.8125
chronos2,2021,2021-12-17,783162.446,791869.0
chronos2,2021,2021-12-18,706205.51,711254.875
chronos2,2021,2021-12-19,660628.862,673331.6875
chronos2,2021,2021-12-20,771478.461,765018.9375
chronos2,2021,2021-12-21,772523.695,765472.0
chronos2,2021,2021-12-22,757320.524,764507.8125
chronos2,2021,2021-12-23,729089.502,739325.625
chronos2,2021,2021-12-24,637631.538,711073.625
chronos2,2021,2021-12-25,547513.015,571425.0
chronos2,2021,2021-12-26,582595.459,625847.75
chronos2,2021,2021-12-27,657559.283,691837.125
chronos2,2021,2021-12-28,663701.614,709945.5625
chronos2,2021,2021-12-29,657200.732,728199.25
chronos2,2021,2021-12-30,653602.373,708491.375
chronos2,2021,2021-12-31,611387.919,693235.25
chronos2,2022,2022-01-01,535144.786,498322.375
chronos2,2022,2022-01-02,578855.186,600602.5
chronos2,2022,2022-01-03,691970.774,699528.25
chronos2,2022,2022-01-04,718047.874,717933.75
chronos2,2022,2022-01-05,715070.234,708287.8125
chronos2,2022,2022-01-06,617936.351,638592.25
chronos2,2022,2022-01-07,703004.57,754407.625
chronos2,2022,2022-01-08,686615.314,723135.75
chronos2,2022,2022-01-09,657099.904,677344.625
chronos2,2022,2022-01-10,756621.212,752716.5625
chronos2,2022,2022-01-11,771711.078,780554.6875
chronos2,2022,2022-01-12,777310.213,777955.8125
chronos2,2022,2022-01-13,788572.283,789777.8125
chronos2,2022,2022-01-14,796150.956,808156.9375
chronos2,2022,2022-01-15,717164.143,760718.75
chronos2,2022,2022-01-16,672381.068,728084.6875
chronos2,2022,2022-01-17,790794.183,816616.9375
chronos2,2022,2022-01-18,809453.033,833406.25
chronos2,2022,2022-01-19,813885.767,840755.625
chronos2,2022,2022-01-20,813841.104,838764.0
chronos2,2022,2022-01-21,812933.383,835246.75
chronos2,2022,2022-01-22,728531.886,777229.25
chronos2,2022,2022-01-23,681487.178,714089.4375
chronos2,2022,2022-01-24,800222.601,811232.0
chronos2,2022,2022-01-25,803957.158,826083.1875
chronos2,2022,2022-01-26,800205.701,834006.0625
chronos2,2022,2022-01-27,794878.473,824632.1875
chronos2,2022,2022-01-28,786143.822,816773.5625
chronos2,2022,2022-01-29,698969.016,742996.8125
chronos2,2022,2022-01-30,648503.898,687294.3125
chronos2,2022,2022-01-31,761832.783,780300.25
chronos2,2022,2022-02-01,774260.763,789007.5
chronos2,2022,2022-02-02,762494.554,785862.5625
chronos2,2022,2022-02-03,760780.897,781905.625
chronos2,2022,2022-02-04,756896.641,771159.875
chronos2,2022,2022-02-05,682674.839,697488.875
chronos2,2022,2022-02-06,635247.08,658385.5
chronos2,2022,2022-02-07,746724.421,757692.375
chronos2,2022,2022-02-08,756678.724,772429.875
chronos2,2022,2022-02-09,755748.252,776635.3125
chronos2,2022,2022-02-10,762082.393,775272.0625
chronos2,2022,2022-02-11,754633.793,765536.9375
chronos2,2022,2022-02-12,679947.691,694465.4375
chronos2,2022,2022-02-13,635776.528,643084.0
chronos2,2022,2022-02-14,741719.03,746513.0625
chronos2,2022,2022-02-15,759124.039,767449.5625
chronos2,2022,2022-02-16,758265.98,763615.75
chronos2,2022,2022-02-17,744050.02,765316.9375
chronos2,2022,2022-02-18,735427.048,750019.4375
chronos2,2022,2022-02-19,677992.558,676617.75
chronos2,2022,2022-02-20,628491.111,631519.5625
chronos2,2022,2022-02-21,726597.17,741568.5
chronos2,2022,2022-02-22,734120.281,756057.125
chronos2,2022,2022-02-23,732237.567,758216.75
chronos2,2022,2022-02-24,736907.737,756948.5625
chronos2,2022,2022-02-25,742820.885,752411.75
chronos2,2022,2022-02-26,670693.047,681431.25
chronos2,2022,2022-02-27,618013.898,631541.625
chronos2,2022,2022-02-28,697748.424,741275.6875
chronos2,2022,2022-03-01,722629.686,756307.0
chronos2,2022,2022-03-02,735689.298,758790.1875
chronos2,2022,2022-03-03,742779.369,761673.6875
chronos2,2022,2022-03-04,743386.909,753155.875
chronos2,2022,2022-03-05,660787.324,685220.75
chronos2,2022,2022-03-06,620251.472,634685.25
chronos2,2022,2022-03-07,732493.133,750285.125
chronos2,2022,2022-03-08,735113.962,763218.8125
chronos2,2022,2022-03-09,726757.341,763342.5
chronos2,2022,2022-03-10,722215.252,760905.1875
chronos2,2022,2022-03-11,731329.705,751949.25
chronos2,2022,2022-03-12,642182.296,679618.4375
chronos2,2022,2022-03-13,593322.595,626065.625
chronos2,2022,2022-03-14,726364.443,734269.5625
chronos2,2022,2022-03-15,727251.646,741525.375
chronos2,2022,2022-03-16,728889.512,745792.0
chronos2,2022,2022-03-17,726425.305,738941.75
chronos2,2022,2022-03-18,704833.012,730229.4375
chronos2,2022,2022-03-19,624061.488,660979.625
chronos2,2022,2022-03-20,591749.465,609332.75
chronos2,2022,2022-03-21,698550.305,716433.125
chronos2,2022,2022-03-22,717641.0,725967.75
chronos2,2022,2022-03-23,719548.211,731819.4375
chronos2,2022,2022-03-24,725071.963,727405.3125
chronos2,2022,2022-03-25,706766.452,715238.25
chronos2,2022,2022-03-26,631663.488,656152.625
chronos2,2022,2022-03-27,554056.158,608578.375
chronos2,2022,2022-03-28,677673.545,702931.0625
chronos2,2022,2022-03-29,692972.303,723227.625
chronos2,2022,2022-03-30,707690.926,733956.6875
chronos2,2022,2022-03-31,705601.198,741826.6875
chronos2,2022,2022-04-01,710892.602,742486.9375
chronos2,2022,2022-04-02,645549.332,693941.6875
chronos2,2022,2022-04-03,613758.289,659369.375
chronos2,2022,2022-04-04,744100.153,756706.125
chronos2,2022,2022-04-05,762729.139,774057.9375
chronos2,2022,2022-04-06,744533.256,775273.3125
chronos2,2022,2022-04-07,722876.934,748707.125
chronos2,2022,2022-04-08,707077.849,735805.4375
chronos2,2022,2022-04-09,621527.143,654442.5
chronos2,2022,2022-04-10,574809.756,602151.375
chronos2,2022,2022-04-11,667783.117,685306.125
chronos2,2022,2022-04-12,687251.619,695980.1875
chronos2,2022,2022-04-13,685363.179,695419.4375
chronos2,2022,2022-04-14,585210.51,675924.75
chronos2,2022,2022-04-15,536448.535,592896.875
chronos2,2022,2022-04-16,551086.712,604885.625
chronos2,2022,2022-04-17,527257.849,535629.6875
chronos2,2022,2022-04-18,580335.76,638991.1875
chronos2,2022,2022-04-19,657825.815,669102.375
chronos2,2022,2022-04-20,698469.112,692924.0
chronos2,2022,2022-04-21,697710.847,704859.875
chronos2,2022,2022-04-22,695637.89,701841.6875
chronos2,2022,2022-04-23,628779.932,649339.0
chronos2,2022,2022-04-24,571994.039,598778.5625
chronos2,2022,2022-04-25,654714.455,702970.875
chronos2,2022,2022-04-26,677540.715,713449.3125
chronos2,2022,2022-04-27,687613.611,719023.4375
chronos2,2022,2022-04-28,688510.063,717118.4375
chronos2,2022,2022-04-29,669022.367,707036.1875
chronos2,2022,2022-04-30,592600.643,637424.75
chronos2,2022,2022-05-01,528390.929,583412.4375
chronos2,2022,2022-05-02,614138.744,687171.125
chronos2,2022,2022-05-03,677392.499,706449.5625
chronos2,2022,2022-05-04,687315.435,711317.3125
chronos2,2022,2022-05-05,680762.673,708976.1875
chronos2,2022,2022-05-06,668597.638,700573.875
chronos2,2022,2022-05-07,596496.276,624315.4375
chronos2,2022,2022-05-08,550457.934,573975.875
chronos2,2022,2022-05-09,650598.557,668918.1875
chronos2,2022,2022-05-10,673774.152,692110.0
chronos2,2022,2022-05-11,678560.086,697705.0
chronos2,2022,2022-05-12,683981.303,696734.5
chronos2,2022,2022-05-13,678906.624,689026.6875
chronos2,2022,2022-05-14,613471.345,627373.4375
chronos2,2022,2022-05-15,565340.711,580219.0625
chronos2,2022,2022-05-16,658606.234,678084.375
chronos2,2022,2022-05-17,689159.568,697211.8125
chronos2,2022,2022-05-18,701701.58,713225.6875
chronos2,2022,2022-05-19,716668.676,717270.3125
chronos2,2022,2022-05-20,714896.579,711744.625
chronos2,2022,2022-05-21,645687.218,657139.0625
chronos2,2022,2022-05-22,591016.568,595439.4375
chronos2,2022,2022-05-23,692293.672,682239.0
chronos2,2022,2022-05-24,699490.143,705699.875
chronos2,2022,2022-05-25,683203.914,707243.5
chronos2,2022,2022-05-26,688924.599,706487.625
chronos2,2022,2022-05-27,691167.658,696397.5625
chronos2,2022,2022-05-28,628739.734,647627.0
chronos2,2022,2022-05-29,579504.708,586520.5
chronos2,2022,2022-05-30,672096.948,689181.8125
chronos2,2022,2022-05-31,699889.965,707740.4375
chronos2,2022,2022-06-01,709660.649,717443.25
chronos2,2022,2022-06-02,714096.111,710361.0
chronos2,2022,2022-06-03,711460.499,706984.6875
chronos2,2022,2022-06-04,632752.836,633041.125
chronos2,2022,2022-06-05,583681.514,585325.25
chronos2,2022,2022-06-06,671690.704,700016.625
chronos2,2022,2022-06-07,720817.352,722811.5625
chronos2,2022,2022-06-08,734652.173,730344.0625
chronos2,2022,2022-06-09,740426.075,737409.375
chronos2,2022,2022-06-10,740712.627,738713.0
chronos2,2022,2022-06-11,678773.887,691382.5
chronos2,2022,2022-06-12,633281.978,657948.375
chronos2,2022,2022-06-13,758638.075,765891.8125
chronos2,2022,2022-06-14,798691.052,796540.875
chronos2,2022,2022-06-15,816499.073,809010.0
chronos2,2022,2022-06-16,810374.883,810436.125
chronos2,2022,2022-06-17,807731.237,809145.4375
chronos2,2022,2022-06-18,721874.37,746201.1875
chronos2,2022,2022-06-19,639567.443,651482.0
chronos2,2022,2022-06-20,746482.216,740535.125
chronos2,2022,2022-06-21,754336.941,735419.3125
chronos2,2022,2022-06-22,735366.573,722815.5
chronos2,2022,2022-06-23,712244.518,713300.5625
chronos2,2022,2022-06-24,658105.271,700204.875
chronos2,2022,2022-06-25,634796.661,632894.9375
chronos2,2022,2022-06-26,597120.111,598042.25
chronos2,2022,2022-06-27,697550.971,691899.6875
chronos2,2022,2022-06-28,717423.769,719427.625
chronos2,2022,2022-06-29,727046.257,736379.1875
chronos2,2022,2022-06-30,724490.783,728220.4375
chronos2,2022,2022-07-01,714296.439,717216.75
chronos2,2022,2022-07-02,664621.873,686154.4375
chronos2,2022,2022-07-03,628386.931,648738.3125
chronos2,2022,2022-07-04,734811.021,749122.6875
chronos2,2022,2022-07-05,766576.117,777477.125
chronos2,2022,2022-07-06,763815.16,764239.4375
chronos2,2022,2022-07-07,756028.699,766428.9375
chronos2,2022,2022-07-08,760229.022,769729.5625
chronos2,2022,2022-07-09,692390.322,723641.0625
chronos2,2022,2022-07-10,652462.732,693593.25
chronos2,2022,2022-07-11,781323.554,797747.125
chronos2,2022,2022-07-12,811270.388,831119.3125
chronos2,2022,2022-07-13,827870.215,843959.375
chronos2,2022,2022-07-14,836258.259,853348.375
chronos2,2022,2022-07-15,831856.371,841315.75
chronos2,2022,2022-07-16,748679.261,784888.1875
chronos2,2022,2022-07-17,698666.051,755234.9375
chronos2,2022,2022-07-18,822023.508,838443.5625
chronos2,2022,2022-07-19,823558.586,830477.4375
chronos2,2022,2022-07-20,823283.426,829016.25
chronos2,2022,2022-07-21,836727.903,840343.0
chronos2,2022,2022-07-22,831424.411,833912.8125
chronos2,2022,2022-07-23,735091.226,746667.0
chronos2,2022,2022-07-24,687821.417,735882.5625
chronos2,2022,2022-07-25,787876.394,822434.0625
chronos2,2022,2022-07-26,824187.447,816045.375
chronos2,2022,2022-07-27,806232.992,811962.5
chronos2,2022,2022-07-28,800376.722,805418.375
chronos2,2022,2022-07-29,793992.235,797326.5
chronos2,2022,2022-07-30,718385.467,722606.25
chronos2,2022,2022-07-31,675415.017,705403.25
chronos2,2022,2022-08-01,782866.189,804973.8125
chronos2,2022,2022-08-02,800030.828,822842.625
chronos2,2022,2022-08-03,795863.729,830619.1875
chronos2,2022,2022-08-04,789564.733,823341.875
chronos2,2022,2022-08-05,772886.414,805348.5
chronos2,2022,2022-08-06,699119.098,744930.8125
chronos2,2022,2022-08-07,647889.366,707164.125
chronos2,2022,2022-08-08,727811.301,786644.375
chronos2,2022,2022-08-09,745979.959,812210.3125
chronos2,2022,2022-08-10,754636.552,824968.75
chronos2,2022,2022-08-11,750843.942,812127.0
chronos2,2022,2022-08-12,750786.746,819041.125
chronos2,2022,2022-08-13,698246.392,729212.6875
chronos2,2022,2022-08-14,629884.456,683047.625
chronos2,2022,2022-08-15,622660.016,704018.4375
chronos2,2022,2022-08-16,680755.938,776162.25
chronos2,2022,2022-08-17,677139.664,726468.3125
chronos2,2022,2022-08-18,659330.261,717032.3125
chronos2,2022,2022-08-19,661916.618,720476.625
chronos2,2022,2022-08-20,633699.219,671433.875
chronos2,2022,2022-08-21,602791.839,653352.0
chronos2,2022,2022-08-22,703153.961,744937.1875
chronos2,2022,2022-08-23,730634.865,773977.0
chronos2,2022,2022-08-24,738558.459,780625.75
chronos2,2022,2022-08-25,736603.211,774312.8125
chronos2,2022,2022-08-26,725562.063,763911.5625
chronos2,2022,2022-08-27,656630.131,674956.5
chronos2,2022,2022-08-28,615465.721,676700.8125
chronos2,2022,2022-08-29,727200.545,759520.625
chronos2,2022,2022-08-30,750924.467,787044.375
chronos2,2022,2022-08-31,740231.753,787039.75
chronos2,2022,2022-09-01,731641.339,768753.75
chronos2,2022,2022-09-02,732227.67,763684.1875
chronos2,2022,2022-09-03,642236.01,668232.5625
chronos2,2022,2022-09-04,596575.601,632749.4375
chronos2,2022,2022-09-05,711057.502,736576.5
chronos2,2022,2022-09-06,727527.085,754369.5625
chronos2,2022,2022-09-07,731678.0,753246.0625
chronos2,2022,2022-09-08,715619.573,757806.0
chronos2,2022,2022-09-09,721661.277,749623.5625
chronos2,2022,2022-09-10,653804.812,684661.4375
chronos2,2022,2022-09-11,619822.057,664408.125
chronos2,2022,2022-09-12,743105.948,755841.75
chronos2,2022,2022-09-13,746416.15,748720.3125
chronos2,2022,2022-09-14,722541.723,733431.25
chronos2,2022,2022-09-15,713473.613,729430.9375
chronos2,2022,2022-09-16,708799.082,717947.3125
chronos2,2022,2022-09-17,619334.834,638293.5
chronos2,2022,2022-09-18,574254.188,599693.3125
chronos2,2022,2022-09-19,685476.662,698475.9375
chronos2,2022,2022-09-20,704300.231,716855.6875
chronos2,2022,2022-09-21,700070.02,721002.25
chronos2,2022,2022-09-22,695597.389,719538.375
chronos2,2022,2022-09-23,689988.523,711411.875
chronos2,2022,2022-09-24,602468.746,636655.5
chronos2,2022,2022-09-25,547492.934,595379.375
chronos2,2022,2022-09-26,638740.351,697083.25
chronos2,2022,2022-09-27,659456.712,708557.0625
chronos2,2022,2022-09-28,663780.704,710620.8125
chronos2,2022,2022-09-29,663785.856,713298.5
chronos2,2022,2022-09-30,649024.388,700525.1875
chronos2,2022,2022-10-01,576530.486,635030.125
chronos2,2022,2022-10-02,536105.027,587358.875
chronos2,2022,2022-10-03,644976.653,685794.5
chronos2,2022,2022-10-04,667812.384,699678.1875
chronos2,2022,2022-10-05,669204.132,704866.75
chronos2,2022,2022-10-06,675127.531,703009.9375
chronos2,2022,2022-10-07,666351.834,693025.5
chronos2,2022,2022-10-08,589542.598,632062.4375
chronos2,2022,2022-10-09,540796.45,581406.0
chronos2,2022,2022-10-10,644622.826,672786.375
chronos2,2022,2022-10-11,654510.421,687435.3125
chronos2,2022,2022-10-12,557942.649,657551.625
chronos2,2022,2022-10-13,641378.909,710381.5
chronos2,2022,2022-10-14,654335.366,684015.75
chronos2,2022,2022-10-15,579414.681,624266.0
chronos2,2022,2022-10-16,540243.248,573220.9375
chronos2,2022,2022-10-17,645458.789,675799.125
chronos2,2022,2022-10-18,666698.644,694073.75
chronos2,2022,2022-10-19,678778.124,696056.8125
chronos2,2022,2022-10-20,683996.794,693048.6875
chronos2,2022,2022-10-21,672847.573,684884.125
chronos2,2022,2022-10-22,586790.797,621571.625
chronos2,2022,2022-10-23,551003.213,579782.9375
chronos2,2022,2022-10-24,646287.207,672772.375
chronos2,2022,2022-10-25,663966.837,693891.0625
chronos2,2022,2022-10-26,669571.962,700192.9375
chronos2,2022,2022-10-27,664276.72,693908.0
chronos2,2022,2022-10-28,653085.719,685591.875
chronos2,2022,2022-10-29,573082.907,612441.875
chronos2,2022,2022-10-30,547874.045,578229.75
chronos2,2022,2022-10-31,587498.589,677973.8125
chronos2,2022,2022-11-01,538630.845,623703.375
chronos2,2022,2022-11-02,634187.151,717749.8125
chronos2,2022,2022-11-03,656532.768,705015.8125
chronos2,2022,2022-11-04,653078.471,705669.8125
chronos2,2022,2022-11-05,571841.348,637807.4375
chronos2,2022,2022-11-06,532238.943,600757.625
chronos2,2022,2022-11-07,612953.806,702550.8125
chronos2,2022,2022-11-08,666701.201,720213.5625
chronos2,2022,2022-11-09,661163.333,726798.5
chronos2,2022,2022-11-10,664449.942,723373.0
chronos2,2022,2022-11-11,664653.882,720179.125
chronos2,2022,2022-11-12,588358.835,645450.375
chronos2,2022,2022-11-13,542933.157,605314.625
chronos2,2022,2022-11-14,652741.12,706902.0625
chronos2,2022,2022-11-15,651544.301,724169.25
chronos2,2022,2022-11-16,681393.885,732054.5
chronos2,2022,2022-11-17,679641.411,725059.0625
chronos2,2022,2022-11-18,675636.087,724934.0
chronos2,2022,2022-11-19,603900.284,660137.0625
chronos2,2022,2022-11-20,560680.142,631441.625
chronos2,2022,2022-11-21,686937.943,733027.8125
chronos2,2022,2022-11-22,715617.289,750651.5
chronos2,2022,2022-11-23,701571.613,748757.75
chronos2,2022,2022-11-24,698309.438,747381.8125
chronos2,2022,2022-11-25,682256.747,738092.75
chronos2,2022,2022-11-26,614741.775,681049.1875
chronos2,2022,2022-11-27,582620.008,654440.9375
chronos2,2022,2022-11-28,688907.474,749021.75
chronos2,2022,2022-11-29,712802.199,773742.625
chronos2,2022,2022-11-30,724740.32,783813.125
chronos2,2022,2022-12-01,730613.079,786371.75
chronos2,2022,2022-12-02,731618.823,783868.3125
chronos2,2022,2022-12-03,659861.394,713819.25
chronos2,2022,2022-12-04,616327.939,668723.6875
chronos2,2022,2022-12-05,707473.451,774316.6875
chronos2,2022,2022-12-06,645078.436,732418.6875
chronos2,2022,2022-12-07,693711.869,806261.1875
chronos2,2022,2022-12-08,632319.537,736321.9375
chronos2,2022,2022-12-09,671091.448,797503.4375
chronos2,2022,2022-12-10,623146.186,687321.0625
chronos2,2022,2022-12-11,606821.364,664306.875
chronos2,2022,2022-12-12,728180.46,753768.875
chronos2,2022,2022-12-13,732934.204,770148.3125
chronos2,2022,2022-12-14,717540.301,768549.25
chronos2,2022,2022-12-15,712548.603,768786.5625
chronos2,2022,2022-12-16,713514.912,772090.625
chronos2,2022,2022-12-17,629703.175,685222.625
chronos2,2022,2022-12-18,591386.911,658898.4375
chronos2,2022,2022-12-19,708990.929,749411.0625
chronos2,2022,2022-12-20,724156.043,749346.5625
chronos2,2022,2022-12-21,711189.579,738114.3125
chronos2,2022,2022-12-22,694814.032,724457.1875
chronos2,2022,2022-12-23,657996.045,694654.5
chronos2,2022,2022-12-24,562091.314,636884.0
chronos2,2022,2022-12-25,489067.621,600000.3125
chronos2,2022,2022-12-26,532343.828,675400.1875
chronos2,2022,2022-12-27,612141.492,697195.625
chronos2,2022,2022-12-28,629989.307,715914.0625
chronos2,2022,2022-12-29,637184.984,729929.0625
chronos2,2022,2022-12-30,624064.594,710400.5
chronos2,2022,2022-12-31,559754.852,648238.6875
chronos2,2023,2023-01-01,506425.906,521457.3125
chronos2,2023,2023-01-02,621645.824,613182.0
chronos2,2023,2023-01-03,677052.137,652547.125
chronos2,2023,2023-01-04,689160.95,662424.625
chronos2,2023,2023-01-05,671291.045,664631.6875
chronos2,2023,2023-01-06,580299.936,624109.0625
chronos2,2023,2023-01-07,626064.221,620913.5
chronos2,2023,2023-01-08,614482.321,568744.125
chronos2,2023,2023-01-09,702001.315,683224.875
chronos2,2023,2023-01-10,731661.44,704713.25
chronos2,2023,2023-01-11,738957.782,712670.25
chronos2,2023,2023-01-12,743091.787,722377.875
chronos2,2023,2023-01-13,737961.141,726137.625
chronos2,2023,2023-01-14,663062.596,667371.5625
chronos2,2023,2023-01-15,615888.197,613127.375
chronos2,2023,2023-01-16,755509.285,711834.125
chronos2,2023,2023-01-17,758739.977,737243.6875
chronos2,2023,2023-01-18,780321.606,754243.1875
chronos2,2023,2023-01-19,790062.795,759387.3125
chronos2,2023,2023-01-20,757426.586,752832.0
chronos2,2023,2023-01-21,676924.309,689974.75
chronos2,2023,2023-01-22,649293.321,649969.8125
chronos2,2023,2023-01-23,787526.211,752300.9375
chronos2,2023,2023-01-24,825630.213,773984.3125
chronos2,2023,2023-01-25,816153.242,785467.875
chronos2,2023,2023-01-26,817260.311,785771.25
chronos2,2023,2023-01-27,806430.869,780385.25
chronos2,2023,2023-01-28,718692.953,711093.375
chronos2,2023,2023-01-29,675983.757,671790.5
chronos2,2023,2023-01-30,795325.338,763911.125
chronos2,2023,2023-01-31,803698.92,778899.875
chronos2,2023,2023-02-01,801662.332,789089.625
chronos2,2023,2023-02-02,790975.567,768464.875
chronos2,2023,2023-02-03,775632.369,758902.1875
chronos2,2023,2023-02-04,684167.496,675117.0625
chronos2,2023,2023-02-05,638690.856,624035.5625
chronos2,2023,2023-02-06,775399.85,731669.0625
chronos2,2023,2023-02-07,808031.458,748517.25
chronos2,2023,2023-02-08,805426.932,752171.375
chronos2,2023,2023-02-09,795325.55,750203.8125
chronos2,2023,2023-02-10,791833.872,746316.0625
chronos2,2023,2023-02-11,696716.754,669592.4375
chronos2,2023,2023-02-12,648805.368,616738.0
chronos2,2023,2023-02-13,763941.892,719903.0
chronos2,2023,2023-02-14,776349.758,734950.0
chronos2,2023,2023-02-15,765234.644,739214.4375
chronos2,2023,2023-02-16,756184.773,727022.625
chronos2,2023,2023-02-17,745841.242,715778.9375
chronos2,2023,2023-02-18,656958.729,633495.0625
chronos2,2023,2023-02-19,604243.142,580067.0625
chronos2,2023,2023-02-20,703843.757,677270.25
chronos2,2023,2023-02-21,718542.25,697683.125
chronos2,2023,2023-02-22,723179.886,705428.625
chronos2,2023,2023-02-23,744746.598,712372.75
chronos2,2023,2023-02-24,741153.705,709702.0625
chronos2,2023,2023-02-25,670495.14,646911.6875
chronos2,2023,2023-02-26,633054.625,606951.1875
chronos2,2023,2023-02-27,769247.838,719925.0
chronos2,2023,2023-02-28,774548.797,735774.3125
chronos2,2023,2023-03-01,790626.199,745280.6875
chronos2,2023,2023-03-02,796204.01,747967.8125
chronos2,2023,2023-03-03,772937.401,738649.875
chronos2,2023,2023-03-04,674017.739,653156.25
chronos2,2023,2023-03-05,635805.655,605120.6875
chronos2,2023,2023-03-06,739440.9,707821.8125
chronos2,2023,2023-03-07,736668.395,705230.1875
chronos2,2023,2023-03-08,726365.685,690889.3125
chronos2,2023,2023-03-09,716452.857,672229.6875
chronos2,2023,2023-03-10,689273.37,651670.9375
chronos2,2023,2023-03-11,608584.638,564573.25
chronos2,2023,2023-03-12,557439.954,524547.9375
chronos2,2023,2023-03-13,658906.077,604676.25
chronos2,2023,2023-03-14,669720.805,634914.0
chronos2,2023,2023-03-15,669686.9,649042.625
chronos2,2023,2023-03-16,671404.492,649522.375
chronos2,2023,2023-03-17,669898.72,647108.5
chronos2,2023,2023-03-18,603233.37,589831.125
chronos2,2023,2023-03-19,551700.834,557101.1875
chronos2,2023,2023-03-20,641384.343,646093.1875
chronos2,2023,2023-03-21,667437.684,668765.375
chronos2,2023,2023-03-22,665415.519,665356.5625
chronos2,2023,2023-03-23,664773.196,663831.125
chronos2,2023,2023-03-24,664920.294,654211.4375
chronos2,2023,2023-03-25,595900.869,580895.125
chronos2,2023,2023-03-26,525933.283,535128.6875
chronos2,2023,2023-03-27,642067.363,626473.4375
chronos2,2023,2023-03-28,655229.932,641415.25
chronos2,2023,2023-03-29,657287.875,646327.25
chronos2,2023,2023-03-30,660755.927,648261.5625
chronos2,2023,2023-03-31,660236.946,636156.5
chronos2,2023,2023-04-01,592046.555,569358.125
chronos2,2023,2023-04-02,548874.924,527953.375
chronos2,2023,2023-04-03,639072.811,635084.9375
chronos2,2023,2023-04-04,652016.035,658380.125
chronos2,2023,2023-04-05,639631.827,662706.8125
chronos2,2023,2023-04-06,564889.452,661057.625
chronos2,2023,2023-04-07,518549.539,589206.75
chronos2,2023,2023-04-08,531339.729,584678.5
chronos2,2023,2023-04-09,508947.86,510166.03125
chronos2,2023,2023-04-10,562915.862,612906.25
chronos2,2023,2023-04-11,631802.137,630561.125
chronos2,2023,2023-04-12,660115.2,636190.625
chronos2,2023,2023-04-13,658532.314,635100.375
chronos2,2023,2023-04-14,664022.635,625964.4375
chronos2,2023,2023-04-15,592441.566,574348.0
chronos2,2023,2023-04-16,547231.264,518064.5625
chronos2,2023,2023-04-17,634831.145,609700.1875
chronos2,2023,2023-04-18,654865.618,639442.4375
chronos2,2023,2023-04-19,654950.573,649739.3125
chronos2,2023,2023-04-20,656653.518,652004.25
chronos2,2023,2023-04-21,650980.32,641087.5
chronos2,2023,2023-04-22,590495.8,572095.0625
chronos2,2023,2023-04-23,544376.883,521867.8125
chronos2,2023,2023-04-24,633779.346,614237.0625
chronos2,2023,2023-04-25,659059.16,635868.25
chronos2,2023,2023-04-26,661852.956,638558.625
chronos2,2023,2023-04-27,666829.312,641037.3125
chronos2,2023,2023-04-28,661354.264,635195.0625
chronos2,2023,2023-04-29,592081.712,563680.5
chronos2,2023,2023-04-30,542193.983,517795.375
chronos2,2023,2023-05-01,523889.313,567837.4375
chronos2,2023,2023-05-02,622434.735,651588.5
chronos2,2023,2023-05-03,660714.847,640410.625
chronos2,2023,2023-05-04,665290.908,651502.3125
chronos2,2023,2023-05-05,659616.923,640618.8125
chronos2,2023,2023-05-06,590485.791,571887.375
chronos2,2023,2023-05-07,548502.085,525993.125
chronos2,2023,2023-05-08,642369.829,622360.9375
chronos2,2023,2023-05-09,668097.149,647721.4375
chronos2,2023,2023-05-10,663531.114,652080.75
chronos2,2023,2023-05-11,657135.64,653162.9375
chronos2,2023,2023-05-12,656184.255,645118.875
chronos2,2023,2023-05-13,585306.083,581859.875
chronos2,2023,2023-05-14,542358.512,544939.9375
chronos2,2023,2023-05-15,631619.964,639172.375
chronos2,2023,2023-05-16,651749.949,660166.1875
chronos2,2023,2023-05-17,643132.606,667738.875
chronos2,2023,2023-05-18,651137.81,667068.9375
chronos2,2023,2023-05-19,646534.241,659727.5625
chronos2,2023,2023-05-20,576238.824,596480.0
chronos2,2023,2023-05-21,535466.982,548565.8125
chronos2,2023,2023-05-22,639422.481,644744.6875
chronos2,2023,2023-05-23,654198.935,663464.5625
chronos2,2023,2023-05-24,650279.581,666664.875
chronos2,2023,2023-05-25,651724.712,658325.625
chronos2,2023,2023-05-26,638249.622,652120.75
chronos2,2023,2023-05-27,566548.508,584735.5625
chronos2,2023,2023-05-28,521285.615,546027.0625
chronos2,2023,2023-05-29,621366.375,639725.9375
chronos2,2023,2023-05-30,638434.329,657100.625
chronos2,2023,2023-05-31,640059.655,662492.8125
chronos2,2023,2023-06-01,649942.676,661857.0
chronos2,2023,2023-06-02,642678.488,656099.375
chronos2,2023,2023-06-03,571764.741,587552.75
chronos2,2023,2023-06-04,529995.247,549074.375
chronos2,2023,2023-06-05,632165.698,637337.6875
chronos2,2023,2023-06-06,660649.668,660111.625
chronos2,2023,2023-06-07,675239.156,666416.75
chronos2,2023,2023-06-08,666873.185,663081.125
chronos2,2023,2023-06-09,657431.943,660031.0
chronos2,2023,2023-06-10,585434.217,584280.0
chronos2,2023,2023-06-11,546386.353,543378.375
chronos2,2023,2023-06-12,654286.647,631846.25
chronos2,2023,2023-06-13,671548.429,652620.4375
chronos2,2023,2023-06-14,675031.725,661823.75
chronos2,2023,2023-06-15,685681.558,677148.875
chronos2,2023,2023-06-16,695921.152,677596.9375
chronos2,2023,2023-06-17,627665.321,630391.875
chronos2,2023,2023-06-18,577954.372,569851.75
chronos2,2023,2023-06-19,684896.351,674302.8125
chronos2,2023,2023-06-20,704703.371,691240.375
chronos2,2023,2023-06-21,714975.961,695080.9375
chronos2,2023,2023-06-22,709422.083,705417.4375
chronos2,2023,2023-06-23,705413.541,711023.0
chronos2,2023,2023-06-24,628176.282,650423.625
chronos2,2023,2023-06-25,616012.038,619064.4375
chronos2,2023,2023-06-26,753018.153,745318.0
chronos2,2023,2023-06-27,772286.006,754141.8125
chronos2,2023,2023-06-28,777596.436,751602.125
chronos2,2023,2023-06-29,771072.346,743565.25
chronos2,2023,2023-06-30,729157.132,697656.4375
chronos2,2023,2023-07-01,646254.981,641365.6875
chronos2,2023,2023-07-02,615130.595,611526.5625
chronos2,2023,2023-07-03,741756.166,717983.75
chronos2,2023,2023-07-04,754074.66,738228.6875
chronos2,2023,2023-07-05,756329.156,734150.25
chronos2,2023,2023-07-06,760166.347,740564.0625
chronos2,2023,2023-07-07,752018.825,731464.5625
chronos2,2023,2023-07-08,665130.797,673070.8125
chronos2,2023,2023-07-09,628912.612,639483.375
chronos2,2023,2023-07-10,778800.77,749160.6875
chronos2,2023,2023-07-11,820243.486,777653.875
chronos2,2023,2023-07-12,813329.123,769032.3125
chronos2,2023,2023-07-13,799787.648,770266.375
chronos2,2023,2023-07-14,800527.393,774022.25
chronos2,2023,2023-07-15,698753.666,690878.75
chronos2,2023,2023-07-16,639880.119,645540.625
chronos2,2023,2023-07-17,781395.496,754776.5
chronos2,2023,2023-07-18,824598.568,789257.125
chronos2,2023,2023-07-19,837501.706,800293.625
chronos2,2023,2023-07-20,818438.549,786676.0625
chronos2,2023,2023-07-21,780090.042,767539.3125
chronos2,2023,2023-07-22,681943.561,681974.75
chronos2,2023,2023-07-23,646041.839,652020.125
chronos2,2023,2023-07-24,752105.434,742648.8125
chronos2,2023,2023-07-25,721372.938,744567.9375
chronos2,2023,2023-07-26,733046.018,741591.0
chronos2,2023,2023-07-27,748428.535,754541.9375
chronos2,2023,2023-07-28,740713.259,739731.5
chronos2,2023,2023-07-29,680851.05,682856.4375
chronos2,2023,2023-07-30,645350.877,647769.5625
chronos2,2023,2023-07-31,736624.838,739691.8125
chronos2,2023,2023-08-01,754106.067,756825.3125
chronos2,2023,2023-08-02,767572.867,760206.0
chronos2,2023,2023-08-03,743787.712,741737.625
chronos2,2023,2023-08-04,689678.817,702841.0625
chronos2,2023,2023-08-05,616704.903,645313.8125
chronos2,2023,2023-08-06,594272.852,614236.6875
chronos2,2023,2023-08-07,677200.493,699840.125
chronos2,2023,2023-08-08,710098.443,739406.5
chronos2,2023,2023-08-09,730621.532,761744.375
chronos2,2023,2023-08-10,746766.603,769761.5
chronos2,2023,2023-08-11,739105.889,753006.5625
chronos2,2023,2023-08-12,680130.564,687204.25
chronos2,2023,2023-08-13,633561.647,649386.5625
chronos2,2023,2023-08-14,679049.268,712091.0
chronos2,2023,2023-08-15,632371.277,702428.375
chronos2,2023,2023-08-16,697609.563,753365.125
chronos2,2023,2023-08-17,705886.436,734829.9375
chronos2,2023,2023-08-18,708620.632,743391.0
chronos2,2023,2023-08-19,669852.416,684530.6875
chronos2,2023,2023-08-20,650595.656,665347.5625
chronos2,2023,2023-08-21,769909.688,762178.25
chronos2,2023,2023-08-22,791908.796,785781.25
chronos2,2023,2023-08-23,805114.493,792748.5
chronos2,2023,2023-08-24,806257.924,783916.3125
chronos2,2023,2023-08-25,795777.497,769606.125
chronos2,2023,2023-08-26,704096.731,694270.75
chronos2,2023,2023-08-27,589812.346,583204.0625
chronos2,2023,2023-08-28,666251.744,672448.25
chronos2,2023,2023-08-29,684519.165,698198.875
chronos2,2023,2023-08-30,691690.676,693600.125
chronos2,2023,2023-08-31,696633.256,703203.0625
chronos2,2023,2023-09-01,707897.142,703042.5625
chronos2,2023,2023-09-02,617334.231,603912.25
chronos2,2023,2023-09-03,567635.528,571482.25
chronos2,2023,2023-09-04,680749.198,676348.3125
chronos2,2023,2023-09-05,702074.366,694926.4375
chronos2,2023,2023-09-06,713455.091,705635.125
chronos2,2023,2023-09-07,718709.335,708600.25
chronos2,2023,2023-09-08,696807.158,700237.4375
chronos2,2023,2023-09-09,623814.065,623396.6875
chronos2,2023,2023-09-10,582350.336,582354.5
chronos2,2023,2023-09-11,670861.718,673086.8125
chronos2,2023,2023-09-12,705037.939,688187.4375
chronos2,2023,2023-09-13,705471.848,695479.375
chronos2,2023,2023-09-14,712650.088,691224.875
chronos2,2023,2023-09-15,704741.902,680667.8125
chronos2,2023,2023-09-16,610152.639,611785.4375
chronos2,2023,2023-09-17,573642.626,569961.25
chronos2,2023,2023-09-18,665858.082,669627.875
chronos2,2023,2023-09-19,683286.703,679704.8125
chronos2,2023,2023-09-20,680363.13,682241.0
chronos2,2023,2023-09-21,682301.958,678133.5
chronos2,2023,2023-09-22,657786.885,671242.125
chronos2,2023,2023-09-23,577386.642,602776.0
chronos2,2023,2023-09-24,541155.475,561722.125
chronos2,2023,2023-09-25,644344.176,655401.875
chronos2,2023,2023-09-26,673007.777,673443.3125
chronos2,2023,2023-09-27,684381.179,678825.0
chronos2,2023,2023-09-28,688482.194,673605.875
chronos2,2023,2023-09-29,682620.495,674613.0
chronos2,2023,2023-09-30,608394.984,600290.75
chronos2,2023,2023-10-01,568592.41,562429.5
chronos2,2023,2023-10-02,677907.782,654510.1875
chronos2,2023,2023-10-03,694129.802,665979.25
chronos2,2023,2023-10-04,697359.162,669021.5625
chronos2,2023,2023-10-05,698683.251,663155.125
chronos2,2023,2023-10-06,699421.954,658991.0625
chronos2,2023,2023-10-07,618380.502,589693.75
chronos2,2023,2023-10-08,572203.065,549254.5
chronos2,2023,2023-10-09,661444.716,641963.0625
chronos2,2023,2023-10-10,682328.873,648733.5
chronos2,2023,2023-10-11,676631.446,654232.5
chronos2,2023,2023-10-12,575504.945,610981.9375
chronos2,2023,2023-10-13,615394.793,667596.5
chronos2,2023,2023-10-14,578579.097,565324.6875
chronos2,2023,2023-10-15,541876.33,544745.75
chronos2,2023,2023-10-16,656582.378,628097.3125
chronos2,2023,2023-10-17,685735.457,646828.9375
chronos2,2023,2023-10-18,691544.263,657832.625
chronos2,2023,2023-10-19,695588.62,655430.6875
chronos2,2023,2023-10-20,670024.187,651902.125
chronos2,2023,2023-10-21,578655.968,588325.0625
chronos2,2023,2023-10-22,547584.426,556729.625
chronos2,2023,2023-10-23,652396.01,649846.625
chronos2,2023,2023-10-24,668310.627,668098.5
chronos2,2023,2023-10-25,680986.583,669409.1875
chronos2,2023,2023-10-26,695519.318,666777.0
chronos2,2023,2023-10-27,681696.979,654587.25
chronos2,2023,2023-10-28,600928.081,591871.0625
chronos2,2023,2023-10-29,584792.106,550031.4375
chronos2,2023,2023-10-30,663807.745,634686.5625
chronos2,2023,2023-10-31,677491.268,665148.875
chronos2,2023,2023-11-01,595447.394,616680.875
chronos2,2023,2023-11-02,681524.046,677876.375
chronos2,2023,2023-11-03,688910.052,654256.75
chronos2,2023,2023-11-04,621381.226,596249.75
chronos2,2023,2023-11-05,573801.32,554148.5625
chronos2,2023,2023-11-06,677205.414,656863.1875
chronos2,2023,2023-11-07,699291.04,672033.1875
chronos2,2023,2023-11-08,713708.037,682477.9375
chronos2,2023,2023-11-09,703993.269,690138.375
chronos2,2023,2023-11-10,703513.302,676532.8125
chronos2,2023,2023-11-11,628504.13,599970.125
chronos2,2023,2023-11-12,573478.299,555483.0625
chronos2,2023,2023-11-13,672700.842,656447.75
chronos2,2023,2023-11-14,682941.124,681438.9375
chronos2,2023,2023-11-15,690217.89,684220.875
chronos2,2023,2023-11-16,694399.37,688478.5625
chronos2,2023,2023-11-17,681979.844,674362.0
chronos2,2023,2023-11-18,604200.644,604019.4375
chronos2,2023,2023-11-19,560129.864,572379.1875
chronos2,2023,2023-11-20,674097.163,666079.0625
chronos2,2023,2023-11-21,697706.662,690302.6875
chronos2,2023,2023-11-22,709139.885,697639.9375
chronos2,2023,2023-11-23,713863.707,700802.6875
chronos2,2023,2023-11-24,715114.11,696612.5
chronos2,2023,2023-11-25,635313.081,629638.875
chronos2,2023,2023-11-26,602380.968,589927.875
chronos2,2023,2023-11-27,720961.771,684095.6875
chronos2,2023,2023-11-28,737005.018,704927.75
chronos2,2023,2023-11-29,735891.426,709034.625
chronos2,2023,2023-11-30,724390.897,712222.625
chronos2,2023,2023-12-01,721843.711,703735.6875
chronos2,2023,2023-12-02,646520.006,640361.625
chronos2,2023,2023-12-03,624482.267,608058.375
chronos2,2023,2023-12-04,743449.538,695012.1875
chronos2,2023,2023-12-05,751522.63,727329.6875
chronos2,2023,2023-12-06,674816.633,690749.0625
chronos2,2023,2023-12-07,701438.509,736084.6875
chronos2,2023,2023-12-08,638304.87,656880.0625
chronos2,2023,2023-12-09,633897.78,648454.75
chronos2,2023,2023-12-10,604532.257,565157.0
chronos2,2023,2023-12-11,712662.101,679237.125
chronos2,2023,2023-12-12,734744.889,683803.625
chronos2,2023,2023-12-13,741549.886,698307.0
chronos2,2023,2023-12-14,745172.248,719172.6875
chronos2,2023,2023-12-15,739184.562,717306.0625
chronos2,2023,2023-12-16,662260.256,664127.625
chronos2,2023,2023-12-17,636365.322,620076.875
chronos2,2023,2023-12-18,758212.531,717472.9375
chronos2,2023,2023-12-19,774315.347,738843.0
chronos2,2023,2023-12-20,781442.119,733602.3125
chronos2,2023,2023-12-21,758822.16,724867.375
chronos2,2023,2023-12-22,721413.251,708012.3125
chronos2,2023,2023-12-23,640883.947,625497.5
chronos2,2023,2023-12-24,596118.636,600209.8125
chronos2,2023,2023-12-25,553617.338,636851.1875
chronos2,2023,2023-12-26,654679.567,737868.125
chronos2,2023,2023-12-27,703161.901,728697.0625
chronos2,2023,2023-12-28,710999.762,740747.4375
chronos2,2023,2023-12-29,698783.477,721832.8125
chronos2,2023,2023-12-30,630400.595,657005.125
chronos2,2023,2023-12-31,606791.929,624571.5625
chronos2,2024,2024-01-01,555244.867,587634.9375
chronos2,2024,2024-01-02,703015.288,727219.75
chronos2,2024,2024-01-03,721647.165,730218.4375
chronos2,2024,2024-01-04,726021.564,736819.3125
chronos2,2024,2024-01-05,697927.044,707420.125
chronos2,2024,2024-01-06,614433.071,586458.5
chronos2,2024,2024-01-07,637873.153,634589.4375
chronos2,2024,2024-01-08,784344.305,746022.0
chronos2,2024,2024-01-09,811334.555,772279.6875
chronos2,2024,2024-01-10,818554.39,770905.1875
chronos2,2024,2024-01-11,808748.333,772219.5
chronos2,2024,2024-01-12,805039.453,767018.6875
chronos2,2024,2024-01-13,717299.596,704992.125
chronos2,2024,2024-01-14,660467.647,665431.375
chronos2,2024,2024-01-15,770268.23,752474.75
chronos2,2024,2024-01-16,770386.472,759062.25
chronos2,2024,2024-01-17,759854.347,756086.8125
chronos2,2024,2024-01-18,742783.492,749936.8125
chronos2,2024,2024-01-19,776526.605,748164.6875
chronos2,2024,2024-01-20,683033.933,683776.5625
chronos2,2024,2024-01-21,640605.651,639419.875
chronos2,2024,2024-01-22,756819.433,752748.125
chronos2,2024,2024-01-23,753138.609,764118.3125
chronos2,2024,2024-01-24,740425.099,765391.875
chronos2,2024,2024-01-25,731835.908,754971.9375
chronos2,2024,2024-01-26,723523.058,740009.875
chronos2,2024,2024-01-27,637219.431,679304.4375
chronos2,2024,2024-01-28,600542.109,637218.0625
chronos2,2024,2024-01-29,722022.961,734835.375
chronos2,2024,2024-01-30,739056.741,755199.0
chronos2,2024,2024-01-31,743579.224,762119.9375
chronos2,2024,2024-02-01,742360.015,764191.5
chronos2,2024,2024-02-02,732137.756,755394.6875
chronos2,2024,2024-02-03,645683.778,674783.9375
chronos2,2024,2024-02-04,603124.588,622163.0
chronos2,2024,2024-02-05,723751.094,743845.4375
chronos2,2024,2024-02-06,737643.259,760196.3125
chronos2,2024,2024-02-07,749239.087,759881.4375
chronos2,2024,2024-02-08,753771.808,755099.375
chronos2,2024,2024-02-09,755078.183,743609.6875
chronos2,2024,2024-02-10,663286.901,661803.0
chronos2,2024,2024-02-11,637388.013,612060.5
chronos2,2024,2024-02-12,714805.293,713085.1875
chronos2,2024,2024-02-13,711774.274,731376.5
chronos2,2024,2024-02-14,720159.286,730718.5625
chronos2,2024,2024-02-15,729110.689,732019.75
chronos2,2024,2024-02-16,717799.65,723067.75
chronos2,2024,2024-02-17,624221.905,649832.0
chronos2,2024,2024-02-18,584974.522,599084.875
chronos2,2024,2024-02-19,689633.162,697960.0
chronos2,2024,2024-02-20,701883.264,724770.5
chronos2,2024,2024-02-21,717459.193,733046.25
chronos2,2024,2024-02-22,727081.55,732422.9375
chronos2,2024,2024-02-23,724628.099,727737.875
chronos2,2024,2024-02-24,657800.038,653488.0625
chronos2,2024,2024-02-25,626143.633,601843.875
chronos2,2024,2024-02-26,730573.86,707622.875
chronos2,2024,2024-02-27,746142.904,729548.5625
chronos2,2024,2024-02-28,732016.128,739046.375
chronos2,2024,2024-02-29,735852.499,743067.5625
chronos2,2024,2024-03-01,729467.223,736724.9375
chronos2,2024,2024-03-02,666467.109,658155.8125
chronos2,2024,2024-03-03,621709.846,614075.5
chronos2,2024,2024-03-04,737435.932,718120.0
chronos2,2024,2024-03-05,723424.215,743130.125
chronos2,2024,2024-03-06,729789.252,749598.875
chronos2,2024,2024-03-07,746093.475,744752.0
chronos2,2024,2024-03-08,749031.934,729371.5
chronos2,2024,2024-03-09,692419.871,660119.625
chronos2,2024,2024-03-10,627303.729,618765.625
chronos2,2024,2024-03-11,717439.261,712865.5625
chronos2,2024,2024-03-12,716317.541,732600.0625
chronos2,2024,2024-03-13,716865.216,731098.4375
chronos2,2024,2024-03-14,717487.516,724279.4375
chronos2,2024,2024-03-15,698375.264,707968.1875
chronos2,2024,2024-03-16,619190.554,622704.0625
chronos2,2024,2024-03-17,571959.711,569689.5
chronos2,2024,2024-03-18,656466.182,659177.0
chronos2,2024,2024-03-19,650942.94,679893.5625
chronos2,2024,2024-03-20,677715.876,690790.25
chronos2,2024,2024-03-21,684131.084,677298.625
chronos2,2024,2024-03-22,675156.316,666652.6875
chronos2,2024,2024-03-23,603767.889,599380.375
chronos2,2024,2024-03-24,563702.618,564940.75
chronos2,2024,2024-03-25,685192.419,661177.0
chronos2,2024,2024-03-26,699802.428,691449.375
chronos2,2024,2024-03-27,695408.52,701522.5625
chronos2,2024,2024-03-28,617996.902,701172.8125
chronos2,2024,2024-03-29,573029.121,650731.25
chronos2,2024,2024-03-30,588708.264,633637.0625
chronos2,2024,2024-03-31,561847.85,577764.25
chronos2,2024,2024-04-01,623303.276,693258.75
chronos2,2024,2024-04-02,694646.131,709329.5625
chronos2,2024,2024-04-03,688565.412,718512.875
chronos2,2024,2024-04-04,677501.897,710909.875
chronos2,2024,2024-04-05,671728.963,684884.1875
chronos2,2024,2024-04-06,604539.804,615113.4375
chronos2,2024,2024-04-07,561830.999,563137.125
chronos2,2024,2024-04-08,657510.236,651621.75
chronos2,2024,2024-04-09,668332.691,673349.25
chronos2,2024,2024-04-10,668277.546,680825.75
chronos2,2024,2024-04-11,666051.0,676253.1875
chronos2,2024,2024-04-12,664534.289,662538.5625
chronos2,2024,2024-04-13,585627.137,584816.0
chronos2,2024,2024-04-14,543795.772,544480.125
chronos2,2024,2024-04-15,648467.3,629959.375
chronos2,2024,2024-04-16,666104.149,661976.0
chronos2,2024,2024-04-17,661868.183,669956.8125
chronos2,2024,2024-04-18,666332.603,668693.875
chronos2,2024,2024-04-19,663124.782,662137.25
chronos2,2024,2024-04-20,589557.074,589562.8125
chronos2,2024,2024-04-21,546008.854,557204.25
chronos2,2024,2024-04-22,651354.591,654213.4375
chronos2,2024,2024-04-23,667541.496,689813.3125
chronos2,2024,2024-04-24,675674.227,693840.375
chronos2,2024,2024-04-25,691514.386,700447.6875
chronos2,2024,2024-04-26,675506.739,688463.875
chronos2,2024,2024-04-27,611988.992,626363.125
chronos2,2024,2024-04-28,568776.214,574762.6875
chronos2,2024,2024-04-29,672239.614,671761.625
chronos2,2024,2024-04-30,665002.708,700236.1875
chronos2,2024,2024-05-01,568495.068,663378.0625
chronos2,2024,2024-05-02,635501.984,712276.125
chronos2,2024,2024-05-03,652238.521,685346.8125
chronos2,2024,2024-05-04,593627.948,616446.9375
chronos2,2024,2024-05-05,555852.311,564600.1875
chronos2,2024,2024-05-06,648228.123,654327.375
chronos2,2024,2024-05-07,652583.945,681783.8125
chronos2,2024,2024-05-08,658873.053,680093.0
chronos2,2024,2024-05-09,655891.305,675184.4375
chronos2,2024,2024-05-10,645699.657,669077.75
chronos2,2024,2024-05-11,580019.888,602396.25
chronos2,2024,2024-05-12,541009.031,559703.0
chronos2,2024,2024-05-13,646028.397,654961.25
chronos2,2024,2024-05-14,665540.527,675722.25
chronos2,2024,2024-05-15,655349.807,684228.0
chronos2,2024,2024-05-16,661439.853,684679.3125
chronos2,2024,2024-05-17,652048.475,675748.625
chronos2,2024,2024-05-18,584137.337,606463.8125
chronos2,2024,2024-05-19,545024.052,564962.3125
chronos2,2024,2024-05-20,632021.971,658268.0
chronos2,2024,2024-05-21,656109.774,678864.1875
chronos2,2024,2024-05-22,659114.186,684794.25
chronos2,2024,2024-05-23,657885.535,685080.875
chronos2,2024,2024-05-24,652663.71,669535.5625
chronos2,2024,2024-05-25,584566.506,595214.0
chronos2,2024,2024-05-26,543898.242,555270.0625
chronos2,2024,2024-05-27,656440.291,651753.3125
chronos2,2024,2024-05-28,665817.233,671000.6875
chronos2,2024,2024-05-29,678938.262,687319.75
chronos2,2024,2024-05-30,684233.4,687590.8125
chronos2,2024,2024-05-31,672026.119,668884.1875
chronos2,2024,2024-06-01,605685.889,600271.4375
chronos2,2024,2024-06-02,560792.014,560464.625
chronos2,2024,2024-06-03,664249.663,655802.0625
chronos2,2024,2024-06-04,676223.208,685135.1875
chronos2,2024,2024-06-05,690706.326,696894.0625
chronos2,2024,2024-06-06,709405.629,708476.75
chronos2,2024,2024-06-07,709081.52,699147.4375
chronos2,2024,2024-06-08,625017.26,612455.5625
chronos2,2024,2024-06-09,564689.066,568532.375
chronos2,2024,2024-06-10,667360.68,667100.875
chronos2,2024,2024-06-11,675023.098,684399.75
chronos2,2024,2024-06-12,669532.698,687712.75
chronos2,2024,2024-06-13,656769.75,681761.9375
chronos2,2024,2024-06-14,674206.766,677194.625
chronos2,2024,2024-06-15,601068.708,607454.8125
chronos2,2024,2024-06-16,561514.511,568029.0625
chronos2,2024,2024-06-17,681820.916,673485.8125
chronos2,2024,2024-06-18,699419.396,680698.8125
chronos2,2024,2024-06-19,690884.271,692679.375
chronos2,2024,2024-06-20,684434.641,688734.4375
chronos2,2024,2024-06-21,669689.165,680438.1875
chronos2,2024,2024-06-22,608838.516,612685.0625
chronos2,2024,2024-06-23,569494.463,580119.0
chronos2,2024,2024-06-24,649416.806,689970.25
chronos2,2024,2024-06-25,712922.105,714270.375
chronos2,2024,2024-06-26,717892.384,715053.5
chronos2,2024,2024-06-27,721054.708,715904.5625
chronos2,2024,2024-06-28,715511.219,700305.3125
chronos2,2024,2024-06-29,630142.827,612232.5625
chronos2,2024,2024-06-30,584627.364,579892.9375
chronos2,2024,2024-07-01,681409.249,674351.4375
chronos2,2024,2024-07-02,703491.606,697766.25
chronos2,2024,2024-07-03,721171.089,720207.75
chronos2,2024,2024-07-04,741981.107,733502.375
chronos2,2024,2024-07-05,744021.161,730735.25
chronos2,2024,2024-07-06,655275.862,654571.8125
chronos2,2024,2024-07-07,592880.387,599980.0
chronos2,2024,2024-07-08,704684.064,709987.875
chronos2,2024,2024-07-09,735322.24,732523.0
chronos2,2024,2024-07-10,756032.335,753721.5
chronos2,2024,2024-07-11,784406.465,767796.1875
chronos2,2024,2024-07-12,774064.671,744095.9375
chronos2,2024,2024-07-13,669619.273,655853.0
chronos2,2024,2024-07-14,619815.61,633467.625
chronos2,2024,2024-07-15,746760.75,730172.0
chronos2,2024,2024-07-16,761435.351,753466.875
chronos2,2024,2024-07-17,769574.128,761989.125
chronos2,2024,2024-07-18,788334.388,780573.875
chronos2,2024,2024-07-19,798658.134,780324.6875
chronos2,2024,2024-07-20,713125.299,703467.875
chronos2,2024,2024-07-21,642305.943,642391.0
chronos2,2024,2024-07-22,742688.427,742998.1875
chronos2,2024,2024-07-23,783735.147,786796.1875
chronos2,2024,2024-07-24,806576.408,803081.4375
chronos2,2024,2024-07-25,773955.13,801140.4375
chronos2,2024,2024-07-26,773590.842,786270.625
chronos2,2024,2024-07-27,703718.397,710917.5625
chronos2,2024,2024-07-28,669515.361,677603.9375
chronos2,2024,2024-07-29,795661.898,777107.4375
chronos2,2024,2024-07-30,814439.123,802824.8125
chronos2,2024,2024-07-31,808446.346,806628.75
chronos2,2024,2024-08-01,822334.593,797898.875
chronos2,2024,2024-08-02,796742.399,778861.8125
chronos2,2024,2024-08-03,700122.36,697585.3125
chronos2,2024,2024-08-04,664411.431,668513.25
chronos2,2024,2024-08-05,759002.69,762195.4375
chronos2,2024,2024-08-06,771423.581,780259.4375
chronos2,2024,2024-08-07,772073.249,784010.125
chronos2,2024,2024-08-08,772401.538,783182.3125
chronos2,2024,2024-08-09,772935.824,782681.0
chronos2,2024,2024-08-10,713464.803,724584.0625
chronos2,2024,2024-08-11,671701.722,683359.3125
chronos2,2024,2024-08-12,750014.535,747748.0
chronos2,2024,2024-08-13,737828.997,746292.9375
chronos2,2024,2024-08-14,702725.921,731009.0
chronos2,2024,2024-08-15,617541.371,652968.0625
chronos2,2024,2024-08-16,655090.386,733019.8125
chronos2,2024,2024-08-17,647929.123,664490.3125
chronos2,2024,2024-08-18,628945.697,637015.125
chronos2,2024,2024-08-19,712297.821,708084.875
chronos2,2024,2024-08-20,732700.795,736258.0625
chronos2,2024,2024-08-21,742774.409,742985.4375
chronos2,2024,2024-08-22,749146.713,751900.3125
chronos2,2024,2024-08-23,743446.72,748431.625
chronos2,2024,2024-08-24,688878.926,677873.1875
chronos2,2024,2024-08-25,647915.767,626516.5
chronos2,2024,2024-08-26,738601.944,721448.5625
chronos2,2024,2024-08-27,765981.401,753280.4375
chronos2,2024,2024-08-28,777702.507,757507.25
chronos2,2024,2024-08-29,767391.885,738044.25
chronos2,2024,2024-08-30,754877.136,726828.875
chronos2,2024,2024-08-31,679489.19,661968.75
chronos2,2024,2024-09-01,635520.797,615068.3125
chronos2,2024,2024-09-02,747148.328,712908.5625
chronos2,2024,2024-09-03,749492.829,714707.0
chronos2,2024,2024-09-04,724877.568,704302.75
chronos2,2024,2024-09-05,711286.885,699537.75
chronos2,2024,2024-09-06,713336.528,686156.75
chronos2,2024,2024-09-07,627865.294,614651.875
chronos2,2024,2024-09-08,586439.281,578558.8125
chronos2,2024,2024-09-09,678959.577,667381.4375
chronos2,2024,2024-09-10,702676.435,686745.5625
chronos2,2024,2024-09-11,690262.905,690294.9375
chronos2,2024,2024-09-12,712003.62,697043.25
chronos2,2024,2024-09-13,684372.294,684697.375
chronos2,2024,2024-09-14,603145.351,615649.4375
chronos2,2024,2024-09-15,565914.59,570731.5
chronos2,2024,2024-09-16,677158.157,668880.5
chronos2,2024,2024-09-17,693667.015,687828.3125
chronos2,2024,2024-09-18,697682.109,693821.0
chronos2,2024,2024-09-19,695367.747,691290.5625
chronos2,2024,2024-09-20,686311.435,678064.0625
chronos2,2024,2024-09-21,612520.092,608908.5
chronos2,2024,2024-09-22,563714.064,570522.875
chronos2,2024,2024-09-23,658402.489,667871.375
chronos2,2024,2024-09-24,666549.893,686435.9375
chronos2,2024,2024-09-25,690170.306,691111.5625
chronos2,2024,2024-09-26,709563.671,691856.75
chronos2,2024,2024-09-27,681451.804,679805.75
chronos2,2024,2024-09-28,586411.756,612279.25
chronos2,2024,2024-09-29,547130.07,562709.875
chronos2,2024,2024-09-30,651718.723,660833.125
chronos2,2024,2024-10-01,684612.618,680563.125
chronos2,2024,2024-10-02,704137.965,685576.0
chronos2,2024,2024-10-03,693438.927,682335.25
chronos2,2024,2024-10-04,675767.86,676067.375
chronos2,2024,2024-10-05,606869.229,602985.625
chronos2,2024,2024-10-06,577173.06,563394.3125
chronos2,2024,2024-10-07,690070.631,658716.0625
chronos2,2024,2024-10-08,690974.941,678395.75
chronos2,2024,2024-10-09,688394.281,684003.625
chronos2,2024,2024-10-10,674602.585,685297.625
chronos2,2024,2024-10-11,664565.584,682551.6875
chronos2,2024,2024-10-12,589272.325,570368.0
chronos2,2024,2024-10-13,549390.403,578378.625
chronos2,2024,2024-10-14,668027.312,658524.5625
chronos2,2024,2024-10-15,693335.616,680994.5625
chronos2,2024,2024-10-16,696267.98,684495.1875
chronos2,2024,2024-10-17,689262.671,685739.0
chronos2,2024,2024-10-18,672083.364,680170.4375
chronos2,2024,2024-10-19,592622.751,613965.5
chronos2,2024,2024-10-20,556263.258,577080.1875
chronos2,2024,2024-10-21,652929.134,658276.8125
chronos2,2024,2024-10-22,677075.735,680913.4375
chronos2,2024,2024-10-23,675029.303,685131.625
chronos2,2024,2024-10-24,675732.064,687696.75
chronos2,2024,2024-10-25,680753.442,683008.625
chronos2,2024,2024-10-26,600259.491,625240.625
chronos2,2024,2024-10-27,592818.011,587683.8125
chronos2,2024,2024-10-28,674874.49,675949.1875
chronos2,2024,2024-10-29,700574.099,698422.4375
chronos2,2024,2024-10-30,687653.302,702870.3125
chronos2,2024,2024-10-31,666086.577,691121.6875
chronos2,2024,2024-11-01,576955.641,636177.6875
chronos2,2024,2024-11-02,573530.388,622859.8125
chronos2,2024,2024-11-03,554206.328,560553.9375
chronos2,2024,2024-11-04,651653.41,673219.6875
chronos2,2024,2024-11-05,671008.768,685919.1875
chronos2,2024,2024-11-06,674763.53,694180.375
chronos2,2024,2024-11-07,675631.479,694901.625
chronos2,2024,2024-11-08,682336.02,690418.6875
chronos2,2024,2024-11-09,603689.931,618599.9375
chronos2,2024,2024-11-10,564790.043,583054.375
chronos2,2024,2024-11-11,667031.681,693303.5
chronos2,2024,2024-11-12,698667.79,709959.4375
chronos2,2024,2024-11-13,729582.134,717044.4375
chronos2,2024,2024-11-14,713120.292,716525.9375
chronos2,2024,2024-11-15,704955.638,713939.25
chronos2,2024,2024-11-16,622878.804,620937.875
chronos2,2024,2024-11-17,578882.985,587518.8125
chronos2,2024,2024-11-18,682827.51,689015.6875
chronos2,2024,2024-11-19,698671.221,713062.9375
chronos2,2024,2024-11-20,707107.296,716727.5625
chronos2,2024,2024-11-21,723249.489,715684.875
chronos2,2024,2024-11-22,708584.877,700685.1875
chronos2,2024,2024-11-23,627903.578,632633.0
chronos2,2024,2024-11-24,588974.226,591684.75
chronos2,2024,2024-11-25,698078.343,685925.0
chronos2,2024,2024-11-26,720149.567,713273.125
chronos2,2024,2024-11-27,724324.978,720545.5625
chronos2,2024,2024-11-28,730708.457,725111.625
chronos2,2024,2024-11-29,718561.576,713214.4375
chronos2,2024,2024-11-30,635729.236,636885.875
chronos2,2024,2024-12-01,603031.577,602790.125
chronos2,2024,2024-12-02,706645.856,697341.875
chronos2,2024,2024-12-03,723815.781,724117.8125
chronos2,2024,2024-12-04,733823.736,726718.3125
chronos2,2024,2024-12-05,728678.452,735356.0
chronos2,2024,2024-12-06,634732.969,665473.1875
chronos2,2024,2024-12-07,626204.107,666572.9375
chronos2,2024,2024-12-08,618579.423,607299.0625
chronos2,2024,2024-12-09,727630.736,734334.6875
chronos2,2024,2024-12-10,781334.031,754620.4375
chronos2,2024,2024-12-11,809721.081,760796.5625
chronos2,2024,2024-12-12,805169.012,764881.125
chronos2,2024,2024-12-13,785137.193,762787.6875
chronos2,2024,2024-12-14,704828.445,694073.25
chronos2,2024,2024-12-15,672362.256,646926.625
chronos2,2024,2024-12-16,782975.415,748480.375
chronos2,2024,2024-12-17,796202.148,767337.875
chronos2,2024,2024-12-18,781895.5,778014.875
chronos2,2024,2024-12-19,769610.762,751612.75
chronos2,2024,2024-12-20,744247.659,737097.375
chronos2,2024,2024-12-21,674505.332,659614.625
chronos2,2024,2024-12-22,642593.443,629213.75
chronos2,2024,2024-12-23,690633.09,701295.5
chronos2,2024,2024-12-24,642852.982,729559.3125
chronos2,2024,2024-12-25,547482.617,661442.5625
chronos2,2024,2024-12-26,643051.101,758088.0
chronos2,2024,2024-12-27,676247.896,714475.6875
chronos2,2024,2024-12-28,642095.784,669166.9375
chronos2,2024,2024-12-29,619712.688,645280.0625
chronos2,2024,2024-12-30,691924.592,734289.3125
chronos2,2024,2024-12-31,666906.666,761141.4375
chronos2,2025,2025-01-01,585942.98,608668.75
chronos2,2025,2025-01-02,714746.165,731995.8125
chronos2,2025,2025-01-03,743131.902,734809.125
chronos2,2025,2025-01-04,672654.205,663183.5625
chronos2,2025,2025-01-05,637473.016,578498.1875
chronos2,2025,2025-01-06,612375.246,601519.875
chronos2,2025,2025-01-07,761126.956,707736.375
chronos2,2025,2025-01-08,785457.969,733057.25
chronos2,2025,2025-01-09,766861.319,739210.125
chronos2,2025,2025-01-10,758349.049,726056.375
chronos2,2025,2025-01-11,670140.941,647215.3125
chronos2,2025,2025-01-12,627798.603,608281.0
chronos2,2025,2025-01-13,770960.273,729434.0
chronos2,2025,2025-01-14,811334.506,778243.375
chronos2,2025,2025-01-15,825272.872,787443.4375
chronos2,2025,2025-01-16,837533.046,783774.5625
chronos2,2025,2025-01-17,823171.174,785247.0625
chronos2,2025,2025-01-18,721462.081,712396.5
chronos2,2025,2025-01-19,686072.784,671536.8125
chronos2,2025,2025-01-20,814665.825,776434.625
chronos2,2025,2025-01-21,816068.543,787503.6875
chronos2,2025,2025-01-22,786025.216,780223.3125
chronos2,2025,2025-01-23,763306.352,767240.625
chronos2,2025,2025-01-24,754465.345,751630.0
chronos2,2025,2025-01-25,677659.658,664582.1875
chronos2,2025,2025-01-26,639514.665,627939.8125
chronos2,2025,2025-01-27,745544.984,713584.75
chronos2,2025,2025-01-28,776292.423,749350.5625
chronos2,2025,2025-01-29,797240.69,755343.125
chronos2,2025,2025-01-30,783496.217,764664.8125
chronos2,2025,2025-01-31,772257.643,763727.0625
chronos2,2025,2025-02-01,695742.806,695641.6875
chronos2,2025,2025-02-02,659166.289,651178.9375
chronos2,2025,2025-02-03,768751.535,756912.6875
chronos2,2025,2025-02-04,782615.522,773210.4375
chronos2,2025,2025-02-05,782147.842,775735.25
chronos2,2025,2025-02-06,786399.816,777679.25
chronos2,2025,2025-02-07,796255.651,767952.8125
chronos2,2025,2025-02-08,689583.624,689021.625
chronos2,2025,2025-02-09,647247.053,651750.0
chronos2,2025,2025-02-10,757836.189,742974.5
chronos2,2025,2025-02-11,765437.268,752141.4375
chronos2,2025,2025-02-12,773734.442,753457.0
chronos2,2025,2025-02-13,757461.905,749077.125
chronos2,2025,2025-02-14,735597.658,736514.6875
chronos2,2025,2025-02-15,663818.4,659722.3125
chronos2,2025,2025-02-16,612138.615,616775.5
chronos2,2025,2025-02-17,714984.452,717820.875
chronos2,2025,2025-02-18,741638.655,733131.375
chronos2,2025,2025-02-19,729534.345,737078.25
chronos2,2025,2025-02-20,730459.658,739517.3125
chronos2,2025,2025-02-21,739860.672,723763.4375
chronos2,2025,2025-02-22,654390.89,651478.5625
chronos2,2025,2025-02-23,607511.781,612037.6875
chronos2,2025,2025-02-24,721880.389,717122.625
chronos2,2025,2025-02-25,746983.888,731084.25
chronos2,2025,2025-02-26,730095.38,741636.5625
chronos2,2025,2025-02-27,744246.435,744169.25
chronos2,2025,2025-02-28,728757.572,733276.25
chronos2,2025,2025-03-01,674291.083,659273.4375
chronos2,2025,2025-03-02,650355.572,627204.75
chronos2,2025,2025-03-03,754992.978,727237.9375
chronos2,2025,2025-03-04,744701.905,735750.0625
chronos2,2025,2025-03-05,752590.785,743522.5
chronos2,2025,2025-03-06,749727.851,738758.3125
chronos2,2025,2025-03-07,753102.249,730957.8125
chronos2,2025,2025-03-08,671410.611,655217.875
chronos2,2025,2025-03-09,620610.269,623660.0
chronos2,2025,2025-03-10,734548.538,725012.1875
chronos2,2025,2025-03-11,747118.253,739173.8125
chronos2,2025,2025-03-12,739764.977,744519.6875
chronos2,2025,2025-03-13,763441.839,751143.375
chronos2,2025,2025-03-14,768965.713,738496.0
chronos2,2025,2025-03-15,670593.774,667289.8125
chronos2,2025,2025-03-16,639750.189,627787.125
chronos2,2025,2025-03-17,762507.034,725084.75
chronos2,2025,2025-03-18,770388.213,740039.3125
chronos2,2025,2025-03-19,732948.831,741688.375
chronos2,2025,2025-03-20,748489.404,736064.875
chronos2,2025,2025-03-21,741574.845,724164.375
chronos2,2025,2025-03-22,655240.105,647417.5
chronos2,2025,2025-03-23,623984.664,608981.5
chronos2,2025,2025-03-24,731931.312,710764.6875
chronos2,2025,2025-03-25,733633.334,720501.625
chronos2,2025,2025-03-26,717710.69,722213.4375
chronos2,2025,2025-03-27,709253.992,719510.125
chronos2,2025,2025-03-28,690335.115,703493.3125
chronos2,2025,2025-03-29,611762.084,636877.1875
chronos2,2025,2025-03-30,545041.522,591731.0
chronos2,2025,2025-03-31,662374.383,684121.125
chronos2,2025,2025-04-01,675970.718,705011.875
chronos2,2025,2025-04-02,703596.661,703103.375
chronos2,2025,2025-04-03,718753.316,705729.0625
chronos2,2025,2025-04-04,708149.497,689552.9375
chronos2,2025,2025-04-05,613267.03,618353.0625
chronos2,2025,2025-04-06,563258.408,570106.1875
chronos2,2025,2025-04-07,658503.168,662434.8125
chronos2,2025,2025-04-08,665345.094,683536.625
chronos2,2025,2025-04-09,665082.802,686348.0625
chronos2,2025,2025-04-10,669485.926,681635.9375
chronos2,2025,2025-04-11,681170.848,669602.5
chronos2,2025,2025-04-12,615576.921,609146.3125
chronos2,2025,2025-04-13,566161.185,560168.0625
chronos2,2025,2025-04-14,662868.148,665477.6875
chronos2,2025,2025-04-15,681884.426,691181.0625
chronos2,2025,2025-04-16,673293.59,695913.6875
chronos2,2025,2025-04-17,592381.044,690967.625
chronos2,2025,2025-04-18,552534.757,626511.625
chronos2,2025,2025-04-19,567411.461,628356.125
chronos2,2025,2025-04-20,545602.352,555493.125
chronos2,2025,2025-04-21,595976.349,669510.375
chronos2,2025,2025-04-22,666864.958,684137.125
chronos2,2025,2025-04-23,653356.505,682945.5
chronos2,2025,2025-04-24,654811.42,685383.625
chronos2,2025,2025-04-25,657751.21,674886.0
chronos2,2025,2025-04-26,586878.013,597723.5
chronos2,2025,2025-04-27,541776.286,548160.4375
chronos2,2025,2025-04-28,403207.036,658733.0
chronos2,2025,2025-04-29,589642.502,672167.8125
chronos2,2025,2025-04-30,643781.367,681670.75
chronos2,2025,2025-05-01,545263.484,635248.6875
chronos2,2025,2025-05-02,591365.627,683361.875
chronos2,2025,2025-05-03,560793.506,585960.3125
chronos2,2025,2025-05-04,533549.476,554355.1875
chronos2,2025,2025-05-05,648639.197,660779.0
chronos2,2025,2025-05-06,657786.189,680824.9375
chronos2,2025,2025-05-07,659535.192,688800.875
chronos2,2025,2025-05-08,668893.553,692644.5
chronos2,2025,2025-05-09,666485.073,678405.3125
chronos2,2025,2025-05-10,590369.102,605619.3125
chronos2,2025,2025-05-11,545248.668,561732.1875
chronos2,2025,2025-05-12,643297.354,665768.375
chronos2,2025,2025-05-13,660055.296,680918.25
chronos2,2025,2025-05-14,672274.468,685349.5
chronos2,2025,2025-05-15,658394.862,684990.625
chronos2,2025,2025-05-16,648923.956,673890.125
chronos2,2025,2025-05-17,571024.884,601443.0
chronos2,2025,2025-05-18,535072.434,560629.0
chronos2,2025,2025-05-19,643248.447,657823.125
chronos2,2025,2025-05-20,652858.323,670905.9375
chronos2,2025,2025-05-21,664126.551,676881.6875
chronos2,2025,2025-05-22,668934.761,678772.4375
chronos2,2025,2025-05-23,662370.423,667601.75
chronos2,2025,2025-05-24,576278.854,596784.3125
chronos2,2025,2025-05-25,541833.367,548439.9375
chronos2,2025,2025-05-26,656907.772,647881.75
chronos2,2025,2025-05-27,673937.417,671576.1875
chronos2,2025,2025-05-28,690657.01,692096.25
chronos2,2025,2025-05-29,705618.351,708618.625
chronos2,2025,2025-05-30,715806.08,711664.9375
chronos2,2025,2025-05-31,642661.771,649075.9375
chronos2,2025,2025-06-01,601403.207,615396.8125
chronos2,2025,2025-06-02,708803.44,689075.125
chronos2,2025,2025-06-03,702262.944,694231.25
chronos2,2025,2025-06-04,695659.883,700053.5
chronos2,2025,2025-06-05,699779.839,699209.8125
chronos2,2025,2025-06-06,702444.921,703800.875
chronos2,2025,2025-06-07,629746.725,639743.3125
chronos2,2025,2025-06-08,597725.404,606527.5625
chronos2,2025,2025-06-09,710918.962,705300.125
chronos2,2025,2025-06-10,754696.984,748947.625
chronos2,2025,2025-06-11,752899.496,732179.4375
chronos2,2025,2025-06-12,735130.474,715414.25
chronos2,2025,2025-06-13,741270.425,717592.8125
chronos2,2025,2025-06-14,662642.834,660692.0
chronos2,2025,2025-06-15,627012.243,628943.3125
chronos2,2025,2025-06-16,755796.389,735363.8125
chronos2,2025,2025-06-17,789539.344,778070.125
chronos2,2025,2025-06-18,798771.575,782382.25
chronos2,2025,2025-06-19,800371.54,788491.75
chronos2,2025,2025-06-20,799043.803,791064.0625
chronos2,2025,2025-06-21,716688.135,731415.125
chronos2,2025,2025-06-22,668192.776,684267.8125
chronos2,2025,2025-06-23,768928.351,783162.875
chronos2,2025,2025-06-24,756417.62,794731.8125
chronos2,2025,2025-06-25,779196.977,780693.625
chronos2,2025,2025-06-26,789344.14,788354.25
chronos2,2025,2025-06-27,805524.442,791587.8125
chronos2,2025,2025-06-28,735838.704,750523.25
chronos2,2025,2025-06-29,706151.373,728875.3125
chronos2,2025,2025-06-30,836439.201,828535.75
chronos2,2025,2025-07-01,855802.483,833509.9375
chronos2,2025,2025-07-02,859922.841,835659.25
chronos2,2025,2025-07-03,856473.621,828167.6875
chronos2,2025,2025-07-04,840845.187,806140.125
chronos2,2025,2025-07-05,745107.989,734230.625
chronos2,2025,2025-07-06,687730.918,679342.4375
chronos2,2025,2025-07-07,801641.548,754909.25
chronos2,2025,2025-07-08,793529.934,748841.8125
chronos2,2025,2025-07-09,808754.42,782878.3125
chronos2,2025,2025-07-10,803389.452,781783.875
chronos2,2025,2025-07-11,786953.002,756695.125
chronos2,2025,2025-07-12,670387.31,648534.1875
chronos2,2025,2025-07-13,613937.491,619123.125
chronos2,2025,2025-07-14,761045.663,742821.5
chronos2,2025,2025-07-15,795849.912,766737.5
chronos2,2025,2025-07-16,815078.448,784878.625
chronos2,2025,2025-07-17,838007.023,788069.5625
chronos2,2025,2025-07-18,819513.995,775242.4375
chronos2,2025,2025-07-19,710737.397,692189.625
chronos2,2025,2025-07-20,658769.157,654039.8125
chronos2,2025,2025-07-21,757112.828,734671.1875
chronos2,2025,2025-07-22,774126.042,754905.4375
chronos2,2025,2025-07-23,788231.74,753323.0
chronos2,2025,2025-07-24,748388.251,725137.625
chronos2,2025,2025-07-25,690451.027,709463.125
chronos2,2025,2025-07-26,643741.119,648878.6875
chronos2,2025,2025-07-27,620654.224,628294.625
chronos2,2025,2025-07-28,735074.432,714000.8125
chronos2,2025,2025-07-29,729341.445,708271.0
chronos2,2025,2025-07-30,736753.706,728548.3125
chronos2,2025,2025-07-31,736861.508,741258.5625
chronos2,2025,2025-08-01,738032.959,723428.125
chronos2,2025,2025-08-02,669897.493,660729.0625
chronos2,2025,2025-08-03,632149.078,635517.9375
chronos2,2025,2025-08-04,736161.938,747008.0625
chronos2,2025,2025-08-05,735478.609,769745.0625
chronos2,2025,2025-08-06,738187.733,775072.5625
chronos2,2025,2025-08-07,756224.724,780683.5
chronos2,2025,2025-08-08,754852.392,775264.8125
chronos2,2025,2025-08-09,694991.226,723014.6875
chronos2,2025,2025-08-10,664339.049,701785.3125
chronos2,2025,2025-08-11,769184.367,798969.125
chronos2,2025,2025-08-12,788507.462,815040.4375
chronos2,2025,2025-08-13,783296.53,821513.125
chronos2,2025,2025-08-14,767851.607,815715.375
chronos2,2025,2025-08-15,694235.587,774944.125
chronos2,2025,2025-08-16,711386.957,772934.0625
chronos2,2025,2025-08-17,697739.998,711180.75
chronos2,2025,2025-08-18,789797.366,801473.1875
chronos2,2025,2025-08-19,764038.242,786130.8125
chronos2,2025,2025-08-20,727302.506,765864.875
chronos2,2025,2025-08-21,709967.667,745400.6875
chronos2,2025,2025-08-22,699921.002,719568.75
chronos2,2025,2025-08-23,648399.471,653717.75
chronos2,2025,2025-08-24,620629.644,623328.125
chronos2,2025,2025-08-25,736788.448,733307.0
chronos2,2025,2025-08-26,767732.905,767836.1875
chronos2,2025,2025-08-27,775098.237,758421.75
chronos2,2025,2025-08-28,738249.775,726098.1875
chronos2,2025,2025-08-29,707675.068,715154.5625
chronos2,2025,2025-08-30,644586.186,650578.0625
chronos2,2025,2025-08-31,612448.377,604671.6875
chronos2,2025,2025-09-01,694089.649,685851.125
chronos2,2025,2025-09-02,707902.838,707796.375
chronos2,2025,2025-09-03,723012.406,727054.1875
chronos2,2025,2025-09-04,738710.824,733251.1875
chronos2,2025,2025-09-05,731984.419,720893.625
chronos2,2025,2025-09-06,660824.664,659543.25
chronos2,2025,2025-09-07,636818.691,615808.9375
chronos2,2025,2025-09-08,733515.375,701396.75
chronos2,2025,2025-09-09,728201.825,701206.4375
chronos2,2025,2025-09-10,719712.346,711072.625
chronos2,2025,2025-09-11,706372.633,717967.5625
chronos2,2025,2025-09-12,717767.587,708582.1875
chronos2,2025,2025-09-13,647954.104,638501.8125
chronos2,2025,2025-09-14,609034.799,606595.9375
chronos2,2025,2025-09-15,732596.126,715466.25
chronos2,2025,2025-09-16,760997.274,731179.625
chronos2,2025,2025-09-17,770717.862,739129.0625
chronos2,2025,2025-09-18,775937.633,742550.5625
chronos2,2025,2025-09-19,772904.075,735227.9375
chronos2,2025,2025-09-20,681176.671,662422.875
chronos2,2025,2025-09-21,618932.462,596572.1875
chronos2,2025,2025-09-22,672340.723,692203.75
chronos2,2025,2025-09-23,681459.84,705981.0625
chronos2,2025,2025-09-24,678532.483,709365.0
chronos2,2025,2025-09-25,686554.906,705052.875
chronos2,2025,2025-09-26,677959.732,695297.1875
chronos2,2025,2025-09-27,606269.866,618336.875
chronos2,2025,2025-09-28,576712.041,577317.0625
chronos2,2025,2025-09-29,667557.816,674567.75
chronos2,2025,2025-09-30,723309.727,690005.875
chronos2,2025,2025-10-01,681009.588,696007.3125
chronos2,2025,2025-10-02,685852.105,694947.8125
chronos2,2025,2025-10-03,690940.843,677883.9375
chronos2,2025,2025-10-04,616041.663,607368.5625
chronos2,2025,2025-10-05,571392.384,571934.25
chronos2,2025,2025-10-06,675818.609,673595.6875
chronos2,2025,2025-10-07,684438.63,685398.4375
chronos2,2025,2025-10-08,693547.224,689756.375
chronos2,2025,2025-10-09,686617.038,690628.25
chronos2,2025,2025-10-10,673868.817,678717.5
chronos2,2025,2025-10-11,596845.899,607190.0
chronos2,2025,2025-10-12,556396.905,570799.25
chronos2,2025,2025-10-13,642757.0,673546.6875
chronos2,2025,2025-10-14,684248.408,685126.1875
chronos2,2025,2025-10-15,684880.144,692858.3125
chronos2,2025,2025-10-16,692389.074,683909.9375
chronos2,2025,2025-10-17,685129.648,673525.1875
chronos2,2025,2025-10-18,598733.523,602177.5
chronos2,2025,2025-10-19,568967.866,569222.0
chronos2,2025,2025-10-20,678055.657,670379.125
chronos2,2025,2025-10-21,699792.792,683387.0625
chronos2,2025,2025-10-22,701838.787,689469.5
chronos2,2025,2025-10-23,697161.249,691009.5625
chronos2,2025,2025-10-24,682287.305,678412.1875
chronos2,2025,2025-10-25,611012.908,604862.875
chronos2,2025,2025-10-26,596622.432,577219.375
chronos2,2025,2025-10-27,664331.731,676908.5
chronos2,2025,2025-10-28,685277.73,688215.3125
chronos2,2025,2025-10-29,701261.002,694397.875
chronos2,2025,2025-10-30,690241.726,696320.8125
chronos2,2025,2025-10-31,682048.175,686530.125
chronos2,2025,2025-11-01,592218.16,546951.6875
chronos2,2025,2025-11-02,565102.7,571700.125
chronos2,2025,2025-11-03,667465.389,666111.1875
chronos2,2025,2025-11-04,692255.798,692917.1875
chronos2,2025,2025-11-05,710081.755,694225.1875
chronos2,2025,2025-11-06,707774.547,698917.3125
chronos2,2025,2025-11-07,710010.435,682888.8125
chronos2,2025,2025-11-08,629295.303,615612.625
chronos2,2025,2025-11-09,588460.828,589864.375
chronos2,2025,2025-11-10,692492.149,687963.9375
chronos2,2025,2025-11-11,716585.649,705178.9375
chronos2,2025,2025-11-12,717439.4,710596.3125
chronos2,2025,2025-11-13,736843.768,710446.75
chronos2,2025,2025-11-14,725427.537,697105.25
chronos2,2025,2025-11-15,644784.497,625354.125
chronos2,2025,2025-11-16,595975.014,589383.1875
chronos2,2025,2025-11-17,708860.945,692849.25
chronos2,2025,2025-11-18,728135.481,721212.25
chronos2,2025,2025-11-19,747024.24,748073.0
chronos2,2025,2025-11-20,765048.633,752022.1875
chronos2,2025,2025-11-21,778694.38,743815.1875
chronos2,2025,2025-11-22,701389.461,680208.1875
chronos2,2025,2025-11-23,663179.63,637916.5625
chronos2,2025,2025-11-24,777474.48,729403.1875
chronos2,2025,2025-11-25,781772.966,749623.75
chronos2,2025,2025-11-26,789853.38,761199.3125
chronos2,2025,2025-11-27,798378.217,763085.875
chronos2,2025,2025-11-28,789168.18,752650.5
chronos2,2025,2025-11-29,703816.13,687114.625
chronos2,2025,2025-11-30,673953.514,641047.75
chronos2,2025,2025-12-01,789066.537,748155.25
chronos2,2025,2025-12-02,809822.821,761196.75
chronos2,2025,2025-12-03,811028.566,760126.75
chronos2,2025,2025-12-04,836398.776,757215.1875
chronos2,2025,2025-12-05,802278.757,750752.25
chronos2,2025,2025-12-06,678158.423,597659.375
chronos2,2025,2025-12-07,629514.903,607738.4375
chronos2,2025,2025-12-08,649618.368,662813.0
chronos2,2025,2025-12-09,763644.913,745732.3125
chronos2,2025,2025-12-10,792569.325,739759.4375
chronos2,2025,2025-12-11,785807.398,752947.6875
chronos2,2025,2025-12-12,785077.434,739421.875
chronos2,2025,2025-12-13,684962.919,648134.125
chronos2,2025,2025-12-14,656653.19,616206.9375
chronos2,2025,2025-12-15,770607.252,722248.75
chronos2,2025,2025-12-16,801065.078,746321.0
chronos2,2025,2025-12-17,780541.299,747493.6875
chronos2,2025,2025-12-18,778194.582,752932.875
chronos2,2025,2025-12-19,773959.293,714011.6875
chronos2,2025,2025-12-20,690773.012,640925.5
chronos2,2025,2025-12-21,668189.045,621022.875
chronos2,2025,2025-12-22,769646.169,733188.8125
chronos2,2025,2025-12-23,776888.763,737121.4375
chronos2,2025,2025-12-24,685228.032,749789.4375
chronos2,2025,2025-12-25,609939.918,706974.0
chronos2,2025,2025-12-26,683677.621,750519.5
chronos2,2025,2025-12-27,677314.364,656318.1875
chronos2,2025,2025-12-28,639401.264,643209.0625
chronos2,2025,2025-12-29,713389.21,738582.3125
chronos2,2025,2025-12-30,721915.539,747816.1875
chronos2,2025,2025-12-31,682120.965,761369.125
