modelo,ano_test,fecha,real,pred
naive_semanal,2020,2020-01-01,574776.72,742199.407
naive_semanal,2020,2020-01-02,723522.375,787764.963
naive_semanal,2020,2020-01-03,754645.342,796010.035
naive_semanal,2020,2020-01-04,702390.878,721029.651
naive_semanal,2020,2020-01-05,651967.486,661772.168
naive_semanal,2020,2020-01-06,630259.532,764920.771
naive_semanal,2020,2020-01-07,789031.621,844559.085
naive_semanal,2020,2020-01-08,820143.678,846151.453
naive_semanal,2020,2020-01-09,820769.614,857323.124
naive_semanal,2020,2020-01-10,814759.827,867181.886
naive_semanal,2020,2020-01-11,732531.725,775170.712
naive_semanal,2020,2020-01-12,693449.101,722271.171
naive_semanal,2020,2020-01-13,829157.906,835752.36
naive_semanal,2020,2020-01-14,844416.079,846245.527
naive_semanal,2020,2020-01-15,832910.293,847911.818
naive_semanal,2020,2020-01-16,822827.255,849875.833
naive_semanal,2020,2020-01-17,807653.787,848781.942
naive_semanal,2020,2020-01-18,729673.024,766537.72
naive_semanal,2020,2020-01-19,689820.886,705583.355
naive_semanal,2020,2020-01-20,846106.888,828406.838
naive_semanal,2020,2020-01-21,862132.604,864855.303
naive_semanal,2020,2020-01-22,841706.187,854462.174
naive_semanal,2020,2020-01-23,829427.103,837075.708
naive_semanal,2020,2020-01-24,821136.183,815349.834
naive_semanal,2020,2020-01-25,734265.345,724205.323
naive_semanal,2020,2020-01-26,676369.262,678249.362
naive_semanal,2020,2020-01-27,807615.701,807644.379
naive_semanal,2020,2020-01-28,807001.677,832616.612
naive_semanal,2020,2020-01-29,792162.501,829785.386
naive_semanal,2020,2020-01-30,778203.546,823510.841
naive_semanal,2020,2020-01-31,765448.598,811408.357
naive_semanal,2020,2020-02-01,681471.943,739149.442
naive_semanal,2020,2020-02-02,625016.468,696029.792
naive_semanal,2020,2020-02-03,729329.082,827865.952
naive_semanal,2020,2020-02-04,747892.827,826264.446
naive_semanal,2020,2020-02-05,758987.788,813527.159
naive_semanal,2020,2020-02-06,769754.643,805445.154
naive_semanal,2020,2020-02-07,772488.589,799019.676
naive_semanal,2020,2020-02-08,698199.59,719403.839
naive_semanal,2020,2020-02-09,646787.156,672445.604
naive_semanal,2020,2020-02-10,749504.414,781692.422
naive_semanal,2020,2020-02-11,761008.347,799138.409
naive_semanal,2020,2020-02-12,766558.356,797839.046
naive_semanal,2020,2020-02-13,759532.177,794299.138
naive_semanal,2020,2020-02-14,753954.141,790637.803
naive_semanal,2020,2020-02-15,675832.097,706487.416
naive_semanal,2020,2020-02-16,625453.407,656688.443
naive_semanal,2020,2020-02-17,739797.699,779646.845
naive_semanal,2020,2020-02-18,766371.869,789997.493
naive_semanal,2020,2020-02-19,764941.248,785631.268
naive_semanal,2020,2020-02-20,763651.659,781135.556
naive_semanal,2020,2020-02-21,753744.734,771083.106
naive_semanal,2020,2020-02-22,672072.47,689175.82
naive_semanal,2020,2020-02-23,620872.08,637452.604
naive_semanal,2020,2020-02-24,730827.761,750831.906
naive_semanal,2020,2020-02-25,743820.753,759697.475
naive_semanal,2020,2020-02-26,753405.313,756324.91
naive_semanal,2020,2020-02-27,751137.432,742210.124
naive_semanal,2020,2020-02-28,728292.593,747742.259
naive_semanal,2020,2020-02-29,670263.321,670242.996
naive_semanal,2020,2020-03-01,626873.694,621445.195
naive_semanal,2020,2020-03-02,741296.331,729814.28
naive_semanal,2020,2020-03-03,769321.188,745164.11
naive_semanal,2020,2020-03-04,759058.244,767457.592
naive_semanal,2020,2020-03-05,754365.164,758178.303
naive_semanal,2020,2020-03-06,757995.483,748568.791
naive_semanal,2020,2020-03-07,683532.439,671315.341
naive_semanal,2020,2020-03-08,630442.877,617758.559
naive_semanal,2020,2020-03-09,740417.533,726454.288
naive_semanal,2020,2020-03-10,747566.521,743155.047
naive_semanal,2020,2020-03-11,742561.392,753372.783
naive_semanal,2020,2020-03-12,738088.907,753975.948
naive_semanal,2020,2020-03-13,729774.542,738753.829
naive_semanal,2020,2020-03-14,646497.547,660072.282
naive_semanal,2020,2020-03-15,600435.811,610229.793
naive_semanal,2020,2020-03-16,704124.264,708116.389
naive_semanal,2020,2020-03-17,706050.583,707250.357
naive_semanal,2020,2020-03-18,684799.07,755634.542
naive_semanal,2020,2020-03-19,641992.028,758931.722
naive_semanal,2020,2020-03-20,647058.248,749138.108
naive_semanal,2020,2020-03-21,612492.101,669633.017
naive_semanal,2020,2020-03-22,583510.909,611819.827
naive_semanal,2020,2020-03-23,653558.582,717073.819
naive_semanal,2020,2020-03-24,663819.764,732395.045
naive_semanal,2020,2020-03-25,664643.791,735314.342
naive_semanal,2020,2020-03-26,661338.324,736120.156
naive_semanal,2020,2020-03-27,667335.755,733687.593
naive_semanal,2020,2020-03-28,605617.221,661273.331
naive_semanal,2020,2020-03-29,540515.04,595455.992
naive_semanal,2020,2020-03-30,610996.075,728854.039
naive_semanal,2020,2020-03-31,610653.934,740720.312
naive_semanal,2020,2020-04-01,599875.958,743726.231
naive_semanal,2020,2020-04-02,599323.162,746532.132
naive_semanal,2020,2020-04-03,584683.694,758884.449
naive_semanal,2020,2020-04-04,542996.041,683345.822
naive_semanal,2020,2020-04-05,519594.376,635743.258
naive_semanal,2020,2020-04-06,568143.84,745947.421
naive_semanal,2020,2020-04-07,567082.621,762514.952
naive_semanal,2020,2020-04-08,555027.089,759373.018
naive_semanal,2020,2020-04-09,529824.736,754593.577
naive_semanal,2020,2020-04-10,510435.49,737503.833
naive_semanal,2020,2020-04-11,518229.908,658751.444
naive_semanal,2020,2020-04-12,501615.48,606715.171
naive_semanal,2020,2020-04-13,537818.991,705651.944
naive_semanal,2020,2020-04-14,584017.243,712912.968
naive_semanal,2020,2020-04-15,604347.185,706896.182
naive_semanal,2020,2020-04-16,604521.525,633645.163
naive_semanal,2020,2020-04-17,598697.568,584929.31
naive_semanal,2020,2020-04-18,552914.776,598281.137
naive_semanal,2020,2020-04-19,520123.268,575850.979
naive_semanal,2020,2020-04-20,585331.059,622892.917
naive_semanal,2020,2020-04-21,608880.705,691440.392
naive_semanal,2020,2020-04-22,608023.375,737862.824
naive_semanal,2020,2020-04-23,599598.011,739947.966
naive_semanal,2020,2020-04-24,594661.984,722351.575
naive_semanal,2020,2020-04-25,556038.735,641476.76
naive_semanal,2020,2020-04-26,522374.953,580034.58
naive_semanal,2020,2020-04-27,590579.965,681641.153
naive_semanal,2020,2020-04-28,601203.105,693188.14
naive_semanal,2020,2020-04-29,600234.68,588783.574
naive_semanal,2020,2020-04-30,594712.471,674320.005
naive_semanal,2020,2020-05-01,525344.189,696474.728
naive_semanal,2020,2020-05-02,529331.136,634765.62
naive_semanal,2020,2020-05-03,509365.967,585505.022
naive_semanal,2020,2020-05-04,585884.404,691903.437
naive_semanal,2020,2020-05-05,607115.027,715282.519
naive_semanal,2020,2020-05-06,610199.36,720383.459
naive_semanal,2020,2020-05-07,604624.142,719680.488
naive_semanal,2020,2020-05-08,597179.788,714705.845
naive_semanal,2020,2020-05-09,547084.706,642893.955
naive_semanal,2020,2020-05-10,513399.456,589066.207
naive_semanal,2020,2020-05-11,591350.652,693194.342
naive_semanal,2020,2020-05-12,617479.021,716085.91
naive_semanal,2020,2020-05-13,617401.116,714403.802
naive_semanal,2020,2020-05-14,620557.901,723608.482
naive_semanal,2020,2020-05-15,608952.25,708065.687
naive_semanal,2020,2020-05-16,555670.934,633581.663
naive_semanal,2020,2020-05-17,519597.946,588760.853
naive_semanal,2020,2020-05-18,596670.207,693266.151
naive_semanal,2020,2020-05-19,615052.604,712267.526
naive_semanal,2020,2020-05-20,622450.073,720423.021
naive_semanal,2020,2020-05-21,630168.002,721032.652
naive_semanal,2020,2020-05-22,634355.264,717689.342
naive_semanal,2020,2020-05-23,582895.641,641713.37
naive_semanal,2020,2020-05-24,542170.641,586295.917
naive_semanal,2020,2020-05-25,627466.111,703430.222
naive_semanal,2020,2020-05-26,642990.536,723789.614
naive_semanal,2020,2020-05-27,644707.726,722528.761
naive_semanal,2020,2020-05-28,642005.868,719643.509
naive_semanal,2020,2020-05-29,641570.31,720746.446
naive_semanal,2020,2020-05-30,583380.433,657113.804
naive_semanal,2020,2020-05-31,541662.429,610135.227
naive_semanal,2020,2020-06-01,627334.741,727199.819
naive_semanal,2020,2020-06-02,653396.5,743803.929
naive_semanal,2020,2020-06-03,662452.407,728013.427
naive_semanal,2020,2020-06-04,651301.681,718987.495
naive_semanal,2020,2020-06-05,640912.088,716146.113
naive_semanal,2020,2020-06-06,582674.188,649114.105
naive_semanal,2020,2020-06-07,540393.818,598266.091
naive_semanal,2020,2020-06-08,625763.383,692985.625
naive_semanal,2020,2020-06-09,643604.721,717613.036
naive_semanal,2020,2020-06-10,653728.489,721685.017
naive_semanal,2020,2020-06-11,653624.408,725139.71
naive_semanal,2020,2020-06-12,645918.049,720698.739
naive_semanal,2020,2020-06-13,581088.713,649826.641
naive_semanal,2020,2020-06-14,543304.621,600853.162
naive_semanal,2020,2020-06-15,644001.077,714625.455
naive_semanal,2020,2020-06-16,656823.463,736896.725
naive_semanal,2020,2020-06-17,661145.578,741912.133
naive_semanal,2020,2020-06-18,662011.432,735488.271
naive_semanal,2020,2020-06-19,657676.183,732798.844
naive_semanal,2020,2020-06-20,608254.976,672993.652
naive_semanal,2020,2020-06-21,572807.006,623379.646
naive_semanal,2020,2020-06-22,682963.291,688002.526
naive_semanal,2020,2020-06-23,706613.83,765220.281
naive_semanal,2020,2020-06-24,668203.326,792832.45
naive_semanal,2020,2020-06-25,711838.827,807875.011
naive_semanal,2020,2020-06-26,702221.428,821152.543
naive_semanal,2020,2020-06-27,638125.491,751724.535
naive_semanal,2020,2020-06-28,604144.564,696474.637
naive_semanal,2020,2020-06-29,723951.102,805062.314
naive_semanal,2020,2020-06-30,752302.735,817750.686
naive_semanal,2020,2020-07-01,763359.011,814766.368
naive_semanal,2020,2020-07-02,765790.102,813934.525
naive_semanal,2020,2020-07-03,735357.247,816024.974
naive_semanal,2020,2020-07-04,660713.186,738401.275
naive_semanal,2020,2020-07-05,626327.165,686379.684
naive_semanal,2020,2020-07-06,757299.096,783297.789
naive_semanal,2020,2020-07-07,780525.085,782095.233
naive_semanal,2020,2020-07-08,784566.99,792718.173
naive_semanal,2020,2020-07-09,771125.891,821250.349
naive_semanal,2020,2020-07-10,758878.105,828876.825
naive_semanal,2020,2020-07-11,690697.734,739065.225
naive_semanal,2020,2020-07-12,633135.072,667289.338
naive_semanal,2020,2020-07-13,752649.491,796026.561
naive_semanal,2020,2020-07-14,760459.038,810257.077
naive_semanal,2020,2020-07-15,756753.738,805414.836
naive_semanal,2020,2020-07-16,763067.312,808118.682
naive_semanal,2020,2020-07-17,760177.205,818254.951
naive_semanal,2020,2020-07-18,688716.516,744167.851
naive_semanal,2020,2020-07-19,644522.223,691903.017
naive_semanal,2020,2020-07-20,769330.38,836080.36
naive_semanal,2020,2020-07-21,785563.684,857696.956
naive_semanal,2020,2020-07-22,776667.953,860191.27
naive_semanal,2020,2020-07-23,789634.51,835226.076
naive_semanal,2020,2020-07-24,789089.65,809646.945
naive_semanal,2020,2020-07-25,704273.245,705760.649
naive_semanal,2020,2020-07-26,664179.618,639052.413
naive_semanal,2020,2020-07-27,794291.764,759984.776
naive_semanal,2020,2020-07-28,814337.543,773820.297
naive_semanal,2020,2020-07-29,817487.547,765475.695
naive_semanal,2020,2020-07-30,825275.946,789334.274
naive_semanal,2020,2020-07-31,810169.058,784389.389
naive_semanal,2020,2020-08-01,738269.153,706068.784
naive_semanal,2020,2020-08-02,673895.707,659374.462
naive_semanal,2020,2020-08-03,747511.864,772347.5
naive_semanal,2020,2020-08-04,751123.76,793044.82
naive_semanal,2020,2020-08-05,764126.717,787712.421
naive_semanal,2020,2020-08-06,776466.924,795638.987
naive_semanal,2020,2020-08-07,775393.905,795454.697
naive_semanal,2020,2020-08-08,700782.169,716321.021
naive_semanal,2020,2020-08-09,657269.503,651892.626
naive_semanal,2020,2020-08-10,738068.961,712385.398
naive_semanal,2020,2020-08-11,734500.01,713398.323
naive_semanal,2020,2020-08-12,712418.386,722738.208
naive_semanal,2020,2020-08-13,716219.241,661417.317
naive_semanal,2020,2020-08-14,710586.003,715896.427
naive_semanal,2020,2020-08-15,631293.617,692638.36
naive_semanal,2020,2020-08-16,591662.6,652155.441
naive_semanal,2020,2020-08-17,683923.907,750065.106
naive_semanal,2020,2020-08-18,708888.916,750474.293
naive_semanal,2020,2020-08-19,725675.863,743508.569
naive_semanal,2020,2020-08-20,729676.986,746785.396
naive_semanal,2020,2020-08-21,739080.574,746320.647
naive_semanal,2020,2020-08-22,676812.548,685685.967
naive_semanal,2020,2020-08-23,625384.861,640382.6
naive_semanal,2020,2020-08-24,733320.649,753002.18
naive_semanal,2020,2020-08-25,772384.724,748334.103
naive_semanal,2020,2020-08-26,791658.289,759403.981
naive_semanal,2020,2020-08-27,797890.754,778170.266
naive_semanal,2020,2020-08-28,773438.841,782463.034
naive_semanal,2020,2020-08-29,635866.109,704124.582
naive_semanal,2020,2020-08-30,572310.898,658275.465
naive_semanal,2020,2020-08-31,679208.909,772035.659
naive_semanal,2020,2020-09-01,700209.044,796492.504
naive_semanal,2020,2020-09-02,711095.786,802739.777
naive_semanal,2020,2020-09-03,719005.12,785233.792
naive_semanal,2020,2020-09-04,724580.748,759835.407
naive_semanal,2020,2020-09-05,653584.402,677237.25
naive_semanal,2020,2020-09-06,604081.335,625559.392
naive_semanal,2020,2020-09-07,696258.312,725543.137
naive_semanal,2020,2020-09-08,698100.318,731011.426
naive_semanal,2020,2020-09-09,718084.935,699252.213
naive_semanal,2020,2020-09-10,721372.797,720175.206
naive_semanal,2020,2020-09-11,698312.958,710999.404
naive_semanal,2020,2020-09-12,649165.551,639594.83
naive_semanal,2020,2020-09-13,605491.558,600804.651
naive_semanal,2020,2020-09-14,718980.488,722110.774
naive_semanal,2020,2020-09-15,740288.273,745327.536
naive_semanal,2020,2020-09-16,751556.717,749439.31
naive_semanal,2020,2020-09-17,740760.783,750409.372
naive_semanal,2020,2020-09-18,713829.456,742546.066
naive_semanal,2020,2020-09-19,627328.408,662313.73
naive_semanal,2020,2020-09-20,574171.087,606999.498
naive_semanal,2020,2020-09-21,683416.711,708014.904
naive_semanal,2020,2020-09-22,703840.984,727730.253
naive_semanal,2020,2020-09-23,712811.873,738028.712
naive_semanal,2020,2020-09-24,712997.199,739145.522
naive_semanal,2020,2020-09-25,691789.689,734426.657
naive_semanal,2020,2020-09-26,614309.972,653673.494
naive_semanal,2020,2020-09-27,568766.565,597643.634
naive_semanal,2020,2020-09-28,666559.06,715112.43
naive_semanal,2020,2020-09-29,686797.043,741441.646
naive_semanal,2020,2020-09-30,690962.671,733752.221
naive_semanal,2020,2020-10-01,700916.732,722404.634
naive_semanal,2020,2020-10-02,698403.756,719060.66
naive_semanal,2020,2020-10-03,612169.05,639966.26
naive_semanal,2020,2020-10-04,571636.922,595822.23
naive_semanal,2020,2020-10-05,673482.22,706811.27
naive_semanal,2020,2020-10-06,690894.896,729654.451
naive_semanal,2020,2020-10-07,699613.798,718306.304
naive_semanal,2020,2020-10-08,699215.554,725766.274
naive_semanal,2020,2020-10-09,679813.517,717342.224
naive_semanal,2020,2020-10-10,614331.962,624559.893
naive_semanal,2020,2020-10-11,563490.862,591908.756
naive_semanal,2020,2020-10-12,570701.026,708972.391
naive_semanal,2020,2020-10-13,673784.687,707947.469
naive_semanal,2020,2020-10-14,703005.757,711483.129
naive_semanal,2020,2020-10-15,709578.141,712870.909
naive_semanal,2020,2020-10-16,704019.681,702013.343
naive_semanal,2020,2020-10-17,631928.375,638521.461
naive_semanal,2020,2020-10-18,583351.177,590245.061
naive_semanal,2020,2020-10-19,687152.413,698011.851
naive_semanal,2020,2020-10-20,711714.9,728673.757
naive_semanal,2020,2020-10-21,707162.568,731462.329
naive_semanal,2020,2020-10-22,710357.203,729548.927
naive_semanal,2020,2020-10-23,696843.426,721004.715
naive_semanal,2020,2020-10-24,625382.417,639527.818
naive_semanal,2020,2020-10-25,606307.969,617897.851
naive_semanal,2020,2020-10-26,689553.095,705517.424
naive_semanal,2020,2020-10-27,714662.582,720759.167
naive_semanal,2020,2020-10-28,715705.336,716813.201
naive_semanal,2020,2020-10-29,715284.16,706779.544
naive_semanal,2020,2020-10-30,704726.127,610338.583
naive_semanal,2020,2020-10-31,628294.896,613091.302
naive_semanal,2020,2020-11-01,575075.028,585745.923
naive_semanal,2020,2020-11-02,647094.468,701349.067
naive_semanal,2020,2020-11-03,706154.584,723921.225
naive_semanal,2020,2020-11-04,728814.878,726803.046
naive_semanal,2020,2020-11-05,724766.756,738904.63
naive_semanal,2020,2020-11-06,710624.719,747095.1
naive_semanal,2020,2020-11-07,635069.873,674799.054
naive_semanal,2020,2020-11-08,585653.269,628624.931
naive_semanal,2020,2020-11-09,688061.521,757559.515
naive_semanal,2020,2020-11-10,711586.135,773524.257
naive_semanal,2020,2020-11-11,718173.294,776833.483
naive_semanal,2020,2020-11-12,717880.631,794537.245
naive_semanal,2020,2020-11-13,713264.969,794400.091
naive_semanal,2020,2020-11-14,641465.596,712515.929
naive_semanal,2020,2020-11-15,585947.032,673216.611
naive_semanal,2020,2020-11-16,693236.68,784186.573
naive_semanal,2020,2020-11-17,712862.51,810154.106
naive_semanal,2020,2020-11-18,718214.566,821576.303
naive_semanal,2020,2020-11-19,718299.945,815715.186
naive_semanal,2020,2020-11-20,716666.871,812859.646
naive_semanal,2020,2020-11-21,645094.568,706596.572
naive_semanal,2020,2020-11-22,605990.942,657967.591
naive_semanal,2020,2020-11-23,728188.952,774027.534
naive_semanal,2020,2020-11-24,757498.853,785754.366
naive_semanal,2020,2020-11-25,765268.18,774548.693
naive_semanal,2020,2020-11-26,766690.677,776056.195
naive_semanal,2020,2020-11-27,751489.82,758247.169
naive_semanal,2020,2020-11-28,667627.721,686811.005
naive_semanal,2020,2020-11-29,624731.773,649030.819
naive_semanal,2020,2020-11-30,737071.712,776156.953
naive_semanal,2020,2020-12-01,753620.849,794071.443
naive_semanal,2020,2020-12-02,768634.956,802721.404
naive_semanal,2020,2020-12-03,784315.168,797187.595
naive_semanal,2020,2020-12-04,790382.104,687010.235
naive_semanal,2020,2020-12-05,723627.58,677745.106
naive_semanal,2020,2020-12-06,676303.0,653010.122
naive_semanal,2020,2020-12-07,712656.602,731497.032
naive_semanal,2020,2020-12-08,693433.293,794421.564
naive_semanal,2020,2020-12-09,804018.806,810110.768
naive_semanal,2020,2020-12-10,807771.695,825121.76
naive_semanal,2020,2020-12-11,783766.293,793677.004
naive_semanal,2020,2020-12-12,686510.161,703955.843
naive_semanal,2020,2020-12-13,644286.586,660219.604
naive_semanal,2020,2020-12-14,759517.717,780295.07
naive_semanal,2020,2020-12-15,766794.634,786945.087
naive_semanal,2020,2020-12-16,780348.751,792257.443
naive_semanal,2020,2020-12-17,778470.844,793728.479
naive_semanal,2020,2020-12-18,776174.524,757483.61
naive_semanal,2020,2020-12-19,697945.808,666815.843
naive_semanal,2020,2020-12-20,646840.581,621188.286
naive_semanal,2020,2020-12-21,750406.82,675581.844
naive_semanal,2020,2020-12-22,750081.066,622147.62
naive_semanal,2020,2020-12-23,727706.624,541452.518
naive_semanal,2020,2020-12-24,643648.623,632220.615
naive_semanal,2020,2020-12-25,570771.924,674150.472
naive_semanal,2020,2020-12-26,635755.792,646963.129
naive_semanal,2020,2020-12-27,646699.546,617265.192
naive_semanal,2020,2020-12-28,724357.078,689973.969
naive_semanal,2020,2020-12-29,732115.459,656514.303
naive_semanal,2020,2020-12-30,734283.124,574776.72
naive_semanal,2020,2020-12-31,687715.588,723522.375
naive_trend,2020,2020-01-01,574776.72,738844.759643622
naive_trend,2020,2020-01-02,723522.375,784204.3650991515
naive_trend,2020,2020-01-03,754645.342,792412.1704175468
naive_trend,2020,2020-01-04,702390.878,717770.6882606276
naive_trend,2020,2020-01-05,651967.486,658781.0415817249
naive_trend,2020,2020-01-06,630259.532,761463.4259548916
naive_trend,2020,2020-01-07,789031.621,840741.7848579099
naive_trend,2020,2020-01-08,820143.678,842326.9555561454
naive_trend,2020,2020-01-09,820769.614,853448.1320175712
naive_trend,2020,2020-01-10,814759.827,863262.3336614615
naive_trend,2020,2020-01-11,732531.725,771667.0385192255
naive_trend,2020,2020-01-12,693449.101,719006.5967474054
naive_trend,2020,2020-01-13,829157.906,831974.8651399688
naive_trend,2020,2020-01-14,844416.079,842420.6043535753
naive_trend,2020,2020-01-15,832910.293,844079.3639292095
naive_trend,2020,2020-01-16,822827.255,846034.5018300561
naive_trend,2020,2020-01-17,807653.787,844945.5550788883
naive_trend,2020,2020-01-18,729673.024,763073.0665501192
naive_trend,2020,2020-01-19,689820.886,702394.2075630295
naive_trend,2020,2020-01-20,846106.888,824662.5439694576
naive_trend,2020,2020-01-21,862132.604,860946.2665220734
naive_trend,2020,2020-01-22,841706.187,850600.1131493718
naive_trend,2020,2020-01-23,829427.103,833292.2317745461
naive_trend,2020,2020-01-24,821136.183,811664.5559745067
naive_trend,2020,2020-01-25,734265.345,720932.0066252311
naive_trend,2020,2020-01-26,676369.262,675183.7607508758
naive_trend,2020,2020-01-27,807615.701,803993.9286555875
naive_trend,2020,2020-01-28,807001.677,828853.2903239396
naive_trend,2020,2020-01-29,792162.501,826034.8611070234
naive_trend,2020,2020-01-30,778203.546,819788.6762560591
naive_trend,2020,2020-01-31,765448.598,807740.8939515512
naive_trend,2020,2020-02-01,681471.943,735808.5800992931
naive_trend,2020,2020-02-02,625016.468,692883.8254582979
naive_trend,2020,2020-02-03,729329.082,824124.1027057009
naive_trend,2020,2020-02-04,747892.827,822529.8353100684
naive_trend,2020,2020-02-05,758987.788,809850.1192347539
naive_trend,2020,2020-02-06,769754.643,801804.6438741632
naive_trend,2020,2020-02-07,772488.589,795408.2082212506
naive_trend,2020,2020-02-08,698199.59,716152.224725038
naive_trend,2020,2020-02-09,646787.156,669406.2350022738
naive_trend,2020,2020-02-10,749504.414,778159.2712156812
naive_trend,2020,2020-02-11,761008.347,795526.4045631223
naive_trend,2020,2020-02-12,766558.356,794232.9145193815
naive_trend,2020,2020-02-13,759532.177,790709.0064553854
naive_trend,2020,2020-02-14,753954.141,787064.2202260562
naive_trend,2020,2020-02-15,675832.097,703294.1823217645
naive_trend,2020,2020-02-16,625453.407,653720.2943751197
naive_trend,2020,2020-02-17,739797.699,776122.9399647488
naive_trend,2020,2020-02-18,766371.869,786426.8043461923
naive_trend,2020,2020-02-19,764941.248,782080.3141304235
naive_trend,2020,2020-02-20,763651.659,777604.9221795013
naive_trend,2020,2020-02-21,753744.734,767597.9079808501
naive_trend,2020,2020-02-22,672072.47,686060.8325440175
naive_trend,2020,2020-02-23,620872.08,634571.3989321215
naive_trend,2020,2020-02-24,730827.761,747438.2408410258
naive_trend,2020,2020-02-25,743820.753,756263.7385915366
naive_trend,2020,2020-02-26,753405.313,752906.4171583663
naive_trend,2020,2020-02-27,751137.432,738855.4282041388
naive_trend,2020,2020-02-28,728292.593,744362.5586543131
naive_trend,2020,2020-02-29,670263.321,667213.5825115811
naive_trend,2020,2020-03-01,626873.694,618636.3413942457
naive_trend,2020,2020-03-02,741296.331,726515.6118496913
naive_trend,2020,2020-03-03,769321.188,741796.0625613966
naive_trend,2020,2020-03-04,759058.244,763988.7808451359
naive_trend,2020,2020-03-05,754365.164,754751.4330566478
naive_trend,2020,2020-03-06,757995.483,745185.3548343129
naive_trend,2020,2020-03-07,683532.439,668281.0806479412
naive_trend,2020,2020-03-08,630442.877,614966.3685222337
naive_trend,2020,2020-03-09,740417.533,723170.8065881525
naive_trend,2020,2020-03-10,747566.521,739796.080271807
naive_trend,2020,2020-03-11,742561.392,749967.6333986637
naive_trend,2020,2020-03-12,738088.907,750568.072169225
naive_trend,2020,2020-03-13,729774.542,735414.755219968
naive_trend,2020,2020-03-14,646497.547,657088.8388512376
naive_trend,2020,2020-03-15,600435.811,607471.6315914035
naive_trend,2020,2020-03-16,704124.264,704915.7925700344
naive_trend,2020,2020-03-17,706050.583,704053.6749250337
naive_trend,2020,2020-03-18,684799.07,752219.1695343249
naive_trend,2020,2020-03-19,641992.028,755501.4466981514
naive_trend,2020,2020-03-20,647058.248,745752.0985935492
naive_trend,2020,2020-03-21,612492.101,666606.3605394372
naive_trend,2020,2020-03-22,583510.909,609054.4788390236
naive_trend,2020,2020-03-23,653558.582,713832.7361204549
naive_trend,2020,2020-03-24,663819.764,729084.712118619
naive_trend,2020,2020-03-25,664643.791,731990.8142657651
naive_trend,2020,2020-03-26,661338.324,732792.9860885021
naive_trend,2020,2020-03-27,667335.755,730371.417965297
naive_trend,2020,2020-03-28,605617.221,658284.4592618117
naive_trend,2020,2020-03-29,540515.04,592764.6063015441
naive_trend,2020,2020-03-30,610996.075,725559.7110174437
naive_trend,2020,2020-03-31,610653.934,737372.349965767
naive_trend,2020,2020-04-01,599875.958,740364.6825924396
naive_trend,2020,2020-04-02,599323.162,743157.9012751497
naive_trend,2020,2020-04-03,584683.694,755454.3873661266
naive_trend,2020,2020-04-04,542996.041,680257.1853968934
naive_trend,2020,2020-04-05,519594.376,632869.7789596363
naive_trend,2020,2020-04-06,568143.84,742575.8330948446
naive_trend,2020,2020-04-07,567082.621,759068.4809521924
naive_trend,2020,2020-04-08,555027.089,755940.7480961
naive_trend,2020,2020-04-09,529824.736,751182.9095643376
naive_trend,2020,2020-04-10,510435.49,734170.4090436371
naive_trend,2020,2020-04-11,518229.908,655773.970871778
naive_trend,2020,2020-04-12,501615.48,603972.8952378886
naive_trend,2020,2020-04-13,537818.991,702462.486549433
naive_trend,2020,2020-04-14,584017.243,709690.6916402066
naive_trend,2020,2020-04-15,604347.185,703701.1007511949
naive_trend,2020,2020-04-16,604521.525,630781.1670834151
naive_trend,2020,2020-04-17,598697.568,582285.5035714946
naive_trend,2020,2020-04-18,552914.776,595576.9820038106
naive_trend,2020,2020-04-19,520123.268,573248.2054782879
naive_trend,2020,2020-04-20,585331.059,620077.519874089
naive_trend,2020,2020-04-21,608880.705,688315.1689652748
naive_trend,2020,2020-04-22,608023.375,734527.7774497658
naive_trend,2020,2020-04-23,599598.011,736603.494871907
naive_trend,2020,2020-04-24,594661.984,719086.6373315046
naive_trend,2020,2020-04-25,556038.735,638577.366256464
naive_trend,2020,2020-04-26,522374.953,577412.8971314164
naive_trend,2020,2020-04-27,590579.965,678560.2212849604
naive_trend,2020,2020-04-28,601203.105,690055.0173655816
naive_trend,2020,2020-04-29,600234.68,586122.3467861686
naive_trend,2020,2020-04-30,594712.471,671272.163947055
naive_trend,2020,2020-05-01,525344.189,693326.7504039073
naive_trend,2020,2020-05-02,529331.136,631896.5597596263
naive_trend,2020,2020-05-03,509365.967,582858.6134261404
naive_trend,2020,2020-05-04,585884.404,688776.1210604969
naive_trend,2020,2020-05-05,607115.027,712049.5325696743
naive_trend,2020,2020-05-06,610199.36,717127.416966659
naive_trend,2020,2020-05-07,604624.142,716427.6233065821
naive_trend,2020,2020-05-08,597179.788,711475.4650631468
naive_trend,2020,2020-05-09,547084.706,639988.1557144824
naive_trend,2020,2020-05-10,513399.456,586403.7023207904
naive_trend,2020,2020-05-11,591350.652,690061.1913333267
naive_trend,2020,2020-05-12,617479.021,712849.2923440646
naive_trend,2020,2020-05-13,617401.116,711174.7872592678
naive_trend,2020,2020-05-14,620557.901,720337.8632709903
naive_trend,2020,2020-05-15,608952.25,704865.3197366555
naive_trend,2020,2020-05-16,555670.934,630717.954095376
naive_trend,2020,2020-05-17,519597.946,586099.7284822122
naive_trend,2020,2020-05-18,596670.207,690132.6757657379
naive_trend,2020,2020-05-19,615052.604,709048.1669563329
naive_trend,2020,2020-05-20,622450.073,717166.8001514275
naive_trend,2020,2020-05-21,630168.002,717773.6756964875
naive_trend,2020,2020-05-22,634355.264,714445.4770344207
naive_trend,2020,2020-05-23,582895.641,638812.906809219
naive_trend,2020,2020-05-24,542170.641,583645.9336808686
naive_trend,2020,2020-05-25,627466.111,700250.8064516004
naive_trend,2020,2020-05-26,642990.536,720518.1765772819
naive_trend,2020,2020-05-27,644707.726,719263.0224732166
naive_trend,2020,2020-05-28,642005.868,716390.8114469805
naive_trend,2020,2020-05-29,641570.31,717488.7633113735
naive_trend,2020,2020-05-30,583380.433,654143.732797251
naive_trend,2020,2020-05-31,541662.429,607377.4930177514
naive_trend,2020,2020-06-01,627334.741,723912.9678824176
naive_trend,2020,2020-06-02,653396.5,740442.0294073162
naive_trend,2020,2020-06-03,662452.407,724722.8984772613
naive_trend,2020,2020-06-04,651301.681,715737.7625472083
naive_trend,2020,2020-06-05,640912.088,712909.2232341263
naive_trend,2020,2020-06-06,582674.188,646180.1914239603
naive_trend,2020,2020-06-07,540393.818,595562.0040098258
naive_trend,2020,2020-06-08,625763.383,689853.417707743
naive_trend,2020,2020-06-09,643604.721,714369.5159278803
naive_trend,2020,2020-06-10,653728.489,718423.0920892776
naive_trend,2020,2020-06-11,653624.408,721862.1703142856
naive_trend,2020,2020-06-12,645918.049,717441.2719409737
naive_trend,2020,2020-06-13,581088.713,646889.5068514481
naive_trend,2020,2020-06-14,543304.621,598137.3817764318
naive_trend,2020,2020-06-15,644001.077,711395.4384157693
naive_trend,2020,2020-06-16,656823.463,733566.0450949366
naive_trend,2020,2020-06-17,661145.578,738558.7840857328
naive_trend,2020,2020-06-18,662011.432,732163.9571287048
naive_trend,2020,2020-06-19,657676.183,729486.6859982604
naive_trend,2020,2020-06-20,608254.976,669951.8058946972
naive_trend,2020,2020-06-21,572807.006,620562.0489206294
naive_trend,2020,2020-06-22,682963.291,684892.8416843571
naive_trend,2020,2020-06-23,706613.83,761761.5822076099
naive_trend,2020,2020-06-24,668203.326,789248.9476994609
naive_trend,2020,2020-06-25,711838.827,804223.5182281458
naive_trend,2020,2020-06-26,702221.428,817441.0374644558
naive_trend,2020,2020-06-27,638125.491,748326.8352709537
naive_trend,2020,2020-06-28,604144.564,693326.6598152157
naive_trend,2020,2020-06-29,723951.102,801423.5342624952
naive_trend,2020,2020-06-30,752302.735,814054.5564274171
naive_trend,2020,2020-07-01,763359.011,811083.7271669592
naive_trend,2020,2020-07-02,765790.102,810255.6439920069
naive_trend,2020,2020-07-03,735357.247,812336.64442718
naive_trend,2020,2020-07-04,660713.186,735063.7947194143
naive_trend,2020,2020-07-05,626327.165,683277.3347247436
naive_trend,2020,2020-07-06,757299.096,779757.3821600823
naive_trend,2020,2020-07-07,780525.085,778560.2615609575
naive_trend,2020,2020-07-08,784566.99,789135.1872170334
naive_trend,2020,2020-07-09,771125.891,817538.4013937183
naive_trend,2020,2020-07-10,758878.105,825130.4066877185
naive_trend,2020,2020-07-11,690697.734,735724.743749471
naive_trend,2020,2020-07-12,633135.072,664273.2746718047
naive_trend,2020,2020-07-13,752649.491,792428.6217221189
naive_trend,2020,2020-07-14,760459.038,806594.817591398
naive_trend,2020,2020-07-15,756753.738,801774.4629076849
naive_trend,2020,2020-07-16,763067.312,804466.0878660748
naive_trend,2020,2020-07-17,760177.205,814556.5422134576
naive_trend,2020,2020-07-18,688716.516,740804.3065259492
naive_trend,2020,2020-07-19,644522.223,688775.7029588437
naive_trend,2020,2020-07-20,769330.38,832301.382621494
naive_trend,2020,2020-07-21,785563.684,853820.2743442588
naive_trend,2020,2020-07-22,776667.953,856303.3143607618
naive_trend,2020,2020-07-23,789634.51,831450.9598770207
naive_trend,2020,2020-07-24,789089.65,805987.4433107945
naive_trend,2020,2020-07-25,704273.245,702570.7002165951
naive_trend,2020,2020-07-26,664179.618,636163.976997979
naive_trend,2020,2020-07-27,794291.764,756549.7410273892
naive_trend,2020,2020-07-28,814337.543,770322.7272240615
naive_trend,2020,2020-07-29,817487.547,762015.8417686656
naive_trend,2020,2020-07-30,825275.946,785766.583012108
naive_trend,2020,2020-07-31,810169.058,780844.0482662801
naive_trend,2020,2020-08-01,738269.153,702877.4424854054
naive_trend,2020,2020-08-02,673895.707,656394.1729092929
naive_trend,2020,2020-08-03,747511.864,768856.5870800437
naive_trend,2020,2020-08-04,751123.76,789460.3578139471
naive_trend,2020,2020-08-05,764126.717,784152.0605823396
naive_trend,2020,2020-08-06,776466.924,792042.7995075316
naive_trend,2020,2020-08-07,775393.905,791859.3424750004
naive_trend,2020,2020-08-08,700782.169,713083.3406721097
naive_trend,2020,2020-08-09,657269.503,648946.1538608042
naive_trend,2020,2020-08-10,738068.961,709165.5061898157
naive_trend,2020,2020-08-11,734500.01,710173.852897053
naive_trend,2020,2020-08-12,712418.386,719471.5227992927
naive_trend,2020,2020-08-13,716219.241,658427.7944633205
naive_trend,2020,2020-08-14,710586.003,712660.6657832358
naive_trend,2020,2020-08-15,631293.617,689507.7223015788
naive_trend,2020,2020-08-16,591662.6,649207.7809702768
naive_trend,2020,2020-08-17,683923.907,746674.9066799482
naive_trend,2020,2020-08-18,708888.916,747082.2442065116
naive_trend,2020,2020-08-19,725675.863,740148.0043971234
naive_trend,2020,2020-08-20,729676.986,743410.0205539332
naive_trend,2020,2020-08-21,739080.574,742947.3721605755
naive_trend,2020,2020-08-22,676812.548,682586.7532377582
naive_trend,2020,2020-08-23,625384.861,637488.1517211421
naive_trend,2020,2020-08-24,733320.649,749598.705477305
naive_trend,2020,2020-08-25,772384.724,744951.7275943613
naive_trend,2020,2020-08-26,791658.289,755971.57114726
naive_trend,2020,2020-08-27,797890.754,774653.0349148923
naive_trend,2020,2020-08-28,773438.841,778926.4001470015
naive_trend,2020,2020-08-29,635866.109,700942.0280323073
naive_trend,2020,2020-08-30,572310.898,655300.1432365985
naive_trend,2020,2020-08-31,679208.909,768546.1555618843
naive_trend,2020,2020-09-01,700209.044,792892.4587187478
naive_trend,2020,2020-09-02,711095.786,799111.4948356994
naive_trend,2020,2020-09-03,719005.12,781684.6346716225
naive_trend,2020,2020-09-04,724580.748,756401.047156359
naive_trend,2020,2020-09-05,653584.402,674176.2233689814
naive_trend,2020,2020-09-06,604081.335,622731.9427446676
naive_trend,2020,2020-09-07,696258.312,722263.7738753199
naive_trend,2020,2020-09-08,698100.318,727707.3469013312
naive_trend,2020,2020-09-09,718084.935,696091.6815233399
naive_trend,2020,2020-09-10,721372.797,716920.1052438539
naive_trend,2020,2020-09-11,698312.958,707785.7767072272
naive_trend,2020,2020-09-12,649165.551,636703.9423418095
naive_trend,2020,2020-09-13,605491.558,598089.0900400102
naive_trend,2020,2020-09-14,718980.488,718846.9247215389
naive_trend,2020,2020-09-15,740288.273,741958.7498965665
naive_trend,2020,2020-09-16,751556.717,746051.9391986417
naive_trend,2020,2020-09-17,740760.783,747017.6166412126
naive_trend,2020,2020-09-18,713829.456,739189.8517888294
naive_trend,2020,2020-09-19,627328.408,659320.1557900473
naive_trend,2020,2020-09-20,574171.087,604255.9371158447
naive_trend,2020,2020-09-21,683416.711,704814.7662693863
naive_trend,2020,2020-09-22,703840.984,724441.0043878912
naive_trend,2020,2020-09-23,712811.873,734692.9156570075
naive_trend,2020,2020-09-24,712997.199,735804.6778171968
naive_trend,2020,2020-09-25,691789.689,731107.1414895833
naive_trend,2020,2020-09-26,614309.972,650718.9725629039
naive_trend,2020,2020-09-27,568766.565,594942.360436662
naive_trend,2020,2020-09-28,666559.06,711880.2123504209
naive_trend,2020,2020-09-29,686797.043,738090.4236274086
naive_trend,2020,2020-09-30,690962.671,730435.753854919
naive_trend,2020,2020-10-01,700916.732,719139.4565115419
naive_trend,2020,2020-10-02,698403.756,715810.5968506712
naive_trend,2020,2020-10-03,612169.05,637073.6935252331
naive_trend,2020,2020-10-04,571636.922,593129.1889521502
naive_trend,2020,2020-10-05,673482.22,703616.5725426849
naive_trend,2020,2020-10-06,690894.896,726356.5052565368
naive_trend,2020,2020-10-07,699613.798,715059.6504442889
naive_trend,2020,2020-10-08,699215.554,722485.9023243292
naive_trend,2020,2020-10-09,679813.517,714099.9279638353
naive_trend,2020,2020-10-10,614331.962,621736.96135361
naive_trend,2020,2020-10-11,563490.862,589233.4033591802
naive_trend,2020,2020-10-12,570701.026,705767.9255493651
naive_trend,2020,2020-10-13,673784.687,704747.636067049
naive_trend,2020,2020-10-14,703005.757,708267.3153314673
naive_trend,2020,2020-10-15,709578.141,709648.8227415618
naive_trend,2020,2020-10-16,704019.681,698840.331565302
naive_trend,2020,2020-10-17,631928.375,635635.4248338
naive_trend,2020,2020-10-18,583351.177,587577.2280499545
naive_trend,2020,2020-10-19,687152.413,694856.9258025488
naive_trend,2020,2020-10-20,711714.9,725380.2438692598
naive_trend,2020,2020-10-21,707162.568,728156.2118768562
naive_trend,2020,2020-10-22,710357.203,726251.4582116574
naive_trend,2020,2020-10-23,696843.426,717745.8649681906
naive_trend,2020,2020-10-24,625382.417,636637.2332275658
naive_trend,2020,2020-10-25,606307.969,615105.0309400281
naive_trend,2020,2020-10-26,689553.095,702328.5745628026
naive_trend,2020,2020-10-27,714662.582,717501.426814064
naive_trend,2020,2020-10-28,715705.336,713573.2960808204
naive_trend,2020,2020-10-29,715284.16,703584.9899401884
naive_trend,2020,2020-10-30,704726.127,607579.9298743765
naive_trend,2020,2020-10-31,628294.896,610320.2069329938
naive_trend,2020,2020-11-01,575075.028,583098.4255841186
naive_trend,2020,2020-11-02,647094.468,698179.058008724
naive_trend,2020,2020-11-03,706154.584,720649.192712224
naive_trend,2020,2020-11-04,728814.878,723517.9882461457
naive_trend,2020,2020-11-05,724766.756,735564.8746185396
naive_trend,2020,2020-11-06,710624.719,743718.324731062
naive_trend,2020,2020-11-07,635069.873,671749.0477062231
naive_trend,2020,2020-11-08,585653.269,625783.6258964883
naive_trend,2020,2020-11-09,688061.521,754135.4419000685
naive_trend,2020,2020-11-10,711586.135,770028.0252873824
naive_trend,2020,2020-11-11,718173.294,773322.2940048141
naive_trend,2020,2020-11-12,717880.631,790946.0372418899
naive_trend,2020,2020-11-13,713264.969,790809.503160606
naive_trend,2020,2020-11-14,641465.596,709295.4472062209
naive_trend,2020,2020-11-15,585947.032,670173.7571482441
naive_trend,2020,2020-11-16,693236.68,780642.1489689234
naive_trend,2020,2020-11-17,712862.51,806492.3120072817
naive_trend,2020,2020-11-18,718214.566,817862.8821229044
naive_trend,2020,2020-11-19,718299.945,812028.2566297206
naive_trend,2020,2020-11-20,716666.871,809185.623309006
naive_trend,2020,2020-11-21,645094.568,703402.844950464
naive_trend,2020,2020-11-22,605990.942,654993.6607881014
naive_trend,2020,2020-11-23,728188.952,770529.0275390579
naive_trend,2020,2020-11-24,757498.853,782202.8557430478
naive_trend,2020,2020-11-25,765268.18,771047.8309663571
naive_trend,2020,2020-11-26,766690.677,772548.5192481686
naive_trend,2020,2020-11-27,751489.82,754819.9877910463
naive_trend,2020,2020-11-28,667627.721,683706.7062084293
naive_trend,2020,2020-11-29,624731.773,646097.2818661362
naive_trend,2020,2020-11-30,737071.712,772648.8218347647
naive_trend,2020,2020-12-01,753620.849,790482.3406079588
naive_trend,2020,2020-12-02,768634.956,799093.2048793334
naive_trend,2020,2020-12-03,784315.168,793584.4079954271
naive_trend,2020,2020-12-04,790382.104,683905.035714052
naive_trend,2020,2020-12-05,723627.58,674681.7839241566
naive_trend,2020,2020-12-06,676303.0,650058.5989203603
naive_trend,2020,2020-12-07,712656.602,728190.7580236895
naive_trend,2020,2020-12-08,693433.293,790830.8791053646
naive_trend,2020,2020-12-09,804018.806,806449.1698895551
naive_trend,2020,2020-12-10,807771.695,821392.3141061232
naive_trend,2020,2020-12-11,783766.293,790089.6844223024
naive_trend,2020,2020-12-12,686510.161,700774.0517112247
naive_trend,2020,2020-12-13,644286.586,657235.4949744487
naive_trend,2020,2020-12-14,759517.717,776768.2350698148
naive_trend,2020,2020-12-15,766794.634,783388.1948348744
naive_trend,2020,2020-12-16,780348.751,788676.5396583044
naive_trend,2020,2020-12-17,778470.844,790140.9267618193
naive_trend,2020,2020-12-18,776174.524,754059.8799810589
naive_trend,2020,2020-12-19,697945.808,663801.9198092598
naive_trend,2020,2020-12-20,646840.581,618380.5935904008
naive_trend,2020,2020-12-21,750406.82,672528.2995945252
naive_trend,2020,2020-12-22,750081.066,619335.5915221736
naive_trend,2020,2020-12-23,727706.624,539005.2211671249
naive_trend,2020,2020-12-24,643648.623,629363.0578600258
naive_trend,2020,2020-12-25,570771.924,671103.3972147518
naive_trend,2020,2020-12-26,635755.792,644038.9375631643
naive_trend,2020,2020-12-27,646699.546,614475.2314786129
naive_trend,2020,2020-12-28,724357.078,686855.3740115841
naive_trend,2020,2020-12-29,732115.459,653546.9414658734
naive_trend,2020,2020-12-30,734283.124,572178.8019929655
naive_trend,2020,2020-12-31,687715.588,720252.1454637292
sarimax_d,2020,2020-01-01,574776.72,645954.0119892682
sarimax_d,2020,2020-01-02,723522.375,710730.8342189449
sarimax_d,2020,2020-01-03,754645.342,722503.1847441718
sarimax_d,2020,2020-01-04,702390.878,662571.8192360259
sarimax_d,2020,2020-01-05,651967.486,628507.6471071894
sarimax_d,2020,2020-01-06,630259.532,715861.0566895185
sarimax_d,2020,2020-01-07,789031.621,694283.0629253248
sarimax_d,2020,2020-01-08,820143.678,665938.5059770471
sarimax_d,2020,2020-01-09,820769.614,718412.7312021559
sarimax_d,2020,2020-01-10,814759.827,718019.0130245673
sarimax_d,2020,2020-01-11,732531.725,677725.9729579486
sarimax_d,2020,2020-01-12,693449.101,649813.9610360976
sarimax_d,2020,2020-01-13,829157.906,732531.1124199661
sarimax_d,2020,2020-01-14,844416.079,704138.4419442742
sarimax_d,2020,2020-01-15,832910.293,668311.698174706
sarimax_d,2020,2020-01-16,822827.255,712065.8948104188
sarimax_d,2020,2020-01-17,807653.787,711996.4384846142
sarimax_d,2020,2020-01-18,729673.024,666416.9336829334
sarimax_d,2020,2020-01-19,689820.886,632500.953530959
sarimax_d,2020,2020-01-20,846106.888,724024.8952639494
sarimax_d,2020,2020-01-21,862132.604,694023.5902169328
sarimax_d,2020,2020-01-22,841706.187,661875.6260625095
sarimax_d,2020,2020-01-23,829427.103,718088.115565996
sarimax_d,2020,2020-01-24,821136.183,721875.4736052235
sarimax_d,2020,2020-01-25,734265.345,667710.7183944634
sarimax_d,2020,2020-01-26,676369.262,628468.7669059038
sarimax_d,2020,2020-01-27,807615.701,707433.2874325549
sarimax_d,2020,2020-01-28,807001.677,666486.6002633341
sarimax_d,2020,2020-01-29,792162.501,643470.0870623704
sarimax_d,2020,2020-01-30,778203.546,694807.8639177012
sarimax_d,2020,2020-01-31,765448.598,692027.5167229936
sarimax_d,2020,2020-02-01,681471.943,631426.9714960792
sarimax_d,2020,2020-02-02,625016.468,596556.835583865
sarimax_d,2020,2020-02-03,729329.082,675284.6827884215
sarimax_d,2020,2020-02-04,747892.827,661022.9640683961
sarimax_d,2020,2020-02-05,758987.788,652429.5490427385
sarimax_d,2020,2020-02-06,769754.643,715782.4510718693
sarimax_d,2020,2020-02-07,772488.589,715623.2077674846
sarimax_d,2020,2020-02-08,698199.59,661807.1028453801
sarimax_d,2020,2020-02-09,646787.156,619011.703501951
sarimax_d,2020,2020-02-10,749504.414,680730.8098430382
sarimax_d,2020,2020-02-11,761008.347,664222.1623059633
sarimax_d,2020,2020-02-12,766558.356,641248.8151121169
sarimax_d,2020,2020-02-13,759532.177,689283.051372502
sarimax_d,2020,2020-02-14,753954.141,703717.0565509619
sarimax_d,2020,2020-02-15,675832.097,652801.4094769311
sarimax_d,2020,2020-02-16,625453.407,607344.9550262814
sarimax_d,2020,2020-02-17,739797.699,682686.2171841628
sarimax_d,2020,2020-02-18,766371.869,670457.1340887456
sarimax_d,2020,2020-02-19,764941.248,651737.462786146
sarimax_d,2020,2020-02-20,763651.659,709004.2190782066
sarimax_d,2020,2020-02-21,753744.734,705937.8237734529
sarimax_d,2020,2020-02-22,672072.47,650561.2837985621
sarimax_d,2020,2020-02-23,620872.08,607856.455196904
sarimax_d,2020,2020-02-24,730827.761,684369.5839966565
sarimax_d,2020,2020-02-25,743820.753,663153.9867894192
sarimax_d,2020,2020-02-26,753405.313,638341.8730641652
sarimax_d,2020,2020-02-27,751137.432,687502.6396726222
sarimax_d,2020,2020-02-28,728292.593,691240.8697586142
sarimax_d,2020,2020-02-29,670263.321,640085.657633498
sarimax_d,2020,2020-03-01,626873.694,596532.6777401821
sarimax_d,2020,2020-03-02,741296.331,677254.1860538491
sarimax_d,2020,2020-03-03,769321.188,669712.5865933407
sarimax_d,2020,2020-03-04,759058.244,625859.1710729336
sarimax_d,2020,2020-03-05,754365.164,680879.2974620668
sarimax_d,2020,2020-03-06,757995.483,707090.2772470901
sarimax_d,2020,2020-03-07,683532.439,652082.7785682003
sarimax_d,2020,2020-03-08,630442.877,612453.3037436842
sarimax_d,2020,2020-03-09,740417.533,678555.5468703711
sarimax_d,2020,2020-03-10,747566.521,650276.3449804548
sarimax_d,2020,2020-03-11,742561.392,617034.5217725533
sarimax_d,2020,2020-03-12,738088.907,666201.7625424954
sarimax_d,2020,2020-03-13,729774.542,677676.9374329306
sarimax_d,2020,2020-03-14,646497.547,631694.7955031432
sarimax_d,2020,2020-03-15,600435.811,598649.8169582217
sarimax_d,2020,2020-03-16,704124.264,695764.5843950021
sarimax_d,2020,2020-03-17,706050.583,664500.669824762
sarimax_d,2020,2020-03-18,684799.07,630436.5938801136
sarimax_d,2020,2020-03-19,641992.028,688635.6658418336
sarimax_d,2020,2020-03-20,647058.248,696154.9634108804
sarimax_d,2020,2020-03-21,612492.101,652199.318371161
sarimax_d,2020,2020-03-22,583510.909,614395.6330663713
sarimax_d,2020,2020-03-23,653558.582,687302.503127425
sarimax_d,2020,2020-03-24,663819.764,664034.5107971919
sarimax_d,2020,2020-03-25,664643.791,645755.0975425553
sarimax_d,2020,2020-03-26,661338.324,705255.5301277008
sarimax_d,2020,2020-03-27,667335.755,719592.4035016925
sarimax_d,2020,2020-03-28,605617.221,657055.141594779
sarimax_d,2020,2020-03-29,540515.04,606969.4607509275
sarimax_d,2020,2020-03-30,610996.075,702841.13744158
sarimax_d,2020,2020-03-31,610653.934,687446.0531636298
sarimax_d,2020,2020-04-01,599875.958,649011.7363176581
sarimax_d,2020,2020-04-02,599323.162,702452.101520354
sarimax_d,2020,2020-04-03,584683.694,704856.5986274581
sarimax_d,2020,2020-04-04,542996.041,644591.8619889255
sarimax_d,2020,2020-04-05,519594.376,597795.1920748263
sarimax_d,2020,2020-04-06,568143.84,674521.9764045893
sarimax_d,2020,2020-04-07,567082.621,650192.1773961566
sarimax_d,2020,2020-04-08,555027.089,624026.9072271697
sarimax_d,2020,2020-04-09,529824.736,679636.2068028382
sarimax_d,2020,2020-04-10,510435.49,684300.2803164137
sarimax_d,2020,2020-04-11,518229.908,629117.9719847061
sarimax_d,2020,2020-04-12,501615.48,591275.4400939712
sarimax_d,2020,2020-04-13,537818.991,672009.8971905177
sarimax_d,2020,2020-04-14,584017.243,650548.2710991856
sarimax_d,2020,2020-04-15,604347.185,628694.971952296
sarimax_d,2020,2020-04-16,604521.525,676483.1589233174
sarimax_d,2020,2020-04-17,598697.568,681632.8147592008
sarimax_d,2020,2020-04-18,552914.776,626204.4780508567
sarimax_d,2020,2020-04-19,520123.268,586173.588494252
sarimax_d,2020,2020-04-20,585331.059,668105.8153191591
sarimax_d,2020,2020-04-21,608880.705,657450.0145069287
sarimax_d,2020,2020-04-22,608023.375,623703.1856789663
sarimax_d,2020,2020-04-23,599598.011,671012.2647586433
sarimax_d,2020,2020-04-24,594661.984,670723.3985846732
sarimax_d,2020,2020-04-25,556038.735,623032.0068784422
sarimax_d,2020,2020-04-26,522374.953,583939.9098116336
sarimax_d,2020,2020-04-27,590579.965,666247.653632459
sarimax_d,2020,2020-04-28,601203.105,646650.6636587908
sarimax_d,2020,2020-04-29,600234.68,619397.6890878322
sarimax_d,2020,2020-04-30,594712.471,663877.4418361925
sarimax_d,2020,2020-05-01,525344.189,658965.8319538467
sarimax_d,2020,2020-05-02,529331.136,606133.7420621114
sarimax_d,2020,2020-05-03,509365.967,567579.022765324
sarimax_d,2020,2020-05-04,585884.404,645289.9206016302
sarimax_d,2020,2020-05-05,607115.027,624792.9847239505
sarimax_d,2020,2020-05-06,610199.36,601010.3051497557
sarimax_d,2020,2020-05-07,604624.142,654308.2328712358
sarimax_d,2020,2020-05-08,597179.788,658965.8319538467
sarimax_d,2020,2020-05-09,547084.706,606133.7420621114
sarimax_d,2020,2020-05-10,513399.456,576300.0812739821
sarimax_d,2020,2020-05-11,591350.652,650825.5590759455
sarimax_d,2020,2020-05-12,617479.021,642921.3914234625
sarimax_d,2020,2020-05-13,617401.116,616257.5900702381
sarimax_d,2020,2020-05-14,620557.901,678477.2836602639
sarimax_d,2020,2020-05-15,608952.25,680965.9483698974
sarimax_d,2020,2020-05-16,555670.934,621834.2371500817
sarimax_d,2020,2020-05-17,519597.946,576338.9278597668
sarimax_d,2020,2020-05-18,596670.207,645289.9206016302
sarimax_d,2020,2020-05-19,615052.604,624792.9847239505
sarimax_d,2020,2020-05-20,622450.073,601010.3051497557
sarimax_d,2020,2020-05-21,630168.002,662835.2590161181
sarimax_d,2020,2020-05-22,634355.264,678236.3463375624
sarimax_d,2020,2020-05-23,582895.641,623456.0286180229
sarimax_d,2020,2020-05-24,542170.641,567579.022765324
sarimax_d,2020,2020-05-25,627466.111,645289.9206016302
sarimax_d,2020,2020-05-26,642990.536,624792.9847239505
sarimax_d,2020,2020-05-27,644707.726,601010.3051497557
sarimax_d,2020,2020-05-28,642005.868,654844.7014035297
sarimax_d,2020,2020-05-29,641570.31,666730.5080791535
sarimax_d,2020,2020-05-30,583380.433,613559.5959564956
sarimax_d,2020,2020-05-31,541662.429,571277.832119561
sarimax_d,2020,2020-06-01,627334.741,645289.9206016302
sarimax_d,2020,2020-06-02,653396.5,625569.4523364812
sarimax_d,2020,2020-06-03,662452.407,601010.3051497557
sarimax_d,2020,2020-06-04,651301.681,654308.2328712358
sarimax_d,2020,2020-06-05,640912.088,658965.8319538467
sarimax_d,2020,2020-06-06,582674.188,606133.7420621114
sarimax_d,2020,2020-06-07,540393.818,567579.022765324
sarimax_d,2020,2020-06-08,625763.383,648753.7411674298
sarimax_d,2020,2020-06-09,643604.721,627097.8821471742
sarimax_d,2020,2020-06-10,653728.489,601010.3051497557
sarimax_d,2020,2020-06-11,653624.408,654308.2328712358
sarimax_d,2020,2020-06-12,645918.049,658965.8319538467
sarimax_d,2020,2020-06-13,581088.713,606133.7420621114
sarimax_d,2020,2020-06-14,543304.621,567579.022765324
sarimax_d,2020,2020-06-15,644001.077,645289.9206016302
sarimax_d,2020,2020-06-16,656823.463,624792.9847239505
sarimax_d,2020,2020-06-17,661145.578,601010.3051497557
sarimax_d,2020,2020-06-18,662011.432,654308.2328712358
sarimax_d,2020,2020-06-19,657676.183,658965.8319538467
sarimax_d,2020,2020-06-20,608254.976,623653.6749193943
sarimax_d,2020,2020-06-21,572807.006,606882.401552331
sarimax_d,2020,2020-06-22,682963.291,691355.6264141317
sarimax_d,2020,2020-06-23,706613.83,685060.9890492857
sarimax_d,2020,2020-06-24,668203.326,651763.0518233514
sarimax_d,2020,2020-06-25,711838.827,701630.4044567414
sarimax_d,2020,2020-06-26,702221.428,696024.5134609924
sarimax_d,2020,2020-06-27,638125.491,646284.1764264246
sarimax_d,2020,2020-06-28,604144.564,622807.0464056873
sarimax_d,2020,2020-06-29,723951.102,705346.1610326389
sarimax_d,2020,2020-06-30,752302.735,690665.6734524616
sarimax_d,2020,2020-07-01,763359.011,673433.5570094347
sarimax_d,2020,2020-07-02,765790.102,712162.1288012484
sarimax_d,2020,2020-07-03,735357.247,684702.2039109997
sarimax_d,2020,2020-07-04,660713.186,645154.7689900164
sarimax_d,2020,2020-07-05,626327.165,630924.6623548716
sarimax_d,2020,2020-07-06,757299.096,715214.358508256
sarimax_d,2020,2020-07-07,780525.085,697696.2347441029
sarimax_d,2020,2020-07-08,784566.99,671019.448614112
sarimax_d,2020,2020-07-09,771125.891,709366.8453961379
sarimax_d,2020,2020-07-10,758878.105,708151.525809426
sarimax_d,2020,2020-07-11,690697.734,670340.5548219203
sarimax_d,2020,2020-07-12,633135.072,623781.1603195895
sarimax_d,2020,2020-07-13,752649.491,700969.7072165569
sarimax_d,2020,2020-07-14,760459.038,668698.6988143212
sarimax_d,2020,2020-07-15,756753.738,636699.5801402563
sarimax_d,2020,2020-07-16,763067.312,702392.754476317
sarimax_d,2020,2020-07-17,760177.205,712880.9194493855
sarimax_d,2020,2020-07-18,688716.516,660260.5934519768
sarimax_d,2020,2020-07-19,644522.223,640242.2737052398
sarimax_d,2020,2020-07-20,769330.38,724094.3244770158
sarimax_d,2020,2020-07-21,785563.684,695592.7133937926
sarimax_d,2020,2020-07-22,776667.953,667574.7559330668
sarimax_d,2020,2020-07-23,789634.51,735173.8053180665
sarimax_d,2020,2020-07-24,789089.65,741666.6914848408
sarimax_d,2020,2020-07-25,704273.245,684909.9107515868
sarimax_d,2020,2020-07-26,664179.618,655489.2740967511
sarimax_d,2020,2020-07-27,794291.764,743590.7203480132
sarimax_d,2020,2020-07-28,814337.543,714298.5240593043
sarimax_d,2020,2020-07-29,817487.547,688115.8536827419
sarimax_d,2020,2020-07-30,825275.946,756265.4891929905
sarimax_d,2020,2020-07-31,810169.058,760330.1493714871
sarimax_d,2020,2020-08-01,738269.153,709883.9326891642
sarimax_d,2020,2020-08-02,673895.707,650675.174899061
sarimax_d,2020,2020-08-03,747511.864,699995.5933026548
sarimax_d,2020,2020-08-04,751123.76,669912.81180846
sarimax_d,2020,2020-08-05,764126.717,666374.7605318831
sarimax_d,2020,2020-08-06,776466.924,742190.2490167527
sarimax_d,2020,2020-08-07,775393.905,754259.5844007927
sarimax_d,2020,2020-08-08,700782.169,702796.9010257025
sarimax_d,2020,2020-08-09,657269.503,667630.4040381397
sarimax_d,2020,2020-08-10,738068.961,723360.2096433504
sarimax_d,2020,2020-08-11,734500.01,665861.0626303455
sarimax_d,2020,2020-08-12,712418.386,628934.9040149497
sarimax_d,2020,2020-08-13,716219.241,690886.916217908
sarimax_d,2020,2020-08-14,710586.003,701008.0237741438
sarimax_d,2020,2020-08-15,631293.617,643940.6559958776
sarimax_d,2020,2020-08-16,591662.6,594953.035505269
sarimax_d,2020,2020-08-17,683923.907,680485.0798387023
sarimax_d,2020,2020-08-18,708888.916,674133.9721020359
sarimax_d,2020,2020-08-19,725675.863,664864.1780856871
sarimax_d,2020,2020-08-20,729676.986,714533.8844177057
sarimax_d,2020,2020-08-21,739080.574,722015.0020913372
sarimax_d,2020,2020-08-22,676812.548,668688.7964461733
sarimax_d,2020,2020-08-23,625384.861,619814.1166992055
sarimax_d,2020,2020-08-24,733320.649,693219.1486842053
sarimax_d,2020,2020-08-25,772384.724,692458.6077577597
sarimax_d,2020,2020-08-26,791658.289,676793.5441327492
sarimax_d,2020,2020-08-27,797890.754,735554.9803278543
sarimax_d,2020,2020-08-28,773438.841,722085.5900561127
sarimax_d,2020,2020-08-29,635866.109,606133.7420621114
sarimax_d,2020,2020-08-30,572310.898,567579.022765324
sarimax_d,2020,2020-08-31,679208.909,645289.9206016302
sarimax_d,2020,2020-09-01,700209.044,624792.9847239505
sarimax_d,2020,2020-09-02,711095.786,601123.2458933966
sarimax_d,2020,2020-09-03,719005.12,670444.6416189186
sarimax_d,2020,2020-09-04,724580.748,689883.3605255226
sarimax_d,2020,2020-09-05,653584.402,639380.6734713792
sarimax_d,2020,2020-09-06,604081.335,597183.6151921753
sarimax_d,2020,2020-09-07,696258.312,645289.9206016302
sarimax_d,2020,2020-09-08,698100.318,624792.9847239505
sarimax_d,2020,2020-09-09,718084.935,601010.3051497557
sarimax_d,2020,2020-09-10,721372.797,668835.2360220369
sarimax_d,2020,2020-09-11,698312.958,687328.0762006489
sarimax_d,2020,2020-09-12,649165.551,646622.9986573472
sarimax_d,2020,2020-09-13,605491.558,613842.3748791969
sarimax_d,2020,2020-09-14,718980.488,680965.0779991758
sarimax_d,2020,2020-09-15,740288.273,650670.5326106545
sarimax_d,2020,2020-09-16,751556.717,624078.4520383942
sarimax_d,2020,2020-09-17,740760.783,671574.049055327
sarimax_d,2020,2020-09-18,713829.456,658965.8319538467
sarimax_d,2020,2020-09-19,627328.408,606133.7420621114
sarimax_d,2020,2020-09-20,574171.087,567579.022765324
sarimax_d,2020,2020-09-21,683416.711,645289.9206016302
sarimax_d,2020,2020-09-22,703840.984,624792.9847239505
sarimax_d,2020,2020-09-23,712811.873,601010.3051497557
sarimax_d,2020,2020-09-24,712997.199,654308.2328712358
sarimax_d,2020,2020-09-25,691789.689,659794.559117253
sarimax_d,2020,2020-09-26,614309.972,613747.6728759065
sarimax_d,2020,2020-09-27,568766.565,569087.565179962
sarimax_d,2020,2020-09-28,666559.06,653201.6752397744
sarimax_d,2020,2020-09-29,686797.043,624792.9847239505
sarimax_d,2020,2020-09-30,690962.671,601010.3051497557
sarimax_d,2020,2020-10-01,700916.732,654308.2328712358
sarimax_d,2020,2020-10-02,698403.756,671869.3728653209
sarimax_d,2020,2020-10-03,612169.05,631027.9291191199
sarimax_d,2020,2020-10-04,571636.922,588957.59380882
sarimax_d,2020,2020-10-05,673482.22,662026.3246438584
sarimax_d,2020,2020-10-06,690894.896,625802.9959543518
sarimax_d,2020,2020-10-07,699613.798,601010.3051497557
sarimax_d,2020,2020-10-08,699215.554,654308.2328712358
sarimax_d,2020,2020-10-09,679813.517,658965.8319538467
sarimax_d,2020,2020-10-10,614331.962,606133.7420621114
sarimax_d,2020,2020-10-11,563490.862,583428.4297654688
sarimax_d,2020,2020-10-12,570701.026,665108.1537827754
sarimax_d,2020,2020-10-13,673784.687,633934.8812452758
sarimax_d,2020,2020-10-14,703005.757,620135.7742177409
sarimax_d,2020,2020-10-15,709578.141,685961.7258547767
sarimax_d,2020,2020-10-16,704019.681,696698.8156126883
sarimax_d,2020,2020-10-17,631928.375,640849.640891677
sarimax_d,2020,2020-10-18,583351.177,592596.2240106507
sarimax_d,2020,2020-10-19,687152.413,657966.8564293605
sarimax_d,2020,2020-10-20,711714.9,627376.282678631
sarimax_d,2020,2020-10-21,707162.568,604843.1682805096
sarimax_d,2020,2020-10-22,710357.203,666661.4471507604
sarimax_d,2020,2020-10-23,696843.426,677812.9004903752
sarimax_d,2020,2020-10-24,625382.417,632173.9033997677
sarimax_d,2020,2020-10-25,606307.969,590854.6020813046
sarimax_d,2020,2020-10-26,689553.095,680394.2852890425
sarimax_d,2020,2020-10-27,714662.582,663063.3461528133
sarimax_d,2020,2020-10-28,715705.336,628746.7674000092
sarimax_d,2020,2020-10-29,715284.16,679435.4994429523
sarimax_d,2020,2020-10-30,704726.127,685757.02728334
sarimax_d,2020,2020-10-31,628294.896,627039.6796452273
sarimax_d,2020,2020-11-01,575075.028,585105.3073851737
sarimax_d,2020,2020-11-02,647094.468,660647.2708485026
sarimax_d,2020,2020-11-03,706154.584,646663.6125207191
sarimax_d,2020,2020-11-04,728814.878,638309.5019340018
sarimax_d,2020,2020-11-05,724766.756,686479.6803319056
sarimax_d,2020,2020-11-06,710624.719,670794.6173252783
sarimax_d,2020,2020-11-07,635069.873,623478.742614966
sarimax_d,2020,2020-11-08,585653.269,596927.6183256413
sarimax_d,2020,2020-11-09,688061.521,675797.4393045234
sarimax_d,2020,2020-11-10,711586.135,659767.8607920806
sarimax_d,2020,2020-11-11,718173.294,638846.879704023
sarimax_d,2020,2020-11-12,717880.631,691380.824571738
sarimax_d,2020,2020-11-13,713264.969,694717.6397376702
sarimax_d,2020,2020-11-14,641465.596,637813.1327695088
sarimax_d,2020,2020-11-15,585947.032,584503.1853055113
sarimax_d,2020,2020-11-16,693236.68,660388.2936099381
sarimax_d,2020,2020-11-17,712862.51,655967.3698161471
sarimax_d,2020,2020-11-18,718214.566,634392.4712007144
sarimax_d,2020,2020-11-19,718299.945,682161.2348788433
sarimax_d,2020,2020-11-20,716666.871,697637.6081024845
sarimax_d,2020,2020-11-21,645094.568,657268.7978166636
sarimax_d,2020,2020-11-22,605990.942,625259.728224593
sarimax_d,2020,2020-11-23,728188.952,702465.6204456985
sarimax_d,2020,2020-11-24,757498.853,684169.9910958167
sarimax_d,2020,2020-11-25,765268.18,650455.5344226749
sarimax_d,2020,2020-11-26,766690.677,693523.8612208589
sarimax_d,2020,2020-11-27,751489.82,702325.0961205012
sarimax_d,2020,2020-11-28,667627.721,651312.3213296811
sarimax_d,2020,2020-11-29,624731.773,613644.599074977
sarimax_d,2020,2020-11-30,737071.712,693634.4966106504
sarimax_d,2020,2020-12-01,753620.849,675183.48091763
sarimax_d,2020,2020-12-02,768634.956,656774.5790436476
sarimax_d,2020,2020-12-03,784315.168,726724.7432048225
sarimax_d,2020,2020-12-04,790382.104,724448.22672487
sarimax_d,2020,2020-12-05,723627.58,686319.5695526318
sarimax_d,2020,2020-12-06,676303.0,640701.2460739987
sarimax_d,2020,2020-12-07,712656.602,702394.4017050933
sarimax_d,2020,2020-12-08,693433.293,684642.6245561969
sarimax_d,2020,2020-12-09,804018.806,668570.9922602588
sarimax_d,2020,2020-12-10,807771.695,702134.8544031271
sarimax_d,2020,2020-12-11,783766.293,688877.7030080417
sarimax_d,2020,2020-12-12,686510.161,641309.325490129
sarimax_d,2020,2020-12-13,644286.586,615379.7465733589
sarimax_d,2020,2020-12-14,759517.717,689872.8522205018
sarimax_d,2020,2020-12-15,766794.634,670929.7797742088
sarimax_d,2020,2020-12-16,780348.751,658898.1923998762
sarimax_d,2020,2020-12-17,778470.844,706278.4902201585
sarimax_d,2020,2020-12-18,776174.524,716232.1738314126
sarimax_d,2020,2020-12-19,697945.808,660680.8229347505
sarimax_d,2020,2020-12-20,646840.581,621303.8509055208
sarimax_d,2020,2020-12-21,750406.82,698347.8823525236
sarimax_d,2020,2020-12-22,750081.066,676038.1058048927
sarimax_d,2020,2020-12-23,727706.624,652682.7386743292
sarimax_d,2020,2020-12-24,643648.623,706207.2714795533
sarimax_d,2020,2020-12-25,570771.924,728624.2346967219
sarimax_d,2020,2020-12-26,635755.792,688773.3788880301
sarimax_d,2020,2020-12-27,646699.546,653727.801173791
sarimax_d,2020,2020-12-28,724357.078,708927.1025478818
sarimax_d,2020,2020-12-29,732115.459,699482.0203259403
sarimax_d,2020,2020-12-30,734283.124,679875.3487235974
sarimax_d,2020,2020-12-31,687715.588,735322.7875251625
prophet,2020,2020-01-01,574776.72,596159.91640873
prophet,2020,2020-01-02,723522.375,765924.4995367667
prophet,2020,2020-01-03,754645.342,766184.8535129963
prophet,2020,2020-01-04,702390.878,681150.5221139833
prophet,2020,2020-01-05,651967.486,634604.1279579437
prophet,2020,2020-01-06,630259.532,636175.9826209024
prophet,2020,2020-01-07,789031.621,779072.9538069516
prophet,2020,2020-01-08,820143.678,779590.2599043923
prophet,2020,2020-01-09,820769.614,778667.1589499768
prophet,2020,2020-01-10,814759.827,774065.7063950393
prophet,2020,2020-01-11,732531.725,717856.1855099192
prophet,2020,2020-01-12,693449.101,683035.122786028
prophet,2020,2020-01-13,829157.906,804171.2581896386
prophet,2020,2020-01-14,844416.079,819794.1931486765
prophet,2020,2020-01-15,832910.293,813173.7446094482
prophet,2020,2020-01-16,822827.255,802841.1317133331
prophet,2020,2020-01-17,807653.787,798219.109263403
prophet,2020,2020-01-18,729673.024,734986.4474070091
prophet,2020,2020-01-19,689820.886,691740.9665750616
prophet,2020,2020-01-20,846106.888,820622.2598124876
prophet,2020,2020-01-21,862132.604,831846.9588912216
prophet,2020,2020-01-22,841706.187,826451.1581162809
prophet,2020,2020-01-23,829427.103,826975.3382903567
prophet,2020,2020-01-24,821136.183,823354.9425528006
prophet,2020,2020-01-25,734265.345,747023.9003454023
prophet,2020,2020-01-26,676369.262,694332.8785347738
prophet,2020,2020-01-27,807615.701,805681.4264277808
prophet,2020,2020-01-28,807001.677,801314.7396106803
prophet,2020,2020-01-29,792162.501,803116.6882057138
prophet,2020,2020-01-30,778203.546,795312.4589591131
prophet,2020,2020-01-31,765448.598,781747.3984522297
prophet,2020,2020-02-01,681471.943,695949.0930401563
prophet,2020,2020-02-02,625016.468,646316.9339367552
prophet,2020,2020-02-03,729329.082,755915.4392213625
prophet,2020,2020-02-04,747892.827,780497.166435298
prophet,2020,2020-02-05,758987.788,797834.0638207751
prophet,2020,2020-02-06,769754.643,803236.3552061708
prophet,2020,2020-02-07,772488.589,792667.0175463617
prophet,2020,2020-02-08,698199.59,714890.813519148
prophet,2020,2020-02-09,646787.156,657026.7317116585
prophet,2020,2020-02-10,749504.414,748433.8949945429
prophet,2020,2020-02-11,761008.347,771665.399105038
prophet,2020,2020-02-12,766558.356,774166.5884296778
prophet,2020,2020-02-13,759532.177,763799.3855970167
prophet,2020,2020-02-14,753954.141,771206.5856241435
prophet,2020,2020-02-15,675832.097,698262.7063975437
prophet,2020,2020-02-16,625453.407,638939.4252419525
prophet,2020,2020-02-17,739797.699,747141.7235545116
prophet,2020,2020-02-18,766371.869,776530.2453732144
prophet,2020,2020-02-19,764941.248,785001.355771223
prophet,2020,2020-02-20,763651.659,786019.5661881624
prophet,2020,2020-02-21,753744.734,774501.4269350827
prophet,2020,2020-02-22,672072.47,697079.415723462
prophet,2020,2020-02-23,620872.08,641154.6864674614
prophet,2020,2020-02-24,730827.761,750730.866946217
prophet,2020,2020-02-25,743820.753,769815.1388057622
prophet,2020,2020-02-26,753405.313,771009.7262470468
prophet,2020,2020-02-27,751137.432,762272.0021106654
prophet,2020,2020-02-28,728292.593,757595.4325185709
prophet,2020,2020-02-29,670263.321,683946.4227538205
prophet,2020,2020-03-01,626873.694,625959.7782734367
prophet,2020,2020-03-02,741296.331,739074.5499023423
prophet,2020,2020-03-03,769321.188,772299.0527959117
prophet,2020,2020-03-04,759058.244,750786.223049617
prophet,2020,2020-03-05,754365.164,747395.2468837085
prophet,2020,2020-03-06,757995.483,766825.8979615346
prophet,2020,2020-03-07,683532.439,687738.0176619856
prophet,2020,2020-03-08,630442.877,633187.3418496355
prophet,2020,2020-03-09,740417.533,729009.3276633696
prophet,2020,2020-03-10,747566.521,738220.727287033
prophet,2020,2020-03-11,742561.392,728171.0747354595
prophet,2020,2020-03-12,738088.907,717900.6620723165
prophet,2020,2020-03-13,729774.542,720648.5389266228
prophet,2020,2020-03-14,646497.547,651823.3920392097
prophet,2020,2020-03-15,600435.811,604975.0702399497
prophet,2020,2020-03-16,704124.264,736175.1732045218
prophet,2020,2020-03-17,706050.583,742647.4701328785
prophet,2020,2020-03-18,684799.07,732428.3037266727
prophet,2020,2020-03-19,641992.028,733191.9693422413
prophet,2020,2020-03-20,647058.248,732434.3916460263
prophet,2020,2020-03-21,612492.101,666891.3849124738
prophet,2020,2020-03-22,583510.909,615708.9004700308
prophet,2020,2020-03-23,653558.582,720671.5027548702
prophet,2020,2020-03-24,663819.764,737125.2882185845
prophet,2020,2020-03-25,664643.791,745593.3421793885
prophet,2020,2020-03-26,661338.324,748652.1512293118
prophet,2020,2020-03-27,667335.755,756292.7426511286
prophet,2020,2020-03-28,605617.221,670429.9839464249
prophet,2020,2020-03-29,540515.04,605884.6104629724
prophet,2020,2020-03-30,610996.075,737022.9820078828
prophet,2020,2020-03-31,610653.934,762517.7300195185
prophet,2020,2020-04-01,599875.958,748331.538446314
prophet,2020,2020-04-02,599323.162,744470.2939166293
prophet,2020,2020-04-03,584683.694,738458.0595887735
prophet,2020,2020-04-04,542996.041,654828.7586210484
prophet,2020,2020-04-05,519594.376,593575.111421218
prophet,2020,2020-04-06,568143.84,702685.2864392208
prophet,2020,2020-04-07,567082.621,717607.0210780901
prophet,2020,2020-04-08,555027.089,716705.1634086433
prophet,2020,2020-04-09,529824.736,714769.6043057889
prophet,2020,2020-04-10,510435.49,570343.6268207266
prophet,2020,2020-04-11,518229.908,632498.6512822375
prophet,2020,2020-04-12,501615.48,580993.2236086859
prophet,2020,2020-04-13,537818.991,694386.6721112638
prophet,2020,2020-04-14,584017.243,712428.9021721121
prophet,2020,2020-04-15,604347.185,716405.5135891633
prophet,2020,2020-04-16,604521.525,705829.7997500357
prophet,2020,2020-04-17,598697.568,702739.130393704
prophet,2020,2020-04-18,552914.776,624591.6259021269
prophet,2020,2020-04-19,520123.268,571214.887221477
prophet,2020,2020-04-20,585331.059,686678.4231365029
prophet,2020,2020-04-21,608880.705,717723.2598389857
prophet,2020,2020-04-22,608023.375,709246.1167225472
prophet,2020,2020-04-23,599598.011,699145.4556146151
prophet,2020,2020-04-24,594661.984,691002.3278927102
prophet,2020,2020-04-25,556038.735,622666.7861371014
prophet,2020,2020-04-26,522374.953,571454.7508509703
prophet,2020,2020-04-27,590579.965,688429.4155085097
prophet,2020,2020-04-28,601203.105,710452.1852375916
prophet,2020,2020-04-29,600234.68,710261.6714673283
prophet,2020,2020-04-30,594712.471,697861.8208915116
prophet,2020,2020-05-01,525344.189,553421.5964569419
prophet,2020,2020-05-02,529331.136,611821.5399265916
prophet,2020,2020-05-03,509365.967,561730.6181329263
prophet,2020,2020-05-04,585884.404,673901.5295932778
prophet,2020,2020-05-05,607115.027,695133.8920083636
prophet,2020,2020-05-06,610199.36,698924.7790062528
prophet,2020,2020-05-07,604624.142,696383.4246512381
prophet,2020,2020-05-08,597179.788,694382.4913219099
prophet,2020,2020-05-09,547084.706,620586.0986363777
prophet,2020,2020-05-10,513399.456,579880.5923706365
prophet,2020,2020-05-11,591350.652,687944.6542844384
prophet,2020,2020-05-12,617479.021,722766.1844669754
prophet,2020,2020-05-13,617401.116,722680.9689911806
prophet,2020,2020-05-14,620557.901,729529.6816572314
prophet,2020,2020-05-15,608952.25,724434.6149349418
prophet,2020,2020-05-16,555670.934,642918.119837338
prophet,2020,2020-05-17,519597.946,583998.3727579426
prophet,2020,2020-05-18,596670.207,685269.2666145568
prophet,2020,2020-05-19,615052.604,705478.0244318582
prophet,2020,2020-05-20,622450.073,708295.7241671294
prophet,2020,2020-05-21,630168.002,713921.593178624
prophet,2020,2020-05-22,634355.264,722555.1976449959
prophet,2020,2020-05-23,582895.641,646051.2020501713
prophet,2020,2020-05-24,542170.641,576648.3018955307
prophet,2020,2020-05-25,627466.111,687988.8678181409
prophet,2020,2020-05-26,642990.536,708502.1714629801
prophet,2020,2020-05-27,644707.726,711708.4066880804
prophet,2020,2020-05-28,642005.868,709304.0867553508
prophet,2020,2020-05-29,641570.31,714710.8938890271
prophet,2020,2020-05-30,583380.433,640453.3005002557
prophet,2020,2020-05-31,541662.429,586036.3334679897
prophet,2020,2020-06-01,627334.741,693982.001078962
prophet,2020,2020-06-02,653396.5,715820.1563507007
prophet,2020,2020-06-03,662452.407,718648.1569482959
prophet,2020,2020-06-04,651301.681,716048.4317697126
prophet,2020,2020-06-05,640912.088,714064.2430466197
prophet,2020,2020-06-06,582674.188,640351.5155507837
prophet,2020,2020-06-07,540393.818,589967.1085709195
prophet,2020,2020-06-08,625763.383,705697.8954506883
prophet,2020,2020-06-09,643604.721,725244.5283541528
prophet,2020,2020-06-10,653728.489,726023.3191623564
prophet,2020,2020-06-11,653624.408,723033.7571405626
prophet,2020,2020-06-12,645918.049,720559.0716125931
prophet,2020,2020-06-13,581088.713,646268.971546662
prophet,2020,2020-06-14,543304.621,595237.3653715289
prophet,2020,2020-06-15,644001.077,706371.3545328119
prophet,2020,2020-06-16,656823.463,726497.4154513123
prophet,2020,2020-06-17,661145.578,729141.1260111922
prophet,2020,2020-06-18,662011.432,725441.1222741841
prophet,2020,2020-06-19,657676.183,722299.5855272774
prophet,2020,2020-06-20,608254.976,666017.8303524985
prophet,2020,2020-06-21,572807.006,637611.43462123
prophet,2020,2020-06-22,682963.291,755524.1017033461
prophet,2020,2020-06-23,706613.83,790455.0323614059
prophet,2020,2020-06-24,668203.326,782849.24156169
prophet,2020,2020-06-25,711838.827,775507.5345931926
prophet,2020,2020-06-26,702221.428,761615.9568997868
prophet,2020,2020-06-27,638125.491,690309.0031051832
prophet,2020,2020-06-28,604144.564,655222.0499798871
prophet,2020,2020-06-29,723951.102,771654.3793831193
prophet,2020,2020-06-30,752302.735,798369.236574294
prophet,2020,2020-07-01,763359.011,808615.3414538974
prophet,2020,2020-07-02,765790.102,790304.6383050183
prophet,2020,2020-07-03,735357.247,754110.1352220465
prophet,2020,2020-07-04,660713.186,694555.693438207
prophet,2020,2020-07-05,626327.165,670202.9597227417
prophet,2020,2020-07-06,757299.096,789361.4571104696
prophet,2020,2020-07-07,780525.085,813850.985122775
prophet,2020,2020-07-08,784566.99,814744.5084172955
prophet,2020,2020-07-09,771125.891,796568.2374396034
prophet,2020,2020-07-10,758878.105,788621.3459937656
prophet,2020,2020-07-11,690697.734,731093.3753356606
prophet,2020,2020-07-12,633135.072,672375.066950982
prophet,2020,2020-07-13,752649.491,783738.7487413445
prophet,2020,2020-07-14,760459.038,792072.3680584301
prophet,2020,2020-07-15,756753.738,786588.829930159
prophet,2020,2020-07-16,763067.312,796497.9417874155
prophet,2020,2020-07-17,760177.205,799795.7013807134
prophet,2020,2020-07-18,688716.516,725140.2630091582
prophet,2020,2020-07-19,644522.223,693021.8612923411
prophet,2020,2020-07-20,769330.38,809706.6712608367
prophet,2020,2020-07-21,785563.684,820151.6326732675
prophet,2020,2020-07-22,776667.953,816903.06318698
prophet,2020,2020-07-23,789634.51,826779.5959597981
prophet,2020,2020-07-24,789089.65,823754.1226378815
prophet,2020,2020-07-25,704273.245,742644.5834453857
prophet,2020,2020-07-26,664179.618,698540.6577289902
prophet,2020,2020-07-27,794291.764,817843.3472133521
prophet,2020,2020-07-28,814337.543,825697.1800473485
prophet,2020,2020-07-29,817487.547,822828.5655788449
prophet,2020,2020-07-30,825275.946,831937.20243598
prophet,2020,2020-07-31,810169.058,825226.9449639923
prophet,2020,2020-08-01,738269.153,749986.6072638467
prophet,2020,2020-08-02,673895.707,673702.591634506
prophet,2020,2020-08-03,747511.864,751579.2337068496
prophet,2020,2020-08-04,751123.76,758670.4418858292
prophet,2020,2020-08-05,764126.717,780243.7848011325
prophet,2020,2020-08-06,776466.924,798192.5988570448
prophet,2020,2020-08-07,775393.905,800977.5701072129
prophet,2020,2020-08-08,700782.169,725927.6102045038
prophet,2020,2020-08-09,657269.503,676702.0983288182
prophet,2020,2020-08-10,738068.961,763132.4422155963
prophet,2020,2020-08-11,734500.01,743040.2414098971
prophet,2020,2020-08-12,712418.386,731240.5263026769
prophet,2020,2020-08-13,716219.241,736667.3616863035
prophet,2020,2020-08-14,710586.003,739658.0343444366
prophet,2020,2020-08-15,631293.617,575737.5549155211
prophet,2020,2020-08-16,591662.6,599348.642138663
prophet,2020,2020-08-17,683923.907,719674.0423712924
prophet,2020,2020-08-18,708888.916,756058.0718202644
prophet,2020,2020-08-19,725675.863,775657.1328205967
prophet,2020,2020-08-20,729676.986,769904.5088039117
prophet,2020,2020-08-21,739080.574,771770.891912432
prophet,2020,2020-08-22,676812.548,698517.2918808653
prophet,2020,2020-08-23,625384.861,638268.9186137165
prophet,2020,2020-08-24,733320.649,746717.5979932696
prophet,2020,2020-08-25,772384.724,789796.3396059145
prophet,2020,2020-08-26,791658.289,803111.0578587282
prophet,2020,2020-08-27,797890.754,807278.0467043408
prophet,2020,2020-08-28,773438.841,786918.596522191
prophet,2020,2020-08-29,635866.109,646950.9101596628
prophet,2020,2020-08-30,572310.898,597258.4120131047
prophet,2020,2020-08-31,679208.909,709687.9313566185
prophet,2020,2020-09-01,700209.044,731047.0171257412
prophet,2020,2020-09-02,711095.786,734962.6549023199
prophet,2020,2020-09-03,719005.12,749334.4120452888
prophet,2020,2020-09-04,724580.748,762828.5003074387
prophet,2020,2020-09-05,653584.402,691215.3955384099
prophet,2020,2020-09-06,604081.335,636457.3501248116
prophet,2020,2020-09-07,696258.312,716233.5975020152
prophet,2020,2020-09-08,698100.318,736392.3504382392
prophet,2020,2020-09-09,718084.935,739016.1575142116
prophet,2020,2020-09-10,721372.797,750671.5403551542
prophet,2020,2020-09-11,698312.958,762092.3909353901
prophet,2020,2020-09-12,649165.551,699885.5355641856
prophet,2020,2020-09-13,605491.558,654204.4401104392
prophet,2020,2020-09-14,718980.488,753333.3873016592
prophet,2020,2020-09-15,740288.273,762321.0185165339
prophet,2020,2020-09-16,751556.717,761274.4163772482
prophet,2020,2020-09-17,740760.783,750725.1246287522
prophet,2020,2020-09-18,713829.456,728568.189460346
prophet,2020,2020-09-19,627328.408,652996.2962310105
prophet,2020,2020-09-20,574171.087,600748.7479060299
prophet,2020,2020-09-21,683416.711,710731.4570430166
prophet,2020,2020-09-22,703840.984,729764.8594990902
prophet,2020,2020-09-23,712811.873,731363.9871446559
prophet,2020,2020-09-24,712997.199,726652.9248818427
prophet,2020,2020-09-25,691789.689,723448.9175533265
prophet,2020,2020-09-26,614309.972,655197.224473489
prophet,2020,2020-09-27,568766.565,595753.0189919012
prophet,2020,2020-09-28,666559.06,712613.9780385027
prophet,2020,2020-09-29,686797.043,722401.7068175247
prophet,2020,2020-09-30,690962.671,723655.2154000117
prophet,2020,2020-10-01,700916.732,718594.4261564446
prophet,2020,2020-10-02,698403.756,728635.0045971632
prophet,2020,2020-10-03,612169.05,665900.8244712345
prophet,2020,2020-10-04,571636.922,609043.0694608332
prophet,2020,2020-10-05,673482.22,713161.6940913682
prophet,2020,2020-10-06,690894.896,713874.4843873712
prophet,2020,2020-10-07,699613.798,713752.5831812447
prophet,2020,2020-10-08,699215.554,708500.7109252729
prophet,2020,2020-10-09,679813.517,703878.3936216835
prophet,2020,2020-10-10,614331.962,627570.8780666073
prophet,2020,2020-10-11,563490.862,592507.4198477392
prophet,2020,2020-10-12,570701.026,624620.5051247567
prophet,2020,2020-10-13,673784.687,712921.1155196405
prophet,2020,2020-10-14,703005.757,725388.1003915517
prophet,2020,2020-10-15,709578.141,734525.2805041857
prophet,2020,2020-10-16,704019.681,737101.6169519275
prophet,2020,2020-10-17,631928.375,657816.0827329253
prophet,2020,2020-10-18,583351.177,594466.6855510919
prophet,2020,2020-10-19,687152.413,690508.8624790511
prophet,2020,2020-10-20,711714.9,698266.9899829151
prophet,2020,2020-10-21,707162.568,701497.2437533374
prophet,2020,2020-10-22,710357.203,706738.4316905435
prophet,2020,2020-10-23,696843.426,710406.5208665174
prophet,2020,2020-10-24,625382.417,643240.2565000658
prophet,2020,2020-10-25,606307.969,588312.025827528
prophet,2020,2020-10-26,689553.095,712160.4341081287
prophet,2020,2020-10-27,714662.582,735418.1801145879
prophet,2020,2020-10-28,715705.336,725924.7143751343
prophet,2020,2020-10-29,715284.16,719145.5207873061
prophet,2020,2020-10-30,704726.127,717851.4863198422
prophet,2020,2020-10-31,628294.896,636404.2155511421
prophet,2020,2020-11-01,575075.028,581196.5248635997
prophet,2020,2020-11-02,647094.468,689674.722564351
prophet,2020,2020-11-03,706154.584,717071.6044930003
prophet,2020,2020-11-04,728814.878,737168.1160535607
prophet,2020,2020-11-05,724766.756,727914.9357441162
prophet,2020,2020-11-06,710624.719,702217.3616942837
prophet,2020,2020-11-07,635069.873,633997.8371744428
prophet,2020,2020-11-08,585653.269,596531.0107541339
prophet,2020,2020-11-09,688061.521,709217.7086270353
prophet,2020,2020-11-10,711586.135,734820.7532887218
prophet,2020,2020-11-11,718173.294,741332.4069041007
prophet,2020,2020-11-12,717880.631,737612.1113429065
prophet,2020,2020-11-13,713264.969,734007.7521640849
prophet,2020,2020-11-14,641465.596,655727.8279605396
prophet,2020,2020-11-15,585947.032,588921.1911968515
prophet,2020,2020-11-16,693236.68,699075.0830355595
prophet,2020,2020-11-17,712862.51,738604.4022969828
prophet,2020,2020-11-18,718214.566,745251.3406405221
prophet,2020,2020-11-19,718299.945,737033.3346390547
prophet,2020,2020-11-20,716666.871,747936.5289365684
prophet,2020,2020-11-21,645094.568,689063.228701534
prophet,2020,2020-11-22,605990.942,646951.9405777921
prophet,2020,2020-11-23,728188.952,759204.6355245009
prophet,2020,2020-11-24,757498.853,783595.3011701452
prophet,2020,2020-11-25,765268.18,776899.6057087963
prophet,2020,2020-11-26,766690.677,763530.6626520462
prophet,2020,2020-11-27,751489.82,766852.7078479778
prophet,2020,2020-11-28,667627.721,695702.1613324652
prophet,2020,2020-11-29,624731.773,646680.9549062573
prophet,2020,2020-11-30,737071.712,761270.6830495914
prophet,2020,2020-12-01,753620.849,784423.9144650227
prophet,2020,2020-12-02,768634.956,793629.7196713904
prophet,2020,2020-12-03,784315.168,808932.3302265439
prophet,2020,2020-12-04,790382.104,797939.3803498831
prophet,2020,2020-12-05,723627.58,739216.2256631767
prophet,2020,2020-12-06,676303.0,678956.9668880191
prophet,2020,2020-12-07,712656.602,770481.9388036232
prophet,2020,2020-12-08,693433.293,690550.6236539691
prophet,2020,2020-12-09,804018.806,800942.3319037003
prophet,2020,2020-12-10,807771.695,772519.4062406286
prophet,2020,2020-12-11,783766.293,746400.3465156154
prophet,2020,2020-12-12,686510.161,674337.1978005434
prophet,2020,2020-12-13,644286.586,633637.5833257799
prophet,2020,2020-12-14,759517.717,737129.4451027758
prophet,2020,2020-12-15,766794.634,754894.6722232641
prophet,2020,2020-12-16,780348.751,766616.8015918728
prophet,2020,2020-12-17,778470.844,752114.3456790623
prophet,2020,2020-12-18,776174.524,750857.57335858
prophet,2020,2020-12-19,697945.808,668943.4407333152
prophet,2020,2020-12-20,646840.581,612678.0367671676
prophet,2020,2020-12-21,750406.82,719076.4808793098
prophet,2020,2020-12-22,750081.066,733563.3459301564
prophet,2020,2020-12-23,727706.624,733532.5706956058
prophet,2020,2020-12-24,643648.623,727423.006196617
prophet,2020,2020-12-25,570771.924,562561.8908190228
prophet,2020,2020-12-26,635755.792,680288.6782411123
prophet,2020,2020-12-27,646699.546,631698.0685373747
prophet,2020,2020-12-28,724357.078,716672.1430902187
prophet,2020,2020-12-29,732115.459,749130.6250252129
prophet,2020,2020-12-30,734283.124,757071.3932515443
prophet,2020,2020-12-31,687715.588,757077.058380342
lightgbm,2020,2020-01-01,574776.72,626999.7268452398
lightgbm,2020,2020-01-02,723522.375,778907.9230556507
lightgbm,2020,2020-01-03,754645.342,808872.8663175711
lightgbm,2020,2020-01-04,702390.878,722406.8173175014
lightgbm,2020,2020-01-05,651967.486,670688.7101504207
lightgbm,2020,2020-01-06,630259.532,673895.2245036133
lightgbm,2020,2020-01-07,789031.621,795164.7729293297
lightgbm,2020,2020-01-08,820143.678,826995.7879450069
lightgbm,2020,2020-01-09,820769.614,837771.482754129
lightgbm,2020,2020-01-10,814759.827,825855.5084329074
lightgbm,2020,2020-01-11,732531.725,763063.8720455262
lightgbm,2020,2020-01-12,693449.101,711481.7754028953
lightgbm,2020,2020-01-13,829157.906,851611.7846424644
lightgbm,2020,2020-01-14,844416.079,861429.3114916115
lightgbm,2020,2020-01-15,832910.293,834112.7312755007
lightgbm,2020,2020-01-16,822827.255,826621.9936530278
lightgbm,2020,2020-01-17,807653.787,816526.4770235375
lightgbm,2020,2020-01-18,729673.024,722413.3096702109
lightgbm,2020,2020-01-19,689820.886,704032.2910683943
lightgbm,2020,2020-01-20,846106.888,831575.7289219967
lightgbm,2020,2020-01-21,862132.604,838359.7066164499
lightgbm,2020,2020-01-22,841706.187,829386.1053034551
lightgbm,2020,2020-01-23,829427.103,831623.9973992084
lightgbm,2020,2020-01-24,821136.183,829342.1990751027
lightgbm,2020,2020-01-25,734265.345,732950.7874400784
lightgbm,2020,2020-01-26,676369.262,683346.4476468125
lightgbm,2020,2020-01-27,807615.701,818164.3042092358
lightgbm,2020,2020-01-28,807001.677,817619.2634037745
lightgbm,2020,2020-01-29,792162.501,813324.481138047
lightgbm,2020,2020-01-30,778203.546,810960.7382327225
lightgbm,2020,2020-01-31,765448.598,780653.6137234162
lightgbm,2020,2020-02-01,681471.943,702367.2097993736
lightgbm,2020,2020-02-02,625016.468,643688.4823224109
lightgbm,2020,2020-02-03,729329.082,747884.4066170778
lightgbm,2020,2020-02-04,747892.827,769013.1202142916
lightgbm,2020,2020-02-05,758987.788,770646.5189129183
lightgbm,2020,2020-02-06,769754.643,794710.1814085989
lightgbm,2020,2020-02-07,772488.589,784913.4645500146
lightgbm,2020,2020-02-08,698199.59,694427.1433642562
lightgbm,2020,2020-02-09,646787.156,649809.4809831608
lightgbm,2020,2020-02-10,749504.414,754116.9055704132
lightgbm,2020,2020-02-11,761008.347,772314.4847206454
lightgbm,2020,2020-02-12,766558.356,770449.4117249973
lightgbm,2020,2020-02-13,759532.177,762547.5026526436
lightgbm,2020,2020-02-14,753954.141,764973.7867075264
lightgbm,2020,2020-02-15,675832.097,675707.6798646008
lightgbm,2020,2020-02-16,625453.407,639078.6501053468
lightgbm,2020,2020-02-17,739797.699,746469.559299045
lightgbm,2020,2020-02-18,766371.869,754844.4165517933
lightgbm,2020,2020-02-19,764941.248,758722.361396354
lightgbm,2020,2020-02-20,763651.659,765610.1249715631
lightgbm,2020,2020-02-21,753744.734,763020.5571853385
lightgbm,2020,2020-02-22,672072.47,674653.3728165939
lightgbm,2020,2020-02-23,620872.08,635068.7772763966
lightgbm,2020,2020-02-24,730827.761,762293.0344843884
lightgbm,2020,2020-02-25,743820.753,757739.3390060429
lightgbm,2020,2020-02-26,753405.313,758145.422499883
lightgbm,2020,2020-02-27,751137.432,748449.6957096648
lightgbm,2020,2020-02-28,728292.593,735248.9264150264
lightgbm,2020,2020-02-29,670263.321,659896.9154509301
lightgbm,2020,2020-03-01,626873.694,615867.7258138156
lightgbm,2020,2020-03-02,741296.331,729919.2934266742
lightgbm,2020,2020-03-03,769321.188,757449.5320819579
lightgbm,2020,2020-03-04,759058.244,742128.0849579879
lightgbm,2020,2020-03-05,754365.164,744926.9881763771
lightgbm,2020,2020-03-06,757995.483,764256.701186874
lightgbm,2020,2020-03-07,683532.439,666092.5654672266
lightgbm,2020,2020-03-08,630442.877,629921.9996499018
lightgbm,2020,2020-03-09,740417.533,728722.3041213894
lightgbm,2020,2020-03-10,747566.521,740633.2243154177
lightgbm,2020,2020-03-11,742561.392,740090.4699284026
lightgbm,2020,2020-03-12,738088.907,741142.4182344812
lightgbm,2020,2020-03-13,729774.542,741273.9546270552
lightgbm,2020,2020-03-14,646497.547,640263.1049757164
lightgbm,2020,2020-03-15,600435.811,595260.4304384049
lightgbm,2020,2020-03-16,704124.264,713453.279388249
lightgbm,2020,2020-03-17,706050.583,716598.665680312
lightgbm,2020,2020-03-18,684799.07,705038.0868603328
lightgbm,2020,2020-03-19,641992.028,699444.6730646674
lightgbm,2020,2020-03-20,647058.248,719012.3391851438
lightgbm,2020,2020-03-21,612492.101,663613.0205110867
lightgbm,2020,2020-03-22,583510.909,623330.0317236751
lightgbm,2020,2020-03-23,653558.582,750819.0941281636
lightgbm,2020,2020-03-24,663819.764,739635.0344926941
lightgbm,2020,2020-03-25,664643.791,740197.3797127282
lightgbm,2020,2020-03-26,661338.324,739348.8240104755
lightgbm,2020,2020-03-27,667335.755,768402.158729439
lightgbm,2020,2020-03-28,605617.221,654881.5155035837
lightgbm,2020,2020-03-29,540515.04,623073.8382521615
lightgbm,2020,2020-03-30,610996.075,763982.119231199
lightgbm,2020,2020-03-31,610653.934,793542.7037474078
lightgbm,2020,2020-04-01,599875.958,760715.6839313307
lightgbm,2020,2020-04-02,599323.162,752194.9983042789
lightgbm,2020,2020-04-03,584683.694,730428.4593930668
lightgbm,2020,2020-04-04,542996.041,680626.9444304599
lightgbm,2020,2020-04-05,519594.376,632339.258261607
lightgbm,2020,2020-04-06,568143.84,749247.0752898843
lightgbm,2020,2020-04-07,567082.621,755676.0893110288
lightgbm,2020,2020-04-08,555027.089,748789.2786508586
lightgbm,2020,2020-04-09,529824.736,740151.2728888033
lightgbm,2020,2020-04-10,510435.49,647173.6232283106
lightgbm,2020,2020-04-11,518229.908,641885.5113127917
lightgbm,2020,2020-04-12,501615.48,584750.7898956264
lightgbm,2020,2020-04-13,537818.991,682440.9115496802
lightgbm,2020,2020-04-14,584017.243,697146.7462284996
lightgbm,2020,2020-04-15,604347.185,700874.1298235994
lightgbm,2020,2020-04-16,604521.525,705622.7309150745
lightgbm,2020,2020-04-17,598697.568,706974.1722449063
lightgbm,2020,2020-04-18,552914.776,630291.0906858385
lightgbm,2020,2020-04-19,520123.268,584378.8234816247
lightgbm,2020,2020-04-20,585331.059,681978.1683459239
lightgbm,2020,2020-04-21,608880.705,684705.7424972154
lightgbm,2020,2020-04-22,608023.375,697992.9434784075
lightgbm,2020,2020-04-23,599598.011,699861.7275213936
lightgbm,2020,2020-04-24,594661.984,707343.0251672461
lightgbm,2020,2020-04-25,556038.735,639377.2114873031
lightgbm,2020,2020-04-26,522374.953,582346.169080068
lightgbm,2020,2020-04-27,590579.965,663729.7475042221
lightgbm,2020,2020-04-28,601203.105,695537.9460587817
lightgbm,2020,2020-04-29,600234.68,682972.644392994
lightgbm,2020,2020-04-30,594712.471,690182.9356939141
lightgbm,2020,2020-05-01,525344.189,612275.1801469276
lightgbm,2020,2020-05-02,529331.136,640061.6744077863
lightgbm,2020,2020-05-03,509365.967,586863.0382491277
lightgbm,2020,2020-05-04,585884.404,692423.756851878
lightgbm,2020,2020-05-05,607115.027,721647.6075170753
lightgbm,2020,2020-05-06,610199.36,724667.6795232217
lightgbm,2020,2020-05-07,604624.142,726740.6290318624
lightgbm,2020,2020-05-08,597179.788,720160.5118674574
lightgbm,2020,2020-05-09,547084.706,650366.286778684
lightgbm,2020,2020-05-10,513399.456,590874.4782324199
lightgbm,2020,2020-05-11,591350.652,700006.0585536783
lightgbm,2020,2020-05-12,617479.021,710858.8672764755
lightgbm,2020,2020-05-13,617401.116,715177.9558556984
lightgbm,2020,2020-05-14,620557.901,725326.1368060887
lightgbm,2020,2020-05-15,608952.25,724577.8345655988
lightgbm,2020,2020-05-16,555670.934,645207.1531364837
lightgbm,2020,2020-05-17,519597.946,587508.2174030113
lightgbm,2020,2020-05-18,596670.207,696034.230320327
lightgbm,2020,2020-05-19,615052.604,717720.9833975766
lightgbm,2020,2020-05-20,622450.073,729361.0401386586
lightgbm,2020,2020-05-21,630168.002,744107.4312289036
lightgbm,2020,2020-05-22,634355.264,744065.6477408281
lightgbm,2020,2020-05-23,582895.641,667446.5011026658
lightgbm,2020,2020-05-24,542170.641,602816.2006530445
lightgbm,2020,2020-05-25,627466.111,723231.2008029879
lightgbm,2020,2020-05-26,642990.536,739717.6063438146
lightgbm,2020,2020-05-27,644707.726,749036.333620315
lightgbm,2020,2020-05-28,642005.868,745038.3188584307
lightgbm,2020,2020-05-29,641570.31,751323.7386740503
lightgbm,2020,2020-05-30,583380.433,673866.1759734543
lightgbm,2020,2020-05-31,541662.429,607333.2946806907
lightgbm,2020,2020-06-01,627334.741,721026.6431028388
lightgbm,2020,2020-06-02,653396.5,737721.6943662263
lightgbm,2020,2020-06-03,662452.407,746928.6051883604
lightgbm,2020,2020-06-04,651301.681,726736.2012206679
lightgbm,2020,2020-06-05,640912.088,719083.4627977436
lightgbm,2020,2020-06-06,582674.188,658668.3548711507
lightgbm,2020,2020-06-07,540393.818,599519.5931894206
lightgbm,2020,2020-06-08,625763.383,703857.8940221089
lightgbm,2020,2020-06-09,643604.721,714285.0221569526
lightgbm,2020,2020-06-10,653728.489,720331.455913654
lightgbm,2020,2020-06-11,653624.408,720402.4829031727
lightgbm,2020,2020-06-12,645918.049,714529.2271420227
lightgbm,2020,2020-06-13,581088.713,647165.6420631197
lightgbm,2020,2020-06-14,543304.621,594170.4349130938
lightgbm,2020,2020-06-15,644001.077,705697.7740565412
lightgbm,2020,2020-06-16,656823.463,727754.3216288326
lightgbm,2020,2020-06-17,661145.578,733044.5269883947
lightgbm,2020,2020-06-18,662011.432,729308.7684815043
lightgbm,2020,2020-06-19,657676.183,727770.251421856
lightgbm,2020,2020-06-20,608254.976,670705.8303679721
lightgbm,2020,2020-06-21,572807.006,627640.1622480119
lightgbm,2020,2020-06-22,682963.291,744364.4370551028
lightgbm,2020,2020-06-23,706613.83,765433.513893071
lightgbm,2020,2020-06-24,668203.326,780044.7938133711
lightgbm,2020,2020-06-25,711838.827,783002.8037499087
lightgbm,2020,2020-06-26,702221.428,774444.833862133
lightgbm,2020,2020-06-27,638125.491,705871.816507819
lightgbm,2020,2020-06-28,604144.564,652771.8434726667
lightgbm,2020,2020-06-29,723951.102,775784.496665668
lightgbm,2020,2020-06-30,752302.735,797756.993369581
lightgbm,2020,2020-07-01,763359.011,808831.4657022126
lightgbm,2020,2020-07-02,765790.102,792326.8298758809
lightgbm,2020,2020-07-03,735357.247,776141.1351352378
lightgbm,2020,2020-07-04,660713.186,715830.0310336823
lightgbm,2020,2020-07-05,626327.165,680936.7999888753
lightgbm,2020,2020-07-06,757299.096,785677.9933378032
lightgbm,2020,2020-07-07,780525.085,814454.2850247778
lightgbm,2020,2020-07-08,784566.99,808616.4612628333
lightgbm,2020,2020-07-09,771125.891,802023.1951234668
lightgbm,2020,2020-07-10,758878.105,794627.7558643707
lightgbm,2020,2020-07-11,690697.734,727417.3443213333
lightgbm,2020,2020-07-12,633135.072,669275.0807757042
lightgbm,2020,2020-07-13,752649.491,786144.3196937181
lightgbm,2020,2020-07-14,760459.038,801678.9712399654
lightgbm,2020,2020-07-15,756753.738,791180.4758832282
lightgbm,2020,2020-07-16,763067.312,801384.1620152693
lightgbm,2020,2020-07-17,760177.205,801849.0719754257
lightgbm,2020,2020-07-18,688716.516,722142.9503256694
lightgbm,2020,2020-07-19,644522.223,691548.5594034973
lightgbm,2020,2020-07-20,769330.38,795610.2407474403
lightgbm,2020,2020-07-21,785563.684,810710.8782872861
lightgbm,2020,2020-07-22,776667.953,803896.2853136187
lightgbm,2020,2020-07-23,789634.51,826710.3929490863
lightgbm,2020,2020-07-24,789089.65,821618.7236579857
lightgbm,2020,2020-07-25,704273.245,743365.8967175882
lightgbm,2020,2020-07-26,664179.618,704370.0341272652
lightgbm,2020,2020-07-27,794291.764,847436.9542965158
lightgbm,2020,2020-07-28,814337.543,849102.0919467524
lightgbm,2020,2020-07-29,817487.547,841284.8870319516
lightgbm,2020,2020-07-30,825275.946,839712.853708835
lightgbm,2020,2020-07-31,810169.058,838863.2648544402
lightgbm,2020,2020-08-01,738269.153,760297.6086987364
lightgbm,2020,2020-08-02,673895.707,700172.9190821494
lightgbm,2020,2020-08-03,747511.864,779264.8760223768
lightgbm,2020,2020-08-04,751123.76,796029.827757617
lightgbm,2020,2020-08-05,764126.717,808133.3097972743
lightgbm,2020,2020-08-06,776466.924,827977.8787325611
lightgbm,2020,2020-08-07,775393.905,835365.2104788742
lightgbm,2020,2020-08-08,700782.169,757388.395006726
lightgbm,2020,2020-08-09,657269.503,717103.365247926
lightgbm,2020,2020-08-10,738068.961,794152.775710478
lightgbm,2020,2020-08-11,734500.01,771962.809278852
lightgbm,2020,2020-08-12,712418.386,773351.9614108471
lightgbm,2020,2020-08-13,716219.241,762080.5391857205
lightgbm,2020,2020-08-14,710586.003,747189.3936371814
lightgbm,2020,2020-08-15,631293.617,663188.3092868883
lightgbm,2020,2020-08-16,591662.6,622722.4980634241
lightgbm,2020,2020-08-17,683923.907,732974.5530338204
lightgbm,2020,2020-08-18,708888.916,748406.8571818781
lightgbm,2020,2020-08-19,725675.863,763326.6353666125
lightgbm,2020,2020-08-20,729676.986,758644.8010445116
lightgbm,2020,2020-08-21,739080.574,761804.3252807002
lightgbm,2020,2020-08-22,676812.548,710680.5715775037
lightgbm,2020,2020-08-23,625384.861,648964.403042251
lightgbm,2020,2020-08-24,733320.649,762130.3241914577
lightgbm,2020,2020-08-25,772384.724,785951.514351025
lightgbm,2020,2020-08-26,791658.289,810204.337536466
lightgbm,2020,2020-08-27,797890.754,822209.2619764917
lightgbm,2020,2020-08-28,773438.841,788089.9035001856
lightgbm,2020,2020-08-29,635866.109,675277.3076637785
lightgbm,2020,2020-08-30,572310.898,633511.4825361028
lightgbm,2020,2020-08-31,679208.909,741369.1461961984
lightgbm,2020,2020-09-01,700209.044,756213.0893889813
lightgbm,2020,2020-09-02,711095.786,763362.2241395455
lightgbm,2020,2020-09-03,719005.12,780201.1417180371
lightgbm,2020,2020-09-04,724580.748,781507.4227141198
lightgbm,2020,2020-09-05,653584.402,689453.760863762
lightgbm,2020,2020-09-06,604081.335,636086.5207508455
lightgbm,2020,2020-09-07,696258.312,724998.9906290363
lightgbm,2020,2020-09-08,698100.318,732363.7053462438
lightgbm,2020,2020-09-09,718084.935,726715.4343276044
lightgbm,2020,2020-09-10,721372.797,755969.4159358763
lightgbm,2020,2020-09-11,698312.958,761371.0567980249
lightgbm,2020,2020-09-12,649165.551,691652.2300628604
lightgbm,2020,2020-09-13,605491.558,641165.7420954509
lightgbm,2020,2020-09-14,718980.488,764377.6971246286
lightgbm,2020,2020-09-15,740288.273,794395.7797032302
lightgbm,2020,2020-09-16,751556.717,791461.0166856119
lightgbm,2020,2020-09-17,740760.783,781584.0486026589
lightgbm,2020,2020-09-18,713829.456,746197.0512662216
lightgbm,2020,2020-09-19,627328.408,660574.0165295041
lightgbm,2020,2020-09-20,574171.087,615255.4471734498
lightgbm,2020,2020-09-21,683416.711,721791.4781920783
lightgbm,2020,2020-09-22,703840.984,742672.0030134404
lightgbm,2020,2020-09-23,712811.873,744438.1608933104
lightgbm,2020,2020-09-24,712997.199,745287.3599409029
lightgbm,2020,2020-09-25,691789.689,731820.9120973059
lightgbm,2020,2020-09-26,614309.972,652241.5348346003
lightgbm,2020,2020-09-27,568766.565,602159.9511501569
lightgbm,2020,2020-09-28,666559.06,706357.6157064664
lightgbm,2020,2020-09-29,686797.043,726698.7987040455
lightgbm,2020,2020-09-30,690962.671,728367.3572456836
lightgbm,2020,2020-10-01,700916.732,729722.6036711367
lightgbm,2020,2020-10-02,698403.756,720431.4865102419
lightgbm,2020,2020-10-03,612169.05,640292.0370543302
lightgbm,2020,2020-10-04,571636.922,593966.145802012
lightgbm,2020,2020-10-05,673482.22,707393.3694924228
lightgbm,2020,2020-10-06,690894.896,721054.4410877262
lightgbm,2020,2020-10-07,699613.798,723193.4542491537
lightgbm,2020,2020-10-08,699215.554,715390.3517896888
lightgbm,2020,2020-10-09,679813.517,713188.9342442941
lightgbm,2020,2020-10-10,614331.962,638344.2492460143
lightgbm,2020,2020-10-11,563490.862,588479.8574622553
lightgbm,2020,2020-10-12,570701.026,615621.2797694475
lightgbm,2020,2020-10-13,673784.687,710424.4457008936
lightgbm,2020,2020-10-14,703005.757,705391.6776315692
lightgbm,2020,2020-10-15,709578.141,718961.0578800604
lightgbm,2020,2020-10-16,704019.681,723817.8595149138
lightgbm,2020,2020-10-17,631928.375,640287.3899562181
lightgbm,2020,2020-10-18,583351.177,587062.0525198361
lightgbm,2020,2020-10-19,687152.413,695772.5989638822
lightgbm,2020,2020-10-20,711714.9,715882.5790975125
lightgbm,2020,2020-10-21,707162.568,713315.8634886111
lightgbm,2020,2020-10-22,710357.203,708801.742485769
lightgbm,2020,2020-10-23,696843.426,714784.7581296798
lightgbm,2020,2020-10-24,625382.417,645413.4577759766
lightgbm,2020,2020-10-25,606307.969,603113.3128675413
lightgbm,2020,2020-10-26,689553.095,702794.2170349004
lightgbm,2020,2020-10-27,714662.582,737677.750389593
lightgbm,2020,2020-10-28,715705.336,719882.2948592596
lightgbm,2020,2020-10-29,715284.16,733001.6178585713
lightgbm,2020,2020-10-30,704726.127,716091.1742777954
lightgbm,2020,2020-10-31,628294.896,635376.0061482311
lightgbm,2020,2020-11-01,575075.028,587406.7048595411
lightgbm,2020,2020-11-02,647094.468,688501.9435474277
lightgbm,2020,2020-11-03,706154.584,717640.7925955368
lightgbm,2020,2020-11-04,728814.878,735983.0919029634
lightgbm,2020,2020-11-05,724766.756,723857.2526629725
lightgbm,2020,2020-11-06,710624.719,725998.7287255704
lightgbm,2020,2020-11-07,635069.873,649343.8368331472
lightgbm,2020,2020-11-08,585653.269,610805.4493004937
lightgbm,2020,2020-11-09,688061.521,725281.9897768322
lightgbm,2020,2020-11-10,711586.135,744197.8245307025
lightgbm,2020,2020-11-11,718173.294,759968.1160463737
lightgbm,2020,2020-11-12,717880.631,764799.4121843841
lightgbm,2020,2020-11-13,713264.969,761276.6513963166
lightgbm,2020,2020-11-14,641465.596,677215.3488264175
lightgbm,2020,2020-11-15,585947.032,637394.7578153205
lightgbm,2020,2020-11-16,693236.68,736075.8790071403
lightgbm,2020,2020-11-17,712862.51,757689.4743840001
lightgbm,2020,2020-11-18,718214.566,757536.8970690259
lightgbm,2020,2020-11-19,718299.945,762420.6059507723
lightgbm,2020,2020-11-20,716666.871,769601.4192455307
lightgbm,2020,2020-11-21,645094.568,685673.1896720091
lightgbm,2020,2020-11-22,605990.942,642672.1924914158
lightgbm,2020,2020-11-23,728188.952,775667.5703128972
lightgbm,2020,2020-11-24,757498.853,790510.8521388008
lightgbm,2020,2020-11-25,765268.18,782850.8941564399
lightgbm,2020,2020-11-26,766690.677,776919.5813082093
lightgbm,2020,2020-11-27,751489.82,774545.824182563
lightgbm,2020,2020-11-28,667627.721,691192.1941471398
lightgbm,2020,2020-11-29,624731.773,656362.359058097
lightgbm,2020,2020-11-30,737071.712,775800.1183650797
lightgbm,2020,2020-12-01,753620.849,795692.2736652686
lightgbm,2020,2020-12-02,768634.956,801600.459366173
lightgbm,2020,2020-12-03,784315.168,815749.4700530863
lightgbm,2020,2020-12-04,790382.104,791898.7784235532
lightgbm,2020,2020-12-05,723627.58,730526.3979286434
lightgbm,2020,2020-12-06,676303.0,694608.7472930037
lightgbm,2020,2020-12-07,712656.602,755563.0599387848
lightgbm,2020,2020-12-08,693433.293,745675.4597375847
lightgbm,2020,2020-12-09,804018.806,827576.2763118644
lightgbm,2020,2020-12-10,807771.695,819254.849273869
lightgbm,2020,2020-12-11,783766.293,804374.539448344
lightgbm,2020,2020-12-12,686510.161,717699.0123478466
lightgbm,2020,2020-12-13,644286.586,658229.9353456445
lightgbm,2020,2020-12-14,759517.717,751962.4977456749
lightgbm,2020,2020-12-15,766794.634,777319.2306285299
lightgbm,2020,2020-12-16,780348.751,802775.2602485077
lightgbm,2020,2020-12-17,778470.844,786525.083852393
lightgbm,2020,2020-12-18,776174.524,784444.8882745954
lightgbm,2020,2020-12-19,697945.808,688616.920162123
lightgbm,2020,2020-12-20,646840.581,633780.0837145102
lightgbm,2020,2020-12-21,750406.82,721143.4664486096
lightgbm,2020,2020-12-22,750081.066,743822.4417354858
lightgbm,2020,2020-12-23,727706.624,662687.54379237
lightgbm,2020,2020-12-24,643648.623,636387.8182238479
lightgbm,2020,2020-12-25,570771.924,570374.3602513177
lightgbm,2020,2020-12-26,635755.792,684723.0938651516
lightgbm,2020,2020-12-27,646699.546,636575.2175430664
lightgbm,2020,2020-12-28,724357.078,672026.8159216631
lightgbm,2020,2020-12-29,732115.459,723740.8624238821
lightgbm,2020,2020-12-30,734283.124,715262.6797499339
lightgbm,2020,2020-12-31,687715.588,732473.2150275991
ensemble,2020,2020-01-01,574776.72,654001.4676325306
ensemble,2020,2020-01-02,723522.375,776345.5958971897
ensemble,2020,2020-01-03,754645.342,789156.6300827047
ensemble,2020,2020-01-04,702390.878,707109.3425640374
ensemble,2020,2020-01-05,651967.486,654691.2932300298
ensemble,2020,2020-01-06,630259.532,690511.5443598024
ensemble,2020,2020-01-07,789031.621,804993.1705313971
ensemble,2020,2020-01-08,820143.678,816304.3344685148
ensemble,2020,2020-01-09,820769.614,823295.5912405591
ensemble,2020,2020-01-10,814759.827,821061.1828298027
ensemble,2020,2020-01-11,732531.725,750862.3653582237
ensemble,2020,2020-01-12,693449.101,704507.8316454428
ensemble,2020,2020-01-13,829157.906,829252.6359906906
ensemble,2020,2020-01-14,844416.079,841214.7029979544
ensemble,2020,2020-01-15,832910.293,830455.2799380529
ensemble,2020,2020-01-16,822827.255,825165.8757321391
ensemble,2020,2020-01-17,807653.787,819897.047121943
ensemble,2020,2020-01-18,729673.024,740157.6078757797
ensemble,2020,2020-01-19,689820.886,699389.1550688284
ensemble,2020,2020-01-20,846106.888,825620.1775679806
ensemble,2020,2020-01-21,862132.604,843717.6440099148
ensemble,2020,2020-01-22,841706.187,835479.125523036
ensemble,2020,2020-01-23,829427.103,830630.5224880371
ensemble,2020,2020-01-24,821136.183,821453.8992008033
ensemble,2020,2020-01-25,734265.345,733635.5648035706
ensemble,2020,2020-01-26,676369.262,684287.6956441541
ensemble,2020,2020-01-27,807615.701,809279.886430868
ensemble,2020,2020-01-28,807001.677,815929.0977794649
ensemble,2020,2020-01-29,792162.501,814158.6768169281
ensemble,2020,2020-01-30,778203.546,808687.2911492982
ensemble,2020,2020-01-31,765448.598,790047.3020423991
ensemble,2020,2020-02-01,681471.943,711374.9609796078
ensemble,2020,2020-02-02,625016.468,660963.080572488
ensemble,2020,2020-02-03,729329.082,775974.6495147137
ensemble,2020,2020-02-04,747892.827,790680.0406532194
ensemble,2020,2020-02-05,758987.788,792776.9006561491
ensemble,2020,2020-02-06,769754.643,799917.0601629777
ensemble,2020,2020-02-07,772488.589,790996.2301058756
ensemble,2020,2020-02-08,698199.59,708490.0605361474
ensemble,2020,2020-02-09,646787.156,658747.4825656977
ensemble,2020,2020-02-10,749504.414,760236.6905935458
ensemble,2020,2020-02-11,761008.347,779835.4294629353
ensemble,2020,2020-02-12,766558.356,779616.3048913522
ensemble,2020,2020-02-13,759532.177,772351.9649016819
ensemble,2020,2020-02-14,753954.141,774414.8641859087
ensemble,2020,2020-02-15,675832.097,692421.522861303
ensemble,2020,2020-02-16,625453.407,643912.789907473
ensemble,2020,2020-02-17,739797.699,756578.0742727686
ensemble,2020,2020-02-18,766371.869,772600.4887570668
ensemble,2020,2020-02-19,764941.248,775268.0104326667
ensemble,2020,2020-02-20,763651.659,776411.5377797423
ensemble,2020,2020-02-21,753744.734,768373.2973670904
ensemble,2020,2020-02-22,672072.47,685931.2070280245
ensemble,2020,2020-02-23,620872.08,636931.6208919933
ensemble,2020,2020-02-24,730827.761,753487.3807572104
ensemble,2020,2020-02-25,743820.753,761272.7388011139
ensemble,2020,2020-02-26,753405.313,760687.1886350987
ensemble,2020,2020-02-27,751137.432,749859.0420081563
ensemble,2020,2020-02-28,728292.593,745735.6391959703
ensemble,2020,2020-02-29,670263.321,670352.3069054439
ensemble,2020,2020-03-01,626873.694,620154.6151604994
ensemble,2020,2020-03-02,741296.331,731836.4850595692
ensemble,2020,2020-03-03,769321.188,757181.5491464221
ensemble,2020,2020-03-04,759058.244,752301.0296175802
ensemble,2020,2020-03-05,754365.164,749024.5560389111
ensemble,2020,2020-03-06,757995.483,758755.9846609072
ensemble,2020,2020-03-07,683532.439,674037.2212590511
ensemble,2020,2020-03-08,630442.877,626025.2366739237
ensemble,2020,2020-03-09,740417.533,726967.4794576372
ensemble,2020,2020-03-10,747566.521,739550.0106247527
ensemble,2020,2020-03-11,742561.392,739409.7260208419
ensemble,2020,2020-03-12,738088.907,736537.050825341
ensemble,2020,2020-03-13,729774.542,732445.7495912154
ensemble,2020,2020-03-14,646497.547,649725.1119553879
ensemble,2020,2020-03-15,600435.811,602569.0440899194
ensemble,2020,2020-03-16,704124.264,718181.4150542683
ensemble,2020,2020-03-17,706050.583,721099.9369127414
ensemble,2020,2020-03-18,684799.07,729895.1867071101
ensemble,2020,2020-03-19,641992.028,729379.36303502
ensemble,2020,2020-03-20,647058.248,732399.6098082397
ensemble,2020,2020-03-21,612492.101,665703.5886543324
ensemble,2020,2020-03-22,583510.909,616031.1370109098
ensemble,2020,2020-03-23,653558.582,728441.1110011629
ensemble,2020,2020-03-24,663819.764,735281.6782766326
ensemble,2020,2020-03-25,664643.791,739260.5120526273
ensemble,2020,2020-03-26,661338.324,740264.6537760965
ensemble,2020,2020-03-27,667335.755,751688.7731152881
ensemble,2020,2020-03-28,605617.221,661198.6529039402
ensemble,2020,2020-03-29,540515.04,607241.0183388927
ensemble,2020,2020-03-30,610996.075,742188.2707521751
ensemble,2020,2020-03-31,610653.934,764477.5945775645
ensemble,2020,2020-04-01,599875.958,749803.9683233615
ensemble,2020,2020-04-02,599323.162,746607.7311653526
ensemble,2020,2020-04-03,584683.694,741446.9687826555
ensemble,2020,2020-04-04,542996.041,671904.2961494672
ensemble,2020,2020-04-05,519594.376,619594.7162141538
ensemble,2020,2020-04-06,568143.84,731502.7316079832
ensemble,2020,2020-04-07,567082.621,744117.1971137704
ensemble,2020,2020-04-08,555027.089,740478.3967185341
ensemble,2020,2020-04-09,529824.736,735367.9289196433
ensemble,2020,2020-04-10,510435.49,650562.5530308915
ensemble,2020,2020-04-11,518229.908,643386.0444889357
ensemble,2020,2020-04-12,501615.48,589905.6362474002
ensemble,2020,2020-04-13,537818.991,693096.6900701256
ensemble,2020,2020-04-14,584017.243,706422.1133469394
ensemble,2020,2020-04-15,604347.185,706993.5813879858
ensemble,2020,2020-04-16,604521.525,680744.5659161751
ensemble,2020,2020-04-17,598697.568,663999.602070035
ensemble,2020,2020-04-18,552914.776,616819.8995305919
ensemble,2020,2020-04-19,520123.268,576280.6387271298
ensemble,2020,2020-04-20,585331.059,662911.370452172
ensemble,2020,2020-04-21,608880.705,696914.7237671587
ensemble,2020,2020-04-22,608023.375,713922.2792169069
ensemble,2020,2020-04-23,599598.011,711870.2260026386
ensemble,2020,2020-04-24,594661.984,705810.6634638204
ensemble,2020,2020-04-25,556038.735,633540.4546269561
ensemble,2020,2020-04-26,522374.953,577071.2723541516
ensemble,2020,2020-04-27,590579.965,676906.4614325641
ensemble,2020,2020-04-28,601203.105,698681.7162206516
ensemble,2020,2020-04-29,600234.68,659785.554215497
ensemble,2020,2020-04-30,594712.471,686438.9735108269
ensemble,2020,2020-05-01,525344.189,619674.5090025923
ensemble,2020,2020-05-02,529331.136,627926.5913646681
ensemble,2020,2020-05-03,509365.967,577150.7566027314
ensemble,2020,2020-05-04,585884.404,685033.8025018843
ensemble,2020,2020-05-05,607115.027,709610.3440317045
ensemble,2020,2020-05-06,610199.36,713573.2918320444
ensemble,2020,2020-05-07,604624.142,713183.8923298944
ensemble,2020,2020-05-08,597179.788,708672.822750838
ensemble,2020,2020-05-09,547084.706,636980.1803765147
ensemble,2020,2020-05-10,513399.456,585719.5909746155
ensemble,2020,2020-05-11,591350.652,692670.6347238146
ensemble,2020,2020-05-12,617479.021,715491.4480291718
ensemble,2020,2020-05-13,617401.116,716344.570702049
ensemble,2020,2020-05-14,620557.901,725064.5605781035
ensemble,2020,2020-05-15,608952.25,717959.2564123987
ensemble,2020,2020-05-16,555670.934,639614.4090230659
ensemble,2020,2020-05-17,519597.946,585868.7728810554
ensemble,2020,2020-05-18,596670.207,690478.7242335406
ensemble,2020,2020-05-19,615052.604,710749.0582619226
ensemble,2020,2020-05-20,622450.073,718274.5214857385
ensemble,2020,2020-05-21,630168.002,725267.5667013383
ensemble,2020,2020-05-22,634355.264,727022.107473415
ensemble,2020,2020-05-23,582895.641,650770.2033206854
ensemble,2020,2020-05-24,542170.641,587703.4787431479
ensemble,2020,2020-05-25,627466.111,703823.6250242431
ensemble,2020,2020-05-26,642990.536,722912.6514613588
ensemble,2020,2020-05-27,644707.726,726669.2542605373
ensemble,2020,2020-05-28,642005.868,723577.739020254
ensemble,2020,2020-05-29,641570.31,727841.1319581503
ensemble,2020,2020-05-30,583380.433,656154.4030903203
ensemble,2020,2020-05-31,541662.429,600249.0403888106
ensemble,2020,2020-06-01,627334.741,712973.8706880728
ensemble,2020,2020-06-02,653396.5,731327.9600414145
ensemble,2020,2020-06-03,662452.407,730099.8868713059
ensemble,2020,2020-06-04,651301.681,719507.4651791962
ensemble,2020,2020-06-05,640912.088,715352.3096928298
ensemble,2020,2020-06-06,582674.188,648400.0206152982
ensemble,2020,2020-06-07,540393.818,595016.235256722
ensemble,2020,2020-06-08,625763.383,699803.06906018
ensemble,2020,2020-06-09,643604.721,717966.355479662
ensemble,2020,2020-06-10,653728.489,721592.6223884294
ensemble,2020,2020-06-11,653624.408,721766.136786007
ensemble,2020,2020-06-12,645918.049,717509.8568985298
ensemble,2020,2020-06-13,581088.713,646774.70682041
ensemble,2020,2020-06-14,543304.621,595848.3940203515
ensemble,2020,2020-06-15,644001.077,707821.5223350408
ensemble,2020,2020-06-16,656823.463,729272.5940583606
ensemble,2020,2020-06-17,661145.578,733581.47902844
ensemble,2020,2020-06-18,662011.432,728971.2826281311
ensemble,2020,2020-06-19,657676.183,726518.8409824646
ensemble,2020,2020-06-20,608254.976,668891.822205056
ensemble,2020,2020-06-21,572807.006,628604.5485966237
ensemble,2020,2020-06-22,682963.291,728260.460147602
ensemble,2020,2020-06-23,706613.83,772550.0428206957
ensemble,2020,2020-06-24,668203.326,784047.6610248407
ensemble,2020,2020-06-25,711838.827,787577.9521904156
ensemble,2020,2020-06-26,702221.428,784500.6094087918
ensemble,2020,2020-06-27,638125.491,714835.8849613187
ensemble,2020,2020-06-28,604144.564,667106.8510892565
ensemble,2020,2020-06-29,723951.102,782954.1367704276
ensemble,2020,2020-06-30,752302.735,803393.5954570974
ensemble,2020,2020-07-01,763359.011,809510.1781076897
ensemble,2020,2020-07-02,765790.102,797629.0373909688
ensemble,2020,2020-07-03,735357.247,780862.638261488
ensemble,2020,2020-07-04,660713.186,715149.8397304346
ensemble,2020,2020-07-05,626327.165,678139.0314787868
ensemble,2020,2020-07-06,757299.096,784932.2775361184
ensemble,2020,2020-07-07,780525.085,802288.5105695035
ensemble,2020,2020-07-08,784566.99,804165.3856323874
ensemble,2020,2020-07-09,771125.891,805376.6113189295
ensemble,2020,2020-07-10,758878.105,802793.1695152848
ensemble,2020,2020-07-11,690697.734,731411.8211354883
ensemble,2020,2020-07-12,633135.072,668641.1407994969
ensemble,2020,2020-07-13,752649.491,787437.2300523939
ensemble,2020,2020-07-14,760459.038,800115.3856299311
ensemble,2020,2020-07-15,756753.738,793181.2562403573
ensemble,2020,2020-07-16,763067.312,800782.7305562532
ensemble,2020,2020-07-17,760177.205,805400.438523199
ensemble,2020,2020-07-18,688716.516,729362.5066202589
ensemble,2020,2020-07-19,644522.223,691115.3745515607
ensemble,2020,2020-07-20,769330.38,812539.431543257
ensemble,2020,2020-07-21,785563.684,828227.5951016041
ensemble,2020,2020-07-22,776667.953,825700.8876204536
ensemble,2020,2020-07-23,789634.51,828313.6495953016
ensemble,2020,2020-07-24,789089.65,817120.0965355538
ensemble,2020,2020-07-25,704273.245,729527.0601265229
ensemble,2020,2020-07-26,664179.618,679691.5562847448
ensemble,2020,2020-07-27,794291.764,807276.6808457524
ensemble,2020,2020-07-28,814337.543,815040.666406054
ensemble,2020,2020-07-29,817487.547,808709.764793154
ensemble,2020,2020-07-30,825275.946,819138.8797189742
ensemble,2020,2020-07-31,810169.058,814978.0860282375
ensemble,2020,2020-08-01,738269.153,737720.5528159961
ensemble,2020,2020-08-02,673895.707,676756.5612086494
ensemble,2020,2020-08-03,747511.864,766566.8989364235
ensemble,2020,2020-08-04,751123.76,781386.8758191311
ensemble,2020,2020-08-05,764126.717,790843.0517269155
ensemble,2020,2020-08-06,776466.924,806071.0923657125
ensemble,2020,2020-08-07,775393.905,809400.7076870291
ensemble,2020,2020-08-08,700782.169,732133.1152944466
ensemble,2020,2020-08-09,657269.503,680917.205812516
ensemble,2020,2020-08-10,738068.961,755483.5747052967
ensemble,2020,2020-08-11,734500.01,741725.6345286006
ensemble,2020,2020-08-12,712418.386,741354.670170939
ensemble,2020,2020-08-13,716219.241,719058.5651117815
ensemble,2020,2020-08-14,710586.003,733169.3645882845
ensemble,2020,2020-08-15,631293.617,642811.1955013294
ensemble,2020,2020-08-16,591662.6,623759.640390788
ensemble,2020,2020-08-17,683923.907,733107.8340283536
ensemble,2020,2020-08-18,708888.916,750515.7244028846
ensemble,2020,2020-08-19,725675.863,759710.5908614442
ensemble,2020,2020-08-20,729676.986,757319.7768007856
ensemble,2020,2020-08-21,739080.574,758840.8631179025
ensemble,2020,2020-08-22,676812.548,697261.5388987091
ensemble,2020,2020-08-23,625384.861,641573.8244590366
ensemble,2020,2020-08-24,733320.649,752815.5425540108
ensemble,2020,2020-08-25,772384.724,773566.527183767
ensemble,2020,2020-08-26,791658.289,789762.322180818
ensemble,2020,2020-08-27,797890.754,801380.1145319082
ensemble,2020,2020-08-28,773438.841,784644.966723126
ensemble,2020,2020-08-29,635866.109,674390.0819519162
ensemble,2020,2020-08-30,572310.898,628690.0125952685
ensemble,2020,2020-08-31,679208.909,739867.744371567
ensemble,2020,2020-09-01,700209.044,760050.8550778235
ensemble,2020,2020-09-02,711095.786,765812.124625855
ensemble,2020,2020-09-03,719005.12,770406.729478316
ensemble,2020,2020-09-04,724580.748,766912.323392639
ensemble,2020,2020-09-05,653584.402,684948.4599237178
ensemble,2020,2020-09-06,604081.335,631758.6045401084
ensemble,2020,2020-09-07,696258.312,721165.4540021238
ensemble,2020,2020-09-08,698100.318,732154.467561938
ensemble,2020,2020-09-09,718084.935,720607.7577883853
ensemble,2020,2020-09-10,721372.797,741187.0205116281
ensemble,2020,2020-09-11,698312.958,743749.741480214
ensemble,2020,2020-09-12,649165.551,676080.569322952
ensemble,2020,2020-09-13,605491.558,631153.0907486334
ensemble,2020,2020-09-14,718980.488,745519.3363826089
ensemble,2020,2020-09-15,740288.273,766225.1827054435
ensemble,2020,2020-09-16,751556.717,766262.4574205006
ensemble,2020,2020-09-17,740760.783,759775.5966242078
ensemble,2020,2020-09-18,713829.456,737985.0308384657
ensemble,2020,2020-09-19,627328.408,657630.1561835207
ensemble,2020,2020-09-20,574171.087,606753.3773984414
ensemble,2020,2020-09-21,683416.711,712445.9005014937
ensemble,2020,2020-09-22,703840.984,732292.6223001406
ensemble,2020,2020-09-23,712811.873,736831.6878983247
ensemble,2020,2020-09-24,712997.199,735914.9875466474
ensemble,2020,2020-09-25,691789.689,728792.3237134052
ensemble,2020,2020-09-26,614309.972,652719.2439569978
ensemble,2020,2020-09-27,568766.565,597618.4435262401
ensemble,2020,2020-09-28,666559.06,710283.9353651298
ensemble,2020,2020-09-29,686797.043,729063.6430496596
ensemble,2020,2020-09-30,690962.671,727486.108833538
ensemble,2020,2020-10-01,700916.732,722485.4954463743
ensemble,2020,2020-10-02,698403.756,721625.6959860254
ensemble,2020,2020-10-03,612169.05,647755.5183502659
ensemble,2020,2020-10-04,571636.922,598712.8014049984
ensemble,2020,2020-10-05,673482.22,708057.2120421586
ensemble,2020,2020-10-06,690894.896,720428.4769105447
ensemble,2020,2020-10-07,699613.798,717335.2292915625
ensemble,2020,2020-10-08,699215.554,715458.9883464304
ensemble,2020,2020-10-09,679813.517,710389.0852766043
ensemble,2020,2020-10-10,614331.962,629217.3628887439
ensemble,2020,2020-10-11,563490.862,590073.5602230582
ensemble,2020,2020-10-12,570701.026,648669.9034811897
ensemble,2020,2020-10-13,673784.687,709364.3990958611
ensemble,2020,2020-10-14,703005.757,713015.6977848628
ensemble,2020,2020-10-15,709578.141,721045.0537086027
ensemble,2020,2020-10-16,704019.681,719919.9360107143
ensemble,2020,2020-10-17,631928.375,644579.6325076479
ensemble,2020,2020-10-18,583351.177,589701.9887069608
ensemble,2020,2020-10-19,687152.413,693712.7957484941
ensemble,2020,2020-10-20,711714.9,713176.6043165625
ensemble,2020,2020-10-21,707162.568,714323.1063729348
ensemble,2020,2020-10-22,710357.203,713930.5441293233
ensemble,2020,2020-10-23,696843.426,714312.3813214625
ensemble,2020,2020-10-24,625382.417,641763.6491678694
ensemble,2020,2020-10-25,606307.969,602176.7898783658
ensemble,2020,2020-10-26,689553.095,705761.0752352773
ensemble,2020,2020-10-27,714662.582,730199.1191060817
ensemble,2020,2020-10-28,715705.336,719793.4351050714
ensemble,2020,2020-10-29,715284.16,718577.3761953553
ensemble,2020,2020-10-30,704726.127,680507.530157338
ensemble,2020,2020-10-31,628294.896,627366.8095441223
ensemble,2020,2020-11-01,575075.028,583900.5517690865
ensemble,2020,2020-11-02,647094.468,692118.5747068343
ensemble,2020,2020-11-03,706154.584,718453.8632669203
ensemble,2020,2020-11-04,728814.878,732223.06540089
ensemble,2020,2020-11-05,724766.756,729112.3543418761
ensemble,2020,2020-11-06,710624.719,723978.1383836387
ensemble,2020,2020-11-07,635069.873,651696.9072379377
ensemble,2020,2020-11-08,585653.269,611040.0286503719
ensemble,2020,2020-11-09,688061.521,729545.0467679786
ensemble,2020,2020-11-10,711586.135,749682.2010356024
ensemble,2020,2020-11-11,718173.294,758207.6056517628
ensemble,2020,2020-11-12,717880.631,764452.5202563935
ensemble,2020,2020-11-13,713264.969,762031.3022403358
ensemble,2020,2020-11-14,641465.596,680746.207997726
ensemble,2020,2020-11-15,585947.032,632163.2353868054
ensemble,2020,2020-11-16,693236.68,738597.7036705409
ensemble,2020,2020-11-17,712862.51,767595.3962294216
ensemble,2020,2020-11-18,718214.566,773550.3732774841
ensemble,2020,2020-11-19,718299.945,770494.0657398492
ensemble,2020,2020-11-20,716666.871,775574.5238303683
ensemble,2020,2020-11-21,645094.568,692713.0877746689
ensemble,2020,2020-11-22,605990.942,648205.9312857698
ensemble,2020,2020-11-23,728188.952,768467.077792152
ensemble,2020,2020-11-24,757498.853,785436.3363506645
ensemble,2020,2020-11-25,765268.18,776932.7769438644
ensemble,2020,2020-11-26,766690.677,770999.5877361414
ensemble,2020,2020-11-27,751489.82,765406.1732738623
ensemble,2020,2020-11-28,667627.721,690200.3538960115
ensemble,2020,2020-11-29,624731.773,649713.5319434969
ensemble,2020,2020-11-30,737071.712,769906.5410831453
ensemble,2020,2020-12-01,753620.849,790199.5095794167
ensemble,2020,2020-12-02,768634.956,798107.7946389656
ensemble,2020,2020-12-03,784315.168,806088.7360916858
ensemble,2020,2020-12-04,790382.104,757914.3981624962
ensemble,2020,2020-12-05,723627.58,714808.1358386589
ensemble,2020,2020-12-06,676303.0,674541.4377004611
ensemble,2020,2020-12-07,712656.602,751411.9189220326
ensemble,2020,2020-12-08,693433.293,742352.3208323062
ensemble,2020,2020-12-09,804018.806,811655.9260350399
ensemble,2020,2020-12-10,807771.695,804388.8565402068
ensemble,2020,2020-12-11,783766.293,780288.1901287539
ensemble,2020,2020-12-12,686510.161,697603.4206198716
ensemble,2020,2020-12-13,644286.586,649701.0045486243
ensemble,2020,2020-12-14,759517.717,755286.7259727552
ensemble,2020,2020-12-15,766794.634,771867.3658955562
ensemble,2020,2020-12-16,780348.751,786022.8671662282
ensemble,2020,2020-12-17,778470.844,776260.1187644248
ensemble,2020,2020-12-18,776174.524,763120.780538078
ensemble,2020,2020-12-19,697945.808,673787.426901566
ensemble,2020,2020-12-20,646840.581,621612.9046906928
ensemble,2020,2020-12-21,750406.82,704249.4156408148
ensemble,2020,2020-12-22,750081.066,698907.1263959386
ensemble,2020,2020-12-23,727706.624,645075.1118850337
ensemble,2020,2020-12-24,643648.623,664391.294093497
ensemble,2020,2020-12-25,570771.924,601346.5494283641
ensemble,2020,2020-12-26,635755.792,669683.5698898094
ensemble,2020,2020-12-27,646699.546,627582.8391863513
ensemble,2020,2020-12-28,724357.078,691851.4443411554
ensemble,2020,2020-12-29,732115.459,708806.1429716562
ensemble,2020,2020-12-30,734283.124,681504.2916648146
ensemble,2020,2020-12-31,687715.588,736600.8062905567
naive_semanal,2021,2021-01-01,608715.931,754645.342
naive_semanal,2021,2021-01-02,680432.407,702390.878
naive_semanal,2021,2021-01-03,684489.215,651967.486
naive_semanal,2021,2021-01-04,793625.993,630259.532
naive_semanal,2021,2021-01-05,806588.156,789031.621
naive_semanal,2021,2021-01-06,700144.564,820143.678
naive_semanal,2021,2021-01-07,854323.166,820769.614
naive_semanal,2021,2021-01-08,872357.353,814759.827
naive_semanal,2021,2021-01-09,773296.979,732531.725
naive_semanal,2021,2021-01-10,735647.962,693449.101
naive_semanal,2021,2021-01-11,851740.825,829157.906
naive_semanal,2021,2021-01-12,875118.684,844416.079
naive_semanal,2021,2021-01-13,874914.272,832910.293
naive_semanal,2021,2021-01-14,873577.23,822827.255
naive_semanal,2021,2021-01-15,859355.795,807653.787
naive_semanal,2021,2021-01-16,765002.342,729673.024
naive_semanal,2021,2021-01-17,708974.301,689820.886
naive_semanal,2021,2021-01-18,827619.581,846106.888
naive_semanal,2021,2021-01-19,846116.609,862132.604
naive_semanal,2021,2021-01-20,850299.079,841706.187
naive_semanal,2021,2021-01-21,817647.661,829427.103
naive_semanal,2021,2021-01-22,794514.658,821136.183
naive_semanal,2021,2021-01-23,719510.829,734265.345
naive_semanal,2021,2021-01-24,655028.547,676369.262
naive_semanal,2021,2021-01-25,775155.263,807615.701
naive_semanal,2021,2021-01-26,770796.102,807001.677
naive_semanal,2021,2021-01-27,753321.62,792162.501
naive_semanal,2021,2021-01-28,744101.186,778203.546
naive_semanal,2021,2021-01-29,733183.947,765448.598
naive_semanal,2021,2021-01-30,672206.563,681471.943
naive_semanal,2021,2021-01-31,631678.074,625016.468
naive_semanal,2021,2021-02-01,725308.41,729329.082
naive_semanal,2021,2021-02-02,742016.165,747892.827
naive_semanal,2021,2021-02-03,744032.692,758987.788
naive_semanal,2021,2021-02-04,742410.917,769754.643
naive_semanal,2021,2021-02-05,742180.511,772488.589
naive_semanal,2021,2021-02-06,673202.889,698199.59
naive_semanal,2021,2021-02-07,635184.428,646787.156
naive_semanal,2021,2021-02-08,757811.118,749504.414
naive_semanal,2021,2021-02-09,789357.66,761008.347
naive_semanal,2021,2021-02-10,767889.956,766558.356
naive_semanal,2021,2021-02-11,757949.224,759532.177
naive_semanal,2021,2021-02-12,744944.86,753954.141
naive_semanal,2021,2021-02-13,664031.439,675832.097
naive_semanal,2021,2021-02-14,627377.64,625453.407
naive_semanal,2021,2021-02-15,743811.335,739797.699
naive_semanal,2021,2021-02-16,751446.91,766371.869
naive_semanal,2021,2021-02-17,752695.056,764941.248
naive_semanal,2021,2021-02-18,754962.027,763651.659
naive_semanal,2021,2021-02-19,749031.191,753744.734
naive_semanal,2021,2021-02-20,667785.4,672072.47
naive_semanal,2021,2021-02-21,636820.402,620872.08
naive_semanal,2021,2021-02-22,743317.962,730827.761
naive_semanal,2021,2021-02-23,750925.914,743820.753
naive_semanal,2021,2021-02-24,747390.312,753405.313
naive_semanal,2021,2021-02-25,744810.272,751137.432
naive_semanal,2021,2021-02-26,740017.479,728292.593
naive_semanal,2021,2021-02-27,664275.565,670263.321
naive_semanal,2021,2021-02-28,621167.542,626873.694
naive_semanal,2021,2021-03-01,730802.101,741296.331
naive_semanal,2021,2021-03-02,749835.836,769321.188
naive_semanal,2021,2021-03-03,744167.225,759058.244
naive_semanal,2021,2021-03-04,740268.037,754365.164
naive_semanal,2021,2021-03-05,735724.58,757995.483
naive_semanal,2021,2021-03-06,658451.851,683532.439
naive_semanal,2021,2021-03-07,622685.66,630442.877
naive_semanal,2021,2021-03-08,742936.38,740417.533
naive_semanal,2021,2021-03-09,758352.519,747566.521
naive_semanal,2021,2021-03-10,750796.647,742561.392
naive_semanal,2021,2021-03-11,739481.269,738088.907
naive_semanal,2021,2021-03-12,729092.448,729774.542
naive_semanal,2021,2021-03-13,646301.497,646497.547
naive_semanal,2021,2021-03-14,606540.412,600435.811
naive_semanal,2021,2021-03-15,719293.522,704124.264
naive_semanal,2021,2021-03-16,732005.026,706050.583
naive_semanal,2021,2021-03-17,729775.728,684799.07
naive_semanal,2021,2021-03-18,741473.221,641992.028
naive_semanal,2021,2021-03-19,706043.651,647058.248
naive_semanal,2021,2021-03-20,670497.641,612492.101
naive_semanal,2021,2021-03-21,630102.703,583510.909
naive_semanal,2021,2021-03-22,735080.366,653558.582
naive_semanal,2021,2021-03-23,739437.425,663819.764
naive_semanal,2021,2021-03-24,731621.692,664643.791
naive_semanal,2021,2021-03-25,726346.417,661338.324
naive_semanal,2021,2021-03-26,719331.777,667335.755
naive_semanal,2021,2021-03-27,648466.535,605617.221
naive_semanal,2021,2021-03-28,571635.074,540515.04
naive_semanal,2021,2021-03-29,691559.272,610996.075
naive_semanal,2021,2021-03-30,695256.722,610653.934
naive_semanal,2021,2021-03-31,679687.653,599875.958
naive_semanal,2021,2021-04-01,603780.936,599323.162
naive_semanal,2021,2021-04-02,558137.662,584683.694
naive_semanal,2021,2021-04-03,577877.662,542996.041
naive_semanal,2021,2021-04-04,551346.366,519594.376
naive_semanal,2021,2021-04-05,604043.925,568143.84
naive_semanal,2021,2021-04-06,678937.062,567082.621
naive_semanal,2021,2021-04-07,706832.348,555027.089
naive_semanal,2021,2021-04-08,711274.992,529824.736
naive_semanal,2021,2021-04-09,713789.777,510435.49
naive_semanal,2021,2021-04-10,641313.52,518229.908
naive_semanal,2021,2021-04-11,594071.686,501615.48
naive_semanal,2021,2021-04-12,692941.728,537818.991
naive_semanal,2021,2021-04-13,717396.928,584017.243
naive_semanal,2021,2021-04-14,716654.185,604347.185
naive_semanal,2021,2021-04-15,722238.709,604521.525
naive_semanal,2021,2021-04-16,713583.273,598697.568
naive_semanal,2021,2021-04-17,642865.34,552914.776
naive_semanal,2021,2021-04-18,593293.117,520123.268
naive_semanal,2021,2021-04-19,697833.818,585331.059
naive_semanal,2021,2021-04-20,709788.735,608880.705
naive_semanal,2021,2021-04-21,710848.815,608023.375
naive_semanal,2021,2021-04-22,713242.666,599598.011
naive_semanal,2021,2021-04-23,685398.678,594661.984
naive_semanal,2021,2021-04-24,620321.236,556038.735
naive_semanal,2021,2021-04-25,584849.257,522374.953
naive_semanal,2021,2021-04-26,689249.537,590579.965
naive_semanal,2021,2021-04-27,703092.56,601203.105
naive_semanal,2021,2021-04-28,698342.061,600234.68
naive_semanal,2021,2021-04-29,697918.72,594712.471
naive_semanal,2021,2021-04-30,688956.526,525344.189
naive_semanal,2021,2021-05-01,577472.256,529331.136
naive_semanal,2021,2021-05-02,559173.805,509365.967
naive_semanal,2021,2021-05-03,667365.198,585884.404
naive_semanal,2021,2021-05-04,689998.019,607115.027
naive_semanal,2021,2021-05-05,690651.1,610199.36
naive_semanal,2021,2021-05-06,689028.329,604624.142
naive_semanal,2021,2021-05-07,681399.427,597179.788
naive_semanal,2021,2021-05-08,612800.041,547084.706
naive_semanal,2021,2021-05-09,573950.672,513399.456
naive_semanal,2021,2021-05-10,672517.486,591350.652
naive_semanal,2021,2021-05-11,690260.839,617479.021
naive_semanal,2021,2021-05-12,696396.062,617401.116
naive_semanal,2021,2021-05-13,695282.254,620557.901
naive_semanal,2021,2021-05-14,688397.416,608952.25
naive_semanal,2021,2021-05-15,622863.597,555670.934
naive_semanal,2021,2021-05-16,580577.79,519597.946
naive_semanal,2021,2021-05-17,668878.06,596670.207
naive_semanal,2021,2021-05-18,696787.021,615052.604
naive_semanal,2021,2021-05-19,698169.314,622450.073
naive_semanal,2021,2021-05-20,697758.698,630168.002
naive_semanal,2021,2021-05-21,691966.356,634355.264
naive_semanal,2021,2021-05-22,621633.202,582895.641
naive_semanal,2021,2021-05-23,574180.28,542170.641
naive_semanal,2021,2021-05-24,659025.584,627466.111
naive_semanal,2021,2021-05-25,687452.59,642990.536
naive_semanal,2021,2021-05-26,692338.143,644707.726
naive_semanal,2021,2021-05-27,694593.137,642005.868
naive_semanal,2021,2021-05-28,687217.66,641570.31
naive_semanal,2021,2021-05-29,625581.869,583380.433
naive_semanal,2021,2021-05-30,579605.519,541662.429
naive_semanal,2021,2021-05-31,683327.24,627334.741
naive_semanal,2021,2021-06-01,696048.627,653396.5
naive_semanal,2021,2021-06-02,700505.017,662452.407
naive_semanal,2021,2021-06-03,698600.649,651301.681
naive_semanal,2021,2021-06-04,692965.661,640912.088
naive_semanal,2021,2021-06-05,622988.965,582674.188
naive_semanal,2021,2021-06-06,576739.713,540393.818
naive_semanal,2021,2021-06-07,687687.127,625763.383
naive_semanal,2021,2021-06-08,719311.181,643604.721
naive_semanal,2021,2021-06-09,727998.479,653728.489
naive_semanal,2021,2021-06-10,739161.249,653624.408
naive_semanal,2021,2021-06-11,732773.334,645918.049
naive_semanal,2021,2021-06-12,663407.333,581088.713
naive_semanal,2021,2021-06-13,616205.06,543304.621
naive_semanal,2021,2021-06-14,737903.439,644001.077
naive_semanal,2021,2021-06-15,759440.415,656823.463
naive_semanal,2021,2021-06-16,755302.693,661145.578
naive_semanal,2021,2021-06-17,732968.196,662011.432
naive_semanal,2021,2021-06-18,720620.28,657676.183
naive_semanal,2021,2021-06-19,646908.276,608254.976
naive_semanal,2021,2021-06-20,594444.33,572807.006
naive_semanal,2021,2021-06-21,695310.81,682963.291
naive_semanal,2021,2021-06-22,710395.742,706613.83
naive_semanal,2021,2021-06-23,701339.201,668203.326
naive_semanal,2021,2021-06-24,667378.472,711838.827
naive_semanal,2021,2021-06-25,694493.443,702221.428
naive_semanal,2021,2021-06-26,651121.08,638125.491
naive_semanal,2021,2021-06-27,606935.474,604144.564
naive_semanal,2021,2021-06-28,706509.225,723951.102
naive_semanal,2021,2021-06-29,727913.028,752302.735
naive_semanal,2021,2021-06-30,744980.042,763359.011
naive_semanal,2021,2021-07-01,745646.823,765790.102
naive_semanal,2021,2021-07-02,751071.94,735357.247
naive_semanal,2021,2021-07-03,686746.086,660713.186
naive_semanal,2021,2021-07-04,645197.787,626327.165
naive_semanal,2021,2021-07-05,756482.667,757299.096
naive_semanal,2021,2021-07-06,765521.607,780525.085
naive_semanal,2021,2021-07-07,749498.243,784566.99
naive_semanal,2021,2021-07-08,743139.951,771125.891
naive_semanal,2021,2021-07-09,749361.516,758878.105
naive_semanal,2021,2021-07-10,698499.464,690697.734
naive_semanal,2021,2021-07-11,662579.088,633135.072
naive_semanal,2021,2021-07-12,763113.617,752649.491
naive_semanal,2021,2021-07-13,739886.353,760459.038
naive_semanal,2021,2021-07-14,742631.422,756753.738
naive_semanal,2021,2021-07-15,749381.936,763067.312
naive_semanal,2021,2021-07-16,755786.802,760177.205
naive_semanal,2021,2021-07-17,703589.58,688716.516
naive_semanal,2021,2021-07-18,657129.066,644522.223
naive_semanal,2021,2021-07-19,770181.187,769330.38
naive_semanal,2021,2021-07-20,786064.039,785563.684
naive_semanal,2021,2021-07-21,796392.983,776667.953
naive_semanal,2021,2021-07-22,807661.031,789634.51
naive_semanal,2021,2021-07-23,801290.966,789089.65
naive_semanal,2021,2021-07-24,708875.188,704273.245
naive_semanal,2021,2021-07-25,647414.033,664179.618
naive_semanal,2021,2021-07-26,741788.852,794291.764
naive_semanal,2021,2021-07-27,764664.988,814337.543
naive_semanal,2021,2021-07-28,777471.567,817487.547
naive_semanal,2021,2021-07-29,786049.111,825275.946
naive_semanal,2021,2021-07-30,780535.725,810169.058
naive_semanal,2021,2021-07-31,688602.143,738269.153
naive_semanal,2021,2021-08-01,610030.071,673895.707
naive_semanal,2021,2021-08-02,692296.539,747511.864
naive_semanal,2021,2021-08-03,716478.894,751123.76
naive_semanal,2021,2021-08-04,726929.59,764126.717
naive_semanal,2021,2021-08-05,737222.091,776466.924
naive_semanal,2021,2021-08-06,733401.456,775393.905
naive_semanal,2021,2021-08-07,676412.684,700782.169
naive_semanal,2021,2021-08-08,615001.22,657269.503
naive_semanal,2021,2021-08-09,688277.519,738068.961
naive_semanal,2021,2021-08-10,712411.101,734500.01
naive_semanal,2021,2021-08-11,735965.665,712418.386
naive_semanal,2021,2021-08-12,755611.095,716219.241
naive_semanal,2021,2021-08-13,762760.446,710586.003
naive_semanal,2021,2021-08-14,734160.936,631293.617
naive_semanal,2021,2021-08-15,692750.878,591662.6
naive_semanal,2021,2021-08-16,734676.191,683923.907
naive_semanal,2021,2021-08-17,734157.383,708888.916
naive_semanal,2021,2021-08-18,729662.489,725675.863
naive_semanal,2021,2021-08-19,723091.039,729676.986
naive_semanal,2021,2021-08-20,723168.05,739080.574
naive_semanal,2021,2021-08-21,680177.885,676812.548
naive_semanal,2021,2021-08-22,642547.886,625384.861
naive_semanal,2021,2021-08-23,740216.309,733320.649
naive_semanal,2021,2021-08-24,749610.14,772384.724
naive_semanal,2021,2021-08-25,738207.487,791658.289
naive_semanal,2021,2021-08-26,746460.103,797890.754
naive_semanal,2021,2021-08-27,752000.087,773438.841
naive_semanal,2021,2021-08-28,680131.728,635866.109
naive_semanal,2021,2021-08-29,625714.882,572310.898
naive_semanal,2021,2021-08-30,722450.384,679208.909
naive_semanal,2021,2021-08-31,747811.051,700209.044
naive_semanal,2021,2021-09-01,746405.192,711095.786
naive_semanal,2021,2021-09-02,733294.828,719005.12
naive_semanal,2021,2021-09-03,731068.102,724580.748
naive_semanal,2021,2021-09-04,661105.572,653584.402
naive_semanal,2021,2021-09-05,625947.506,604081.335
naive_semanal,2021,2021-09-06,750941.319,696258.312
naive_semanal,2021,2021-09-07,778331.589,698100.318
naive_semanal,2021,2021-09-08,758832.979,718084.935
naive_semanal,2021,2021-09-09,759765.067,721372.797
naive_semanal,2021,2021-09-10,743109.71,698312.958
naive_semanal,2021,2021-09-11,664034.519,649165.551
naive_semanal,2021,2021-09-12,624471.173,605491.558
naive_semanal,2021,2021-09-13,730599.845,718980.488
naive_semanal,2021,2021-09-14,744889.97,740288.273
naive_semanal,2021,2021-09-15,740655.596,751556.717
naive_semanal,2021,2021-09-16,726396.632,740760.783
naive_semanal,2021,2021-09-17,714163.921,713829.456
naive_semanal,2021,2021-09-18,639492.9,627328.408
naive_semanal,2021,2021-09-19,588068.278,574171.087
naive_semanal,2021,2021-09-20,692113.328,683416.711
naive_semanal,2021,2021-09-21,696775.737,703840.984
naive_semanal,2021,2021-09-22,701743.975,712811.873
naive_semanal,2021,2021-09-23,704545.814,712997.199
naive_semanal,2021,2021-09-24,697179.551,691789.689
naive_semanal,2021,2021-09-25,631054.818,614309.972
naive_semanal,2021,2021-09-26,582860.409,568766.565
naive_semanal,2021,2021-09-27,686152.044,666559.06
naive_semanal,2021,2021-09-28,706305.455,686797.043
naive_semanal,2021,2021-09-29,710112.398,690962.671
naive_semanal,2021,2021-09-30,702537.831,700916.732
naive_semanal,2021,2021-10-01,692944.543,698403.756
naive_semanal,2021,2021-10-02,630287.998,612169.05
naive_semanal,2021,2021-10-03,585692.62,571636.922
naive_semanal,2021,2021-10-04,665592.111,673482.22
naive_semanal,2021,2021-10-05,681284.754,690894.896
naive_semanal,2021,2021-10-06,695359.374,699613.798
naive_semanal,2021,2021-10-07,689344.379,699215.554
naive_semanal,2021,2021-10-08,685109.813,679813.517
naive_semanal,2021,2021-10-09,612730.729,614331.962
naive_semanal,2021,2021-10-10,568730.598,563490.862
naive_semanal,2021,2021-10-11,615641.185,570701.026
naive_semanal,2021,2021-10-12,577417.811,673784.687
naive_semanal,2021,2021-10-13,668727.443,703005.757
naive_semanal,2021,2021-10-14,682596.759,709578.141
naive_semanal,2021,2021-10-15,681763.233,704019.681
naive_semanal,2021,2021-10-16,616067.047,631928.375
naive_semanal,2021,2021-10-17,573616.151,583351.177
naive_semanal,2021,2021-10-18,675467.776,687152.413
naive_semanal,2021,2021-10-19,692280.722,711714.9
naive_semanal,2021,2021-10-20,693103.655,707162.568
naive_semanal,2021,2021-10-21,688480.315,710357.203
naive_semanal,2021,2021-10-22,682264.745,696843.426
naive_semanal,2021,2021-10-23,612018.709,625382.417
naive_semanal,2021,2021-10-24,571138.872,606307.969
naive_semanal,2021,2021-10-25,670783.825,689553.095
naive_semanal,2021,2021-10-26,692319.42,714662.582
naive_semanal,2021,2021-10-27,689359.293,715705.336
naive_semanal,2021,2021-10-28,691147.265,715284.16
naive_semanal,2021,2021-10-29,692264.935,704726.127
naive_semanal,2021,2021-10-30,626694.705,628294.896
naive_semanal,2021,2021-10-31,597247.186,575075.028
naive_semanal,2021,2021-11-01,576367.744,647094.468
naive_semanal,2021,2021-11-02,674854.716,706154.584
naive_semanal,2021,2021-11-03,695235.266,728814.878
naive_semanal,2021,2021-11-04,705890.141,724766.756
naive_semanal,2021,2021-11-05,717193.16,710624.719
naive_semanal,2021,2021-11-06,655441.422,635069.873
naive_semanal,2021,2021-11-07,616104.014,585653.269
naive_semanal,2021,2021-11-08,716917.625,688061.521
naive_semanal,2021,2021-11-09,728003.134,711586.135
naive_semanal,2021,2021-11-10,737414.445,718173.294
naive_semanal,2021,2021-11-11,738439.482,717880.631
naive_semanal,2021,2021-11-12,731746.944,713264.969
naive_semanal,2021,2021-11-13,652720.566,641465.596
naive_semanal,2021,2021-11-14,612965.856,585947.032
naive_semanal,2021,2021-11-15,725702.68,693236.68
naive_semanal,2021,2021-11-16,748837.812,712862.51
naive_semanal,2021,2021-11-17,753689.107,718214.566
naive_semanal,2021,2021-11-18,755571.919,718299.945
naive_semanal,2021,2021-11-19,746448.912,716666.871
naive_semanal,2021,2021-11-20,674480.947,645094.568
naive_semanal,2021,2021-11-21,622504.567,605990.942
naive_semanal,2021,2021-11-22,744436.995,728188.952
naive_semanal,2021,2021-11-23,774690.327,757498.853
naive_semanal,2021,2021-11-24,786755.043,765268.18
naive_semanal,2021,2021-11-25,787163.875,766690.677
naive_semanal,2021,2021-11-26,781000.985,751489.82
naive_semanal,2021,2021-11-27,716586.063,667627.721
naive_semanal,2021,2021-11-28,685695.321,624731.773
naive_semanal,2021,2021-11-29,782127.955,737071.712
naive_semanal,2021,2021-11-30,788505.669,753620.849
naive_semanal,2021,2021-12-01,797141.836,768634.956
naive_semanal,2021,2021-12-02,800194.435,784315.168
naive_semanal,2021,2021-12-03,790811.497,790382.104
naive_semanal,2021,2021-12-04,711448.518,723627.58
naive_semanal,2021,2021-12-05,660580.665,676303.0
naive_semanal,2021,2021-12-06,667195.846,712656.602
naive_semanal,2021,2021-12-07,710588.895,693433.293
naive_semanal,2021,2021-12-08,684008.281,804018.806
naive_semanal,2021,2021-12-09,782066.188,807771.695
naive_semanal,2021,2021-12-10,776257.295,783766.293
naive_semanal,2021,2021-12-11,692242.959,686510.161
naive_semanal,2021,2021-12-12,644678.964,644286.586
naive_semanal,2021,2021-12-13,758492.556,759517.717
naive_semanal,2021,2021-12-14,783341.736,766794.634
naive_semanal,2021,2021-12-15,787193.874,780348.751
naive_semanal,2021,2021-12-16,792100.159,778470.844
naive_semanal,2021,2021-12-17,783162.446,776174.524
naive_semanal,2021,2021-12-18,706205.51,697945.808
naive_semanal,2021,2021-12-19,660628.862,646840.581
naive_semanal,2021,2021-12-20,771478.461,750406.82
naive_semanal,2021,2021-12-21,772523.695,750081.066
naive_semanal,2021,2021-12-22,757320.524,727706.624
naive_semanal,2021,2021-12-23,729089.502,643648.623
naive_semanal,2021,2021-12-24,637631.538,570771.924
naive_semanal,2021,2021-12-25,547513.015,635755.792
naive_semanal,2021,2021-12-26,582595.459,646699.546
naive_semanal,2021,2021-12-27,657559.283,724357.078
naive_semanal,2021,2021-12-28,663701.614,732115.459
naive_semanal,2021,2021-12-29,657200.732,734283.124
naive_semanal,2021,2021-12-30,653602.373,687715.588
naive_semanal,2021,2021-12-31,611387.919,608715.931
naive_trend,2021,2021-01-01,608715.931,736784.1402300909
naive_trend,2021,2021-01-02,680432.407,685766.4525976612
naive_trend,2021,2021-01-03,684489.215,636536.4985324244
naive_trend,2021,2021-01-04,793625.993,615342.3357464247
naive_trend,2021,2021-01-05,806588.156,770356.5531221951
naive_trend,2021,2021-01-06,700144.564,800732.2394105159
naive_trend,2021,2021-01-07,854323.166,801343.3605450832
naive_trend,2021,2021-01-08,872357.353,795475.815221043
naive_trend,2021,2021-01-09,773296.979,715193.9158134902
naive_trend,2021,2021-01-10,735647.962,677036.3126068491
naive_trend,2021,2021-01-11,851740.825,809533.1156064998
naive_trend,2021,2021-01-12,875118.684,824430.1529956036
naive_trend,2021,2021-01-13,874914.272,813196.689838971
naive_trend,2021,2021-01-14,873577.23,803352.3006003804
naive_trend,2021,2021-01-15,859355.795,788537.9633846227
naive_trend,2021,2021-01-16,765002.342,712402.8755178225
naive_trend,2021,2021-01-17,708974.301,673493.9714293892
naive_trend,2021,2021-01-18,827619.581,826080.9433550283
naive_trend,2021,2021-01-19,846116.609,841727.3572762205
naive_trend,2021,2021-01-20,850299.079,821784.3996380796
naive_trend,2021,2021-01-21,817647.661,809795.9411606494
naive_trend,2021,2021-01-22,794514.658,801701.2534657288
naive_trend,2021,2021-01-23,719510.829,716886.5039076543
naive_trend,2021,2021-01-24,655028.547,660360.7250261556
naive_trend,2021,2021-01-25,775155.263,788500.7788169814
naive_trend,2021,2021-01-26,770796.102,787901.2877451599
naive_trend,2021,2021-01-27,753321.62,773413.3303930254
naive_trend,2021,2021-01-28,744101.186,759784.7606718787
naive_trend,2021,2021-01-29,733183.947,747331.7011049127
naive_trend,2021,2021-01-30,672206.563,665342.6340425018
naive_trend,2021,2021-01-31,631678.074,610223.3663625107
naive_trend,2021,2021-02-01,725308.41,712067.0740536706
naive_trend,2021,2021-02-02,742016.165,730191.4460441303
naive_trend,2021,2021-02-03,744032.692,741023.8077461274
naive_trend,2021,2021-02-04,742410.917,751535.8291721566
naive_trend,2021,2021-02-05,742180.511,754205.0672114546
naive_trend,2021,2021-02-06,673202.889,681674.36542284
naive_trend,2021,2021-02-07,635184.428,631478.7783389323
naive_trend,2021,2021-02-08,757811.118,731764.8894567061
naive_trend,2021,2021-02-09,789357.66,742996.5434707708
naive_trend,2021,2021-02-10,767889.956,748415.1929763744
naive_trend,2021,2021-02-11,757949.224,741555.3119627343
naive_trend,2021,2021-02-12,744944.86,736109.2988096676
naive_trend,2021,2021-02-13,664031.439,659836.273829468
naive_trend,2021,2021-02-14,627377.64,610649.9637421418
naive_trend,2021,2021-02-15,743811.335,722287.9162777826
naive_trend,2021,2021-02-16,751446.91,748233.1198139071
naive_trend,2021,2021-02-17,752695.056,746836.359236698
naive_trend,2021,2021-02-18,754962.027,745577.2926663047
naive_trend,2021,2021-02-19,749031.191,735904.84812553
naive_trend,2021,2021-02-20,667785.4,656165.6309557711
naive_trend,2021,2021-02-21,636820.402,606177.0691425911
naive_trend,2021,2021-02-22,743317.962,713530.2818110649
naive_trend,2021,2021-02-23,750925.914,726215.7512719451
naive_trend,2021,2021-02-24,747390.312,735573.4606568175
naive_trend,2021,2021-02-25,744810.272,733359.2566331092
naive_trend,2021,2021-02-26,740017.479,711055.1170266796
naive_trend,2021,2021-02-27,664275.565,654399.3015075822
naive_trend,2021,2021-02-28,621167.542,612036.634907966
naive_trend,2021,2021-03-01,730802.101,723751.0781475889
naive_trend,2021,2021-03-02,749835.836,751112.6333320324
naive_trend,2021,2021-03-03,744167.225,741092.5961696357
naive_trend,2021,2021-03-04,740268.037,736510.5935779719
naive_trend,2021,2021-03-05,735724.58,740054.9889572466
naive_trend,2021,2021-03-06,658451.851,667354.3615246911
naive_trend,2021,2021-03-07,622685.66,615521.341274813
naive_trend,2021,2021-03-08,742936.38,722893.0798365547
naive_trend,2021,2021-03-09,758352.519,729872.8631651519
naive_trend,2021,2021-03-10,750796.647,724986.1972550008
naive_trend,2021,2021-03-11,739481.269,720619.5685460981
naive_trend,2021,2021-03-12,729092.448,712501.9907553851
naive_trend,2021,2021-03-13,646301.497,631196.0239029182
naive_trend,2021,2021-03-14,606540.412,586224.4926849259
naive_trend,2021,2021-03-15,719293.522,687458.8122302166
naive_trend,2021,2021-03-16,732005.026,689339.5384591263
naive_trend,2021,2021-03-17,729775.728,668591.0134728107
naive_trend,2021,2021-03-18,741473.221,626797.1430539255
naive_trend,2021,2021-03-19,706043.651,631743.4540415795
naive_trend,2021,2021-03-20,670497.641,597995.4303262725
naive_trend,2021,2021-03-21,630102.703,569700.1750027947
naive_trend,2021,2021-03-22,735080.366,638089.9359329345
naive_trend,2021,2021-03-23,739437.425,648108.2527989445
naive_trend,2021,2021-03-24,731621.692,648912.7764485735
naive_trend,2021,2021-03-25,726346.417,645685.5443620421
naive_trend,2021,2021-03-26,719331.777,651541.026132079
naive_trend,2021,2021-03-27,648466.535,591283.267316612
naive_trend,2021,2021-03-28,571635.074,527721.9468053555
naive_trend,2021,2021-03-29,691559.272,596534.8127767748
naive_trend,2021,2021-03-30,695256.722,596200.7696859444
naive_trend,2021,2021-03-31,679687.653,585677.8904755132
naive_trend,2021,2021-04-01,603780.936,585138.1782386323
naive_trend,2021,2021-04-02,558137.662,570845.2021298552
naive_trend,2021,2021-04-03,577877.662,530144.2266326587
naive_trend,2021,2021-04-04,551346.366,507296.4401727542
naive_trend,2021,2021-04-05,604043.925,554696.8190011333
naive_trend,2021,2021-04-06,678937.062,553660.7172921656
naive_trend,2021,2021-04-07,706832.348,541890.5197102181
naive_trend,2021,2021-04-08,711274.992,517284.6645443085
naive_trend,2021,2021-04-09,713789.777,498354.32979135145
naive_trend,2021,2021-04-10,641313.52,505964.266863916
naive_trend,2021,2021-04-11,594071.686,489743.07477790595
naive_trend,2021,2021-04-12,692941.728,525089.7088070147
naive_trend,2021,2021-04-13,717396.928,570194.5249180418
naive_trend,2021,2021-04-14,716654.185,590043.2909591865
naive_trend,2021,2021-04-15,722238.709,590213.5046209673
naive_trend,2021,2021-04-16,713583.273,584527.3910094928
naive_trend,2021,2021-04-17,642865.34,539828.20165035
naive_trend,2021,2021-04-18,593293.117,507812.81417761033
naive_trend,2021,2021-04-19,697833.818,571477.2450755864
naive_trend,2021,2021-04-20,709788.735,594469.5100710191
naive_trend,2021,2021-04-21,710848.815,593632.4716480834
naive_trend,2021,2021-04-22,713242.666,585406.5220193298
naive_trend,2021,2021-04-23,685398.678,580587.3225796181
naive_trend,2021,2021-04-24,620321.236,542878.2217297545
naive_trend,2021,2021-04-25,584849.257,510011.2055337369
naive_trend,2021,2021-04-26,689249.537,576601.918189064
naive_trend,2021,2021-04-27,703092.56,586973.6261104307
naive_trend,2021,2021-04-28,698342.061,586028.1221216149
naive_trend,2021,2021-04-29,697918.72,580636.6146361876
naive_trend,2021,2021-04-30,688956.526,512910.1646495546
naive_trend,2021,2021-05-01,577472.256,516802.74723643286
naive_trend,2021,2021-05-02,559173.805,497310.1206242706
naive_trend,2021,2021-05-03,667365.198,572017.4933185492
naive_trend,2021,2021-05-04,689998.019,592745.6227364662
naive_trend,2021,2021-05-05,690651.1,595756.9546974713
naive_trend,2021,2021-05-06,689028.329,590313.6928470255
naive_trend,2021,2021-05-07,681399.427,583045.5343410415
naive_trend,2021,2021-05-08,612800.041,534136.1197234318
naive_trend,2021,2021-05-09,573950.672,501248.1436393156
naive_trend,2021,2021-05-10,672517.486,577354.3643078946
naive_trend,2021,2021-05-11,690260.839,602864.3182132081
naive_trend,2021,2021-05-12,696396.062,602788.257095157
naive_trend,2021,2021-05-13,695282.254,605870.3262376658
naive_trend,2021,2021-05-14,688397.416,594539.3617197063
naive_trend,2021,2021-05-15,622863.597,542519.1259685025
naive_trend,2021,2021-05-16,580577.79,507299.925676784
naive_trend,2021,2021-05-17,668878.06,582548.0142768912
naive_trend,2021,2021-05-18,696787.021,600495.3304732896
naive_trend,2021,2021-05-19,698169.314,607717.7136693469
naive_trend,2021,2021-05-20,697758.698,615252.9721094923
naive_trend,2021,2021-05-21,691966.356,619341.1285730462
naive_trend,2021,2021-05-22,621633.202,569099.469374387
naive_trend,2021,2021-05-23,574180.28,529338.362479659
naive_trend,2021,2021-05-24,659025.584,612615.030381588
naive_trend,2021,2021-05-25,687452.59,627772.0180280996
naive_trend,2021,2021-05-26,692338.143,629448.5649930735
naive_trend,2021,2021-05-27,694593.137,626810.655484114
naive_trend,2021,2021-05-28,687217.66,626385.4064185068
naive_trend,2021,2021-05-29,625581.869,569572.7871529924
naive_trend,2021,2021-05-30,579605.519,528842.1790135527
naive_trend,2021,2021-05-31,683327.24,612486.7696912808
naive_trend,2021,2021-06-01,696048.627,637931.6901446542
naive_trend,2021,2021-06-02,700505.017,646773.2588679376
naive_trend,2021,2021-06-03,698600.649,635886.4520308641
naive_trend,2021,2021-06-04,692965.661,625742.7634399318
naive_trend,2021,2021-06-05,622988.965,568883.2577990608
naive_trend,2021,2021-06-06,576739.713,527603.5939287442
naive_trend,2021,2021-06-07,687687.127,610952.6031250958
naive_trend,2021,2021-06-08,719311.181,628371.6662893185
naive_trend,2021,2021-06-09,727998.479,638255.821516462
naive_trend,2021,2021-06-10,739161.249,638154.2039408523
naive_trend,2021,2021-06-11,732773.334,630630.2416580248
naive_trend,2021,2021-06-12,663407.333,567335.3083588172
naive_trend,2021,2021-06-13,616205.06,530445.503056614
naive_trend,2021,2021-06-14,737903.439,628758.6412011507
naive_trend,2021,2021-06-15,759440.415,641277.5426226722
naive_trend,2021,2021-06-16,755302.693,645497.3603397085
naive_trend,2021,2021-06-17,732968.196,646342.7210137227
naive_trend,2021,2021-06-18,720620.28,642110.0801566505
naive_trend,2021,2021-06-19,646908.276,593858.5910371055
naive_trend,2021,2021-06-20,594444.33,559249.6156074897
naive_trend,2021,2021-06-21,695310.81,666798.6843124892
naive_trend,2021,2021-06-22,710395.742,689889.4543381964
naive_trend,2021,2021-06-23,701339.201,652388.0631675551
naive_trend,2021,2021-06-24,667378.472,694990.7843379912
naive_trend,2021,2021-06-25,694493.443,685601.0131977025
naive_trend,2021,2021-06-26,651121.08,623022.1205623498
naive_trend,2021,2021-06-27,606935.474,589845.4656617005
naive_trend,2021,2021-06-28,706509.225,706816.3819073794
naive_trend,2021,2021-06-29,727913.028,734496.9788466819
naive_trend,2021,2021-06-30,744980.042,745291.5711583729
naive_trend,2021,2021-07-01,745646.823,747665.1222724749
naive_trend,2021,2021-07-02,751071.94,717952.562400977
naive_trend,2021,2021-07-03,686746.086,645075.2023401401
naive_trend,2021,2021-07-04,645197.787,611503.0413416047
naive_trend,2021,2021-07-05,756482.667,739375.0842808292
naive_trend,2021,2021-07-06,765521.607,762051.3526998537
naive_trend,2021,2021-07-07,749498.243,765997.5925221578
naive_trend,2021,2021-07-08,743139.951,752874.6220096564
naive_trend,2021,2021-07-09,749361.516,740916.7207605526
naive_trend,2021,2021-07-10,698499.464,674350.0658936846
naive_trend,2021,2021-07-11,662579.088,618149.8164909323
naive_trend,2021,2021-07-12,763113.617,734835.5277081279
naive_trend,2021,2021-07-13,739886.353,742460.2357023918
naive_trend,2021,2021-07-14,742631.422,738842.6339988428
naive_trend,2021,2021-07-15,749381.936,745006.7761891872
naive_trend,2021,2021-07-16,755786.802,742185.0732213737
naive_trend,2021,2021-07-17,703589.58,672415.7400329169
naive_trend,2021,2021-07-18,657129.066,629267.4525409606
naive_trend,2021,2021-07-19,770181.187,751121.6077726604
naive_trend,2021,2021-07-20,786064.039,766970.6964306989
naive_trend,2021,2021-07-21,796392.983,758285.5126075498
naive_trend,2021,2021-07-22,807661.031,770945.1727409711
naive_trend,2021,2021-07-23,801290.966,770413.2086721519
naive_trend,2021,2021-07-24,708875.188,687604.267097406
naive_trend,2021,2021-07-25,647414.033,648459.5896524865
naive_trend,2021,2021-07-26,741788.852,775492.1972745474
naive_trend,2021,2021-07-27,764664.988,795063.5259819039
naive_trend,2021,2021-07-28,777471.567,798138.9746194195
naive_trend,2021,2021-07-29,786049.111,805743.0351517163
naive_trend,2021,2021-07-30,780535.725,790993.7020979489
naive_trend,2021,2021-07-31,688602.143,720795.548422669
naive_trend,2021,2021-08-01,610030.071,657945.7149644003
naive_trend,2021,2021-08-02,692296.539,729819.4998055559
naive_trend,2021,2021-08-03,716478.894,733345.9082266398
naive_trend,2021,2021-08-04,726929.59,746041.106832522
naive_trend,2021,2021-08-05,737222.091,758089.2416300682
naive_trend,2021,2021-08-06,733401.456,757041.6192075004
naive_trend,2021,2021-08-07,676412.684,684195.8190676055
naive_trend,2021,2021-08-08,615001.22,641713.0255967501
naive_trend,2021,2021-08-09,688277.519,720600.0946347875
naive_trend,2021,2021-08-10,712411.101,717115.6147768858
naive_trend,2021,2021-08-11,735965.665,695556.6261391158
naive_trend,2021,2021-08-12,755611.095,699267.5212145328
naive_trend,2021,2021-08-13,762760.446,693767.6126011149
naive_trend,2021,2021-08-14,734160.936,616351.9456721027
naive_trend,2021,2021-08-15,692750.878,577658.9290168841
naive_trend,2021,2021-08-16,734676.191,667736.5641273643
naive_trend,2021,2021-08-17,734157.383,692110.6928315224
naive_trend,2021,2021-08-18,729662.489,708500.3206793587
naive_trend,2021,2021-08-19,723091.039,712406.7437438634
naive_trend,2021,2021-08-20,723168.05,721587.7644353792
naive_trend,2021,2021-08-21,680177.885,660793.5191828391
naive_trend,2021,2021-08-22,642547.886,610583.0401121061
naive_trend,2021,2021-08-23,740216.309,715964.1672928226
naive_trend,2021,2021-08-24,749610.14,754103.6605234836
naive_trend,2021,2021-08-25,738207.487,772921.052253563
naive_trend,2021,2021-08-26,746460.103,779006.0051592143
naive_trend,2021,2021-08-27,752000.087,755132.8283249949
naive_trend,2021,2021-08-28,680131.728,620816.2143814284
naive_trend,2021,2021-08-29,625714.882,558765.2496598082
naive_trend,2021,2021-08-30,722450.384,663133.1622983543
naive_trend,2021,2021-08-31,747811.051,683636.2589843879
naive_trend,2021,2021-09-01,746405.192,694265.3298842608
naive_trend,2021,2021-09-02,733294.828,701987.4630859823
naive_trend,2021,2021-09-03,731068.102,707431.1252324092
naive_trend,2021,2021-09-04,661105.572,638115.1448164218
naive_trend,2021,2021-09-05,625947.506,589783.7331871063
naive_trend,2021,2021-09-06,750941.319,679779.0342486133
naive_trend,2021,2021-09-07,778331.589,681577.443026188
naive_trend,2021,2021-09-08,758832.979,701089.0573364936
naive_trend,2021,2021-09-09,759765.067,704299.101104133
naive_trend,2021,2021-09-10,743109.71,681785.0501905857
naive_trend,2021,2021-09-11,664034.519,633800.8806798258
naive_trend,2021,2021-09-12,624471.173,591160.578551094
naive_trend,2021,2021-09-13,730599.845,701963.4140845082
naive_trend,2021,2021-09-14,744889.97,722766.8792060522
naive_trend,2021,2021-09-15,740655.596,733768.6178535967
naive_trend,2021,2021-09-16,726396.632,723228.2056791971
naive_trend,2021,2021-09-17,714163.921,696934.2984560204
naive_trend,2021,2021-09-18,639492.9,612480.5865828716
naive_trend,2021,2021-09-19,588068.278,560581.4110759752
naive_trend,2021,2021-09-20,692113.328,667241.3726142255
naive_trend,2021,2021-09-21,696775.737,687182.2369972852
naive_trend,2021,2021-09-22,701743.975,695940.7999554125
naive_trend,2021,2021-09-23,704545.814,696121.7395968213
naive_trend,2021,2021-09-24,697179.551,675416.1761325853
naive_trend,2021,2021-09-25,631054.818,599770.2753392087
naive_trend,2021,2021-09-26,582860.409,555304.8051347373
naive_trend,2021,2021-09-27,686152.044,650782.714212629
naive_trend,2021,2021-09-28,706305.455,670541.6977705585
naive_trend,2021,2021-09-29,710112.398,674608.7322749582
naive_trend,2021,2021-09-30,702537.831,684327.1971849063
naive_trend,2021,2021-10-01,692944.543,681873.6991527423
naive_trend,2021,2021-10-02,630287.998,597680.0254068509
naive_trend,2021,2021-10-03,585692.62,558107.2255522457
naive_trend,2021,2021-10-04,665592.111,657542.0145148832
naive_trend,2021,2021-10-05,681284.754,674542.561396633
naive_trend,2021,2021-10-06,695359.374,683055.1014684968
naive_trend,2021,2021-10-07,689344.379,682666.2832424887
naive_trend,2021,2021-10-08,685109.813,663723.4602312557
naive_trend,2021,2021-10-09,612730.729,599791.7448724344
naive_trend,2021,2021-10-10,568730.598,550153.9692617394
naive_trend,2021,2021-10-11,615641.185,557193.4806560308
naive_trend,2021,2021-10-12,577417.811,657837.3226233947
naive_trend,2021,2021-10-13,668727.443,686366.7784330527
naive_trend,2021,2021-10-14,682596.759,692783.6050205836
naive_trend,2021,2021-10-15,681763.233,687356.704536113
naive_trend,2021,2021-10-16,616067.047,616971.6800045836
naive_trend,2021,2021-10-17,573616.151,569544.2235939179
naive_trend,2021,2021-10-18,675467.776,670888.6567529326
naive_trend,2021,2021-10-19,692280.722,694869.7904842368
naive_trend,2021,2021-10-20,693103.655,690425.2046211971
naive_trend,2021,2021-10-21,688480.315,693544.2279170753
naive_trend,2021,2021-10-22,682264.745,680350.2995721148
naive_trend,2021,2021-10-23,612018.709,610580.6539575265
naive_trend,2021,2021-10-24,571138.872,591957.6664587929
naive_trend,2021,2021-10-25,670783.825,673232.518597555
naive_trend,2021,2021-10-26,692319.42,697747.705747433
naive_trend,2021,2021-10-27,689359.293,698765.7794922802
naive_trend,2021,2021-10-28,691147.265,698354.5720286218
naive_trend,2021,2021-10-29,692264.935,688046.4301327085
naive_trend,2021,2021-10-30,626694.705,613424.19941726
naive_trend,2021,2021-10-31,597247.186,561463.9572939622
naive_trend,2021,2021-11-01,576367.744,631778.8167743413
naive_trend,2021,2021-11-02,674854.716,689441.0779282033
naive_trend,2021,2021-11-03,695235.266,711565.0404082515
naive_trend,2021,2021-11-04,705890.141,707612.7307320108
naive_trend,2021,2021-11-05,717193.16,693805.4122577027
naive_trend,2021,2021-11-06,655441.422,620038.8239649906
naive_trend,2021,2021-11-07,616104.014,571791.8289000811
naive_trend,2021,2021-11-08,716917.625,671776.2476766121
naive_trend,2021,2021-11-09,728003.134,694744.0731379065
naive_trend,2021,2021-11-10,737414.445,701175.3250257289
naive_trend,2021,2021-11-11,738439.482,700889.5888728221
naive_trend,2021,2021-11-12,731746.944,696383.1719256906
naive_trend,2021,2021-11-13,652720.566,626283.1708249555
naive_trend,2021,2021-11-14,612965.856,572078.6390178151
naive_trend,2021,2021-11-15,725702.68,676828.9192590852
naive_trend,2021,2021-11-16,748837.812,695990.2384617311
naive_trend,2021,2021-11-17,753689.107,701215.6201860423
naive_trend,2021,2021-11-18,755571.919,701298.9784069278
naive_trend,2021,2021-11-19,746448.912,699704.5565559518
naive_trend,2021,2021-11-20,674480.947,629826.2510854827
naive_trend,2021,2021-11-21,622504.567,591648.1429612972
naive_trend,2021,2021-11-22,744436.995,710953.9290370006
naive_trend,2021,2021-11-23,774690.327,739570.1133644381
naive_trend,2021,2021-11-24,786755.043,747155.5532992962
naive_trend,2021,2021-11-25,787163.875,748544.3821580912
naive_trend,2021,2021-11-26,781000.985,733703.3041944699
naive_trend,2021,2021-11-27,716586.063,651826.0817818181
naive_trend,2021,2021-11-28,685695.321,609945.4096202789
naive_trend,2021,2021-11-29,782127.955,719626.4488621746
naive_trend,2021,2021-11-30,788505.669,735783.8952777055
naive_trend,2021,2021-12-01,797141.836,750442.6433036326
naive_trend,2021,2021-12-02,800194.435,765751.7307306184
naive_trend,2021,2021-12-03,790811.497,771675.072432754
naive_trend,2021,2021-12-04,711448.518,706500.5171357453
naive_trend,2021,2021-12-05,660580.665,660296.0313376336
naive_trend,2021,2021-12-06,667195.846,695789.2039620754
naive_trend,2021,2021-12-07,710588.895,677020.8787559518
naive_trend,2021,2021-12-08,684008.281,784989.0163471444
naive_trend,2021,2021-12-09,782066.188,788653.0806981092
naive_trend,2021,2021-12-10,776257.295,765215.8466901801
naive_trend,2021,2021-12-11,692242.959,670261.605790984
naive_trend,2021,2021-12-12,644678.964,629037.3926773546
naive_trend,2021,2021-12-13,758492.556,741541.194206916
naive_trend,2021,2021-12-14,783341.736,748645.878668575
naive_trend,2021,2021-12-15,787193.874,761879.1922327408
naive_trend,2021,2021-12-16,792100.159,760045.7321722041
naive_trend,2021,2021-12-17,783162.446,757803.7622523882
naive_trend,2021,2021-12-18,706205.51,681426.590021245
naive_trend,2021,2021-12-19,660628.862,631530.9388579219
naive_trend,2021,2021-12-20,771478.461,732645.9370055936
naive_trend,2021,2021-12-21,772523.695,732327.8930616922
naive_trend,2021,2021-12-22,757320.524,710483.0169396078
naive_trend,2021,2021-12-23,729089.502,628414.5292019002
naive_trend,2021,2021-12-24,637631.538,557262.7006181333
naive_trend,2021,2021-12-25,547513.015,620708.5084015805
naive_trend,2021,2021-12-26,582595.459,631393.241922111
naive_trend,2021,2021-12-27,657559.283,707212.7491297905
naive_trend,2021,2021-12-28,663701.614,714787.5021382872
naive_trend,2021,2021-12-29,657200.732,716903.8621082555
naive_trend,2021,2021-12-30,653602.373,671438.5023361233
naive_trend,2021,2021-12-31,611387.919,594308.6359979075
sarimax_d,2021,2021-01-01,608715.931,655189.1189566612
sarimax_d,2021,2021-01-02,680432.407,654886.6871535343
sarimax_d,2021,2021-01-03,684489.215,639940.4879923097
sarimax_d,2021,2021-01-04,793625.993,748544.3970263897
sarimax_d,2021,2021-01-05,806588.156,759406.7361202573
sarimax_d,2021,2021-01-06,700144.564,767426.5447648681
sarimax_d,2021,2021-01-07,854323.166,729016.8536048615
sarimax_d,2021,2021-01-08,872357.353,695825.2364914301
sarimax_d,2021,2021-01-09,773296.979,676629.5559137532
sarimax_d,2021,2021-01-10,735647.962,653625.7076120452
sarimax_d,2021,2021-01-11,851740.825,759041.5729440866
sarimax_d,2021,2021-01-12,875118.684,771233.1769417215
sarimax_d,2021,2021-01-13,874914.272,770855.7601642256
sarimax_d,2021,2021-01-14,873577.23,734788.1250957171
sarimax_d,2021,2021-01-15,859355.795,688794.8382253204
sarimax_d,2021,2021-01-16,765002.342,671637.1005097156
sarimax_d,2021,2021-01-17,708974.301,649140.6762826239
sarimax_d,2021,2021-01-18,827619.581,748765.8800693958
sarimax_d,2021,2021-01-19,846116.609,758529.9850113933
sarimax_d,2021,2021-01-20,850299.079,751558.7114680088
sarimax_d,2021,2021-01-21,817647.661,691254.9813336143
sarimax_d,2021,2021-01-22,794514.658,654270.4823741378
sarimax_d,2021,2021-01-23,719510.829,644663.5736944688
sarimax_d,2021,2021-01-24,655028.547,609879.3420930018
sarimax_d,2021,2021-01-25,775155.263,712126.1861032404
sarimax_d,2021,2021-01-26,770796.102,714043.5893675996
sarimax_d,2021,2021-01-27,753321.62,708461.1652624515
sarimax_d,2021,2021-01-28,744101.186,672566.0872321172
sarimax_d,2021,2021-01-29,733183.947,638054.1884518729
sarimax_d,2021,2021-01-30,672206.563,623544.6177273025
sarimax_d,2021,2021-01-31,631678.074,607028.337850097
sarimax_d,2021,2021-02-01,725308.41,700950.4038432334
sarimax_d,2021,2021-02-02,742016.165,708044.0437632047
sarimax_d,2021,2021-02-03,744032.692,715475.7500300992
sarimax_d,2021,2021-02-04,742410.917,682898.0861067876
sarimax_d,2021,2021-02-05,742180.511,648137.523054717
sarimax_d,2021,2021-02-06,673202.889,634995.2209146742
sarimax_d,2021,2021-02-07,635184.428,622608.924731217
sarimax_d,2021,2021-02-08,757811.118,720457.1616548173
sarimax_d,2021,2021-02-09,789357.66,723628.8674098565
sarimax_d,2021,2021-02-10,767889.956,724190.4418737077
sarimax_d,2021,2021-02-11,757949.224,682220.744819711
sarimax_d,2021,2021-02-12,744944.86,642139.5564800682
sarimax_d,2021,2021-02-13,664031.439,632113.5511951763
sarimax_d,2021,2021-02-14,627377.64,617703.4421409345
sarimax_d,2021,2021-02-15,743811.335,719130.4543855893
sarimax_d,2021,2021-02-16,751446.91,723448.995666823
sarimax_d,2021,2021-02-17,752695.056,724148.6117521262
sarimax_d,2021,2021-02-18,754962.027,690021.2231351846
sarimax_d,2021,2021-02-19,749031.191,653614.9765612844
sarimax_d,2021,2021-02-20,667785.4,631140.8459865431
sarimax_d,2021,2021-02-21,636820.402,610911.9959998796
sarimax_d,2021,2021-02-22,743317.962,721166.1517495818
sarimax_d,2021,2021-02-23,750925.914,723376.9716360773
sarimax_d,2021,2021-02-24,747390.312,723896.4327766653
sarimax_d,2021,2021-02-25,744810.272,688826.2729417703
sarimax_d,2021,2021-02-26,740017.479,650552.5067914769
sarimax_d,2021,2021-02-27,664275.565,631585.2169033808
sarimax_d,2021,2021-02-28,621167.542,615860.0170218092
sarimax_d,2021,2021-03-01,730802.101,716914.7093094671
sarimax_d,2021,2021-03-02,749835.836,714111.4609193814
sarimax_d,2021,2021-03-03,744167.225,719897.1922957738
sarimax_d,2021,2021-03-04,740268.037,686484.3758688363
sarimax_d,2021,2021-03-05,735724.58,651687.4290698664
sarimax_d,2021,2021-03-06,658451.851,630858.6289019297
sarimax_d,2021,2021-03-07,622685.66,612905.6217627146
sarimax_d,2021,2021-03-08,742936.38,722385.1469743919
sarimax_d,2021,2021-03-09,758352.519,726967.8889931296
sarimax_d,2021,2021-03-10,750796.647,733738.4189767409
sarimax_d,2021,2021-03-11,739481.269,679710.8823532019
sarimax_d,2021,2021-03-12,729092.448,644121.2925843135
sarimax_d,2021,2021-03-13,646301.497,633188.5187834315
sarimax_d,2021,2021-03-14,606540.412,611212.2484318365
sarimax_d,2021,2021-03-15,719293.522,713377.841461191
sarimax_d,2021,2021-03-16,732005.026,712736.3462059263
sarimax_d,2021,2021-03-17,729775.728,714714.9895905611
sarimax_d,2021,2021-03-18,741473.221,691576.5063069359
sarimax_d,2021,2021-03-19,706043.651,665456.5971539052
sarimax_d,2021,2021-03-20,670497.641,649401.6688921433
sarimax_d,2021,2021-03-21,630102.703,624921.3675771969
sarimax_d,2021,2021-03-22,735080.366,719094.4780962537
sarimax_d,2021,2021-03-23,739437.425,715600.669396644
sarimax_d,2021,2021-03-24,731621.692,715405.5496932226
sarimax_d,2021,2021-03-25,726346.417,675309.3123900002
sarimax_d,2021,2021-03-26,719331.777,636909.4432616989
sarimax_d,2021,2021-03-27,648466.535,617737.9872599016
sarimax_d,2021,2021-03-28,571635.074,595287.3321404913
sarimax_d,2021,2021-03-29,691559.272,692060.5515435368
sarimax_d,2021,2021-03-30,695256.722,687660.0074127113
sarimax_d,2021,2021-03-31,679687.653,694400.5130244415
sarimax_d,2021,2021-04-01,603780.936,659876.7954549677
sarimax_d,2021,2021-04-02,558137.662,629103.1117382814
sarimax_d,2021,2021-04-03,577877.662,610376.0161461912
sarimax_d,2021,2021-04-04,551346.366,596116.0042563424
sarimax_d,2021,2021-04-05,604043.925,698719.9528206054
sarimax_d,2021,2021-04-06,678937.062,698360.6864709295
sarimax_d,2021,2021-04-07,706832.348,713453.9668131506
sarimax_d,2021,2021-04-08,711274.992,676570.3351752858
sarimax_d,2021,2021-04-09,713789.777,645616.5053464917
sarimax_d,2021,2021-04-10,641313.52,621370.9338540619
sarimax_d,2021,2021-04-11,594071.686,598668.0741776332
sarimax_d,2021,2021-04-12,692941.728,709786.9289732935
sarimax_d,2021,2021-04-13,717396.928,711018.9532803977
sarimax_d,2021,2021-04-14,716654.185,708596.0266571639
sarimax_d,2021,2021-04-15,722238.709,675063.1127041507
sarimax_d,2021,2021-04-16,713583.273,646571.2797405701
sarimax_d,2021,2021-04-17,642865.34,634425.5221101141
sarimax_d,2021,2021-04-18,593293.117,606834.6979256702
sarimax_d,2021,2021-04-19,697833.818,699458.5518801955
sarimax_d,2021,2021-04-20,709788.735,699399.5290506615
sarimax_d,2021,2021-04-21,710848.815,706992.7262595736
sarimax_d,2021,2021-04-22,713242.666,670937.7667373145
sarimax_d,2021,2021-04-23,685398.678,631679.2011412162
sarimax_d,2021,2021-04-24,620321.236,612471.7159168727
sarimax_d,2021,2021-04-25,584849.257,592639.18429306
sarimax_d,2021,2021-04-26,689249.537,692913.2431409634
sarimax_d,2021,2021-04-27,703092.56,696547.215609253
sarimax_d,2021,2021-04-28,698342.061,701978.6594730975
sarimax_d,2021,2021-04-29,697918.72,667448.9370331917
sarimax_d,2021,2021-04-30,688956.526,637089.5893742883
sarimax_d,2021,2021-05-01,577472.256,618836.8785440163
sarimax_d,2021,2021-05-02,559173.805,599430.6927188141
sarimax_d,2021,2021-05-03,667365.198,700629.5016087741
sarimax_d,2021,2021-05-04,689998.019,694331.4184305588
sarimax_d,2021,2021-05-05,690651.1,690052.9868528079
sarimax_d,2021,2021-05-06,689028.329,644876.629188444
sarimax_d,2021,2021-05-07,681399.427,609761.424170392
sarimax_d,2021,2021-05-08,612800.041,590457.861019601
sarimax_d,2021,2021-05-09,573950.672,573405.5843923613
sarimax_d,2021,2021-05-10,672517.486,691207.8599465211
sarimax_d,2021,2021-05-11,690260.839,698492.7936198139
sarimax_d,2021,2021-05-12,696396.062,693205.5438143648
sarimax_d,2021,2021-05-13,695282.254,654196.1880538466
sarimax_d,2021,2021-05-14,688397.416,613790.6922107819
sarimax_d,2021,2021-05-15,622863.597,590457.861019601
sarimax_d,2021,2021-05-16,580577.79,570162.9543747599
sarimax_d,2021,2021-05-17,668878.06,673133.2000335947
sarimax_d,2021,2021-05-18,696787.021,676022.5685719167
sarimax_d,2021,2021-05-19,698169.314,681490.041658179
sarimax_d,2021,2021-05-20,697758.698,644630.4295019225
sarimax_d,2021,2021-05-21,691966.356,609761.424170392
sarimax_d,2021,2021-05-22,621633.202,590457.861019601
sarimax_d,2021,2021-05-23,574180.28,583073.425741136
sarimax_d,2021,2021-05-24,659025.584,677696.9015398485
sarimax_d,2021,2021-05-25,687452.59,676022.5685719167
sarimax_d,2021,2021-05-26,692338.143,681490.041658179
sarimax_d,2021,2021-05-27,694593.137,644630.4295019225
sarimax_d,2021,2021-05-28,687217.66,609761.424170392
sarimax_d,2021,2021-05-29,625581.869,590457.861019601
sarimax_d,2021,2021-05-30,579605.519,576430.2303919006
sarimax_d,2021,2021-05-31,683327.24,680565.8198906573
sarimax_d,2021,2021-06-01,696048.627,676022.5685719167
sarimax_d,2021,2021-06-02,700505.017,681490.041658179
sarimax_d,2021,2021-06-03,698600.649,644630.4295019225
sarimax_d,2021,2021-06-04,692965.661,609761.424170392
sarimax_d,2021,2021-06-05,622988.965,590457.861019601
sarimax_d,2021,2021-06-06,576739.713,570162.9543747599
sarimax_d,2021,2021-06-07,687687.127,677126.6344118635
sarimax_d,2021,2021-06-08,719311.181,702200.1704394298
sarimax_d,2021,2021-06-09,727998.479,718695.7754742211
sarimax_d,2021,2021-06-10,739161.249,684849.0034894698
sarimax_d,2021,2021-06-11,732773.334,639847.1913547163
sarimax_d,2021,2021-06-12,663407.333,620159.9174273657
sarimax_d,2021,2021-06-13,616205.06,617259.8993198948
sarimax_d,2021,2021-06-14,737903.439,725431.5577276492
sarimax_d,2021,2021-06-15,759440.415,730779.5175380014
sarimax_d,2021,2021-06-16,755302.693,722277.0760554443
sarimax_d,2021,2021-06-17,732968.196,644630.4295019225
sarimax_d,2021,2021-06-18,720620.28,609761.424170392
sarimax_d,2021,2021-06-19,646908.276,590457.861019601
sarimax_d,2021,2021-06-20,594444.33,570162.9543747599
sarimax_d,2021,2021-06-21,695310.81,673133.2000335947
sarimax_d,2021,2021-06-22,710395.742,676022.5685719167
sarimax_d,2021,2021-06-23,701339.201,681490.041658179
sarimax_d,2021,2021-06-24,667378.472,644630.4295019225
sarimax_d,2021,2021-06-25,694493.443,622224.9186534588
sarimax_d,2021,2021-06-26,651121.08,623030.6424964415
sarimax_d,2021,2021-06-27,606935.474,595274.6929740518
sarimax_d,2021,2021-06-28,706509.225,682498.5852836985
sarimax_d,2021,2021-06-29,727913.028,686823.3163565584
sarimax_d,2021,2021-06-30,744980.042,704185.8235161696
sarimax_d,2021,2021-07-01,745646.823,684479.5042231531
sarimax_d,2021,2021-07-02,751071.94,660041.7474099477
sarimax_d,2021,2021-07-03,686746.086,647303.9019913994
sarimax_d,2021,2021-07-04,645197.787,631187.1793579855
sarimax_d,2021,2021-07-05,756482.667,734185.8480373062
sarimax_d,2021,2021-07-06,765521.607,709106.9644175033
sarimax_d,2021,2021-07-07,749498.243,692702.9232398663
sarimax_d,2021,2021-07-08,743139.951,657122.3470054752
sarimax_d,2021,2021-07-09,749361.516,646114.467371857
sarimax_d,2021,2021-07-10,698499.464,655503.9434015813
sarimax_d,2021,2021-07-11,662579.088,646294.0147462409
sarimax_d,2021,2021-07-12,763113.617,722276.6024537145
sarimax_d,2021,2021-07-13,739886.353,677898.487923986
sarimax_d,2021,2021-07-14,742631.422,686492.4932636973
sarimax_d,2021,2021-07-15,749381.936,666203.5020507199
sarimax_d,2021,2021-07-16,755786.802,656702.0425028545
sarimax_d,2021,2021-07-17,703589.58,659056.8209623187
sarimax_d,2021,2021-07-18,657129.066,645881.8809491954
sarimax_d,2021,2021-07-19,770181.187,749235.8373845898
sarimax_d,2021,2021-07-20,786064.039,750519.3052654584
sarimax_d,2021,2021-07-21,796392.983,762367.7464508051
sarimax_d,2021,2021-07-22,807661.031,737133.1496732814
sarimax_d,2021,2021-07-23,801290.966,687938.9420168577
sarimax_d,2021,2021-07-24,708875.188,648057.1120342757
sarimax_d,2021,2021-07-25,647414.033,615383.9799678256
sarimax_d,2021,2021-07-26,741788.852,707510.8433112898
sarimax_d,2021,2021-07-27,764664.988,722707.3797200061
sarimax_d,2021,2021-07-28,777471.567,735948.5489091618
sarimax_d,2021,2021-07-29,786049.111,707530.5738372174
sarimax_d,2021,2021-07-30,780535.725,674366.9497348408
sarimax_d,2021,2021-07-31,688602.143,610965.0703001772
sarimax_d,2021,2021-08-01,610030.071,570162.9543747599
sarimax_d,2021,2021-08-02,692296.539,687401.5563175161
sarimax_d,2021,2021-08-03,716478.894,708495.8694770564
sarimax_d,2021,2021-08-04,726929.59,729866.0225251794
sarimax_d,2021,2021-08-05,737222.091,701362.7783917772
sarimax_d,2021,2021-08-06,733401.456,665328.4292203248
sarimax_d,2021,2021-08-07,676412.684,634414.062201044
sarimax_d,2021,2021-08-08,615001.22,593441.4081527113
sarimax_d,2021,2021-08-09,688277.519,713337.5625108992
sarimax_d,2021,2021-08-10,712411.101,739292.2121735283
sarimax_d,2021,2021-08-11,735965.665,764016.2816389874
sarimax_d,2021,2021-08-12,755611.095,735967.8058333595
sarimax_d,2021,2021-08-13,762760.446,706854.4621502236
sarimax_d,2021,2021-08-14,734160.936,705983.2277845382
sarimax_d,2021,2021-08-15,692750.878,675527.0913159882
sarimax_d,2021,2021-08-16,734676.191,745483.9986804511
sarimax_d,2021,2021-08-17,734157.383,714464.7037790953
sarimax_d,2021,2021-08-18,729662.489,716777.2215914228
sarimax_d,2021,2021-08-19,723091.039,681964.066910151
sarimax_d,2021,2021-08-20,723168.05,658720.0769573533
sarimax_d,2021,2021-08-21,680177.885,651027.3176750522
sarimax_d,2021,2021-08-22,642547.886,633930.0008348748
sarimax_d,2021,2021-08-23,740216.309,739373.0492759828
sarimax_d,2021,2021-08-24,749610.14,717378.0633788999
sarimax_d,2021,2021-08-25,738207.487,714958.1482803253
sarimax_d,2021,2021-08-26,746460.103,696388.7498067449
sarimax_d,2021,2021-08-27,752000.087,676058.1194537518
sarimax_d,2021,2021-08-28,680131.728,641050.8374845015
sarimax_d,2021,2021-08-29,625714.882,603560.0034456914
sarimax_d,2021,2021-08-30,722450.384,703048.4290950036
sarimax_d,2021,2021-08-31,747811.051,708339.542864384
sarimax_d,2021,2021-09-01,746405.192,688638.4313103827
sarimax_d,2021,2021-09-02,733294.828,644630.4295019225
sarimax_d,2021,2021-09-03,731068.102,613911.1851613333
sarimax_d,2021,2021-09-04,661105.572,607227.4431062816
sarimax_d,2021,2021-09-05,625947.506,604128.4638554094
sarimax_d,2021,2021-09-06,750941.319,721452.3348596233
sarimax_d,2021,2021-09-07,778331.589,725748.6429119973
sarimax_d,2021,2021-09-08,758832.979,711291.5786376443
sarimax_d,2021,2021-09-09,759765.067,668591.0357715355
sarimax_d,2021,2021-09-10,743109.71,633267.2621122306
sarimax_d,2021,2021-09-11,664034.519,604783.0633444942
sarimax_d,2021,2021-09-12,624471.173,595089.9433408935
sarimax_d,2021,2021-09-13,730599.845,696340.5962603315
sarimax_d,2021,2021-09-14,744889.97,676022.5685719167
sarimax_d,2021,2021-09-15,740655.596,681490.041658179
sarimax_d,2021,2021-09-16,726396.632,644630.4295019225
sarimax_d,2021,2021-09-17,714163.921,609761.424170392
sarimax_d,2021,2021-09-18,639492.9,590457.861019601
sarimax_d,2021,2021-09-19,588068.278,570162.9543747599
sarimax_d,2021,2021-09-20,692113.328,673133.2000335947
sarimax_d,2021,2021-09-21,696775.737,676334.8218328708
sarimax_d,2021,2021-09-22,701743.975,681490.041658179
sarimax_d,2021,2021-09-23,704545.814,644630.4295019225
sarimax_d,2021,2021-09-24,697179.551,609761.424170392
sarimax_d,2021,2021-09-25,631054.818,590457.861019601
sarimax_d,2021,2021-09-26,582860.409,570162.9543747599
sarimax_d,2021,2021-09-27,686152.044,673133.2000335947
sarimax_d,2021,2021-09-28,706305.455,676022.5685719167
sarimax_d,2021,2021-09-29,710112.398,681490.041658179
sarimax_d,2021,2021-09-30,702537.831,644630.4295019225
sarimax_d,2021,2021-10-01,692944.543,609761.424170392
sarimax_d,2021,2021-10-02,630287.998,590457.861019601
sarimax_d,2021,2021-10-03,585692.62,570162.9543747599
sarimax_d,2021,2021-10-04,665592.111,687526.8743895033
sarimax_d,2021,2021-10-05,681284.754,679127.0865702499
sarimax_d,2021,2021-10-06,695359.374,681490.041658179
sarimax_d,2021,2021-10-07,689344.379,644630.4295019225
sarimax_d,2021,2021-10-08,685109.813,609761.424170392
sarimax_d,2021,2021-10-09,612730.729,590908.2262998234
sarimax_d,2021,2021-10-10,568730.598,570162.9543747599
sarimax_d,2021,2021-10-11,615641.185,674544.3445782916
sarimax_d,2021,2021-10-12,577417.811,678352.4582882673
sarimax_d,2021,2021-10-13,668727.443,683297.5076494716
sarimax_d,2021,2021-10-14,682596.759,651782.2301518545
sarimax_d,2021,2021-10-15,681763.233,612793.8837238896
sarimax_d,2021,2021-10-16,616067.047,594757.3482281243
sarimax_d,2021,2021-10-17,573616.151,570162.9543747599
sarimax_d,2021,2021-10-18,675467.776,673133.2000335947
sarimax_d,2021,2021-10-19,692280.722,676022.5685719167
sarimax_d,2021,2021-10-20,693103.655,681490.041658179
sarimax_d,2021,2021-10-21,688480.315,644630.4295019225
sarimax_d,2021,2021-10-22,682264.745,620083.7963930898
sarimax_d,2021,2021-10-23,612018.709,611679.0730236813
sarimax_d,2021,2021-10-24,571138.872,591510.2686573026
sarimax_d,2021,2021-10-25,670783.825,692925.2528817693
sarimax_d,2021,2021-10-26,692319.42,692223.7089191178
sarimax_d,2021,2021-10-27,689359.293,700507.466224371
sarimax_d,2021,2021-10-28,691147.265,662939.2793605645
sarimax_d,2021,2021-10-29,692264.935,625241.9800692373
sarimax_d,2021,2021-10-30,626694.705,592505.5218270123
sarimax_d,2021,2021-10-31,597247.186,570162.9543747599
sarimax_d,2021,2021-11-01,576367.744,676411.8592736139
sarimax_d,2021,2021-11-02,674854.716,701513.2434325055
sarimax_d,2021,2021-11-03,695235.266,717345.1228342865
sarimax_d,2021,2021-11-04,705890.141,696032.1201513078
sarimax_d,2021,2021-11-05,717193.16,661187.1343013892
sarimax_d,2021,2021-11-06,655441.422,642081.7318738961
sarimax_d,2021,2021-11-07,616104.014,621690.7473026075
sarimax_d,2021,2021-11-08,716917.625,709991.0945669975
sarimax_d,2021,2021-11-09,728003.134,715162.3138584463
sarimax_d,2021,2021-11-10,737414.445,722539.3357328518
sarimax_d,2021,2021-11-11,738439.482,685835.8502070722
sarimax_d,2021,2021-11-12,731746.944,644925.9452501584
sarimax_d,2021,2021-11-13,652720.566,623628.7651255828
sarimax_d,2021,2021-11-14,612965.856,606504.4300535076
sarimax_d,2021,2021-11-15,725702.68,707967.4532411981
sarimax_d,2021,2021-11-16,748837.812,723172.8109760024
sarimax_d,2021,2021-11-17,753689.107,726394.4625315557
sarimax_d,2021,2021-11-18,755571.919,691468.418645054
sarimax_d,2021,2021-11-19,746448.912,653344.7735551161
sarimax_d,2021,2021-11-20,674480.947,632570.0171555986
sarimax_d,2021,2021-11-21,622504.567,608480.0324160833
sarimax_d,2021,2021-11-22,744436.995,722889.5561925676
sarimax_d,2021,2021-11-23,774690.327,735200.5663931424
sarimax_d,2021,2021-11-24,786755.043,745051.5948735697
sarimax_d,2021,2021-11-25,787163.875,701838.8298309755
sarimax_d,2021,2021-11-26,781000.985,670410.6152403443
sarimax_d,2021,2021-11-27,716586.063,653593.068436381
sarimax_d,2021,2021-11-28,685695.321,636943.1181261401
sarimax_d,2021,2021-11-29,782127.955,722289.0691522709
sarimax_d,2021,2021-11-30,788505.669,732072.0289131973
sarimax_d,2021,2021-12-01,797141.836,742049.159672087
sarimax_d,2021,2021-12-02,800194.435,702036.9905542734
sarimax_d,2021,2021-12-03,790811.497,666543.4787008344
sarimax_d,2021,2021-12-04,711448.518,642075.7270034931
sarimax_d,2021,2021-12-05,660580.665,624008.6272781523
sarimax_d,2021,2021-12-06,667195.846,722433.1860419421
sarimax_d,2021,2021-12-07,710588.895,723563.1275521951
sarimax_d,2021,2021-12-08,684008.281,729667.1169011719
sarimax_d,2021,2021-12-09,782066.188,698794.360536672
sarimax_d,2021,2021-12-10,776257.295,646739.416111854
sarimax_d,2021,2021-12-11,692242.959,626643.2100678716
sarimax_d,2021,2021-12-12,644678.964,616808.7876649966
sarimax_d,2021,2021-12-13,758492.556,729260.723690114
sarimax_d,2021,2021-12-14,783341.736,733915.5241269078
sarimax_d,2021,2021-12-15,787193.874,738836.5540065003
sarimax_d,2021,2021-12-16,792100.159,706528.6336156917
sarimax_d,2021,2021-12-17,783162.446,674361.8199654957
sarimax_d,2021,2021-12-18,706205.51,653971.375271768
sarimax_d,2021,2021-12-19,660628.862,628290.0998754668
sarimax_d,2021,2021-12-20,771478.461,737235.1915852523
sarimax_d,2021,2021-12-21,772523.695,725622.7981004124
sarimax_d,2021,2021-12-22,757320.524,729529.0048819036
sarimax_d,2021,2021-12-23,729089.502,689072.4753542707
sarimax_d,2021,2021-12-24,637631.538,649501.6564972182
sarimax_d,2021,2021-12-25,547513.015,632215.7298018236
sarimax_d,2021,2021-12-26,582595.459,610671.8101131658
sarimax_d,2021,2021-12-27,657559.283,696029.7708801025
sarimax_d,2021,2021-12-28,663701.614,703440.8068318575
sarimax_d,2021,2021-12-29,657200.732,718221.8339131195
sarimax_d,2021,2021-12-30,653602.373,689931.1718218948
sarimax_d,2021,2021-12-31,611387.919,658563.0059352933
prophet,2021,2021-01-01,608715.931,556577.4828894613
prophet,2021,2021-01-02,680432.407,671035.2535620566
prophet,2021,2021-01-03,684489.215,623622.486242437
prophet,2021,2021-01-04,793625.993,738525.0429769413
prophet,2021,2021-01-05,806588.156,768889.1833754998
prophet,2021,2021-01-06,700144.564,653232.8111262424
prophet,2021,2021-01-07,854323.166,774961.3146653882
prophet,2021,2021-01-08,872357.353,777406.2989691317
prophet,2021,2021-01-09,773296.979,707243.9770786236
prophet,2021,2021-01-10,735647.962,658138.06272371
prophet,2021,2021-01-11,851740.825,773951.7996085816
prophet,2021,2021-01-12,875118.684,808987.4686661512
prophet,2021,2021-01-13,874914.272,809446.9476373893
prophet,2021,2021-01-14,873577.23,810864.9090386495
prophet,2021,2021-01-15,859355.795,799319.1647580274
prophet,2021,2021-01-16,765002.342,731427.4468658493
prophet,2021,2021-01-17,708974.301,682039.3642788843
prophet,2021,2021-01-18,827619.581,789716.4244270707
prophet,2021,2021-01-19,846116.609,819893.7475872032
prophet,2021,2021-01-20,850299.079,810298.2851317954
prophet,2021,2021-01-21,817647.661,781220.821808809
prophet,2021,2021-01-22,794514.658,776736.6700561309
prophet,2021,2021-01-23,719510.829,714056.8291594723
prophet,2021,2021-01-24,655028.547,647196.1855912788
prophet,2021,2021-01-25,775155.263,754318.9471355907
prophet,2021,2021-01-26,770796.102,772073.9226599514
prophet,2021,2021-01-27,753321.62,760670.3497397655
prophet,2021,2021-01-28,744101.186,756142.4480011213
prophet,2021,2021-01-29,733183.947,751493.3511380058
prophet,2021,2021-01-30,672206.563,680545.5613230348
prophet,2021,2021-01-31,631678.074,632098.5366634555
prophet,2021,2021-02-01,725308.41,727749.7404925528
prophet,2021,2021-02-02,742016.165,749773.9878857129
prophet,2021,2021-02-03,744032.692,751953.4244513065
prophet,2021,2021-02-04,742410.917,750382.938586928
prophet,2021,2021-02-05,742180.511,745033.3991288114
prophet,2021,2021-02-06,673202.889,675606.9296570743
prophet,2021,2021-02-07,635184.428,632184.5762392987
prophet,2021,2021-02-08,757811.118,732959.3877803342
prophet,2021,2021-02-09,789357.66,751474.7407964066
prophet,2021,2021-02-10,767889.956,747043.4801826845
prophet,2021,2021-02-11,757949.224,736198.7349143872
prophet,2021,2021-02-12,744944.86,726360.9676227708
prophet,2021,2021-02-13,664031.439,662146.4396762005
prophet,2021,2021-02-14,627377.64,618142.470708184
prophet,2021,2021-02-15,743811.335,724710.3788956645
prophet,2021,2021-02-16,751446.91,746207.1329847461
prophet,2021,2021-02-17,752695.056,743519.634061787
prophet,2021,2021-02-18,754962.027,743050.9637451386
prophet,2021,2021-02-19,749031.191,738684.0850687544
prophet,2021,2021-02-20,667785.4,661408.1464169216
prophet,2021,2021-02-21,636820.402,611666.4658415238
prophet,2021,2021-02-22,743317.962,728922.7239536326
prophet,2021,2021-02-23,750925.914,748430.153662313
prophet,2021,2021-02-24,747390.312,745703.5944712671
prophet,2021,2021-02-25,744810.272,744091.3887933518
prophet,2021,2021-02-26,740017.479,737303.3729226466
prophet,2021,2021-02-27,664275.565,663510.1643059297
prophet,2021,2021-02-28,621167.542,618198.0140457983
prophet,2021,2021-03-01,730802.101,724137.140192201
prophet,2021,2021-03-02,749835.836,736956.1938320177
prophet,2021,2021-03-03,744167.225,739133.8526708077
prophet,2021,2021-03-04,740268.037,738253.7978169601
prophet,2021,2021-03-05,735724.58,734233.1527813713
prophet,2021,2021-03-06,658451.851,657133.7642388043
prophet,2021,2021-03-07,622685.66,608127.8584592827
prophet,2021,2021-03-08,742936.38,722546.9057491557
prophet,2021,2021-03-09,758352.519,742747.1674504466
prophet,2021,2021-03-10,750796.647,745129.8972320656
prophet,2021,2021-03-11,739481.269,720009.8708982733
prophet,2021,2021-03-12,729092.448,714429.5715159503
prophet,2021,2021-03-13,646301.497,648070.9519412293
prophet,2021,2021-03-14,606540.412,594121.1151992882
prophet,2021,2021-03-15,719293.522,699999.4748789043
prophet,2021,2021-03-16,732005.026,714176.6453373724
prophet,2021,2021-03-17,729775.728,711159.7313934183
prophet,2021,2021-03-18,741473.221,721342.2723442216
prophet,2021,2021-03-19,706043.651,726806.2682326823
prophet,2021,2021-03-20,670497.641,654981.7145435913
prophet,2021,2021-03-21,630102.703,598611.1193496202
prophet,2021,2021-03-22,735080.366,695873.8684399198
prophet,2021,2021-03-23,739437.425,707309.6952128824
prophet,2021,2021-03-24,731621.692,702332.0663382283
prophet,2021,2021-03-25,726346.417,693729.9140058071
prophet,2021,2021-03-26,719331.777,685705.0213923489
prophet,2021,2021-03-27,648466.535,610775.9203599986
prophet,2021,2021-03-28,571635.074,557105.4023799534
prophet,2021,2021-03-29,691559.272,657661.08343832
prophet,2021,2021-03-30,695256.722,668341.106573228
prophet,2021,2021-03-31,679687.653,671466.6168690877
prophet,2021,2021-04-01,603780.936,669358.9061642212
prophet,2021,2021-04-02,558137.662,537929.8098781869
prophet,2021,2021-04-03,577877.662,595747.369413746
prophet,2021,2021-04-04,551346.366,551418.9608945819
prophet,2021,2021-04-05,604043.925,658612.2172236185
prophet,2021,2021-04-06,678937.062,673888.4416494494
prophet,2021,2021-04-07,706832.348,686523.0995680103
prophet,2021,2021-04-08,711274.992,681764.6064378823
prophet,2021,2021-04-09,713789.777,682385.3693363932
prophet,2021,2021-04-10,641313.52,601871.2002603278
prophet,2021,2021-04-11,594071.686,548133.0386322748
prophet,2021,2021-04-12,692941.728,665280.9693916133
prophet,2021,2021-04-13,717396.928,682722.04900076
prophet,2021,2021-04-14,716654.185,675879.2497397005
prophet,2021,2021-04-15,722238.709,675469.5932202507
prophet,2021,2021-04-16,713583.273,679519.9116211901
prophet,2021,2021-04-17,642865.34,613484.5178719905
prophet,2021,2021-04-18,593293.117,554983.3268227426
prophet,2021,2021-04-19,697833.818,651961.2159177852
prophet,2021,2021-04-20,709788.735,668856.1285645302
prophet,2021,2021-04-21,710848.815,674368.6612515736
prophet,2021,2021-04-22,713242.666,672077.1444745515
prophet,2021,2021-04-23,685398.678,664873.112822289
prophet,2021,2021-04-24,620321.236,591782.901209122
prophet,2021,2021-04-25,584849.257,543048.9539759143
prophet,2021,2021-04-26,689249.537,649618.0529391705
prophet,2021,2021-04-27,703092.56,671532.2295327347
prophet,2021,2021-04-28,698342.061,675317.5464126789
prophet,2021,2021-04-29,697918.72,675390.8914345888
prophet,2021,2021-04-30,688956.526,678825.917143198
prophet,2021,2021-05-01,577472.256,486482.1149898559
prophet,2021,2021-05-02,559173.805,559238.3408939398
prophet,2021,2021-05-03,667365.198,667001.2737556245
prophet,2021,2021-05-04,689998.019,677635.3335598519
prophet,2021,2021-05-05,690651.1,670273.3868412443
prophet,2021,2021-05-06,689028.329,658023.28520759
prophet,2021,2021-05-07,681399.427,655736.5097160833
prophet,2021,2021-05-08,612800.041,582537.0561154444
prophet,2021,2021-05-09,573950.672,536773.1318088864
prophet,2021,2021-05-10,672517.486,662911.8548348884
prophet,2021,2021-05-11,690260.839,688459.8144324591
prophet,2021,2021-05-12,696396.062,679409.6460354395
prophet,2021,2021-05-13,695282.254,673648.2406956821
prophet,2021,2021-05-14,688397.416,664854.0386852942
prophet,2021,2021-05-15,622863.597,586635.2706801471
prophet,2021,2021-05-16,580577.79,536817.1442073593
prophet,2021,2021-05-17,668878.06,645804.4158486264
prophet,2021,2021-05-18,696787.021,666166.5357235002
prophet,2021,2021-05-19,698169.314,669265.0878971105
prophet,2021,2021-05-20,697758.698,665971.8478471123
prophet,2021,2021-05-21,691966.356,663604.4469180284
prophet,2021,2021-05-22,621633.202,590200.8521655658
prophet,2021,2021-05-23,574180.28,555394.2035887034
prophet,2021,2021-05-24,659025.584,655298.874666153
prophet,2021,2021-05-25,687452.59,670950.2596169527
prophet,2021,2021-05-26,692338.143,674580.4264903067
prophet,2021,2021-05-27,694593.137,671850.7664270524
prophet,2021,2021-05-28,687217.66,670057.5395965885
prophet,2021,2021-05-29,625581.869,597216.3351854952
prophet,2021,2021-05-30,579605.519,554648.2266075201
prophet,2021,2021-05-31,683327.24,665706.7230292029
prophet,2021,2021-06-01,696048.627,679358.490066313
prophet,2021,2021-06-02,700505.017,683285.3328020613
prophet,2021,2021-06-03,698600.649,680738.877365321
prophet,2021,2021-06-04,692965.661,679001.9287483065
prophet,2021,2021-06-05,622988.965,606080.2735421949
prophet,2021,2021-06-06,576739.713,556894.4358945993
prophet,2021,2021-06-07,687687.127,670471.7565420322
prophet,2021,2021-06-08,719311.181,713835.3402804642
prophet,2021,2021-06-09,727998.479,728373.9109960763
prophet,2021,2021-06-10,739161.249,728139.6061444517
prophet,2021,2021-06-11,732773.334,715196.6309826303
prophet,2021,2021-06-12,663407.333,640931.2815985698
prophet,2021,2021-06-13,616205.06,608480.1292739665
prophet,2021,2021-06-14,737903.439,722239.6781804103
prophet,2021,2021-06-15,759440.415,744417.5341980626
prophet,2021,2021-06-16,755302.693,732411.0560827137
prophet,2021,2021-06-17,732968.196,686496.9317975346
prophet,2021,2021-06-18,720620.28,682982.533872577
prophet,2021,2021-06-19,646908.276,608303.8621071281
prophet,2021,2021-06-20,594444.33,557429.6380375165
prophet,2021,2021-06-21,695310.81,665360.3235005786
prophet,2021,2021-06-22,710395.742,684678.8437176072
prophet,2021,2021-06-23,701339.201,686760.6250837464
prophet,2021,2021-06-24,667378.472,682491.386116034
prophet,2021,2021-06-25,694493.443,691919.6128128415
prophet,2021,2021-06-26,651121.08,638180.8005146519
prophet,2021,2021-06-27,606935.474,580303.6435683769
prophet,2021,2021-06-28,706509.225,672953.1693382148
prophet,2021,2021-06-29,727913.028,694679.3555031744
prophet,2021,2021-06-30,744980.042,709975.6931098176
prophet,2021,2021-07-01,745646.823,724393.1168497303
prophet,2021,2021-07-02,751071.94,733007.6285616661
prophet,2021,2021-07-03,686746.086,666750.7746335889
prophet,2021,2021-07-04,645197.787,622055.5448058518
prophet,2021,2021-07-05,756482.667,732073.7604117602
prophet,2021,2021-07-06,765521.607,725000.0902109124
prophet,2021,2021-07-07,749498.243,706936.8150101317
prophet,2021,2021-07-08,743139.951,706107.5216104314
prophet,2021,2021-07-09,749361.516,729199.5620342391
prophet,2021,2021-07-10,698499.464,686089.4170150283
prophet,2021,2021-07-11,662579.088,648780.7987654894
prophet,2021,2021-07-12,763113.617,731323.1650943682
prophet,2021,2021-07-13,739886.353,704384.4780064835
prophet,2021,2021-07-14,742631.422,711384.2650747872
prophet,2021,2021-07-15,749381.936,725442.4850911113
prophet,2021,2021-07-16,755786.802,749090.3762518207
prophet,2021,2021-07-17,703589.58,697567.3199876047
prophet,2021,2021-07-18,657129.066,654742.5876237509
prophet,2021,2021-07-19,770181.187,763531.9720457199
prophet,2021,2021-07-20,786064.039,781321.7229235724
prophet,2021,2021-07-21,796392.983,789633.6291568333
prophet,2021,2021-07-22,807661.031,796529.4500003571
prophet,2021,2021-07-23,801290.966,777494.868151111
prophet,2021,2021-07-24,708875.188,680671.6259707263
prophet,2021,2021-07-25,647414.033,615770.574946124
prophet,2021,2021-07-26,741788.852,710990.6637553914
prophet,2021,2021-07-27,764664.988,740974.2327367528
prophet,2021,2021-07-28,777471.567,748857.9267544589
prophet,2021,2021-07-29,786049.111,750847.9656452778
prophet,2021,2021-07-30,780535.725,746738.7622401761
prophet,2021,2021-07-31,688602.143,624741.5208678958
prophet,2021,2021-08-01,610030.071,550651.0572951654
prophet,2021,2021-08-02,692296.539,670897.4870678379
prophet,2021,2021-08-03,716478.894,706613.0327331215
prophet,2021,2021-08-04,726929.59,722821.1510618629
prophet,2021,2021-08-05,737222.091,725068.646491864
prophet,2021,2021-08-06,733401.456,718681.1891909281
prophet,2021,2021-08-07,676412.684,630775.4845729716
prophet,2021,2021-08-08,615001.22,557725.8185725487
prophet,2021,2021-08-09,688277.519,682144.8897525667
prophet,2021,2021-08-10,712411.101,724496.5670181286
prophet,2021,2021-08-11,735965.665,745985.3820280489
prophet,2021,2021-08-12,755611.095,750699.7590720353
prophet,2021,2021-08-13,762760.446,753481.8537361696
prophet,2021,2021-08-14,734160.936,698402.5026519787
prophet,2021,2021-08-15,692750.878,638278.5175437416
prophet,2021,2021-08-16,734676.191,713920.3929587081
prophet,2021,2021-08-17,734157.383,700261.4199208372
prophet,2021,2021-08-18,729662.489,700913.399186333
prophet,2021,2021-08-19,723091.039,700631.2753924804
prophet,2021,2021-08-20,723168.05,711153.801249947
prophet,2021,2021-08-21,680177.885,650686.6779064534
prophet,2021,2021-08-22,642547.886,605566.6283371364
prophet,2021,2021-08-23,740216.309,718575.5836319044
prophet,2021,2021-08-24,749610.14,715058.9841960934
prophet,2021,2021-08-25,738207.487,711587.3719821525
prophet,2021,2021-08-26,746460.103,728355.4969956233
prophet,2021,2021-08-27,752000.087,742102.3358580642
prophet,2021,2021-08-28,680131.728,653801.5202214939
prophet,2021,2021-08-29,625714.882,587707.7017959092
prophet,2021,2021-08-30,722450.384,694290.1563162443
prophet,2021,2021-08-31,747811.051,718097.9379201409
prophet,2021,2021-09-01,746405.192,696331.617382157
prophet,2021,2021-09-02,733294.828,686359.3568334106
prophet,2021,2021-09-03,731068.102,688623.1102691577
prophet,2021,2021-09-04,661105.572,628263.5443751349
prophet,2021,2021-09-05,625947.506,596250.0431014057
prophet,2021,2021-09-06,750941.319,719988.4315576167
prophet,2021,2021-09-07,778331.589,741727.6241140587
prophet,2021,2021-09-08,758832.979,724265.2774919674
prophet,2021,2021-09-09,759765.067,714602.5218942697
prophet,2021,2021-09-10,743109.71,711178.5204171836
prophet,2021,2021-09-11,664034.519,627630.4149694686
prophet,2021,2021-09-12,624471.173,587996.3506831633
prophet,2021,2021-09-13,730599.845,694498.9135680235
prophet,2021,2021-09-14,744889.97,690345.9164745893
prophet,2021,2021-09-15,740655.596,692494.5658660162
prophet,2021,2021-09-16,726396.632,688128.1112397346
prophet,2021,2021-09-17,714163.921,684555.8856146111
prophet,2021,2021-09-18,639492.9,609808.6739745762
prophet,2021,2021-09-19,588068.278,558829.8525700512
prophet,2021,2021-09-20,692113.328,666592.2321649996
prophet,2021,2021-09-21,696775.737,686004.9016680898
prophet,2021,2021-09-22,701743.975,687348.5458289307
prophet,2021,2021-09-23,704545.814,682545.8494071078
prophet,2021,2021-09-24,697179.551,678546.4379130368
prophet,2021,2021-09-25,631054.818,603377.8793771638
prophet,2021,2021-09-26,582860.409,551981.8532677738
prophet,2021,2021-09-27,686152.044,659331.1005595616
prophet,2021,2021-09-28,706305.455,677981.1431886313
prophet,2021,2021-09-29,710112.398,679281.3159283227
prophet,2021,2021-09-30,702537.831,674093.5185844505
prophet,2021,2021-10-01,692944.543,669728.4903097898
prophet,2021,2021-10-02,630287.998,594220.7928716592
prophet,2021,2021-10-03,585692.62,542519.8270534365
prophet,2021,2021-10-04,665592.111,665977.6147267341
prophet,2021,2021-10-05,681284.754,671575.3115535734
prophet,2021,2021-10-06,695359.374,669190.4259540027
prophet,2021,2021-10-07,689344.379,663913.8237204092
prophet,2021,2021-10-08,685109.813,659531.1489856204
prophet,2021,2021-10-09,612730.729,584593.7432673011
prophet,2021,2021-10-10,568730.598,532517.1563815359
prophet,2021,2021-10-11,615641.185,641424.9545094648
prophet,2021,2021-10-12,577417.811,575102.8753970457
prophet,2021,2021-10-13,668727.443,662124.4345272762
prophet,2021,2021-10-14,682596.759,663366.6055233899
prophet,2021,2021-10-15,681763.233,654801.7855542232
prophet,2021,2021-10-16,616067.047,581350.2940696266
prophet,2021,2021-10-17,573616.151,525496.1358462459
prophet,2021,2021-10-18,675467.776,633430.7472486476
prophet,2021,2021-10-19,692280.722,652813.8107965433
prophet,2021,2021-10-20,693103.655,654986.0806559407
prophet,2021,2021-10-21,688480.315,650798.0440658535
prophet,2021,2021-10-22,682264.745,659286.932097641
prophet,2021,2021-10-23,612018.709,597386.0992566462
prophet,2021,2021-10-24,571138.872,547118.2854714602
prophet,2021,2021-10-25,670783.825,653785.1576607137
prophet,2021,2021-10-26,692319.42,669527.0395914131
prophet,2021,2021-10-27,689359.293,675283.331538656
prophet,2021,2021-10-28,691147.265,670606.4547482996
prophet,2021,2021-10-29,692264.935,664392.614361851
prophet,2021,2021-10-30,626694.705,575013.5826931065
prophet,2021,2021-10-31,597247.186,522418.3976831353
prophet,2021,2021-11-01,576367.744,523777.0837960654
prophet,2021,2021-11-02,674854.716,679849.4831149601
prophet,2021,2021-11-03,695235.266,694247.9081030058
prophet,2021,2021-11-04,705890.141,708115.5969610885
prophet,2021,2021-11-05,717193.16,705217.5271382905
prophet,2021,2021-11-06,655441.422,631446.0420688434
prophet,2021,2021-11-07,616104.014,581223.000732542
prophet,2021,2021-11-08,716917.625,673293.3863884358
prophet,2021,2021-11-09,728003.134,696083.180695149
prophet,2021,2021-11-10,737414.445,701250.5755761979
prophet,2021,2021-11-11,738439.482,698098.1798416321
prophet,2021,2021-11-12,731746.944,688892.0606279654
prophet,2021,2021-11-13,652720.566,613325.1067780368
prophet,2021,2021-11-14,612965.856,567620.1914043912
prophet,2021,2021-11-15,725702.68,675563.1240993545
prophet,2021,2021-11-16,748837.812,710754.9909870753
prophet,2021,2021-11-17,753689.107,712257.985348692
prophet,2021,2021-11-18,755571.919,712241.8774493991
prophet,2021,2021-11-19,746448.912,707348.5491582442
prophet,2021,2021-11-20,674480.947,633521.3629507415
prophet,2021,2021-11-21,622504.567,581010.9875677092
prophet,2021,2021-11-22,744436.995,704735.3871660103
prophet,2021,2021-11-23,774690.327,737596.6947203369
prophet,2021,2021-11-24,786755.043,747471.8968011057
prophet,2021,2021-11-25,787163.875,738699.0796380212
prophet,2021,2021-11-26,781000.985,741893.2291456853
prophet,2021,2021-11-27,716586.063,672812.4089205948
prophet,2021,2021-11-28,685695.321,628756.0246738559
prophet,2021,2021-11-29,782127.955,719139.3317431442
prophet,2021,2021-11-30,788505.669,748546.8732104128
prophet,2021,2021-12-01,797141.836,757681.7942995836
prophet,2021,2021-12-02,800194.435,751355.4105539807
prophet,2021,2021-12-03,790811.497,748423.9526395536
prophet,2021,2021-12-04,711448.518,668841.9105259128
prophet,2021,2021-12-05,660580.665,621092.8412895978
prophet,2021,2021-12-06,667195.846,616501.5828753032
prophet,2021,2021-12-07,710588.895,741019.94969524
prophet,2021,2021-12-08,684008.281,642129.5103603228
prophet,2021,2021-12-09,782066.188,744188.6219561583
prophet,2021,2021-12-10,776257.295,719447.4578200553
prophet,2021,2021-12-11,692242.959,641831.3739920137
prophet,2021,2021-12-12,644678.964,600465.2203314702
prophet,2021,2021-12-13,758492.556,716446.9176346655
prophet,2021,2021-12-14,783341.736,734713.8478427288
prophet,2021,2021-12-15,787193.874,732813.657463554
prophet,2021,2021-12-16,792100.159,730093.173952988
prophet,2021,2021-12-17,783162.446,726022.1544382338
prophet,2021,2021-12-18,706205.51,646493.3139047486
prophet,2021,2021-12-19,660628.862,585941.4189046709
prophet,2021,2021-12-20,771478.461,697225.8338086394
prophet,2021,2021-12-21,772523.695,696763.4831541005
prophet,2021,2021-12-22,757320.524,693982.4332146792
prophet,2021,2021-12-23,729089.502,682777.0201547992
prophet,2021,2021-12-24,637631.538,671576.6789083729
prophet,2021,2021-12-25,547513.015,421658.2697383987
prophet,2021,2021-12-26,582595.459,543785.6751430765
prophet,2021,2021-12-27,657559.283,630949.0107775566
prophet,2021,2021-12-28,663701.614,655230.97523299
prophet,2021,2021-12-29,657200.732,668275.9685626103
prophet,2021,2021-12-30,653602.373,674656.1009115555
prophet,2021,2021-12-31,611387.919,676759.1823203455
lightgbm,2021,2021-01-01,608715.931,653351.4858059555
lightgbm,2021,2021-01-02,680432.407,702695.394026762
lightgbm,2021,2021-01-03,684489.215,686055.8096876035
lightgbm,2021,2021-01-04,793625.993,761552.3607316731
lightgbm,2021,2021-01-05,806588.156,790575.6272222722
lightgbm,2021,2021-01-06,700144.564,728549.2626987478
lightgbm,2021,2021-01-07,854323.166,828966.958906081
lightgbm,2021,2021-01-08,872357.353,862351.7779418193
lightgbm,2021,2021-01-09,773296.979,771557.9099195274
lightgbm,2021,2021-01-10,735647.962,717910.7384176826
lightgbm,2021,2021-01-11,851740.825,864141.2412064348
lightgbm,2021,2021-01-12,875118.684,874272.0183262085
lightgbm,2021,2021-01-13,874914.272,874512.9702699055
lightgbm,2021,2021-01-14,873577.23,874990.5703893246
lightgbm,2021,2021-01-15,859355.795,873480.636404104
lightgbm,2021,2021-01-16,765002.342,758072.8127091052
lightgbm,2021,2021-01-17,708974.301,717119.0880614714
lightgbm,2021,2021-01-18,827619.581,862795.1600295004
lightgbm,2021,2021-01-19,846116.609,879553.3844746979
lightgbm,2021,2021-01-20,850299.079,860583.3777080192
lightgbm,2021,2021-01-21,817647.661,844720.9571148715
lightgbm,2021,2021-01-22,794514.658,834638.918284844
lightgbm,2021,2021-01-23,719510.829,745372.2467458431
lightgbm,2021,2021-01-24,655028.547,669528.3978882754
lightgbm,2021,2021-01-25,775155.263,792822.8934211095
lightgbm,2021,2021-01-26,770796.102,806871.1964945955
lightgbm,2021,2021-01-27,753321.62,775223.4941806325
lightgbm,2021,2021-01-28,744101.186,772297.2801158301
lightgbm,2021,2021-01-29,733183.947,767351.41443646
lightgbm,2021,2021-01-30,672206.563,684006.7670921647
lightgbm,2021,2021-01-31,631678.074,642864.7888400957
lightgbm,2021,2021-02-01,725308.41,729383.7217216333
lightgbm,2021,2021-02-02,742016.165,760508.3480190753
lightgbm,2021,2021-02-03,744032.692,769790.6463686905
lightgbm,2021,2021-02-04,742410.917,761417.7184674903
lightgbm,2021,2021-02-05,742180.511,766254.4324145532
lightgbm,2021,2021-02-06,673202.889,686746.0724668147
lightgbm,2021,2021-02-07,635184.428,645921.9428378115
lightgbm,2021,2021-02-08,757811.118,757132.2767683414
lightgbm,2021,2021-02-09,789357.66,764500.0243816114
lightgbm,2021,2021-02-10,767889.956,765986.2598376205
lightgbm,2021,2021-02-11,757949.224,761367.2979093917
lightgbm,2021,2021-02-12,744944.86,755368.6633832394
lightgbm,2021,2021-02-13,664031.439,683308.8749122861
lightgbm,2021,2021-02-14,627377.64,642050.4985011221
lightgbm,2021,2021-02-15,743811.335,767442.3592746047
lightgbm,2021,2021-02-16,751446.91,757556.9070128677
lightgbm,2021,2021-02-17,752695.056,757589.7147696066
lightgbm,2021,2021-02-18,754962.027,761125.1639623558
lightgbm,2021,2021-02-19,749031.191,755926.2513011334
lightgbm,2021,2021-02-20,667785.4,681485.4712416483
lightgbm,2021,2021-02-21,636820.402,638104.4401896517
lightgbm,2021,2021-02-22,743317.962,761659.6546417987
lightgbm,2021,2021-02-23,750925.914,762561.1900046365
lightgbm,2021,2021-02-24,747390.312,761197.3099138961
lightgbm,2021,2021-02-25,744810.272,758629.3562568914
lightgbm,2021,2021-02-26,740017.479,757897.0383221428
lightgbm,2021,2021-02-27,664275.565,674728.3168540882
lightgbm,2021,2021-02-28,621167.542,641736.0844191626
lightgbm,2021,2021-03-01,730802.101,759115.8735764165
lightgbm,2021,2021-03-02,749835.836,755381.9521985885
lightgbm,2021,2021-03-03,744167.225,762920.197296279
lightgbm,2021,2021-03-04,740268.037,762267.246165586
lightgbm,2021,2021-03-05,735724.58,753334.0457962297
lightgbm,2021,2021-03-06,658451.851,675291.2565060355
lightgbm,2021,2021-03-07,622685.66,630974.6745211587
lightgbm,2021,2021-03-08,742936.38,765373.4086817311
lightgbm,2021,2021-03-09,758352.519,776425.6753807564
lightgbm,2021,2021-03-10,750796.647,786776.3539129916
lightgbm,2021,2021-03-11,739481.269,754387.4821964464
lightgbm,2021,2021-03-12,729092.448,752425.7181387553
lightgbm,2021,2021-03-13,646301.497,677669.5809198279
lightgbm,2021,2021-03-14,606540.412,636027.092536402
lightgbm,2021,2021-03-15,719293.522,774023.4567036892
lightgbm,2021,2021-03-16,732005.026,779678.5391689341
lightgbm,2021,2021-03-17,729775.728,768556.0797189772
lightgbm,2021,2021-03-18,741473.221,787758.8854240511
lightgbm,2021,2021-03-19,706043.651,771085.8301241681
lightgbm,2021,2021-03-20,670497.641,689295.7114690676
lightgbm,2021,2021-03-21,630102.703,628882.2925409324
lightgbm,2021,2021-03-22,735080.366,772948.3576897659
lightgbm,2021,2021-03-23,739437.425,763903.9464607945
lightgbm,2021,2021-03-24,731621.692,754471.9224115238
lightgbm,2021,2021-03-25,726346.417,725023.5869243667
lightgbm,2021,2021-03-26,719331.777,719945.3247984
lightgbm,2021,2021-03-27,648466.535,637790.1622441573
lightgbm,2021,2021-03-28,571635.074,588197.4005357096
lightgbm,2021,2021-03-29,691559.272,709852.3880170118
lightgbm,2021,2021-03-30,695256.722,729046.773483573
lightgbm,2021,2021-03-31,679687.653,727738.1840594498
lightgbm,2021,2021-04-01,603780.936,712830.2780421484
lightgbm,2021,2021-04-02,558137.662,620158.7210793432
lightgbm,2021,2021-04-03,577877.662,629837.2072303112
lightgbm,2021,2021-04-04,551346.366,586513.5978481544
lightgbm,2021,2021-04-05,604043.925,696527.0966893354
lightgbm,2021,2021-04-06,678937.062,738100.0303238672
lightgbm,2021,2021-04-07,706832.348,734212.4121782521
lightgbm,2021,2021-04-08,711274.992,735917.3175396317
lightgbm,2021,2021-04-09,713789.777,728284.7110709907
lightgbm,2021,2021-04-10,641313.52,635435.4117998341
lightgbm,2021,2021-04-11,594071.686,587406.3896382203
lightgbm,2021,2021-04-12,692941.728,711912.5929755501
lightgbm,2021,2021-04-13,717396.928,730472.8584261674
lightgbm,2021,2021-04-14,716654.185,737505.0361826866
lightgbm,2021,2021-04-15,722238.709,718380.9579744595
lightgbm,2021,2021-04-16,713583.273,720654.5371708922
lightgbm,2021,2021-04-17,642865.34,660313.603021917
lightgbm,2021,2021-04-18,593293.117,610150.4791846656
lightgbm,2021,2021-04-19,697833.818,690862.0117350129
lightgbm,2021,2021-04-20,709788.735,715138.1521229072
lightgbm,2021,2021-04-21,710848.815,724301.8639525649
lightgbm,2021,2021-04-22,713242.666,730874.0422590179
lightgbm,2021,2021-04-23,685398.678,726695.7955257916
lightgbm,2021,2021-04-24,620321.236,640613.0370843926
lightgbm,2021,2021-04-25,584849.257,593627.6891053402
lightgbm,2021,2021-04-26,689249.537,678612.9727361551
lightgbm,2021,2021-04-27,703092.56,718992.9226844974
lightgbm,2021,2021-04-28,698342.061,721860.1076039792
lightgbm,2021,2021-04-29,697918.72,718811.259604345
lightgbm,2021,2021-04-30,688956.526,705296.2779468938
lightgbm,2021,2021-05-01,577472.256,603597.4392766238
lightgbm,2021,2021-05-02,559173.805,578451.1635320309
lightgbm,2021,2021-05-03,667365.198,659314.711325426
lightgbm,2021,2021-05-04,689998.019,703682.6974944759
lightgbm,2021,2021-05-05,690651.1,716200.248518174
lightgbm,2021,2021-05-06,689028.329,721332.8850823708
lightgbm,2021,2021-05-07,681399.427,705500.5453498622
lightgbm,2021,2021-05-08,612800.041,635063.8532675117
lightgbm,2021,2021-05-09,573950.672,584089.0622313197
lightgbm,2021,2021-05-10,672517.486,687619.1072325922
lightgbm,2021,2021-05-11,690260.839,718491.1420029813
lightgbm,2021,2021-05-12,696396.062,720394.5417354882
lightgbm,2021,2021-05-13,695282.254,719215.4789779691
lightgbm,2021,2021-05-14,688397.416,713867.3355001666
lightgbm,2021,2021-05-15,622863.597,630715.458592282
lightgbm,2021,2021-05-16,580577.79,592398.6136908394
lightgbm,2021,2021-05-17,668878.06,688406.1833470005
lightgbm,2021,2021-05-18,696787.021,715254.2208237253
lightgbm,2021,2021-05-19,698169.314,717446.0013244702
lightgbm,2021,2021-05-20,697758.698,720997.6699714756
lightgbm,2021,2021-05-21,691966.356,713374.4600205388
lightgbm,2021,2021-05-22,621633.202,636998.240259275
lightgbm,2021,2021-05-23,574180.28,583754.5145802171
lightgbm,2021,2021-05-24,659025.584,697537.419589379
lightgbm,2021,2021-05-25,687452.59,714491.3106610088
lightgbm,2021,2021-05-26,692338.143,718190.5548356115
lightgbm,2021,2021-05-27,694593.137,719294.0170414759
lightgbm,2021,2021-05-28,687217.66,714675.5984779842
lightgbm,2021,2021-05-29,625581.869,649626.9541060816
lightgbm,2021,2021-05-30,579605.519,597301.0253050477
lightgbm,2021,2021-05-31,683327.24,706376.185288141
lightgbm,2021,2021-06-01,696048.627,717745.1149792359
lightgbm,2021,2021-06-02,700505.017,722030.0482478692
lightgbm,2021,2021-06-03,698600.649,728041.3699925045
lightgbm,2021,2021-06-04,692965.661,715870.1820919464
lightgbm,2021,2021-06-05,622988.965,641370.2466611287
lightgbm,2021,2021-06-06,576739.713,588872.7554717798
lightgbm,2021,2021-06-07,687687.127,704445.5060793712
lightgbm,2021,2021-06-08,719311.181,734630.6323493752
lightgbm,2021,2021-06-09,727998.479,749114.1422843868
lightgbm,2021,2021-06-10,739161.249,748494.674112079
lightgbm,2021,2021-06-11,732773.334,732515.3791947827
lightgbm,2021,2021-06-12,663407.333,676446.3541711998
lightgbm,2021,2021-06-13,616205.06,637462.5664366661
lightgbm,2021,2021-06-14,737903.439,759654.2780953357
lightgbm,2021,2021-06-15,759440.415,782671.1824066441
lightgbm,2021,2021-06-16,755302.693,775902.2924660848
lightgbm,2021,2021-06-17,732968.196,743053.8997524087
lightgbm,2021,2021-06-18,720620.28,734363.9319186797
lightgbm,2021,2021-06-19,646908.276,658332.9449414491
lightgbm,2021,2021-06-20,594444.33,609850.9378848376
lightgbm,2021,2021-06-21,695310.81,690358.0420074079
lightgbm,2021,2021-06-22,710395.742,707231.0152661495
lightgbm,2021,2021-06-23,701339.201,722325.5384783108
lightgbm,2021,2021-06-24,667378.472,723200.0849627735
lightgbm,2021,2021-06-25,694493.443,728691.2731041858
lightgbm,2021,2021-06-26,651121.08,674414.0964176289
lightgbm,2021,2021-06-27,606935.474,627038.2953343973
lightgbm,2021,2021-06-28,706509.225,715732.6207003882
lightgbm,2021,2021-06-29,727913.028,746203.5597456726
lightgbm,2021,2021-06-30,744980.042,762580.1755121137
lightgbm,2021,2021-07-01,745646.823,762416.4513636479
lightgbm,2021,2021-07-02,751071.94,784141.9328700372
lightgbm,2021,2021-07-03,686746.086,709699.5534583865
lightgbm,2021,2021-07-04,645197.787,659148.5555010078
lightgbm,2021,2021-07-05,756482.667,761330.6599675957
lightgbm,2021,2021-07-06,765521.607,805483.5830533335
lightgbm,2021,2021-07-07,749498.243,789018.7665248507
lightgbm,2021,2021-07-08,743139.951,772464.6747585398
lightgbm,2021,2021-07-09,749361.516,776011.0369252563
lightgbm,2021,2021-07-10,698499.464,731523.4566328936
lightgbm,2021,2021-07-11,662579.088,674877.055940809
lightgbm,2021,2021-07-12,763113.617,777153.442371501
lightgbm,2021,2021-07-13,739886.353,765796.1980629978
lightgbm,2021,2021-07-14,742631.422,767651.7317229334
lightgbm,2021,2021-07-15,749381.936,769644.4088027877
lightgbm,2021,2021-07-16,755786.802,777370.2516759431
lightgbm,2021,2021-07-17,703589.58,738978.9884376749
lightgbm,2021,2021-07-18,657129.066,672427.5002306774
lightgbm,2021,2021-07-19,770181.187,816377.4154888928
lightgbm,2021,2021-07-20,786064.039,818417.246021169
lightgbm,2021,2021-07-21,796392.983,823701.4439159036
lightgbm,2021,2021-07-22,807661.031,838132.9330243156
lightgbm,2021,2021-07-23,801290.966,840730.4452036922
lightgbm,2021,2021-07-24,708875.188,725445.6664710753
lightgbm,2021,2021-07-25,647414.033,664249.3792534466
lightgbm,2021,2021-07-26,741788.852,793679.5629416282
lightgbm,2021,2021-07-27,764664.988,797896.8454133836
lightgbm,2021,2021-07-28,777471.567,795601.5738195151
lightgbm,2021,2021-07-29,786049.111,803641.0092423784
lightgbm,2021,2021-07-30,780535.725,794529.4030273625
lightgbm,2021,2021-07-31,688602.143,688466.4622523355
lightgbm,2021,2021-08-01,610030.071,607634.3655906834
lightgbm,2021,2021-08-02,692296.539,745691.7851954692
lightgbm,2021,2021-08-03,716478.894,749350.1713421769
lightgbm,2021,2021-08-04,726929.59,774539.5644961029
lightgbm,2021,2021-08-05,737222.091,773784.9789896298
lightgbm,2021,2021-08-06,733401.456,769395.9491004695
lightgbm,2021,2021-08-07,676412.684,682006.0295222382
lightgbm,2021,2021-08-08,615001.22,629804.9687186143
lightgbm,2021,2021-08-09,688277.519,762780.0282107585
lightgbm,2021,2021-08-10,712411.101,787498.8322947323
lightgbm,2021,2021-08-11,735965.665,815642.156545805
lightgbm,2021,2021-08-12,755611.095,823303.45643674
lightgbm,2021,2021-08-13,762760.446,833216.5077304641
lightgbm,2021,2021-08-14,734160.936,741799.9618685414
lightgbm,2021,2021-08-15,692750.878,684226.9449131745
lightgbm,2021,2021-08-16,734676.191,791689.6698827511
lightgbm,2021,2021-08-17,734157.383,781649.3157185427
lightgbm,2021,2021-08-18,729662.489,783203.2615290231
lightgbm,2021,2021-08-19,723091.039,774640.6286201252
lightgbm,2021,2021-08-20,723168.05,768347.6385923601
lightgbm,2021,2021-08-21,680177.885,709329.0502283672
lightgbm,2021,2021-08-22,642547.886,663501.5360670825
lightgbm,2021,2021-08-23,740216.309,773458.6301536605
lightgbm,2021,2021-08-24,749610.14,779532.1618992826
lightgbm,2021,2021-08-25,738207.487,786057.7147607696
lightgbm,2021,2021-08-26,746460.103,787426.6251115482
lightgbm,2021,2021-08-27,752000.087,792644.4375307154
lightgbm,2021,2021-08-28,680131.728,697207.1314819014
lightgbm,2021,2021-08-29,625714.882,635775.644178675
lightgbm,2021,2021-08-30,722450.384,749272.8850314136
lightgbm,2021,2021-08-31,747811.051,765973.8203088236
lightgbm,2021,2021-09-01,746405.192,751892.7029889763
lightgbm,2021,2021-09-02,733294.828,738934.3451475023
lightgbm,2021,2021-09-03,731068.102,750866.4328185706
lightgbm,2021,2021-09-04,661105.572,686165.6398266624
lightgbm,2021,2021-09-05,625947.506,625999.4532166015
lightgbm,2021,2021-09-06,750941.319,720426.5240026161
lightgbm,2021,2021-09-07,778331.589,747740.9132692724
lightgbm,2021,2021-09-08,758832.979,758491.9632865378
lightgbm,2021,2021-09-09,759765.067,757791.8568115341
lightgbm,2021,2021-09-10,743109.71,749146.3462932135
lightgbm,2021,2021-09-11,664034.519,690187.9129035546
lightgbm,2021,2021-09-12,624471.173,637286.8617908119
lightgbm,2021,2021-09-13,730599.845,774520.4841727644
lightgbm,2021,2021-09-14,744889.97,757749.4175435024
lightgbm,2021,2021-09-15,740655.596,740552.9644652843
lightgbm,2021,2021-09-16,726396.632,717543.0416077061
lightgbm,2021,2021-09-17,714163.921,736194.1417186554
lightgbm,2021,2021-09-18,639492.9,653195.5175504053
lightgbm,2021,2021-09-19,588068.278,593715.4453853692
lightgbm,2021,2021-09-20,692113.328,713728.8934075017
lightgbm,2021,2021-09-21,696775.737,722622.402693667
lightgbm,2021,2021-09-22,701743.975,719070.1907850509
lightgbm,2021,2021-09-23,704545.814,719993.8652644616
lightgbm,2021,2021-09-24,697179.551,709521.5361317338
lightgbm,2021,2021-09-25,631054.818,630248.0503278885
lightgbm,2021,2021-09-26,582860.409,588471.0870890917
lightgbm,2021,2021-09-27,686152.044,703489.6480475714
lightgbm,2021,2021-09-28,706305.455,710358.1512065355
lightgbm,2021,2021-09-29,710112.398,714272.2017842215
lightgbm,2021,2021-09-30,702537.831,707441.9309074451
lightgbm,2021,2021-10-01,692944.543,700414.8240745775
lightgbm,2021,2021-10-02,630287.998,629707.7102633729
lightgbm,2021,2021-10-03,585692.62,587575.6228761593
lightgbm,2021,2021-10-04,665592.111,685225.7459558167
lightgbm,2021,2021-10-05,681284.754,701061.030190609
lightgbm,2021,2021-10-06,695359.374,698395.7485496008
lightgbm,2021,2021-10-07,689344.379,696287.8710265815
lightgbm,2021,2021-10-08,685109.813,685617.2196326426
lightgbm,2021,2021-10-09,612730.729,617633.1035702049
lightgbm,2021,2021-10-10,568730.598,576785.4382331846
lightgbm,2021,2021-10-11,615641.185,682716.92664122
lightgbm,2021,2021-10-12,577417.811,634045.7588017768
lightgbm,2021,2021-10-13,668727.443,700253.1785894237
lightgbm,2021,2021-10-14,682596.759,696816.9090040763
lightgbm,2021,2021-10-15,681763.233,694081.6046200362
lightgbm,2021,2021-10-16,616067.047,631851.0489515401
lightgbm,2021,2021-10-17,573616.151,584149.0220760516
lightgbm,2021,2021-10-18,675467.776,696092.7248900415
lightgbm,2021,2021-10-19,692280.722,718418.151195465
lightgbm,2021,2021-10-20,693103.655,717381.6407990668
lightgbm,2021,2021-10-21,688480.315,717829.8183217911
lightgbm,2021,2021-10-22,682264.745,702198.0902054065
lightgbm,2021,2021-10-23,612018.709,643499.0652220208
lightgbm,2021,2021-10-24,571138.872,600136.9577678925
lightgbm,2021,2021-10-25,670783.825,696077.7688605358
lightgbm,2021,2021-10-26,692319.42,716511.4075610186
lightgbm,2021,2021-10-27,689359.293,720144.1371900158
lightgbm,2021,2021-10-28,691147.265,716369.8422507026
lightgbm,2021,2021-10-29,692264.935,703231.9892968966
lightgbm,2021,2021-10-30,626694.705,636287.5479599463
lightgbm,2021,2021-10-31,597247.186,589363.8202928145
lightgbm,2021,2021-11-01,576367.744,619602.7985280139
lightgbm,2021,2021-11-02,674854.716,698573.3659266392
lightgbm,2021,2021-11-03,695235.266,727831.4218927488
lightgbm,2021,2021-11-04,705890.141,762802.8834690251
lightgbm,2021,2021-11-05,717193.16,763331.0050440262
lightgbm,2021,2021-11-06,655441.422,668067.2892064579
lightgbm,2021,2021-11-07,616104.014,610719.1738233563
lightgbm,2021,2021-11-08,716917.625,733778.8245796234
lightgbm,2021,2021-11-09,728003.134,765470.4553107059
lightgbm,2021,2021-11-10,737414.445,765258.455591233
lightgbm,2021,2021-11-11,738439.482,760231.1051993375
lightgbm,2021,2021-11-12,731746.944,746168.119240085
lightgbm,2021,2021-11-13,652720.566,668937.0104406505
lightgbm,2021,2021-11-14,612965.856,620042.4006302911
lightgbm,2021,2021-11-15,725702.68,706595.2629471048
lightgbm,2021,2021-11-16,748837.812,768659.8508190955
lightgbm,2021,2021-11-17,753689.107,762781.9951919714
lightgbm,2021,2021-11-18,755571.919,771233.6425908569
lightgbm,2021,2021-11-19,746448.912,755637.6193840235
lightgbm,2021,2021-11-20,674480.947,677170.863162333
lightgbm,2021,2021-11-21,622504.567,631335.3404705051
lightgbm,2021,2021-11-22,744436.995,751673.2665799264
lightgbm,2021,2021-11-23,774690.327,801109.2181626497
lightgbm,2021,2021-11-24,786755.043,804618.9917440395
lightgbm,2021,2021-11-25,787163.875,803263.1493271689
lightgbm,2021,2021-11-26,781000.985,805507.0772707611
lightgbm,2021,2021-11-27,716586.063,712484.028623304
lightgbm,2021,2021-11-28,685695.321,685122.5987734941
lightgbm,2021,2021-11-29,782127.955,774929.4929680581
lightgbm,2021,2021-11-30,788505.669,813169.848725421
lightgbm,2021,2021-12-01,797141.836,820346.1138836355
lightgbm,2021,2021-12-02,800194.435,809921.4212110185
lightgbm,2021,2021-12-03,790811.497,817044.9992935921
lightgbm,2021,2021-12-04,711448.518,721113.2133829527
lightgbm,2021,2021-12-05,660580.665,676251.1838261528
lightgbm,2021,2021-12-06,667195.846,641652.4773317064
lightgbm,2021,2021-12-07,710588.895,777953.252276884
lightgbm,2021,2021-12-08,684008.281,733381.7072887883
lightgbm,2021,2021-12-09,782066.188,782005.2205470025
lightgbm,2021,2021-12-10,776257.295,758551.85201523
lightgbm,2021,2021-12-11,692242.959,691757.7462805919
lightgbm,2021,2021-12-12,644678.964,654507.9424432832
lightgbm,2021,2021-12-13,758492.556,774782.6179658533
lightgbm,2021,2021-12-14,783341.736,796992.4117521808
lightgbm,2021,2021-12-15,787193.874,788899.6513356108
lightgbm,2021,2021-12-16,792100.159,800398.0268221457
lightgbm,2021,2021-12-17,783162.446,794460.0364753086
lightgbm,2021,2021-12-18,706205.51,717541.0545468063
lightgbm,2021,2021-12-19,660628.862,664644.3679928571
lightgbm,2021,2021-12-20,771478.461,797212.795612887
lightgbm,2021,2021-12-21,772523.695,809395.4698785573
lightgbm,2021,2021-12-22,757320.524,786265.4809586726
lightgbm,2021,2021-12-23,729089.502,741329.5633637282
lightgbm,2021,2021-12-24,637631.538,712973.989353834
lightgbm,2021,2021-12-25,547513.015,602246.8416813186
lightgbm,2021,2021-12-26,582595.459,609211.0548293212
lightgbm,2021,2021-12-27,657559.283,664115.7087749474
lightgbm,2021,2021-12-28,663701.614,713415.6154728062
lightgbm,2021,2021-12-29,657200.732,699985.0503510626
lightgbm,2021,2021-12-30,653602.373,659958.2014155227
lightgbm,2021,2021-12-31,611387.919,650540.5415478477
ensemble,2021,2021-01-01,608715.931,648904.3696418359
ensemble,2021,2021-01-02,680432.407,686499.0333954933
ensemble,2021,2021-01-03,684489.215,648738.2648208217
ensemble,2021,2021-01-04,793625.993,705139.9131516797
ensemble,2021,2021-01-05,806588.156,776607.1212399891
ensemble,2021,2021-01-06,700144.564,727504.771078502
ensemble,2021,2021-01-07,854323.166,801757.2113721841
ensemble,2021,2021-01-08,872357.353,811744.6307106647
ensemble,2021,2021-01-09,773296.979,731331.9342705471
ensemble,2021,2021-01-10,735647.962,684361.7045827472
ensemble,2021,2021-01-11,851740.825,815875.3854738387
ensemble,2021,2021-01-12,875118.684,835896.5466626544
ensemble,2021,2021-01-13,874914.272,832385.5359154219
ensemble,2021,2021-01-14,873577.23,829735.9266761182
ensemble,2021,2021-01-15,859355.795,820445.9215155848
ensemble,2021,2021-01-16,765002.342,733967.7116975924
ensemble,2021,2021-01-17,708974.301,690884.1412565816
ensemble,2021,2021-01-18,827619.581,826197.5092705331
ensemble,2021,2021-01-19,846116.609,847058.1631127071
ensemble,2021,2021-01-20,850299.079,830888.6874926314
ensemble,2021,2021-01-21,817647.661,811912.5733614434
ensemble,2021,2021-01-22,794514.658,804358.9472689013
ensemble,2021,2021-01-23,719510.829,725438.5266043232
ensemble,2021,2021-01-24,655028.547,659028.43616857
ensemble,2021,2021-01-25,775155.263,778547.5397912273
ensemble,2021,2021-01-26,770796.102,788948.8022999023
ensemble,2021,2021-01-27,753321.62,769769.0581044744
ensemble,2021,2021-01-28,744101.186,762741.4962629434
ensemble,2021,2021-01-29,733183.947,755392.1555597928
ensemble,2021,2021-01-30,672206.563,676631.654152567
ensemble,2021,2021-01-31,631678.074,628395.5639553539
ensemble,2021,2021-02-01,725308.41,723066.8454226189
ensemble,2021,2021-02-02,742016.165,746824.5939829728
ensemble,2021,2021-02-03,744032.692,754255.9595220415
ensemble,2021,2021-02-04,742410.917,754445.4954088583
ensemble,2021,2021-02-05,742180.511,755164.2995849397
ensemble,2021,2021-02-06,673202.889,681342.4558489097
ensemble,2021,2021-02-07,635184.428,636528.4324720142
ensemble,2021,2021-02-08,757811.118,740618.8513351273
ensemble,2021,2021-02-09,789357.66,752990.436216263
ensemble,2021,2021-02-10,767889.956,753814.9776655599
ensemble,2021,2021-02-11,757949.224,746373.7815955044
ensemble,2021,2021-02-12,744944.86,739279.6432718927
ensemble,2021,2021-02-13,664031.439,668430.5294726515
ensemble,2021,2021-02-14,627377.64,623614.310983816
ensemble,2021,2021-02-15,743811.335,738146.8848160174
ensemble,2021,2021-02-16,751446.91,750665.7199371736
ensemble,2021,2021-02-17,752695.056,749315.2360226972
ensemble,2021,2021-02-18,754962.027,749917.8067912664
ensemble,2021,2021-02-19,749031.191,743505.0614984726
ensemble,2021,2021-02-20,667785.4,666353.082871447
ensemble,2021,2021-02-21,636820.402,618649.3250579223
ensemble,2021,2021-02-22,743317.962,734704.2201354988
ensemble,2021,2021-02-23,750925.914,745735.6983129649
ensemble,2021,2021-02-24,747390.312,747491.4550139935
ensemble,2021,2021-02-25,744810.272,745360.0005611175
ensemble,2021,2021-02-26,740017.479,735418.509423823
ensemble,2021,2021-02-27,664275.565,664212.5942225334
ensemble,2021,2021-02-28,621167.542,623990.2444576422
ensemble,2021,2021-03-01,730802.101,735668.0306387354
ensemble,2021,2021-03-02,749835.836,747816.9264542129
ensemble,2021,2021-03-03,744167.225,747715.5487122409
ensemble,2021,2021-03-04,740268.037,745677.2125201727
ensemble,2021,2021-03-05,735724.58,742540.7291782824
ensemble,2021,2021-03-06,658451.851,666593.127423177
ensemble,2021,2021-03-07,622685.66,618207.9580850848
ensemble,2021,2021-03-08,742936.38,736937.7980891472
ensemble,2021,2021-03-09,758352.519,749681.901998785
ensemble,2021,2021-03-10,750796.647,752297.4828000193
ensemble,2021,2021-03-11,739481.269,731672.307213606
ensemble,2021,2021-03-12,729092.448,726452.4268033635
ensemble,2021,2021-03-13,646301.497,652312.1855879918
ensemble,2021,2021-03-14,606540.412,605457.566806872
ensemble,2021,2021-03-15,719293.522,720493.9146042699
ensemble,2021,2021-03-16,732005.026,727731.574321811
ensemble,2021,2021-03-17,729775.728,716102.2748617354
ensemble,2021,2021-03-18,741473.221,711966.100274066
ensemble,2021,2021-03-19,706043.651,709878.5174661432
ensemble,2021,2021-03-20,670497.641,647424.2854463104
ensemble,2021,2021-03-21,630102.703,599064.5289644492
ensemble,2021,2021-03-22,735080.366,702304.0540208734
ensemble,2021,2021-03-23,739437.425,706440.6314908738
ensemble,2021,2021-03-24,731621.692,701905.5883994419
ensemble,2021,2021-03-25,726346.417,688146.3484307387
ensemble,2021,2021-03-26,719331.777,685730.4574409426
ensemble,2021,2021-03-27,648466.535,613283.1166402559
ensemble,2021,2021-03-28,571635.074,557674.9165736729
ensemble,2021,2021-03-29,691559.272,654682.7614107021
ensemble,2021,2021-03-30,695256.722,664529.5499142484
ensemble,2021,2021-03-31,679687.653,661627.5638013502
ensemble,2021,2021-04-01,603780.936,655775.7874816674
ensemble,2021,2021-04-02,558137.662,576311.2443624617
ensemble,2021,2021-04-03,577877.662,585242.934425572
ensemble,2021,2021-04-04,551346.366,548409.6663051635
ensemble,2021,2021-04-05,604043.925,636612.0443046958
ensemble,2021,2021-04-06,678937.062,655216.3964218274
ensemble,2021,2021-04-07,706832.348,654208.6771521602
ensemble,2021,2021-04-08,711274.992,644988.8628406074
ensemble,2021,2021-04-09,713789.777,636341.4700662451
ensemble,2021,2021-04-10,641313.52,581090.2929746927
ensemble,2021,2021-04-11,594071.686,541760.8343494671
ensemble,2021,2021-04-12,692941.728,634094.4237247261
ensemble,2021,2021-04-13,717396.928,661129.8107816564
ensemble,2021,2021-04-14,716654.185,667809.1922938578
ensemble,2021,2021-04-15,722238.709,661354.6852718926
ensemble,2021,2021-04-16,713583.273,661567.2799338583
ensemble,2021,2021-04-17,642865.34,604542.1075147525
ensemble,2021,2021-04-18,593293.117,557648.8733950062
ensemble,2021,2021-04-19,697833.818,638100.157576128
ensemble,2021,2021-04-20,709788.735,659487.9302528189
ensemble,2021,2021-04-21,710848.815,664100.9989507407
ensemble,2021,2021-04-22,713242.666,662785.9029176332
ensemble,2021,2021-04-23,685398.678,657385.4103092329
ensemble,2021,2021-04-24,620321.236,591758.0533410897
ensemble,2021,2021-04-25,584849.257,548895.9495383304
ensemble,2021,2021-04-26,689249.537,634944.3146214633
ensemble,2021,2021-04-27,703092.56,659166.2594425542
ensemble,2021,2021-04-28,698342.061,661068.592046091
ensemble,2021,2021-04-29,697918.72,658279.5885583739
ensemble,2021,2021-04-30,688956.526,632344.1199132154
ensemble,2021,2021-05-01,577472.256,535627.4338343042
ensemble,2021,2021-05-02,559173.805,544999.875016747
ensemble,2021,2021-05-03,667365.198,632777.8261332
ensemble,2021,2021-05-04,689998.019,658021.2179302647
ensemble,2021,2021-05-05,690651.1,660743.5300189633
ensemble,2021,2021-05-06,689028.329,656556.6210456621
ensemble,2021,2021-05-07,681399.427,648094.1964689957
ensemble,2021,2021-05-08,612800.041,583912.3430354627
ensemble,2021,2021-05-09,573950.672,540703.4458931739
ensemble,2021,2021-05-10,672517.486,642628.442125125
ensemble,2021,2021-05-11,690260.839,669938.4248828827
ensemble,2021,2021-05-12,696396.062,667530.8149553615
ensemble,2021,2021-05-13,695282.254,666244.681970439
ensemble,2021,2021-05-14,688397.416,657753.5786350557
ensemble,2021,2021-05-15,622863.597,586623.2850803105
ensemble,2021,2021-05-16,580577.79,545505.2278583276
ensemble,2021,2021-05-17,668878.06,638919.5378241728
ensemble,2021,2021-05-18,696787.021,660638.695673505
ensemble,2021,2021-05-19,698169.314,664809.6009636425
ensemble,2021,2021-05-20,697758.698,667407.4966426934
ensemble,2021,2021-05-21,691966.356,665440.0118372045
ensemble,2021,2021-05-22,621633.202,598766.1872664093
ensemble,2021,2021-05-23,574180.28,556162.3602161933
ensemble,2021,2021-05-24,659025.584,655150.4415457067
ensemble,2021,2021-05-25,687452.59,671071.1961020204
ensemble,2021,2021-05-26,692338.143,674073.1821063305
ensemble,2021,2021-05-27,694593.137,672651.8129842142
ensemble,2021,2021-05-28,687217.66,670372.8481643599
ensemble,2021,2021-05-29,625581.869,605472.0254815231
ensemble,2021,2021-05-30,579605.519,560263.8103087068
ensemble,2021,2021-05-31,683327.24,661523.2260028749
ensemble,2021,2021-06-01,696048.627,678345.0983967343
ensemble,2021,2021-06-02,700505.017,684029.5466392894
ensemble,2021,2021-06-03,698600.649,681555.5664628964
ensemble,2021,2021-06-04,692965.661,673538.2914267281
ensemble,2021,2021-06-05,622988.965,605444.5926674615
ensemble,2021,2021-06-06,576739.713,557790.261765041
ensemble,2021,2021-06-07,687687.127,661956.6219154997
ensemble,2021,2021-06-08,719311.181,692279.2129730526
ensemble,2021,2021-06-09,727998.479,705247.9582656417
ensemble,2021,2021-06-10,739161.249,704929.4947324609
ensemble,2021,2021-06-11,732773.334,692780.7506118127
ensemble,2021,2021-06-12,663407.333,628237.6480428623
ensemble,2021,2021-06-13,616205.06,592129.3995890822
ensemble,2021,2021-06-14,737903.439,703550.8658256322
ensemble,2021,2021-06-15,759440.415,722788.753075793
ensemble,2021,2021-06-16,755302.693,717936.9029628356
ensemble,2021,2021-06-17,732968.196,691964.517521222
ensemble,2021,2021-06-18,720620.28,686485.5153159691
ensemble,2021,2021-06-19,646908.276,620165.1326952275
ensemble,2021,2021-06-20,594444.33,575510.0638432812
ensemble,2021,2021-06-21,695310.81,674172.3499401585
ensemble,2021,2021-06-22,710395.742,693933.104440651
ensemble,2021,2021-06-23,701339.201,687158.0755765374
ensemble,2021,2021-06-24,667378.472,700227.4184722663
ensemble,2021,2021-06-25,694493.443,702070.6330382433
ensemble,2021,2021-06-26,651121.08,645205.6724982102
ensemble,2021,2021-06-27,606935.474,599062.4681881582
ensemble,2021,2021-06-28,706509.225,698500.7239819941
ensemble,2021,2021-06-29,727913.028,725126.6313651763
ensemble,2021,2021-06-30,744980.042,739282.4799267681
ensemble,2021,2021-07-01,745646.823,744824.8968286178
ensemble,2021,2021-07-02,751071.94,745034.04127756
ensemble,2021,2021-07-03,686746.086,673841.8434773717
ensemble,2021,2021-07-04,645197.787,630902.3805494881
ensemble,2021,2021-07-05,756482.667,744259.8348867283
ensemble,2021,2021-07-06,765521.607,764178.3419880333
ensemble,2021,2021-07-07,749498.243,753984.3913523802
ensemble,2021,2021-07-08,743139.951,743815.6061262091
ensemble,2021,2021-07-09,749361.516,748709.1065733493
ensemble,2021,2021-07-10,698499.464,697320.9798472022
ensemble,2021,2021-07-11,662579.088,647269.2237324102
ensemble,2021,2021-07-12,763113.617,747770.7117246656
ensemble,2021,2021-07-13,739886.353,737546.9705906244
ensemble,2021,2021-07-14,742631.422,739292.8769321878
ensemble,2021,2021-07-15,749381.936,746697.8900276953
ensemble,2021,2021-07-16,755786.802,756215.2337163793
ensemble,2021,2021-07-17,703589.58,702987.3494860656
ensemble,2021,2021-07-18,657129.066,652145.8467984629
ensemble,2021,2021-07-19,770181.187,777010.3317690911
ensemble,2021,2021-07-20,786064.039,788903.2217918135
ensemble,2021,2021-07-21,796392.983,790540.1952267621
ensemble,2021,2021-07-22,807661.031,801869.1852552146
ensemble,2021,2021-07-23,801290.966,796212.8406756517
ensemble,2021,2021-07-24,708875.188,697907.1865130692
ensemble,2021,2021-07-25,647414.033,642826.5146173524
ensemble,2021,2021-07-26,741788.852,760054.1413238556
ensemble,2021,2021-07-27,764664.988,777978.2013773468
ensemble,2021,2021-07-28,777471.567,780866.1583977978
ensemble,2021,2021-07-29,786049.111,786744.0033464575
ensemble,2021,2021-07-30,780535.725,777420.6224551625
ensemble,2021,2021-07-31,688602.143,678001.1771809668
ensemble,2021,2021-08-01,610030.071,605410.3792834163
ensemble,2021,2021-08-02,692296.539,715469.5906896209
ensemble,2021,2021-08-03,716478.894,729769.7041006461
ensemble,2021,2021-08-04,726929.59,747800.6074634959
ensemble,2021,2021-08-05,737222.091,752314.2890371872
ensemble,2021,2021-08-06,733401.456,748372.9191662992
ensemble,2021,2021-08-07,676412.684,665659.1110542718
ensemble,2021,2021-08-08,615001.22,609747.9376293044
ensemble,2021,2021-08-09,688277.519,721841.6708660376
ensemble,2021,2021-08-10,712411.101,743037.0046965823
ensemble,2021,2021-08-11,735965.665,752394.7215709899
ensemble,2021,2021-08-12,755611.095,757756.9122411028
ensemble,2021,2021-08-13,762760.446,760155.3246892495
ensemble,2021,2021-08-14,734160.936,685518.1367308743
ensemble,2021,2021-08-15,692750.878,633388.1304912667
ensemble,2021,2021-08-16,734676.191,724448.8756562745
ensemble,2021,2021-08-17,734157.383,724673.8094903007
ensemble,2021,2021-08-18,729662.489,730872.3271315716
ensemble,2021,2021-08-19,723091.039,729226.215918823
ensemble,2021,2021-08-20,723168.05,733696.4014258954
ensemble,2021,2021-08-21,680177.885,673603.0824392199
ensemble,2021,2021-08-22,642547.886,626550.4015054418
ensemble,2021,2021-08-23,740216.309,735999.4603594625
ensemble,2021,2021-08-24,749610.14,749564.9355396199
ensemble,2021,2021-08-25,738207.487,756855.379665495
ensemble,2021,2021-08-26,746460.103,764929.3757554619
ensemble,2021,2021-08-27,752000.087,763293.2005712582
ensemble,2021,2021-08-28,680131.728,657274.955361608
ensemble,2021,2021-08-29,625714.882,594082.8652114641
ensemble,2021,2021-08-30,722450.384,702232.0678820041
ensemble,2021,2021-08-31,747811.051,722569.3390711175
ensemble,2021,2021-09-01,746405.192,714163.216751798
ensemble,2021,2021-09-02,733294.828,709093.721688965
ensemble,2021,2021-09-03,731068.102,715640.2227733792
ensemble,2021,2021-09-04,661105.572,650848.1096727396
ensemble,2021,2021-09-05,625947.506,604011.0765017046
ensemble,2021,2021-09-06,750941.319,706731.3299362821
ensemble,2021,2021-09-07,778331.589,723681.9934698398
ensemble,2021,2021-09-08,758832.979,727948.766038333
ensemble,2021,2021-09-09,759765.067,725564.493269979
ensemble,2021,2021-09-10,743109.71,714036.6389669944
ensemble,2021,2021-09-11,664034.519,650539.736184283
ensemble,2021,2021-09-12,624471.173,605481.2636750231
ensemble,2021,2021-09-13,730599.845,723660.9372750986
ensemble,2021,2021-09-14,744889.97,723620.7377413813
ensemble,2021,2021-09-15,740655.596,722272.0493949658
ensemble,2021,2021-09-16,726396.632,709633.1195088793
ensemble,2021,2021-09-17,714163.921,705894.7752630956
ensemble,2021,2021-09-18,639492.9,625161.5927026178
ensemble,2021,2021-09-19,588068.278,571042.2363437986
ensemble,2021,2021-09-20,692113.328,682520.832728909
ensemble,2021,2021-09-21,696775.737,698603.180453014
ensemble,2021,2021-09-22,701743.975,700786.512189798
ensemble,2021,2021-09-23,704545.814,699553.8180894634
ensemble,2021,2021-09-24,697179.551,687828.0500591187
ensemble,2021,2021-09-25,631054.818,611132.068348087
ensemble,2021,2021-09-26,582860.409,565252.5818305342
ensemble,2021,2021-09-27,686152.044,671201.154273254
ensemble,2021,2021-09-28,706305.455,686293.6640552419
ensemble,2021,2021-09-29,710112.398,689387.4166625008
ensemble,2021,2021-09-30,702537.831,688620.8822256007
ensemble,2021,2021-10-01,692944.543,684005.6711790365
ensemble,2021,2021-10-02,630287.998,607202.8428472943
ensemble,2021,2021-10-03,585692.62,562734.2251606138
ensemble,2021,2021-10-04,665592.111,669581.7917324781
ensemble,2021,2021-10-05,681284.754,682392.9677136051
ensemble,2021,2021-10-06,695359.374,683547.0919907001
ensemble,2021,2021-10-07,689344.379,680955.9926631599
ensemble,2021,2021-10-08,685109.813,669623.9429498395
ensemble,2021,2021-10-09,612730.729,600672.8639033135
ensemble,2021,2021-10-10,568730.598,553152.1879588199
ensemble,2021,2021-10-11,615641.185,627111.7872689052
ensemble,2021,2021-10-12,577417.811,622328.6522740725
ensemble,2021,2021-10-13,668727.443,682914.7971832509
ensemble,2021,2021-10-14,682596.759,684322.3731826833
ensemble,2021,2021-10-15,681763.233,678746.6982367908
ensemble,2021,2021-10-16,616067.047,610057.6743419167
ensemble,2021,2021-10-17,573616.151,559729.7938387385
ensemble,2021,2021-10-18,675467.776,666804.042963874
ensemble,2021,2021-10-19,692280.722,688700.5841587484
ensemble,2021,2021-10-20,693103.655,687597.6420254015
ensemble,2021,2021-10-21,688480.315,687390.69676824
ensemble,2021,2021-10-22,682264.745,680611.7739583874
ensemble,2021,2021-10-23,612018.709,617155.2728120646
ensemble,2021,2021-10-24,571138.872,579737.6365660485
ensemble,2021,2021-10-25,670783.825,674365.1483729348
ensemble,2021,2021-10-26,692319.42,694595.3842999549
ensemble,2021,2021-10-27,689359.293,698064.4160736507
ensemble,2021,2021-10-28,691147.265,695110.2896758746
ensemble,2021,2021-10-29,692264.935,685223.6779304853
ensemble,2021,2021-10-30,626694.705,608241.7766901043
ensemble,2021,2021-10-31,597247.186,557748.7250899706
ensemble,2021,2021-11-01,576367.744,591719.5663661401
ensemble,2021,2021-11-02,674854.716,689287.9756566008
ensemble,2021,2021-11-03,695235.266,711214.7901346687
ensemble,2021,2021-11-04,705890.141,726177.0703873747
ensemble,2021,2021-11-05,717193.16,720784.6481466731
ensemble,2021,2021-11-06,655441.422,639850.7184134306
ensemble,2021,2021-11-07,616104.014,587911.3344853264
ensemble,2021,2021-11-08,716917.625,692949.4862148905
ensemble,2021,2021-11-09,728003.134,718765.9030479206
ensemble,2021,2021-11-10,737414.445,722561.4520643866
ensemble,2021,2021-11-11,738439.482,719739.6246379307
ensemble,2021,2021-11-12,731746.944,710481.1172645803
ensemble,2021,2021-11-13,652720.566,636181.7626812143
ensemble,2021,2021-11-14,612965.856,586580.4103508325
ensemble,2021,2021-11-15,725702.68,686329.1021018481
ensemble,2021,2021-11-16,748837.812,725135.0267559673
ensemble,2021,2021-11-17,753689.107,725418.5335755685
ensemble,2021,2021-11-18,755571.919,728258.1661490612
ensemble,2021,2021-11-19,746448.912,720896.908366073
ensemble,2021,2021-11-20,674480.947,646839.4923995192
ensemble,2021,2021-11-21,622504.567,601331.4903331705
ensemble,2021,2021-11-22,744436.995,722454.1942609791
ensemble,2021,2021-11-23,774690.327,759425.3420824748
ensemble,2021,2021-11-24,786755.043,766415.4806148139
ensemble,2021,2021-11-25,787163.875,763502.2037077605
ensemble,2021,2021-11-26,781000.985,760367.8702036388
ensemble,2021,2021-11-27,716586.063,679040.839775239
ensemble,2021,2021-11-28,685695.321,641274.6776892097
ensemble,2021,2021-11-29,782127.955,737898.424524459
ensemble,2021,2021-11-30,788505.669,765833.5390711798
ensemble,2021,2021-12-01,797141.836,776156.8504956173
ensemble,2021,2021-12-02,800194.435,775676.1874985391
ensemble,2021,2021-12-03,790811.497,779048.0081219665
ensemble,2021,2021-12-04,711448.518,698818.5470148702
ensemble,2021,2021-12-05,660580.665,652546.6854844614
ensemble,2021,2021-12-06,667195.846,651314.4213896949
ensemble,2021,2021-12-07,710588.895,731998.0269093587
ensemble,2021,2021-12-08,684008.281,720166.7446654184
ensemble,2021,2021-12-09,782066.188,771615.6410670901
ensemble,2021,2021-12-10,776257.295,747738.3855084884
ensemble,2021,2021-12-11,692242.959,667950.2420211965
ensemble,2021,2021-12-12,644678.964,628003.518484036
ensemble,2021,2021-12-13,758492.556,744256.9099358115
ensemble,2021,2021-12-14,783341.736,760117.3794211615
ensemble,2021,2021-12-15,787193.874,761197.5003439685
ensemble,2021,2021-12-16,792100.159,763512.3109824458
ensemble,2021,2021-12-17,783162.446,759428.6510553103
ensemble,2021,2021-12-18,706205.51,681820.3194909332
ensemble,2021,2021-12-19,660628.862,627372.2419184833
ensemble,2021,2021-12-20,771478.461,742361.5221423734
ensemble,2021,2021-12-21,772523.695,746162.28203145
ensemble,2021,2021-12-22,757320.524,730243.6437043198
ensemble,2021,2021-12-23,729089.502,684173.7042401425
ensemble,2021,2021-12-24,637631.538,647271.1229601133
ensemble,2021,2021-12-25,547513.015,548204.5399404326
ensemble,2021,2021-12-26,582595.459,594796.6572981696
ensemble,2021,2021-12-27,657559.283,667425.8228940982
ensemble,2021,2021-12-28,663701.614,694478.0309480279
ensemble,2021,2021-12-29,657200.732,695054.9603406427
ensemble,2021,2021-12-30,653602.373,668684.2682210671
ensemble,2021,2021-12-31,611387.919,640536.1199553668
naive_semanal,2022,2022-01-01,535144.786,680432.407
naive_semanal,2022,2022-01-02,578855.186,684489.215
naive_semanal,2022,2022-01-03,691970.774,793625.993
naive_semanal,2022,2022-01-04,718047.874,806588.156
naive_semanal,2022,2022-01-05,715070.234,700144.564
naive_semanal,2022,2022-01-06,617936.351,854323.166
naive_semanal,2022,2022-01-07,703004.57,872357.353
naive_semanal,2022,2022-01-08,686615.314,773296.979
naive_semanal,2022,2022-01-09,657099.904,735647.962
naive_semanal,2022,2022-01-10,756621.212,851740.825
naive_semanal,2022,2022-01-11,771711.078,875118.684
naive_semanal,2022,2022-01-12,777310.213,874914.272
naive_semanal,2022,2022-01-13,788572.283,873577.23
naive_semanal,2022,2022-01-14,796150.956,859355.795
naive_semanal,2022,2022-01-15,717164.143,765002.342
naive_semanal,2022,2022-01-16,672381.068,708974.301
naive_semanal,2022,2022-01-17,790794.183,827619.581
naive_semanal,2022,2022-01-18,809453.033,846116.609
naive_semanal,2022,2022-01-19,813885.767,850299.079
naive_semanal,2022,2022-01-20,813841.104,817647.661
naive_semanal,2022,2022-01-21,812933.383,794514.658
naive_semanal,2022,2022-01-22,728531.886,719510.829
naive_semanal,2022,2022-01-23,681487.178,655028.547
naive_semanal,2022,2022-01-24,800222.601,775155.263
naive_semanal,2022,2022-01-25,803957.158,770796.102
naive_semanal,2022,2022-01-26,800205.701,753321.62
naive_semanal,2022,2022-01-27,794878.473,744101.186
naive_semanal,2022,2022-01-28,786143.822,733183.947
naive_semanal,2022,2022-01-29,698969.016,672206.563
naive_semanal,2022,2022-01-30,648503.898,631678.074
naive_semanal,2022,2022-01-31,761832.783,725308.41
naive_semanal,2022,2022-02-01,774260.763,742016.165
naive_semanal,2022,2022-02-02,762494.554,744032.692
naive_semanal,2022,2022-02-03,760780.897,742410.917
naive_semanal,2022,2022-02-04,756896.641,742180.511
naive_semanal,2022,2022-02-05,682674.839,673202.889
naive_semanal,2022,2022-02-06,635247.08,635184.428
naive_semanal,2022,2022-02-07,746724.421,757811.118
naive_semanal,2022,2022-02-08,756678.724,789357.66
naive_semanal,2022,2022-02-09,755748.252,767889.956
naive_semanal,2022,2022-02-10,762082.393,757949.224
naive_semanal,2022,2022-02-11,754633.793,744944.86
naive_semanal,2022,2022-02-12,679947.691,664031.439
naive_semanal,2022,2022-02-13,635776.528,627377.64
naive_semanal,2022,2022-02-14,741719.03,743811.335
naive_semanal,2022,2022-02-15,759124.039,751446.91
naive_semanal,2022,2022-02-16,758265.98,752695.056
naive_semanal,2022,2022-02-17,744050.02,754962.027
naive_semanal,2022,2022-02-18,735427.048,749031.191
naive_semanal,2022,2022-02-19,677992.558,667785.4
naive_semanal,2022,2022-02-20,628491.111,636820.402
naive_semanal,2022,2022-02-21,726597.17,743317.962
naive_semanal,2022,2022-02-22,734120.281,750925.914
naive_semanal,2022,2022-02-23,732237.567,747390.312
naive_semanal,2022,2022-02-24,736907.737,744810.272
naive_semanal,2022,2022-02-25,742820.885,740017.479
naive_semanal,2022,2022-02-26,670693.047,664275.565
naive_semanal,2022,2022-02-27,618013.898,621167.542
naive_semanal,2022,2022-02-28,697748.424,730802.101
naive_semanal,2022,2022-03-01,722629.686,749835.836
naive_semanal,2022,2022-03-02,735689.298,744167.225
naive_semanal,2022,2022-03-03,742779.369,740268.037
naive_semanal,2022,2022-03-04,743386.909,735724.58
naive_semanal,2022,2022-03-05,660787.324,658451.851
naive_semanal,2022,2022-03-06,620251.472,622685.66
naive_semanal,2022,2022-03-07,732493.133,742936.38
naive_semanal,2022,2022-03-08,735113.962,758352.519
naive_semanal,2022,2022-03-09,726757.341,750796.647
naive_semanal,2022,2022-03-10,722215.252,739481.269
naive_semanal,2022,2022-03-11,731329.705,729092.448
naive_semanal,2022,2022-03-12,642182.296,646301.497
naive_semanal,2022,2022-03-13,593322.595,606540.412
naive_semanal,2022,2022-03-14,726364.443,719293.522
naive_semanal,2022,2022-03-15,727251.646,732005.026
naive_semanal,2022,2022-03-16,728889.512,729775.728
naive_semanal,2022,2022-03-17,726425.305,741473.221
naive_semanal,2022,2022-03-18,704833.012,706043.651
naive_semanal,2022,2022-03-19,624061.488,670497.641
naive_semanal,2022,2022-03-20,591749.465,630102.703
naive_semanal,2022,2022-03-21,698550.305,735080.366
naive_semanal,2022,2022-03-22,717641.0,739437.425
naive_semanal,2022,2022-03-23,719548.211,731621.692
naive_semanal,2022,2022-03-24,725071.963,726346.417
naive_semanal,2022,2022-03-25,706766.452,719331.777
naive_semanal,2022,2022-03-26,631663.488,648466.535
naive_semanal,2022,2022-03-27,554056.158,571635.074
naive_semanal,2022,2022-03-28,677673.545,691559.272
naive_semanal,2022,2022-03-29,692972.303,695256.722
naive_semanal,2022,2022-03-30,707690.926,679687.653
naive_semanal,2022,2022-03-31,705601.198,603780.936
naive_semanal,2022,2022-04-01,710892.602,558137.662
naive_semanal,2022,2022-04-02,645549.332,577877.662
naive_semanal,2022,2022-04-03,613758.289,551346.366
naive_semanal,2022,2022-04-04,744100.153,604043.925
naive_semanal,2022,2022-04-05,762729.139,678937.062
naive_semanal,2022,2022-04-06,744533.256,706832.348
naive_semanal,2022,2022-04-07,722876.934,711274.992
naive_semanal,2022,2022-04-08,707077.849,713789.777
naive_semanal,2022,2022-04-09,621527.143,641313.52
naive_semanal,2022,2022-04-10,574809.756,594071.686
naive_semanal,2022,2022-04-11,667783.117,692941.728
naive_semanal,2022,2022-04-12,687251.619,717396.928
naive_semanal,2022,2022-04-13,685363.179,716654.185
naive_semanal,2022,2022-04-14,585210.51,722238.709
naive_semanal,2022,2022-04-15,536448.535,713583.273
naive_semanal,2022,2022-04-16,551086.712,642865.34
naive_semanal,2022,2022-04-17,527257.849,593293.117
naive_semanal,2022,2022-04-18,580335.76,697833.818
naive_semanal,2022,2022-04-19,657825.815,709788.735
naive_semanal,2022,2022-04-20,698469.112,710848.815
naive_semanal,2022,2022-04-21,697710.847,713242.666
naive_semanal,2022,2022-04-22,695637.89,685398.678
naive_semanal,2022,2022-04-23,628779.932,620321.236
naive_semanal,2022,2022-04-24,571994.039,584849.257
naive_semanal,2022,2022-04-25,654714.455,689249.537
naive_semanal,2022,2022-04-26,677540.715,703092.56
naive_semanal,2022,2022-04-27,687613.611,698342.061
naive_semanal,2022,2022-04-28,688510.063,697918.72
naive_semanal,2022,2022-04-29,669022.367,688956.526
naive_semanal,2022,2022-04-30,592600.643,577472.256
naive_semanal,2022,2022-05-01,528390.929,559173.805
naive_semanal,2022,2022-05-02,614138.744,667365.198
naive_semanal,2022,2022-05-03,677392.499,689998.019
naive_semanal,2022,2022-05-04,687315.435,690651.1
naive_semanal,2022,2022-05-05,680762.673,689028.329
naive_semanal,2022,2022-05-06,668597.638,681399.427
naive_semanal,2022,2022-05-07,596496.276,612800.041
naive_semanal,2022,2022-05-08,550457.934,573950.672
naive_semanal,2022,2022-05-09,650598.557,672517.486
naive_semanal,2022,2022-05-10,673774.152,690260.839
naive_semanal,2022,2022-05-11,678560.086,696396.062
naive_semanal,2022,2022-05-12,683981.303,695282.254
naive_semanal,2022,2022-05-13,678906.624,688397.416
naive_semanal,2022,2022-05-14,613471.345,622863.597
naive_semanal,2022,2022-05-15,565340.711,580577.79
naive_semanal,2022,2022-05-16,658606.234,668878.06
naive_semanal,2022,2022-05-17,689159.568,696787.021
naive_semanal,2022,2022-05-18,701701.58,698169.314
naive_semanal,2022,2022-05-19,716668.676,697758.698
naive_semanal,2022,2022-05-20,714896.579,691966.356
naive_semanal,2022,2022-05-21,645687.218,621633.202
naive_semanal,2022,2022-05-22,591016.568,574180.28
naive_semanal,2022,2022-05-23,692293.672,659025.584
naive_semanal,2022,2022-05-24,699490.143,687452.59
naive_semanal,2022,2022-05-25,683203.914,692338.143
naive_semanal,2022,2022-05-26,688924.599,694593.137
naive_semanal,2022,2022-05-27,691167.658,687217.66
naive_semanal,2022,2022-05-28,628739.734,625581.869
naive_semanal,2022,2022-05-29,579504.708,579605.519
naive_semanal,2022,2022-05-30,672096.948,683327.24
naive_semanal,2022,2022-05-31,699889.965,696048.627
naive_semanal,2022,2022-06-01,709660.649,700505.017
naive_semanal,2022,2022-06-02,714096.111,698600.649
naive_semanal,2022,2022-06-03,711460.499,692965.661
naive_semanal,2022,2022-06-04,632752.836,622988.965
naive_semanal,2022,2022-06-05,583681.514,576739.713
naive_semanal,2022,2022-06-06,671690.704,687687.127
naive_semanal,2022,2022-06-07,720817.352,719311.181
naive_semanal,2022,2022-06-08,734652.173,727998.479
naive_semanal,2022,2022-06-09,740426.075,739161.249
naive_semanal,2022,2022-06-10,740712.627,732773.334
naive_semanal,2022,2022-06-11,678773.887,663407.333
naive_semanal,2022,2022-06-12,633281.978,616205.06
naive_semanal,2022,2022-06-13,758638.075,737903.439
naive_semanal,2022,2022-06-14,798691.052,759440.415
naive_semanal,2022,2022-06-15,816499.073,755302.693
naive_semanal,2022,2022-06-16,810374.883,732968.196
naive_semanal,2022,2022-06-17,807731.237,720620.28
naive_semanal,2022,2022-06-18,721874.37,646908.276
naive_semanal,2022,2022-06-19,639567.443,594444.33
naive_semanal,2022,2022-06-20,746482.216,695310.81
naive_semanal,2022,2022-06-21,754336.941,710395.742
naive_semanal,2022,2022-06-22,735366.573,701339.201
naive_semanal,2022,2022-06-23,712244.518,667378.472
naive_semanal,2022,2022-06-24,658105.271,694493.443
naive_semanal,2022,2022-06-25,634796.661,651121.08
naive_semanal,2022,2022-06-26,597120.111,606935.474
naive_semanal,2022,2022-06-27,697550.971,706509.225
naive_semanal,2022,2022-06-28,717423.769,727913.028
naive_semanal,2022,2022-06-29,727046.257,744980.042
naive_semanal,2022,2022-06-30,724490.783,745646.823
naive_semanal,2022,2022-07-01,714296.439,751071.94
naive_semanal,2022,2022-07-02,664621.873,686746.086
naive_semanal,2022,2022-07-03,628386.931,645197.787
naive_semanal,2022,2022-07-04,734811.021,756482.667
naive_semanal,2022,2022-07-05,766576.117,765521.607
naive_semanal,2022,2022-07-06,763815.16,749498.243
naive_semanal,2022,2022-07-07,756028.699,743139.951
naive_semanal,2022,2022-07-08,760229.022,749361.516
naive_semanal,2022,2022-07-09,692390.322,698499.464
naive_semanal,2022,2022-07-10,652462.732,662579.088
naive_semanal,2022,2022-07-11,781323.554,763113.617
naive_semanal,2022,2022-07-12,811270.388,739886.353
naive_semanal,2022,2022-07-13,827870.215,742631.422
naive_semanal,2022,2022-07-14,836258.259,749381.936
naive_semanal,2022,2022-07-15,831856.371,755786.802
naive_semanal,2022,2022-07-16,748679.261,703589.58
naive_semanal,2022,2022-07-17,698666.051,657129.066
naive_semanal,2022,2022-07-18,822023.508,770181.187
naive_semanal,2022,2022-07-19,823558.586,786064.039
naive_semanal,2022,2022-07-20,823283.426,796392.983
naive_semanal,2022,2022-07-21,836727.903,807661.031
naive_semanal,2022,2022-07-22,831424.411,801290.966
naive_semanal,2022,2022-07-23,735091.226,708875.188
naive_semanal,2022,2022-07-24,687821.417,647414.033
naive_semanal,2022,2022-07-25,787876.394,741788.852
naive_semanal,2022,2022-07-26,824187.447,764664.988
naive_semanal,2022,2022-07-27,806232.992,777471.567
naive_semanal,2022,2022-07-28,800376.722,786049.111
naive_semanal,2022,2022-07-29,793992.235,780535.725
naive_semanal,2022,2022-07-30,718385.467,688602.143
naive_semanal,2022,2022-07-31,675415.017,610030.071
naive_semanal,2022,2022-08-01,782866.189,692296.539
naive_semanal,2022,2022-08-02,800030.828,716478.894
naive_semanal,2022,2022-08-03,795863.729,726929.59
naive_semanal,2022,2022-08-04,789564.733,737222.091
naive_semanal,2022,2022-08-05,772886.414,733401.456
naive_semanal,2022,2022-08-06,699119.098,676412.684
naive_semanal,2022,2022-08-07,647889.366,615001.22
naive_semanal,2022,2022-08-08,727811.301,688277.519
naive_semanal,2022,2022-08-09,745979.959,712411.101
naive_semanal,2022,2022-08-10,754636.552,735965.665
naive_semanal,2022,2022-08-11,750843.942,755611.095
naive_semanal,2022,2022-08-12,750786.746,762760.446
naive_semanal,2022,2022-08-13,698246.392,734160.936
naive_semanal,2022,2022-08-14,629884.456,692750.878
naive_semanal,2022,2022-08-15,622660.016,734676.191
naive_semanal,2022,2022-08-16,680755.938,734157.383
naive_semanal,2022,2022-08-17,677139.664,729662.489
naive_semanal,2022,2022-08-18,659330.261,723091.039
naive_semanal,2022,2022-08-19,661916.618,723168.05
naive_semanal,2022,2022-08-20,633699.219,680177.885
naive_semanal,2022,2022-08-21,602791.839,642547.886
naive_semanal,2022,2022-08-22,703153.961,740216.309
naive_semanal,2022,2022-08-23,730634.865,749610.14
naive_semanal,2022,2022-08-24,738558.459,738207.487
naive_semanal,2022,2022-08-25,736603.211,746460.103
naive_semanal,2022,2022-08-26,725562.063,752000.087
naive_semanal,2022,2022-08-27,656630.131,680131.728
naive_semanal,2022,2022-08-28,615465.721,625714.882
naive_semanal,2022,2022-08-29,727200.545,722450.384
naive_semanal,2022,2022-08-30,750924.467,747811.051
naive_semanal,2022,2022-08-31,740231.753,746405.192
naive_semanal,2022,2022-09-01,731641.339,733294.828
naive_semanal,2022,2022-09-02,732227.67,731068.102
naive_semanal,2022,2022-09-03,642236.01,661105.572
naive_semanal,2022,2022-09-04,596575.601,625947.506
naive_semanal,2022,2022-09-05,711057.502,750941.319
naive_semanal,2022,2022-09-06,727527.085,778331.589
naive_semanal,2022,2022-09-07,731678.0,758832.979
naive_semanal,2022,2022-09-08,715619.573,759765.067
naive_semanal,2022,2022-09-09,721661.277,743109.71
naive_semanal,2022,2022-09-10,653804.812,664034.519
naive_semanal,2022,2022-09-11,619822.057,624471.173
naive_semanal,2022,2022-09-12,743105.948,730599.845
naive_semanal,2022,2022-09-13,746416.15,744889.97
naive_semanal,2022,2022-09-14,722541.723,740655.596
naive_semanal,2022,2022-09-15,713473.613,726396.632
naive_semanal,2022,2022-09-16,708799.082,714163.921
naive_semanal,2022,2022-09-17,619334.834,639492.9
naive_semanal,2022,2022-09-18,574254.188,588068.278
naive_semanal,2022,2022-09-19,685476.662,692113.328
naive_semanal,2022,2022-09-20,704300.231,696775.737
naive_semanal,2022,2022-09-21,700070.02,701743.975
naive_semanal,2022,2022-09-22,695597.389,704545.814
naive_semanal,2022,2022-09-23,689988.523,697179.551
naive_semanal,2022,2022-09-24,602468.746,631054.818
naive_semanal,2022,2022-09-25,547492.934,582860.409
naive_semanal,2022,2022-09-26,638740.351,686152.044
naive_semanal,2022,2022-09-27,659456.712,706305.455
naive_semanal,2022,2022-09-28,663780.704,710112.398
naive_semanal,2022,2022-09-29,663785.856,702537.831
naive_semanal,2022,2022-09-30,649024.388,692944.543
naive_semanal,2022,2022-10-01,576530.486,630287.998
naive_semanal,2022,2022-10-02,536105.027,585692.62
naive_semanal,2022,2022-10-03,644976.653,665592.111
naive_semanal,2022,2022-10-04,667812.384,681284.754
naive_semanal,2022,2022-10-05,669204.132,695359.374
naive_semanal,2022,2022-10-06,675127.531,689344.379
naive_semanal,2022,2022-10-07,666351.834,685109.813
naive_semanal,2022,2022-10-08,589542.598,612730.729
naive_semanal,2022,2022-10-09,540796.45,568730.598
naive_semanal,2022,2022-10-10,644622.826,615641.185
naive_semanal,2022,2022-10-11,654510.421,577417.811
naive_semanal,2022,2022-10-12,557942.649,668727.443
naive_semanal,2022,2022-10-13,641378.909,682596.759
naive_semanal,2022,2022-10-14,654335.366,681763.233
naive_semanal,2022,2022-10-15,579414.681,616067.047
naive_semanal,2022,2022-10-16,540243.248,573616.151
naive_semanal,2022,2022-10-17,645458.789,675467.776
naive_semanal,2022,2022-10-18,666698.644,692280.722
naive_semanal,2022,2022-10-19,678778.124,693103.655
naive_semanal,2022,2022-10-20,683996.794,688480.315
naive_semanal,2022,2022-10-21,672847.573,682264.745
naive_semanal,2022,2022-10-22,586790.797,612018.709
naive_semanal,2022,2022-10-23,551003.213,571138.872
naive_semanal,2022,2022-10-24,646287.207,670783.825
naive_semanal,2022,2022-10-25,663966.837,692319.42
naive_semanal,2022,2022-10-26,669571.962,689359.293
naive_semanal,2022,2022-10-27,664276.72,691147.265
naive_semanal,2022,2022-10-28,653085.719,692264.935
naive_semanal,2022,2022-10-29,573082.907,626694.705
naive_semanal,2022,2022-10-30,547874.045,597247.186
naive_semanal,2022,2022-10-31,587498.589,576367.744
naive_semanal,2022,2022-11-01,538630.845,674854.716
naive_semanal,2022,2022-11-02,634187.151,695235.266
naive_semanal,2022,2022-11-03,656532.768,705890.141
naive_semanal,2022,2022-11-04,653078.471,717193.16
naive_semanal,2022,2022-11-05,571841.348,655441.422
naive_semanal,2022,2022-11-06,532238.943,616104.014
naive_semanal,2022,2022-11-07,612953.806,716917.625
naive_semanal,2022,2022-11-08,666701.201,728003.134
naive_semanal,2022,2022-11-09,661163.333,737414.445
naive_semanal,2022,2022-11-10,664449.942,738439.482
naive_semanal,2022,2022-11-11,664653.882,731746.944
naive_semanal,2022,2022-11-12,588358.835,652720.566
naive_semanal,2022,2022-11-13,542933.157,612965.856
naive_semanal,2022,2022-11-14,652741.12,725702.68
naive_semanal,2022,2022-11-15,651544.301,748837.812
naive_semanal,2022,2022-11-16,681393.885,753689.107
naive_semanal,2022,2022-11-17,679641.411,755571.919
naive_semanal,2022,2022-11-18,675636.087,746448.912
naive_semanal,2022,2022-11-19,603900.284,674480.947
naive_semanal,2022,2022-11-20,560680.142,622504.567
naive_semanal,2022,2022-11-21,686937.943,744436.995
naive_semanal,2022,2022-11-22,715617.289,774690.327
naive_semanal,2022,2022-11-23,701571.613,786755.043
naive_semanal,2022,2022-11-24,698309.438,787163.875
naive_semanal,2022,2022-11-25,682256.747,781000.985
naive_semanal,2022,2022-11-26,614741.775,716586.063
naive_semanal,2022,2022-11-27,582620.008,685695.321
naive_semanal,2022,2022-11-28,688907.474,782127.955
naive_semanal,2022,2022-11-29,712802.199,788505.669
naive_semanal,2022,2022-11-30,724740.32,797141.836
naive_semanal,2022,2022-12-01,730613.079,800194.435
naive_semanal,2022,2022-12-02,731618.823,790811.497
naive_semanal,2022,2022-12-03,659861.394,711448.518
naive_semanal,2022,2022-12-04,616327.939,660580.665
naive_semanal,2022,2022-12-05,707473.451,667195.846
naive_semanal,2022,2022-12-06,645078.436,710588.895
naive_semanal,2022,2022-12-07,693711.869,684008.281
naive_semanal,2022,2022-12-08,632319.537,782066.188
naive_semanal,2022,2022-12-09,671091.448,776257.295
naive_semanal,2022,2022-12-10,623146.186,692242.959
naive_semanal,2022,2022-12-11,606821.364,644678.964
naive_semanal,2022,2022-12-12,728180.46,758492.556
naive_semanal,2022,2022-12-13,732934.204,783341.736
naive_semanal,2022,2022-12-14,717540.301,787193.874
naive_semanal,2022,2022-12-15,712548.603,792100.159
naive_semanal,2022,2022-12-16,713514.912,783162.446
naive_semanal,2022,2022-12-17,629703.175,706205.51
naive_semanal,2022,2022-12-18,591386.911,660628.862
naive_semanal,2022,2022-12-19,708990.929,771478.461
naive_semanal,2022,2022-12-20,724156.043,772523.695
naive_semanal,2022,2022-12-21,711189.579,757320.524
naive_semanal,2022,2022-12-22,694814.032,729089.502
naive_semanal,2022,2022-12-23,657996.045,637631.538
naive_semanal,2022,2022-12-24,562091.314,547513.015
naive_semanal,2022,2022-12-25,489067.621,582595.459
naive_semanal,2022,2022-12-26,532343.828,657559.283
naive_semanal,2022,2022-12-27,612141.492,663701.614
naive_semanal,2022,2022-12-28,629989.307,657200.732
naive_semanal,2022,2022-12-29,637184.984,653602.373
naive_semanal,2022,2022-12-30,624064.594,611387.919
naive_semanal,2022,2022-12-31,559754.852,535144.786
naive_trend,2022,2022-01-01,535144.786,679445.3875168004
naive_trend,2022,2022-01-02,578855.186,683496.3108051164
naive_trend,2022,2022-01-03,691970.774,792474.7775237733
naive_trend,2022,2022-01-04,718047.874,805418.1379104735
naive_trend,2022,2022-01-05,715070.234,699128.9505186094
naive_trend,2022,2022-01-06,617936.351,853083.9046110421
naive_trend,2022,2022-01-07,703004.57,871091.9316372526
naive_trend,2022,2022-01-08,686615.314,772175.2523204352
naive_trend,2022,2022-01-09,657099.904,734580.8481121248
naive_trend,2022,2022-01-10,756621.212,850505.3094950609
naive_trend,2022,2022-01-11,771711.078,873849.2571144872
naive_trend,2022,2022-01-12,777310.213,873645.1416297979
naive_trend,2022,2022-01-13,788572.283,872310.0391119423
naive_trend,2022,2022-01-14,796150.956,858109.2333960265
naive_trend,2022,2022-01-15,717164.143,763892.6473286712
naive_trend,2022,2022-01-16,672381.068,707945.8793067122
naive_trend,2022,2022-01-17,790794.183,826419.0552126906
naive_trend,2022,2022-01-18,809453.033,844889.2518524711
naive_trend,2022,2022-01-19,813885.767,849065.6548584016
naive_trend,2022,2022-01-20,813841.104,816461.6002487818
naive_trend,2022,2022-01-21,812933.383,793362.1534469157
naive_trend,2022,2022-01-22,728531.886,718467.1232633388
naive_trend,2022,2022-01-23,681487.178,654078.37776748
naive_trend,2022,2022-01-24,800222.601,774030.8407367234
naive_trend,2022,2022-01-25,803957.158,769678.0030346632
naive_trend,2022,2022-01-26,800205.701,752228.8691133488
naive_trend,2022,2022-01-27,794878.473,743021.8100612612
naive_trend,2022,2022-01-28,786143.822,732120.4073551898
naive_trend,2022,2022-01-29,698969.016,671231.4757355045
naive_trend,2022,2022-01-30,648503.898,630761.7764225567
naive_trend,2022,2022-01-31,761832.783,724256.2944266768
naive_trend,2022,2022-02-01,774260.763,740939.8135444116
naive_trend,2022,2022-02-02,762494.554,742953.4154170705
naive_trend,2022,2022-02-03,760780.897,741333.9929263071
naive_trend,2022,2022-02-04,756896.641,741103.921147912
naive_trend,2022,2022-02-05,682674.839,672226.356488095
naive_trend,2022,2022-02-06,635247.08,634263.0441866905
naive_trend,2022,2022-02-07,746724.421,756711.8547515768
naive_trend,2022,2022-02-08,756678.724,788212.636068721
naive_trend,2022,2022-02-09,755748.252,766776.0726227121
naive_trend,2022,2022-02-10,762082.393,756849.7604182132
naive_trend,2022,2022-02-11,754633.793,743864.2602473056
naive_trend,2022,2022-02-12,679947.691,663068.2103809521
naive_trend,2022,2022-02-13,635776.528,626467.5805324712
naive_trend,2022,2022-02-14,741719.03,742732.3795124056
naive_trend,2022,2022-02-15,759124.039,750356.8785242356
naive_trend,2022,2022-02-16,758265.98,751603.2139925689
naive_trend,2022,2022-02-17,744050.02,753866.8965769646
naive_trend,2022,2022-02-18,735427.048,747944.663710242
naive_trend,2022,2022-02-19,677992.558,666816.725972109
naive_trend,2022,2022-02-20,628491.111,635896.6450807136
naive_trend,2022,2022-02-21,726597.17,742239.7221878475
naive_trend,2022,2022-02-22,734120.281,749836.6382689611
naive_trend,2022,2022-02-23,732237.567,746306.1649312985
naive_trend,2022,2022-02-24,736907.737,743729.8674775399
naive_trend,2022,2022-02-25,742820.885,738944.0267920113
naive_trend,2022,2022-02-26,670693.047,663311.9822574331
naive_trend,2022,2022-02-27,618013.898,620266.490756735
naive_trend,2022,2022-02-28,697748.424,729742.0164058072
naive_trend,2022,2022-03-01,722629.686,748748.1415108496
naive_trend,2022,2022-03-02,735689.298,743087.753266618
naive_trend,2022,2022-03-03,742779.369,739194.2213383821
naive_trend,2022,2022-03-04,743386.909,734657.3549718292
naive_trend,2022,2022-03-05,660787.324,657496.7160020195
naive_trend,2022,2022-03-06,620251.472,621782.4066099407
naive_trend,2022,2022-03-07,732493.133,741858.6937018549
naive_trend,2022,2022-03-08,735113.962,757252.470407831
naive_trend,2022,2022-03-09,726757.341,749707.5587806761
naive_trend,2022,2022-03-10,722215.252,738408.5946058126
naive_trend,2022,2022-03-11,731329.705,728034.8433888344
naive_trend,2022,2022-03-12,642182.296,645363.9870239942
naive_trend,2022,2022-03-13,593322.595,605660.5785325856
naive_trend,2022,2022-03-14,726364.443,718250.1314838377
naive_trend,2022,2022-03-15,727251.646,730943.1964706753
naive_trend,2022,2022-03-16,728889.512,728717.1322386988
naive_trend,2022,2022-03-17,726425.305,740397.6571263972
naive_trend,2022,2022-03-18,704833.012,705019.4804396956
naive_trend,2022,2022-03-19,624061.488,669525.0326581601
naive_trend,2022,2022-03-20,591749.465,629188.6906192262
naive_trend,2022,2022-03-21,698550.305,734014.0754537305
naive_trend,2022,2022-03-22,717641.0,738364.8142049032
naive_trend,2022,2022-03-23,719548.211,730560.4185260935
naive_trend,2022,2022-03-24,725071.963,725292.7957177743
naive_trend,2022,2022-03-25,706766.452,718288.3309920211
naive_trend,2022,2022-03-26,631663.488,647525.8844700379
naive_trend,2022,2022-03-27,554056.158,570805.873407092
naive_trend,2022,2022-03-28,677673.545,690556.1121442536
naive_trend,2022,2022-03-29,692972.303,694248.1987089576
naive_trend,2022,2022-03-30,707690.926,678701.713839696
naive_trend,2022,2022-03-31,705601.198,602905.105364531
naive_trend,2022,2022-04-01,710892.602,557328.0404401887
naive_trend,2022,2022-04-02,645549.332,577039.4060535871
naive_trend,2022,2022-04-03,613758.289,550546.5957368043
naive_trend,2022,2022-04-04,744100.153,603167.7128787814
naive_trend,2022,2022-04-05,762729.139,677952.2116296085
naive_trend,2022,2022-04-06,744533.256,705807.0333741026
naive_trend,2022,2022-04-07,722876.934,710243.2329776572
naive_trend,2022,2022-04-08,707077.849,712754.3700888067
naive_trend,2022,2022-04-09,621527.143,640383.2454678534
naive_trend,2022,2022-04-10,574809.756,593209.9393776066
naive_trend,2022,2022-04-11,667783.117,691936.562785613
naive_trend,2022,2022-04-12,687251.619,716356.2886391479
naive_trend,2022,2022-04-13,685363.179,715614.6230449335
naive_trend,2022,2022-04-14,585210.51,721191.0462638189
naive_trend,2022,2022-04-15,536448.535,712548.1656387242
naive_trend,2022,2022-04-16,551086.712,641932.8144337188
naive_trend,2022,2022-04-17,527257.849,592432.4997517577
naive_trend,2022,2022-04-18,580335.76,696821.5564332143
naive_trend,2022,2022-04-19,657825.815,708759.1319076231
naive_trend,2022,2022-04-20,698469.112,709817.6741801384
naive_trend,2022,2022-04-21,697710.847,712208.0527153461
naive_trend,2022,2022-04-22,695637.89,684404.4545591619
naive_trend,2022,2022-04-23,628779.932,619421.4123886087
naive_trend,2022,2022-04-24,571994.039,584000.8882194199
naive_trend,2022,2022-04-25,654714.455,688249.7275923253
naive_trend,2022,2022-04-26,677540.715,702072.6702239203
naive_trend,2022,2022-04-27,687613.611,697329.0621876951
naive_trend,2022,2022-04-28,688510.063,696906.3352763404
naive_trend,2022,2022-04-29,669022.367,687957.1416272925
naive_trend,2022,2022-04-30,592600.643,576634.5881261369
naive_trend,2022,2022-05-01,528390.929,558362.6804351616
naive_trend,2022,2022-05-02,614138.744,666397.1335073936
naive_trend,2022,2022-05-03,677392.499,688997.1238616793
naive_trend,2022,2022-05-04,687315.435,689649.2575175134
naive_trend,2022,2022-05-05,680762.673,688028.8404715245
naive_trend,2022,2022-05-06,668597.638,680411.0047799954
naive_trend,2022,2022-05-07,596496.276,611911.1274598009
naive_trend,2022,2022-05-08,550457.934,573118.1124542882
naive_trend,2022,2022-05-09,650598.557,671541.9477178053
naive_trend,2022,2022-05-10,673774.152,689259.5626210772
naive_trend,2022,2022-05-11,678560.086,695385.8860087536
naive_trend,2022,2022-05-12,683981.303,694273.69367283
naive_trend,2022,2022-05-13,678906.624,687398.8426593033
naive_trend,2022,2022-05-14,613471.345,621960.0854986514
naive_trend,2022,2022-05-15,565340.711,579735.6173104753
naive_trend,2022,2022-05-16,658606.234,667907.8009848313
naive_trend,2022,2022-05-17,689159.568,695776.277892687
naive_trend,2022,2022-05-18,701701.58,697156.5657704906
naive_trend,2022,2022-05-19,716668.676,696746.5454005457
naive_trend,2022,2022-05-20,714896.579,690962.6056376358
naive_trend,2022,2022-05-21,645687.218,620731.4752811288
naive_trend,2022,2022-05-22,591016.568,573347.3873902437
naive_trend,2022,2022-05-23,692293.672,658069.6167582237
naive_trend,2022,2022-05-24,699490.143,686455.3872020062
naive_trend,2022,2022-05-25,683203.914,691333.8533320283
naive_trend,2022,2022-05-26,688924.599,693585.5762899827
naive_trend,2022,2022-05-27,691167.658,686220.7979860207
naive_trend,2022,2022-05-28,628739.734,624674.4144362736
naive_trend,2022,2022-05-29,579504.708,578764.7566642592
naive_trend,2022,2022-05-30,672096.948,682336.0213391272
naive_trend,2022,2022-05-31,699889.965,695038.954989914
naive_trend,2022,2022-06-01,709660.649,699488.8806538397
naive_trend,2022,2022-06-02,714096.111,697587.2750859341
naive_trend,2022,2022-06-03,711460.499,691960.4610689577
naive_trend,2022,2022-06-04,632752.836,622085.2716427355
naive_trend,2022,2022-06-05,583681.514,575903.1077360389
naive_trend,2022,2022-06-06,671690.704,686689.5839880685
naive_trend,2022,2022-06-07,720817.352,718267.7648681015
naive_trend,2022,2022-06-08,734652.173,726942.4612749174
naive_trend,2022,2022-06-09,740426.075,738089.0388194093
naive_trend,2022,2022-06-10,740712.627,731710.3899808931
naive_trend,2022,2022-06-11,678773.887,662445.0096946544
naive_trend,2022,2022-06-12,633281.978,615311.2072181378
naive_trend,2022,2022-06-13,758638.075,736833.0533694505
naive_trend,2022,2022-06-14,798691.052,758338.7883311013
naive_trend,2022,2022-06-15,816499.073,754207.0684147587
naive_trend,2022,2022-06-16,810374.883,731904.9693185911
naive_trend,2022,2022-06-17,807731.237,719574.9649194254
naive_trend,2022,2022-06-18,721874.37,645969.8858444366
naive_trend,2022,2022-06-19,639567.443,593582.0428288548
naive_trend,2022,2022-06-20,746482.216,694302.2082501582
naive_trend,2022,2022-06-21,754336.941,709365.258397334
naive_trend,2022,2022-06-22,735366.573,700321.8546058582
naive_trend,2022,2022-06-23,712244.518,666410.3882524368
naive_trend,2022,2022-06-24,658105.271,693486.026903789
naive_trend,2022,2022-06-25,634796.661,650176.5788485697
naive_trend,2022,2022-06-26,597120.111,606055.0674648025
naive_trend,2022,2022-06-27,697550.971,705484.3790888392
naive_trend,2022,2022-06-28,717423.769,726857.1342281579
naive_trend,2022,2022-06-29,727046.257,743899.3912131117
naive_trend,2022,2022-06-30,724490.783,744565.2049960431
naive_trend,2022,2022-07-01,714296.439,749982.4524470291
naive_trend,2022,2022-07-02,664621.873,685749.9080403382
naive_trend,2022,2022-07-03,628386.931,644261.8780401461
naive_trend,2022,2022-07-04,734811.021,755385.3307718156
naive_trend,2022,2022-07-05,766576.117,764411.1590948941
naive_trend,2022,2022-07-06,763815.16,748411.038215433
naive_trend,2022,2022-07-07,756028.699,742061.9694064793
naive_trend,2022,2022-07-08,760229.022,748274.5095484509
naive_trend,2022,2022-07-09,692390.322,697486.2368625505
naive_trend,2022,2022-07-10,652462.732,661617.96612766
naive_trend,2022,2022-07-11,781323.554,762006.6620693923
naive_trend,2022,2022-07-12,811270.388,738813.0910003484
naive_trend,2022,2022-07-13,827870.215,741554.1780668634
naive_trend,2022,2022-07-14,836258.259,748294.8999276721
naive_trend,2022,2022-07-15,831856.371,754690.4751774607
naive_trend,2022,2022-07-16,748679.261,702568.9692582246
naive_trend,2022,2022-07-17,698666.051,656175.84980329
naive_trend,2022,2022-07-18,822023.508,769063.980016114
naive_trend,2022,2022-07-19,823558.586,784923.7927190266
naive_trend,2022,2022-07-20,823283.426,795237.7537921935
naive_trend,2022,2022-07-21,836727.903,806489.4566228582
naive_trend,2022,2022-07-22,831424.411,800128.6318915456
naive_trend,2022,2022-07-23,735091.226,707846.9100777335
naive_trend,2022,2022-07-24,687821.417,646474.9092050515
naive_trend,2022,2022-07-25,787876.394,740712.8302793822
naive_trend,2022,2022-07-26,824187.447,763555.7826865667
naive_trend,2022,2022-07-27,806232.992,776343.7847598124
naive_trend,2022,2022-07-28,800376.722,784908.8863732375
naive_trend,2022,2022-07-29,793992.235,779403.4979632176
naive_trend,2022,2022-07-30,718385.467,687603.2726870609
naive_trend,2022,2022-07-31,675415.017,609145.1755140997
naive_trend,2022,2022-08-01,782866.189,691292.3096818266
naive_trend,2022,2022-08-02,800030.828,715439.5863179964
naive_trend,2022,2022-08-03,795863.729,725875.1227805333
naive_trend,2022,2022-08-04,789564.733,736152.6937170717
naive_trend,2022,2022-08-05,772886.414,732337.6008416743
naive_trend,2022,2022-08-06,699119.098,675431.4954338426
naive_trend,2022,2022-08-07,647889.366,614109.1134805473
naive_trend,2022,2022-08-08,727811.301,687279.1195791133
naive_trend,2022,2022-08-09,745979.959,711377.6939642668
naive_trend,2022,2022-08-10,754636.552,734898.0902595145
naive_trend,2022,2022-08-11,750843.942,754515.0230539634
naive_trend,2022,2022-08-12,750786.746,761654.0033710615
naive_trend,2022,2022-08-13,698246.392,733095.9791575843
naive_trend,2022,2022-08-14,629884.456,691745.9896282009
naive_trend,2022,2022-08-15,622660.016,733610.4867406203
naive_trend,2022,2022-08-16,680755.938,733092.4313114837
naive_trend,2022,2022-08-17,677139.664,728604.0575005682
naive_trend,2022,2022-08-18,659330.261,722042.1398936703
naive_trend,2022,2022-08-19,661916.618,722119.0391832982
naive_trend,2022,2022-08-20,633699.219,679191.234720516
naive_trend,2022,2022-08-21,602791.839,641615.8209251355
naive_trend,2022,2022-08-22,703153.961,739142.5683738204
naive_trend,2022,2022-08-23,730634.865,748522.7729002376
naive_trend,2022,2022-08-24,738558.459,737136.6603244669
naive_trend,2022,2022-08-25,736603.211,745377.3052709198
naive_trend,2022,2022-08-26,725562.063,750909.2530984972
naive_trend,2022,2022-08-27,656630.131,679145.1446747907
naive_trend,2022,2022-08-28,615465.721,624807.234490698
naive_trend,2022,2022-08-29,727200.545,721402.4142129685
naive_trend,2022,2022-08-30,750924.467,746726.293617054
naive_trend,2022,2022-08-31,740231.753,745322.473923544
naive_trend,2022,2022-09-01,731641.339,732231.1275137804
naive_trend,2022,2022-09-02,732227.67,730007.6315509201
naive_trend,2022,2022-09-03,642236.01,660146.5875758267
naive_trend,2022,2022-09-04,596575.601,625039.5210517137
naive_trend,2022,2022-09-05,711057.502,749852.0209228251
naive_trend,2022,2022-09-06,727527.085,777202.5592318269
naive_trend,2022,2022-09-07,731678.0,757732.2334636878
naive_trend,2022,2022-09-08,715619.573,758662.9693984326
naive_trend,2022,2022-09-09,721661.277,742031.7722733731
naive_trend,2022,2022-09-10,653804.812,663071.2859131754
naive_trend,2022,2022-09-11,619822.057,623565.3295861551
naive_trend,2022,2022-09-12,743105.948,729540.0537936743
naive_trend,2022,2022-09-13,746416.15,743809.4498694678
naive_trend,2022,2022-09-14,722541.723,739581.218154277
naive_trend,2022,2022-09-15,713473.613,725342.9378770589
naive_trend,2022,2022-09-16,708799.082,713127.9713641896
naive_trend,2022,2022-09-17,619334.834,638565.2664170396
naive_trend,2022,2022-09-18,574254.188,587215.2397821457
naive_trend,2022,2022-09-19,685476.662,691109.364443458
naive_trend,2022,2022-09-20,704300.231,695765.010260996
naive_trend,2022,2022-09-21,700070.02,700726.0414500729
naive_trend,2022,2022-09-22,695597.389,703523.8161673413
naive_trend,2022,2022-09-23,689988.523,696168.2384977643
naive_trend,2022,2022-09-24,602468.746,630139.4245032687
naive_trend,2022,2022-09-25,547492.934,582014.9251962447
naive_trend,2022,2022-09-26,638740.351,685156.7277438988
naive_trend,2022,2022-09-27,659456.712,705280.9046728796
naive_trend,2022,2022-09-28,663780.704,709082.325409575
naive_trend,2022,2022-09-29,663785.856,701518.7459009539
naive_trend,2022,2022-09-30,649024.388,691939.3737022392
naive_trend,2022,2022-10-01,576530.486,629373.7168345926
naive_trend,2022,2022-10-02,536105.027,584843.0278565937
naive_trend,2022,2022-10-03,644976.653,664626.6185063114
naive_trend,2022,2022-10-04,667812.384,680296.498121992
naive_trend,2022,2022-10-05,669204.132,694350.701804345
naive_trend,2022,2022-10-06,675127.531,688344.4320167177
naive_trend,2022,2022-10-07,666351.834,684116.0085800376
naive_trend,2022,2022-10-08,589542.598,611841.9160021822
naive_trend,2022,2022-10-09,540796.45,567905.6105726776
naive_trend,2022,2022-10-10,644622.826,614748.1501621471
naive_trend,2022,2022-10-11,654510.421,576580.2221027924
naive_trend,2022,2022-10-12,557942.649,667757.4024663614
naive_trend,2022,2022-10-13,641378.909,681606.5999579397
naive_trend,2022,2022-10-14,654335.366,680774.2830514415
naive_trend,2022,2022-10-15,579414.681,615173.3944165977
naive_trend,2022,2022-10-16,540243.248,572784.0767026995
naive_trend,2022,2022-10-17,645458.789,674487.9580954928
naive_trend,2022,2022-10-18,666698.644,691276.5156256004
naive_trend,2022,2022-10-19,678778.124,692098.2548980588
naive_trend,2022,2022-10-20,683996.794,687481.6214079347
naive_trend,2022,2022-10-21,672847.573,681275.0675697549
naive_trend,2022,2022-10-22,586790.797,611130.9288418959
naive_trend,2022,2022-10-23,551003.213,570310.3911862156
naive_trend,2022,2022-10-24,646287.207,669810.8015262809
naive_trend,2022,2022-10-25,663966.837,691315.1574911783
naive_trend,2022,2022-10-26,669571.962,688359.3243828148
naive_trend,2022,2022-10-27,664276.72,690144.702792061
naive_trend,2022,2022-10-28,653085.719,691260.7515258568
naive_trend,2022,2022-10-29,573082.907,625785.6361821577
naive_trend,2022,2022-10-30,547874.045,596380.8330708866
naive_trend,2022,2022-10-31,587498.589,575531.6783056513
naive_trend,2022,2022-11-01,538630.845,673875.7873861236
naive_trend,2022,2022-11-02,634187.151,694226.7738325341
naive_trend,2022,2022-11-03,656532.768,704866.1931177446
naive_trend,2022,2022-11-04,653078.471,716152.8162202872
naive_trend,2022,2022-11-05,571841.348,654490.6538605718
naive_trend,2022,2022-11-06,532238.943,615210.307793124
naive_trend,2022,2022-11-07,612953.806,715877.6809049736
naive_trend,2022,2022-11-08,666701.201,726947.1095224821
naive_trend,2022,2022-11-09,661163.333,736344.7686928164
naive_trend,2022,2022-11-10,664449.942,737368.3187978955
naive_trend,2022,2022-11-11,664653.882,730685.4888384446
naive_trend,2022,2022-11-12,588358.835,651773.74467124
naive_trend,2022,2022-11-13,542933.157,612076.7019324041
naive_trend,2022,2022-11-14,652741.12,724649.9925077505
naive_trend,2022,2022-11-15,651544.301,747751.5652213386
naive_trend,2022,2022-11-16,681393.885,752595.8230452216
naive_trend,2022,2022-11-17,679641.411,754475.9038817614
naive_trend,2022,2022-11-18,675636.087,745366.130504325
naive_trend,2022,2022-11-19,603900.284,673502.5605667743
naive_trend,2022,2022-11-20,560680.142,621601.5762992504
naive_trend,2022,2022-11-21,686937.943,743357.1319445069
naive_trend,2022,2022-11-22,715617.289,773566.5791621119
naive_trend,2022,2022-11-23,701571.613,785613.7943646354
naive_trend,2022,2022-11-24,698309.438,786022.0333224094
naive_trend,2022,2022-11-25,682256.747,779868.0830678422
naive_trend,2022,2022-11-26,614741.775,715546.5998611281
naive_trend,2022,2022-11-27,582620.008,684700.6672556998
naive_trend,2022,2022-11-28,688907.474,780993.4183112733
naive_trend,2022,2022-11-29,712802.199,787361.8809471239
naive_trend,2022,2022-11-30,724740.32,795985.5205233835
naive_trend,2022,2022-12-01,730613.079,799033.6914940063
naive_trend,2022,2022-12-02,731618.823,789664.3641664557
naive_trend,2022,2022-12-03,659861.394,710416.5072648625
naive_trend,2022,2022-12-04,616327.939,659622.4419937581
naive_trend,2022,2022-12-05,707473.451,666228.0271654808
naive_trend,2022,2022-12-06,645078.436,709558.1312140678
naive_trend,2022,2022-12-07,693711.869,683016.074436833
naive_trend,2022,2022-12-08,632319.537,780931.7409090523
naive_trend,2022,2022-12-09,671091.448,775131.2741546396
naive_trend,2022,2022-12-10,623146.186,691238.8074037331
naive_trend,2022,2022-12-11,606821.364,643743.8076327682
naive_trend,2022,2022-12-12,728180.46,757392.3042734036
naive_trend,2022,2022-12-13,732934.204,782205.4386286795
naive_trend,2022,2022-12-14,717540.301,786051.988806555
naive_trend,2022,2022-12-15,712548.603,790951.1568632183
naive_trend,2022,2022-12-16,713514.912,782026.4087025991
naive_trend,2022,2022-12-17,629703.175,705181.1046507808
naive_trend,2022,2022-12-18,591386.911,659670.5690803067
naive_trend,2022,2022-12-19,708990.929,770359.3722205089
naive_trend,2022,2022-12-20,724156.043,771403.0900282877
naive_trend,2022,2022-12-21,711189.579,756221.9723958655
naive_trend,2022,2022-12-22,694814.032,728031.9016622338
naive_trend,2022,2022-12-23,657996.045,636706.6044656268
naive_trend,2022,2022-12-24,562091.314,546718.8053069417
naive_trend,2022,2022-12-25,489067.621,581750.3595265755
naive_trend,2022,2022-12-26,532343.828,656605.4427404784
naive_trend,2022,2022-12-27,612141.492,662738.8638174545
naive_trend,2022,2022-12-28,629989.307,656247.411846251
naive_trend,2022,2022-12-29,637184.984,652654.2725424384
naive_trend,2022,2022-12-30,624064.594,610501.0538512537
naive_trend,2022,2022-12-31,559754.852,534368.5173733431
sarimax_d,2022,2022-01-01,535144.786,552714.9587704022
sarimax_d,2022,2022-01-02,578855.186,569214.9614185279
sarimax_d,2022,2022-01-03,691970.774,674621.810912175
sarimax_d,2022,2022-01-04,718047.874,691056.5892157574
sarimax_d,2022,2022-01-05,715070.234,699767.6531057082
sarimax_d,2022,2022-01-06,617936.351,717376.4474267223
sarimax_d,2022,2022-01-07,703004.57,682270.2720229744
sarimax_d,2022,2022-01-08,686615.314,613275.3843044714
sarimax_d,2022,2022-01-09,657099.904,591626.7466761325
sarimax_d,2022,2022-01-10,756621.212,676814.5486379622
sarimax_d,2022,2022-01-11,771711.078,704396.9311611122
sarimax_d,2022,2022-01-12,777310.213,713072.4511965628
sarimax_d,2022,2022-01-13,788572.283,732201.5455305497
sarimax_d,2022,2022-01-14,796150.956,700030.468523846
sarimax_d,2022,2022-01-15,717164.143,634146.0358235515
sarimax_d,2022,2022-01-16,672381.068,629729.9944373909
sarimax_d,2022,2022-01-17,790794.183,725896.000516175
sarimax_d,2022,2022-01-18,809453.033,745601.331289637
sarimax_d,2022,2022-01-19,813885.767,738853.4248636067
sarimax_d,2022,2022-01-20,813841.104,731306.2950238576
sarimax_d,2022,2022-01-21,812933.383,696961.5301262996
sarimax_d,2022,2022-01-22,728531.886,630253.2737767958
sarimax_d,2022,2022-01-23,681487.178,625809.7759158688
sarimax_d,2022,2022-01-24,800222.601,719698.8861599292
sarimax_d,2022,2022-01-25,803957.158,732435.1197585284
sarimax_d,2022,2022-01-26,800205.701,729561.0001661255
sarimax_d,2022,2022-01-27,794878.473,727104.7282491787
sarimax_d,2022,2022-01-28,786143.822,688554.0245468933
sarimax_d,2022,2022-01-29,698969.016,617326.4355665328
sarimax_d,2022,2022-01-30,648503.898,609595.3716685191
sarimax_d,2022,2022-01-31,761832.783,707067.1139504266
sarimax_d,2022,2022-02-01,774260.763,712960.4476925245
sarimax_d,2022,2022-02-02,762494.554,702681.6418404283
sarimax_d,2022,2022-02-03,760780.897,707802.9713506752
sarimax_d,2022,2022-02-04,756896.641,665839.06613862
sarimax_d,2022,2022-02-05,682674.839,594956.3285409734
sarimax_d,2022,2022-02-06,635247.08,603202.0025696588
sarimax_d,2022,2022-02-07,746724.421,700102.339544181
sarimax_d,2022,2022-02-08,756678.724,713876.1271263646
sarimax_d,2022,2022-02-09,755748.252,711145.9835264396
sarimax_d,2022,2022-02-10,762082.393,713076.9619906511
sarimax_d,2022,2022-02-11,754633.793,669364.2103987148
sarimax_d,2022,2022-02-12,679947.691,602960.2062029317
sarimax_d,2022,2022-02-13,635776.528,593058.028585084
sarimax_d,2022,2022-02-14,741719.03,690557.7129414366
sarimax_d,2022,2022-02-15,759124.039,718500.563828551
sarimax_d,2022,2022-02-16,758265.98,699579.2087063937
sarimax_d,2022,2022-02-17,744050.02,694728.4240593902
sarimax_d,2022,2022-02-18,735427.048,658351.2832652889
sarimax_d,2022,2022-02-19,677992.558,595285.7441191304
sarimax_d,2022,2022-02-20,628491.111,599937.6685075007
sarimax_d,2022,2022-02-21,726597.17,687962.7007201009
sarimax_d,2022,2022-02-22,734120.281,703092.3198710611
sarimax_d,2022,2022-02-23,732237.567,699918.412724961
sarimax_d,2022,2022-02-24,736907.737,700401.528846895
sarimax_d,2022,2022-02-25,742820.885,667643.352658841
sarimax_d,2022,2022-02-26,670693.047,599439.484026787
sarimax_d,2022,2022-02-27,618013.898,591695.544381626
sarimax_d,2022,2022-02-28,697748.424,688653.9253723426
sarimax_d,2022,2022-03-01,722629.686,707787.2466838502
sarimax_d,2022,2022-03-02,735689.298,694643.183657069
sarimax_d,2022,2022-03-03,742779.369,704731.286487011
sarimax_d,2022,2022-03-04,743386.909,669495.241117114
sarimax_d,2022,2022-03-05,660787.324,607355.6209996603
sarimax_d,2022,2022-03-06,620251.472,605982.403366602
sarimax_d,2022,2022-03-07,732493.133,703169.0074945973
sarimax_d,2022,2022-03-08,735113.962,718839.8361265035
sarimax_d,2022,2022-03-09,726757.341,708936.560194797
sarimax_d,2022,2022-03-10,722215.252,703603.207133125
sarimax_d,2022,2022-03-11,731329.705,664259.1203803141
sarimax_d,2022,2022-03-12,642182.296,595103.2268220892
sarimax_d,2022,2022-03-13,593322.595,589543.7195953918
sarimax_d,2022,2022-03-14,726364.443,691659.9726819291
sarimax_d,2022,2022-03-15,727251.646,690944.2822717507
sarimax_d,2022,2022-03-16,728889.512,686479.2699723056
sarimax_d,2022,2022-03-17,726425.305,693170.0874901592
sarimax_d,2022,2022-03-18,704833.012,658957.7915182117
sarimax_d,2022,2022-03-19,624061.488,591803.7527925775
sarimax_d,2022,2022-03-20,591749.465,584894.4606492392
sarimax_d,2022,2022-03-21,698550.305,682804.8622612981
sarimax_d,2022,2022-03-22,717641.0,705544.1294534199
sarimax_d,2022,2022-03-23,719548.211,702305.0087255413
sarimax_d,2022,2022-03-24,725071.963,703009.82370428
sarimax_d,2022,2022-03-25,706766.452,658938.2294419248
sarimax_d,2022,2022-03-26,631663.488,591073.4344188994
sarimax_d,2022,2022-03-27,554056.158,580251.7223177498
sarimax_d,2022,2022-03-28,677673.545,682211.478578296
sarimax_d,2022,2022-03-29,692972.303,699284.2575354096
sarimax_d,2022,2022-03-30,707690.926,694617.1035226749
sarimax_d,2022,2022-03-31,705601.198,700473.2714386834
sarimax_d,2022,2022-04-01,710892.602,677228.7927273022
sarimax_d,2022,2022-04-02,645549.332,617684.410804423
sarimax_d,2022,2022-04-03,613758.289,619571.5428513649
sarimax_d,2022,2022-04-04,744100.153,713686.8971048676
sarimax_d,2022,2022-04-05,762729.139,729892.4229719745
sarimax_d,2022,2022-04-06,744533.256,705643.6070921395
sarimax_d,2022,2022-04-07,722876.934,685599.5549163421
sarimax_d,2022,2022-04-08,707077.849,645055.659310796
sarimax_d,2022,2022-04-09,621527.143,573134.9889351698
sarimax_d,2022,2022-04-10,574809.756,566545.2110829629
sarimax_d,2022,2022-04-11,667783.117,667416.0104559723
sarimax_d,2022,2022-04-12,687251.619,694817.5780897285
sarimax_d,2022,2022-04-13,685363.179,685944.5726267875
sarimax_d,2022,2022-04-14,585210.51,672362.5340740248
sarimax_d,2022,2022-04-15,536448.535,629803.7421924502
sarimax_d,2022,2022-04-16,551086.712,550188.6459084236
sarimax_d,2022,2022-04-17,527257.849,546957.0285162221
sarimax_d,2022,2022-04-18,580335.76,649458.0028698137
sarimax_d,2022,2022-04-19,657825.815,686418.9165897453
sarimax_d,2022,2022-04-20,698469.112,699885.8290608092
sarimax_d,2022,2022-04-21,697710.847,692935.3423290845
sarimax_d,2022,2022-04-22,695637.89,659055.60204417
sarimax_d,2022,2022-04-23,628779.932,591301.6589189164
sarimax_d,2022,2022-04-24,571994.039,576039.3501699571
sarimax_d,2022,2022-04-25,654714.455,669959.0834257205
sarimax_d,2022,2022-04-26,677540.715,682186.9823401354
sarimax_d,2022,2022-04-27,687613.611,680688.8884893799
sarimax_d,2022,2022-04-28,688510.063,680676.4264750469
sarimax_d,2022,2022-04-29,669022.367,633207.5475519315
sarimax_d,2022,2022-04-30,592600.643,555542.1405446887
sarimax_d,2022,2022-05-01,528390.929,547746.0332068327
sarimax_d,2022,2022-05-02,614138.744,661358.2802281266
sarimax_d,2022,2022-05-03,677392.499,686210.2541922325
sarimax_d,2022,2022-05-04,687315.435,675661.4288492397
sarimax_d,2022,2022-05-05,680762.673,668919.60451503
sarimax_d,2022,2022-05-06,668597.638,629412.5001971173
sarimax_d,2022,2022-05-07,596496.276,552829.5293769866
sarimax_d,2022,2022-05-08,550457.934,544596.5351443324
sarimax_d,2022,2022-05-09,650598.557,643511.1245406242
sarimax_d,2022,2022-05-10,673774.152,661894.5641817478
sarimax_d,2022,2022-05-11,678560.086,655232.0759924822
sarimax_d,2022,2022-05-12,683981.303,655962.9737692984
sarimax_d,2022,2022-05-13,678906.624,618581.6176260755
sarimax_d,2022,2022-05-14,613471.345,548154.1875326536
sarimax_d,2022,2022-05-15,565340.711,544596.5351443324
sarimax_d,2022,2022-05-16,658606.234,643511.1245406242
sarimax_d,2022,2022-05-17,689159.568,661894.5641817478
sarimax_d,2022,2022-05-18,701701.58,668227.6137566197
sarimax_d,2022,2022-05-19,716668.676,679104.3921819205
sarimax_d,2022,2022-05-20,714896.579,647807.811135889
sarimax_d,2022,2022-05-21,645687.218,585351.1610905981
sarimax_d,2022,2022-05-22,591016.568,562616.8306244765
sarimax_d,2022,2022-05-23,692293.672,643511.1245406242
sarimax_d,2022,2022-05-24,699490.143,661894.5641817478
sarimax_d,2022,2022-05-25,683203.914,659457.4895421723
sarimax_d,2022,2022-05-26,688924.599,655962.9737692984
sarimax_d,2022,2022-05-27,691167.658,618581.6176260755
sarimax_d,2022,2022-05-28,628739.734,566587.4767976749
sarimax_d,2022,2022-05-29,579504.708,552636.147489943
sarimax_d,2022,2022-05-30,672096.948,643511.1245406242
sarimax_d,2022,2022-05-31,699889.965,661894.5641817478
sarimax_d,2022,2022-06-01,709660.649,664662.1007471795
sarimax_d,2022,2022-06-02,714096.111,659101.7265343656
sarimax_d,2022,2022-06-03,711460.499,624914.1889941933
sarimax_d,2022,2022-06-04,632752.836,548154.1875326536
sarimax_d,2022,2022-06-05,583681.514,550116.8854021917
sarimax_d,2022,2022-06-06,671690.704,664477.4423528927
sarimax_d,2022,2022-06-07,720817.352,693970.4148072144
sarimax_d,2022,2022-06-08,734652.173,688560.6744320765
sarimax_d,2022,2022-06-09,740426.075,691576.8044852135
sarimax_d,2022,2022-06-10,740712.627,665401.34637166
sarimax_d,2022,2022-06-11,678773.887,608740.3757741464
sarimax_d,2022,2022-06-12,633281.978,613291.1680289154
sarimax_d,2022,2022-06-13,758638.075,722984.8952105034
sarimax_d,2022,2022-06-14,798691.052,751527.9819596075
sarimax_d,2022,2022-06-15,816499.073,748788.9347266757
sarimax_d,2022,2022-06-16,810374.883,748129.4200944052
sarimax_d,2022,2022-06-17,807731.237,718884.0415132642
sarimax_d,2022,2022-06-18,721874.37,639301.9158550631
sarimax_d,2022,2022-06-19,639567.443,580045.1683462966
sarimax_d,2022,2022-06-20,746482.216,666982.937981148
sarimax_d,2022,2022-06-21,754336.941,674766.2038104222
sarimax_d,2022,2022-06-22,735366.573,655232.0759924822
sarimax_d,2022,2022-06-23,712244.518,655962.9737692984
sarimax_d,2022,2022-06-24,658105.271,624556.2610472997
sarimax_d,2022,2022-06-25,634796.661,556386.5303112068
sarimax_d,2022,2022-06-26,597120.111,549662.5922388268
sarimax_d,2022,2022-06-27,697550.971,649017.7083389875
sarimax_d,2022,2022-06-28,717423.769,677216.6336006939
sarimax_d,2022,2022-06-29,727046.257,684306.8384478408
sarimax_d,2022,2022-06-30,724490.783,676722.7946891283
sarimax_d,2022,2022-07-01,714296.439,636794.6435391624
sarimax_d,2022,2022-07-02,664621.873,597121.4839595997
sarimax_d,2022,2022-07-03,628386.931,602016.4377017664
sarimax_d,2022,2022-07-04,734811.021,700999.8593955378
sarimax_d,2022,2022-07-05,766576.117,722150.357395339
sarimax_d,2022,2022-07-06,763815.16,689882.2545436837
sarimax_d,2022,2022-07-07,756028.699,694343.862843891
sarimax_d,2022,2022-07-08,760229.022,671499.8879283475
sarimax_d,2022,2022-07-09,692390.322,620400.5669671809
sarimax_d,2022,2022-07-10,652462.732,630334.04488485
sarimax_d,2022,2022-07-11,781323.554,732098.2913967948
sarimax_d,2022,2022-07-12,811270.388,759003.1694658857
sarimax_d,2022,2022-07-13,827870.215,767759.1159120376
sarimax_d,2022,2022-07-14,836258.259,776763.6558458947
sarimax_d,2022,2022-07-15,831856.371,735582.7568818011
sarimax_d,2022,2022-07-16,748679.261,664783.6323819896
sarimax_d,2022,2022-07-17,698666.051,660854.2855872789
sarimax_d,2022,2022-07-18,822023.508,746979.8341118718
sarimax_d,2022,2022-07-19,823558.586,743997.7286153455
sarimax_d,2022,2022-07-20,823283.426,733838.5597141192
sarimax_d,2022,2022-07-21,836727.903,744371.1766520222
sarimax_d,2022,2022-07-22,831424.411,716034.3843976111
sarimax_d,2022,2022-07-23,735091.226,636204.4624684837
sarimax_d,2022,2022-07-24,687821.417,647473.2869572559
sarimax_d,2022,2022-07-25,787876.394,744047.5782392432
sarimax_d,2022,2022-07-26,824187.447,742538.4839087792
sarimax_d,2022,2022-07-27,806232.992,723031.8890098311
sarimax_d,2022,2022-07-28,800376.722,728718.7122051744
sarimax_d,2022,2022-07-29,793992.235,697752.5261870448
sarimax_d,2022,2022-07-30,718385.467,624172.5768690598
sarimax_d,2022,2022-07-31,675415.017,633087.3367840317
sarimax_d,2022,2022-08-01,782866.189,744377.9732671451
sarimax_d,2022,2022-08-02,800030.828,762128.1557714569
sarimax_d,2022,2022-08-03,795863.729,759141.3122675989
sarimax_d,2022,2022-08-04,789564.733,749767.6287744183
sarimax_d,2022,2022-08-05,772886.414,704580.6900970154
sarimax_d,2022,2022-08-06,699119.098,633974.2960301465
sarimax_d,2022,2022-08-07,647889.366,632784.4746751217
sarimax_d,2022,2022-08-08,727811.301,726302.6119490174
sarimax_d,2022,2022-08-09,745979.959,753413.9869105469
sarimax_d,2022,2022-08-10,754636.552,752230.5496006529
sarimax_d,2022,2022-08-11,750843.942,745720.2896826213
sarimax_d,2022,2022-08-12,750786.746,719751.3284615064
sarimax_d,2022,2022-08-13,698246.392,629376.2985585132
sarimax_d,2022,2022-08-14,629884.456,616443.6872534784
sarimax_d,2022,2022-08-15,622660.016,696043.9339770107
sarimax_d,2022,2022-08-16,680755.938,711674.0817189526
sarimax_d,2022,2022-08-17,677139.664,676239.6931832385
sarimax_d,2022,2022-08-18,659330.261,664360.5140618025
sarimax_d,2022,2022-08-19,661916.618,646128.3030773882
sarimax_d,2022,2022-08-20,633699.219,600700.763428536
sarimax_d,2022,2022-08-21,602791.839,614502.6164645554
sarimax_d,2022,2022-08-22,703153.961,705804.3537596097
sarimax_d,2022,2022-08-23,730634.865,728303.96479001
sarimax_d,2022,2022-08-24,738558.459,732379.315007553
sarimax_d,2022,2022-08-25,736603.211,718916.9930440875
sarimax_d,2022,2022-08-26,725562.063,668223.4705683212
sarimax_d,2022,2022-08-27,656630.131,588613.8119911284
sarimax_d,2022,2022-08-28,615465.721,607757.0513115602
sarimax_d,2022,2022-08-29,727200.545,697668.3761975279
sarimax_d,2022,2022-08-30,750924.467,728882.1560888381
sarimax_d,2022,2022-08-31,740231.753,714056.1574184989
sarimax_d,2022,2022-09-01,731641.339,697221.0528785359
sarimax_d,2022,2022-09-02,732227.67,659523.0681669072
sarimax_d,2022,2022-09-03,642236.01,570345.7202400579
sarimax_d,2022,2022-09-04,596575.601,569472.527453439
sarimax_d,2022,2022-09-05,711057.502,671099.1093704246
sarimax_d,2022,2022-09-06,727527.085,695126.7974048707
sarimax_d,2022,2022-09-07,731678.0,679736.3738951993
sarimax_d,2022,2022-09-08,715619.573,685023.969765161
sarimax_d,2022,2022-09-09,721661.277,656687.17751075
sarimax_d,2022,2022-09-10,653804.812,594712.3535478158
sarimax_d,2022,2022-09-11,619822.057,606710.8003898711
sarimax_d,2022,2022-09-12,743105.948,699361.6507155246
sarimax_d,2022,2022-09-13,746416.15,688160.9688999411
sarimax_d,2022,2022-09-14,722541.723,655232.0759924822
sarimax_d,2022,2022-09-15,713473.613,655962.9737692984
sarimax_d,2022,2022-09-16,708799.082,618581.6176260755
sarimax_d,2022,2022-09-17,619334.834,548154.1875326536
sarimax_d,2022,2022-09-18,574254.188,546097.0792293864
sarimax_d,2022,2022-09-19,685476.662,643648.7891355833
sarimax_d,2022,2022-09-20,704300.231,661894.5641817478
sarimax_d,2022,2022-09-21,700070.02,655232.0759924822
sarimax_d,2022,2022-09-22,695597.389,655962.9737692984
sarimax_d,2022,2022-09-23,689988.523,618581.6176260755
sarimax_d,2022,2022-09-24,602468.746,548154.1875326536
sarimax_d,2022,2022-09-25,547492.934,544596.5351443324
sarimax_d,2022,2022-09-26,638740.351,644378.3776302983
sarimax_d,2022,2022-09-27,659456.712,661894.5641817478
sarimax_d,2022,2022-09-28,663780.704,655232.0759924822
sarimax_d,2022,2022-09-29,663785.856,660390.5290165816
sarimax_d,2022,2022-09-30,649024.388,629992.8424902075
sarimax_d,2022,2022-10-01,576530.486,551734.0517900299
sarimax_d,2022,2022-10-02,536105.027,544596.5351443324
sarimax_d,2022,2022-10-03,644976.653,643511.1245406242
sarimax_d,2022,2022-10-04,667812.384,661894.5641817478
sarimax_d,2022,2022-10-05,669204.132,655232.0759924822
sarimax_d,2022,2022-10-06,675127.531,655962.9737692984
sarimax_d,2022,2022-10-07,666351.834,618581.6176260755
sarimax_d,2022,2022-10-08,589542.598,548154.1875326536
sarimax_d,2022,2022-10-09,540796.45,544596.5351443324
sarimax_d,2022,2022-10-10,644622.826,643511.1245406242
sarimax_d,2022,2022-10-11,654510.421,661894.5641817478
sarimax_d,2022,2022-10-12,557942.649,655232.0759924822
sarimax_d,2022,2022-10-13,641378.909,655962.9737692984
sarimax_d,2022,2022-10-14,654335.366,618581.6176260755
sarimax_d,2022,2022-10-15,579414.681,548154.1875326536
sarimax_d,2022,2022-10-16,540243.248,544596.5351443324
sarimax_d,2022,2022-10-17,645458.789,643511.1245406242
sarimax_d,2022,2022-10-18,666698.644,661894.5641817478
sarimax_d,2022,2022-10-19,678778.124,655232.0759924822
sarimax_d,2022,2022-10-20,683996.794,655962.9737692984
sarimax_d,2022,2022-10-21,672847.573,618581.6176260755
sarimax_d,2022,2022-10-22,586790.797,548154.1875326536
sarimax_d,2022,2022-10-23,551003.213,544596.5351443324
sarimax_d,2022,2022-10-24,646287.207,643511.1245406242
sarimax_d,2022,2022-10-25,663966.837,661894.5641817478
sarimax_d,2022,2022-10-26,669571.962,655232.0759924822
sarimax_d,2022,2022-10-27,664276.72,655962.9737692984
sarimax_d,2022,2022-10-28,653085.719,618581.6176260755
sarimax_d,2022,2022-10-29,573082.907,548154.1875326536
sarimax_d,2022,2022-10-30,547874.045,549610.9533846282
sarimax_d,2022,2022-10-31,587498.589,653539.9610212157
sarimax_d,2022,2022-11-01,538630.845,668076.1877081462
sarimax_d,2022,2022-11-02,634187.151,666741.1113554497
sarimax_d,2022,2022-11-03,656532.768,666937.3117386323
sarimax_d,2022,2022-11-04,653078.471,639252.2363799603
sarimax_d,2022,2022-11-05,571841.348,581755.3542325805
sarimax_d,2022,2022-11-06,532238.943,575132.9728807497
sarimax_d,2022,2022-11-07,612953.806,671126.2887118236
sarimax_d,2022,2022-11-08,666701.201,682284.7928389711
sarimax_d,2022,2022-11-09,661163.333,671566.4292979969
sarimax_d,2022,2022-11-10,664449.942,683043.4405468643
sarimax_d,2022,2022-11-11,664653.882,646972.7450880359
sarimax_d,2022,2022-11-12,588358.835,564097.2988428266
sarimax_d,2022,2022-11-13,542933.157,565410.6092965092
sarimax_d,2022,2022-11-14,652741.12,665935.8115736241
sarimax_d,2022,2022-11-15,651544.301,676044.4830132716
sarimax_d,2022,2022-11-16,681393.885,671514.263698618
sarimax_d,2022,2022-11-17,679641.411,663663.9203776069
sarimax_d,2022,2022-11-18,675636.087,652697.919619869
sarimax_d,2022,2022-11-19,603900.284,597470.2410454709
sarimax_d,2022,2022-11-20,560680.142,584718.4017666206
sarimax_d,2022,2022-11-21,686937.943,675266.933162523
sarimax_d,2022,2022-11-22,715617.289,709110.9523195649
sarimax_d,2022,2022-11-23,701571.613,673985.608969193
sarimax_d,2022,2022-11-24,698309.438,683121.6889459325
sarimax_d,2022,2022-11-25,682256.747,650982.975540288
sarimax_d,2022,2022-11-26,614741.775,598546.1565326605
sarimax_d,2022,2022-11-27,582620.008,600048.5672840916
sarimax_d,2022,2022-11-28,688907.474,690707.9505786742
sarimax_d,2022,2022-11-29,712802.199,716922.7508265536
sarimax_d,2022,2022-11-30,724740.32,712086.0586155491
sarimax_d,2022,2022-12-01,730613.079,713312.5295864646
sarimax_d,2022,2022-12-02,731618.823,685405.7504304325
sarimax_d,2022,2022-12-03,659861.394,619608.017281887
sarimax_d,2022,2022-12-04,616327.939,611172.8813516397
sarimax_d,2022,2022-12-05,707473.451,703012.5113321696
sarimax_d,2022,2022-12-06,645078.436,707728.5639360243
sarimax_d,2022,2022-12-07,693711.869,706641.2741803775
sarimax_d,2022,2022-12-08,632319.537,702149.0913193824
sarimax_d,2022,2022-12-09,671091.448,660340.1799288763
sarimax_d,2022,2022-12-10,623146.186,595957.4386634831
sarimax_d,2022,2022-12-11,606821.364,601241.8553698837
sarimax_d,2022,2022-12-12,728180.46,684069.8780577106
sarimax_d,2022,2022-12-13,732934.204,683947.5713191732
sarimax_d,2022,2022-12-14,717540.301,683349.3340577035
sarimax_d,2022,2022-12-15,712548.603,696326.1062887139
sarimax_d,2022,2022-12-16,713514.912,669664.7808178527
sarimax_d,2022,2022-12-17,629703.175,603482.3263738878
sarimax_d,2022,2022-12-18,591386.911,601274.4588694955
sarimax_d,2022,2022-12-19,708990.929,699758.6820709114
sarimax_d,2022,2022-12-20,724156.043,709202.2421184779
sarimax_d,2022,2022-12-21,711189.579,690248.2345755616
sarimax_d,2022,2022-12-22,694814.032,685430.0167184484
sarimax_d,2022,2022-12-23,657996.045,647103.1590864832
sarimax_d,2022,2022-12-24,562091.314,585941.6435827364
sarimax_d,2022,2022-12-25,489067.621,585422.6373582355
sarimax_d,2022,2022-12-26,532343.828,686339.0816306922
sarimax_d,2022,2022-12-27,612141.492,713382.0107687115
sarimax_d,2022,2022-12-28,629989.307,708649.6497564648
sarimax_d,2022,2022-12-29,637184.984,701725.245824429
sarimax_d,2022,2022-12-30,624064.594,652078.4531272447
sarimax_d,2022,2022-12-31,559754.852,592586.2368036225
prophet,2022,2022-01-01,535144.786,474594.8279369207
prophet,2022,2022-01-02,578855.186,604032.9510844781
prophet,2022,2022-01-03,691970.774,713066.395843735
prophet,2022,2022-01-04,718047.874,727850.8478678274
prophet,2022,2022-01-05,715070.234,747869.5094762187
prophet,2022,2022-01-06,617936.351,643105.0724482575
prophet,2022,2022-01-07,703004.57,766649.3634126002
prophet,2022,2022-01-08,686615.314,697487.1459324849
prophet,2022,2022-01-09,657099.904,629362.9463707613
prophet,2022,2022-01-10,756621.212,724552.9442501456
prophet,2022,2022-01-11,771711.078,758492.9977154592
prophet,2022,2022-01-12,777310.213,783179.6358060066
prophet,2022,2022-01-13,788572.283,805020.7683981913
prophet,2022,2022-01-14,796150.956,811652.6652347408
prophet,2022,2022-01-15,717164.143,748007.5611907872
prophet,2022,2022-01-16,672381.068,700768.9096469195
prophet,2022,2022-01-17,790794.183,808416.0541439047
prophet,2022,2022-01-18,809453.033,832111.5327688416
prophet,2022,2022-01-19,813885.767,837148.2879132249
prophet,2022,2022-01-20,813841.104,825741.3342208129
prophet,2022,2022-01-21,812933.383,827016.2543743602
prophet,2022,2022-01-22,728531.886,759311.272620692
prophet,2022,2022-01-23,681487.178,708696.7111969749
prophet,2022,2022-01-24,800222.601,810205.7173681615
prophet,2022,2022-01-25,803957.158,822278.073612366
prophet,2022,2022-01-26,800205.701,828258.2531467963
prophet,2022,2022-01-27,794878.473,819310.5664345515
prophet,2022,2022-01-28,786143.822,812479.6775577641
prophet,2022,2022-01-29,698969.016,736556.796631673
prophet,2022,2022-01-30,648503.898,679448.7517241798
prophet,2022,2022-01-31,761832.783,782750.9538931753
prophet,2022,2022-02-01,774260.763,784943.2393822931
prophet,2022,2022-02-02,762494.554,780798.4260682403
prophet,2022,2022-02-03,760780.897,779465.2612762213
prophet,2022,2022-02-04,756896.641,767965.0094516284
prophet,2022,2022-02-05,682674.839,692133.8462498747
prophet,2022,2022-02-06,635247.08,653589.7465988093
prophet,2022,2022-02-07,746724.421,756700.2784659149
prophet,2022,2022-02-08,756678.724,768815.0393160182
prophet,2022,2022-02-09,755748.252,774512.7045599234
prophet,2022,2022-02-10,762082.393,770865.1958271697
prophet,2022,2022-02-11,754633.793,758926.1246592976
prophet,2022,2022-02-12,679947.691,690012.3642496039
prophet,2022,2022-02-13,635776.528,632329.731425247
prophet,2022,2022-02-14,741719.03,738023.4701990405
prophet,2022,2022-02-15,759124.039,768404.4486492763
prophet,2022,2022-02-16,758265.98,757213.5788116015
prophet,2022,2022-02-17,744050.02,747453.2879224127
prophet,2022,2022-02-18,735427.048,745577.7072100841
prophet,2022,2022-02-19,677992.558,681924.9709609991
prophet,2022,2022-02-20,628491.111,642257.9361272744
prophet,2022,2022-02-21,726597.17,737952.5881596094
prophet,2022,2022-02-22,734120.281,754223.2897449739
prophet,2022,2022-02-23,732237.567,761680.5395714351
prophet,2022,2022-02-24,736907.737,758267.3252870163
prophet,2022,2022-02-25,742820.885,760499.5981270463
prophet,2022,2022-02-26,670693.047,690585.9032334917
prophet,2022,2022-02-27,618013.898,636041.0037050545
prophet,2022,2022-02-28,697748.424,741313.1397966847
prophet,2022,2022-03-01,722629.686,761286.7523805106
prophet,2022,2022-03-02,735689.298,756147.6313896438
prophet,2022,2022-03-03,742779.369,762658.2364868531
prophet,2022,2022-03-04,743386.909,760770.1016134521
prophet,2022,2022-03-05,660787.324,696571.7233963491
prophet,2022,2022-03-06,620251.472,648091.6664282234
prophet,2022,2022-03-07,732493.133,752355.9763230735
prophet,2022,2022-03-08,735113.962,767114.5711701777
prophet,2022,2022-03-09,726757.341,764597.4572995971
prophet,2022,2022-03-10,722215.252,752266.153334073
prophet,2022,2022-03-11,731329.705,744746.4368475995
prophet,2022,2022-03-12,642182.296,671700.1598996541
prophet,2022,2022-03-13,593322.595,617799.7780669054
prophet,2022,2022-03-14,726364.443,727343.4980024112
prophet,2022,2022-03-15,727251.646,722899.0504852544
prophet,2022,2022-03-16,728889.512,726566.9041621352
prophet,2022,2022-03-17,726425.305,728182.3030758108
prophet,2022,2022-03-18,704833.012,726776.3989202194
prophet,2022,2022-03-19,624061.488,656345.1344083048
prophet,2022,2022-03-20,591749.465,601286.5119655578
prophet,2022,2022-03-21,698550.305,706451.7432458634
prophet,2022,2022-03-22,717641.0,729667.9400972032
prophet,2022,2022-03-23,719548.211,735337.0186812826
prophet,2022,2022-03-24,725071.963,730634.6889264741
prophet,2022,2022-03-25,706766.452,718432.2048209199
prophet,2022,2022-03-26,631663.488,647762.11342879
prophet,2022,2022-03-27,554056.158,588728.9167402061
prophet,2022,2022-03-28,677673.545,699077.0579663974
prophet,2022,2022-03-29,692972.303,716187.0702237844
prophet,2022,2022-03-30,707690.926,720587.0642441676
prophet,2022,2022-03-31,705601.198,722156.2664980913
prophet,2022,2022-04-01,710892.602,734282.797332427
prophet,2022,2022-04-02,645549.332,673421.5633077995
prophet,2022,2022-04-03,613758.289,629216.3428964713
prophet,2022,2022-04-04,744100.153,730586.3056851971
prophet,2022,2022-04-05,762729.139,746751.5263137716
prophet,2022,2022-04-06,744533.256,728551.8686314886
prophet,2022,2022-04-07,722876.934,700212.0383360173
prophet,2022,2022-04-08,707077.849,692383.5975028079
prophet,2022,2022-04-09,621527.143,617284.9321457751
prophet,2022,2022-04-10,574809.756,563390.8115487467
prophet,2022,2022-04-11,667783.117,672735.6671712465
prophet,2022,2022-04-12,687251.619,702074.8119305618
prophet,2022,2022-04-13,685363.179,701955.8353527614
prophet,2022,2022-04-14,585210.51,681472.7075125789
prophet,2022,2022-04-15,536448.535,541214.7891619201
prophet,2022,2022-04-16,551086.712,588348.1285374414
prophet,2022,2022-04-17,527257.849,538975.7899141698
prophet,2022,2022-04-18,580335.76,650921.9653215965
prophet,2022,2022-04-19,657825.815,692097.8069298582
prophet,2022,2022-04-20,698469.112,718648.0809973632
prophet,2022,2022-04-21,697710.847,706716.992538564
prophet,2022,2022-04-22,695637.89,707976.4285972789
prophet,2022,2022-04-23,628779.932,639173.7287542743
prophet,2022,2022-04-24,571994.039,576806.6416794781
prophet,2022,2022-04-25,654714.455,679718.7341253111
prophet,2022,2022-04-26,677540.715,693141.8902033588
prophet,2022,2022-04-27,687613.611,703168.9669138815
prophet,2022,2022-04-28,688510.063,699957.2369612218
prophet,2022,2022-04-29,669022.367,686111.1813840359
prophet,2022,2022-04-30,592600.643,606349.4579499625
prophet,2022,2022-05-01,528390.929,552999.4088226329
prophet,2022,2022-05-02,614138.744,678943.458796682
prophet,2022,2022-05-03,677392.499,707104.6476801346
prophet,2022,2022-05-04,687315.435,706690.6748005258
prophet,2022,2022-05-05,680762.673,695605.247055965
prophet,2022,2022-05-06,668597.638,690761.4295829033
prophet,2022,2022-05-07,596496.276,611951.5248316136
prophet,2022,2022-05-08,550457.934,557713.4593676712
prophet,2022,2022-05-09,650598.557,666215.6476592834
prophet,2022,2022-05-10,673774.152,686399.6870456319
prophet,2022,2022-05-11,678560.086,689950.3001319024
prophet,2022,2022-05-12,683981.303,686966.3504984719
prophet,2022,2022-05-13,678906.624,684053.3200431705
prophet,2022,2022-05-14,613471.345,611863.5361598047
prophet,2022,2022-05-15,565340.711,562583.2516452649
prophet,2022,2022-05-16,658606.234,670703.5601411209
prophet,2022,2022-05-17,689159.568,690585.375209126
prophet,2022,2022-05-18,701701.58,707239.9205823258
prophet,2022,2022-05-19,716668.676,714539.2567273444
prophet,2022,2022-05-20,714896.579,717852.1982575647
prophet,2022,2022-05-21,645687.218,653925.3230719042
prophet,2022,2022-05-22,591016.568,585194.4499575981
prophet,2022,2022-05-23,692293.672,675144.0366292329
prophet,2022,2022-05-24,699490.143,695403.5353165255
prophet,2022,2022-05-25,683203.914,704077.0925988166
prophet,2022,2022-05-26,688924.599,696600.5393853945
prophet,2022,2022-05-27,691167.658,694220.2675752895
prophet,2022,2022-05-28,628739.734,641570.8114705391
prophet,2022,2022-05-29,579504.708,582391.429711176
prophet,2022,2022-05-30,672096.948,683092.6050968688
prophet,2022,2022-05-31,699889.965,703828.8278916263
prophet,2022,2022-06-01,709660.649,717686.6967888984
prophet,2022,2022-06-02,714096.111,708968.0154233841
prophet,2022,2022-06-03,711460.499,710073.9038154826
prophet,2022,2022-06-04,632752.836,632144.3607549812
prophet,2022,2022-06-05,583681.514,589236.0324326907
prophet,2022,2022-06-06,671690.704,713830.2446606021
prophet,2022,2022-06-07,720817.352,745640.8897042252
prophet,2022,2022-06-08,734652.173,750675.7602995954
prophet,2022,2022-06-09,740426.075,750169.9555404219
prophet,2022,2022-06-10,740712.627,758791.0196900687
prophet,2022,2022-06-11,678773.887,700656.1188676645
prophet,2022,2022-06-12,633281.978,659514.4031572999
prophet,2022,2022-06-13,758638.075,778377.0561048125
prophet,2022,2022-06-14,798691.052,808223.968155665
prophet,2022,2022-06-15,816499.073,814990.4873392514
prophet,2022,2022-06-16,810374.883,809727.2242245934
prophet,2022,2022-06-17,807731.237,814252.8132694901
prophet,2022,2022-06-18,721874.37,731752.0236949443
prophet,2022,2022-06-19,639567.443,624448.0212994951
prophet,2022,2022-06-20,746482.216,719329.7451951061
prophet,2022,2022-06-21,754336.941,727382.846905334
prophet,2022,2022-06-22,735366.573,716577.9956869639
prophet,2022,2022-06-23,712244.518,712550.5185557078
prophet,2022,2022-06-24,658105.271,714856.7795725369
prophet,2022,2022-06-25,634796.661,644232.8087574025
prophet,2022,2022-06-26,597120.111,591125.2813285836
prophet,2022,2022-06-27,697550.971,699283.2007120397
prophet,2022,2022-06-28,717423.769,728977.9216476405
prophet,2022,2022-06-29,727046.257,746329.8602397097
prophet,2022,2022-06-30,724490.783,734792.928755374
prophet,2022,2022-07-01,714296.439,729484.7102669845
prophet,2022,2022-07-02,664621.873,689251.6989245577
prophet,2022,2022-07-03,628386.931,649286.6952710625
prophet,2022,2022-07-04,734811.021,758311.1253751597
prophet,2022,2022-07-05,766576.117,782004.668716081
prophet,2022,2022-07-06,763815.16,760187.5107324846
prophet,2022,2022-07-07,756028.699,762050.2455940327
prophet,2022,2022-07-08,760229.022,775170.0894430723
prophet,2022,2022-07-09,692390.322,723987.416410497
prophet,2022,2022-07-10,652462.732,689747.4162137362
prophet,2022,2022-07-11,781323.554,801964.014467623
prophet,2022,2022-07-12,811270.388,831657.0286666849
prophet,2022,2022-07-13,827870.215,851722.7550514905
prophet,2022,2022-07-14,836258.259,857827.8912209116
prophet,2022,2022-07-15,831856.371,851483.2562073022
prophet,2022,2022-07-16,748679.261,779179.6072496774
prophet,2022,2022-07-17,698666.051,729549.6422713986
prophet,2022,2022-07-18,822023.508,824323.9665554123
prophet,2022,2022-07-19,823558.586,821765.8642543786
prophet,2022,2022-07-20,823283.426,820640.093908045
prophet,2022,2022-07-21,836727.903,826350.4086259584
prophet,2022,2022-07-22,831424.411,831092.7874635669
prophet,2022,2022-07-23,735091.226,747390.7011967427
prophet,2022,2022-07-24,687821.417,711156.8549358608
prophet,2022,2022-07-25,787876.394,814474.2025547804
prophet,2022,2022-07-26,824187.447,811319.4768432556
prophet,2022,2022-07-27,806232.992,798610.2617808033
prophet,2022,2022-07-28,800376.722,797490.3237931867
prophet,2022,2022-07-29,793992.235,797852.5418861249
prophet,2022,2022-07-30,718385.467,719081.9139798022
prophet,2022,2022-07-31,675415.017,679207.9772630391
prophet,2022,2022-08-01,782866.189,796644.699284073
prophet,2022,2022-08-02,800030.828,812552.6435824279
prophet,2022,2022-08-03,795863.729,816401.1491280394
prophet,2022,2022-08-04,789564.733,799790.8806215603
prophet,2022,2022-08-05,772886.414,785832.6000053788
prophet,2022,2022-08-06,699119.098,710662.1943909926
prophet,2022,2022-08-07,647889.366,661280.1067616564
prophet,2022,2022-08-08,727811.301,761625.6402567102
prophet,2022,2022-08-09,745979.959,788493.6091351168
prophet,2022,2022-08-10,754636.552,795780.5982767853
prophet,2022,2022-08-11,750843.942,783884.9589854078
prophet,2022,2022-08-12,750786.746,791552.8561141638
prophet,2022,2022-08-13,698246.392,698180.2275948108
prophet,2022,2022-08-14,629884.456,638897.0952940593
prophet,2022,2022-08-15,622660.016,653941.6313661129
prophet,2022,2022-08-16,680755.938,744423.2167843924
prophet,2022,2022-08-17,677139.664,718745.1837948381
prophet,2022,2022-08-18,659330.261,703401.4439855294
prophet,2022,2022-08-19,661916.618,720940.3920435873
prophet,2022,2022-08-20,633699.219,675425.9147207327
prophet,2022,2022-08-21,602791.839,645175.0918121466
prophet,2022,2022-08-22,703153.961,746872.2828327619
prophet,2022,2022-08-23,730634.865,772432.9700687882
prophet,2022,2022-08-24,738558.459,788271.0255166005
prophet,2022,2022-08-25,736603.211,772116.9122154512
prophet,2022,2022-08-26,725562.063,756982.5268015901
prophet,2022,2022-08-27,656630.131,676808.4070634431
prophet,2022,2022-08-28,615465.721,652176.8121634971
prophet,2022,2022-08-29,727200.545,752389.5160395134
prophet,2022,2022-08-30,750924.467,786626.2416835946
prophet,2022,2022-08-31,740231.753,782669.6723606089
prophet,2022,2022-09-01,731641.339,762474.3761327048
prophet,2022,2022-09-02,732227.67,759933.1977241503
prophet,2022,2022-09-03,642236.01,669119.16493098
prophet,2022,2022-09-04,596575.601,623048.9262119438
prophet,2022,2022-09-05,711057.502,734263.8676108356
prophet,2022,2022-09-06,727527.085,760086.3795373385
prophet,2022,2022-09-07,731678.0,754469.6932622782
prophet,2022,2022-09-08,715619.573,755847.1223531507
prophet,2022,2022-09-09,721661.277,761807.2110234549
prophet,2022,2022-09-10,653804.812,697792.4692182061
prophet,2022,2022-09-11,619822.057,663867.6505912354
prophet,2022,2022-09-12,743105.948,764881.9368212454
prophet,2022,2022-09-13,746416.15,753650.8307476222
prophet,2022,2022-09-14,722541.723,729155.2699754285
prophet,2022,2022-09-15,713473.613,725006.9045616647
prophet,2022,2022-09-16,708799.082,720895.3356571619
prophet,2022,2022-09-17,619334.834,647466.580947224
prophet,2022,2022-09-18,574254.188,598435.5903374171
prophet,2022,2022-09-19,685476.662,703811.4848344328
prophet,2022,2022-09-20,704300.231,722132.3952543251
prophet,2022,2022-09-21,700070.02,723967.479522906
prophet,2022,2022-09-22,695597.389,719270.1473603958
prophet,2022,2022-09-23,689988.523,714638.7906793517
prophet,2022,2022-09-24,602468.746,640716.5076490098
prophet,2022,2022-09-25,547492.934,589678.8054858925
prophet,2022,2022-09-26,638740.351,697007.8158267036
prophet,2022,2022-09-27,659456.712,714044.8511921129
prophet,2022,2022-09-28,663780.704,715482.6866274398
prophet,2022,2022-09-29,663785.856,715534.4092274023
prophet,2022,2022-09-30,649024.388,718638.474407482
prophet,2022,2022-10-01,576530.486,635359.8175612624
prophet,2022,2022-10-02,536105.027,579921.757606531
prophet,2022,2022-10-03,644976.653,686032.8631139182
prophet,2022,2022-10-04,667812.384,703909.2994482545
prophet,2022,2022-10-05,669204.132,705241.3954622352
prophet,2022,2022-10-06,675127.531,700131.1128232912
prophet,2022,2022-10-07,666351.834,695184.5634493765
prophet,2022,2022-10-08,589542.598,621052.3373428482
prophet,2022,2022-10-09,540796.45,569916.7426700272
prophet,2022,2022-10-10,644622.826,676262.9382762726
prophet,2022,2022-10-11,654510.421,694444.182603564
prophet,2022,2022-10-12,557942.649,607508.7355345328
prophet,2022,2022-10-13,641378.909,691469.6897954649
prophet,2022,2022-10-14,654335.366,687010.1102043346
prophet,2022,2022-10-15,579414.681,613410.9308918238
prophet,2022,2022-10-16,540243.248,562844.677126668
prophet,2022,2022-10-17,645458.789,669785.6064643917
prophet,2022,2022-10-18,666698.644,688575.2789468517
prophet,2022,2022-10-19,678778.124,690888.5704912117
prophet,2022,2022-10-20,683996.794,686810.1875285059
prophet,2022,2022-10-21,672847.573,682927.6671842729
prophet,2022,2022-10-22,586790.797,609872.2655320666
prophet,2022,2022-10-23,551003.213,559806.8177379742
prophet,2022,2022-10-24,646287.207,667197.5294162235
prophet,2022,2022-10-25,663966.837,686379.9000779332
prophet,2022,2022-10-26,669571.962,689025.0345092608
prophet,2022,2022-10-27,664276.72,685216.3870438372
prophet,2022,2022-10-28,653085.719,681542.9118306206
prophet,2022,2022-10-29,573082.907,608640.0127608454
prophet,2022,2022-10-30,547874.045,564474.5029145948
prophet,2022,2022-10-31,587498.589,677724.8686940664
prophet,2022,2022-11-01,538630.845,587736.9989199028
prophet,2022,2022-11-02,634187.151,701316.8368676653
prophet,2022,2022-11-03,656532.768,696909.8653748612
prophet,2022,2022-11-04,653078.471,704483.1251962413
prophet,2022,2022-11-05,571841.348,646600.2271862604
prophet,2022,2022-11-06,532238.943,593216.7293232946
prophet,2022,2022-11-07,612953.806,697482.4548912757
prophet,2022,2022-11-08,666701.201,708618.3827765638
prophet,2022,2022-11-09,661163.333,706961.5829729375
prophet,2022,2022-11-10,664449.942,716070.0818073942
prophet,2022,2022-11-11,664653.882,714535.9027129394
prophet,2022,2022-11-12,588358.835,628017.1210784822
prophet,2022,2022-11-13,542933.157,584628.6985978708
prophet,2022,2022-11-14,652741.12,695066.247781339
prophet,2022,2022-11-15,651544.301,706023.6204599444
prophet,2022,2022-11-16,681393.885,712644.8095073765
prophet,2022,2022-11-17,679641.411,700603.466773981
prophet,2022,2022-11-18,675636.087,729334.8872468208
prophet,2022,2022-11-19,603900.284,676043.1502071172
prophet,2022,2022-11-20,560680.142,617649.3641771998
prophet,2022,2022-11-21,686937.943,717767.244259508
prophet,2022,2022-11-22,715617.289,757303.6700499258
prophet,2022,2022-11-23,701571.613,729581.7078174922
prophet,2022,2022-11-24,698309.438,738058.9136997594
prophet,2022,2022-11-25,682256.747,743011.3743265229
prophet,2022,2022-11-26,614741.775,693429.5635449497
prophet,2022,2022-11-27,582620.008,651752.84636278
prophet,2022,2022-11-28,688907.474,751964.5729632176
prophet,2022,2022-11-29,712802.199,782352.6864180313
prophet,2022,2022-11-30,724740.32,789008.9091532722
prophet,2022,2022-12-01,730613.079,787383.7070157535
prophet,2022,2022-12-02,731618.823,795947.8288275315
prophet,2022,2022-12-03,659861.394,729320.6470146053
prophet,2022,2022-12-04,616327.939,674250.5360720402
prophet,2022,2022-12-05,707473.451,773636.4280515639
prophet,2022,2022-12-06,645078.436,671706.2796388665
prophet,2022,2022-12-07,693711.869,785041.9303661515
prophet,2022,2022-12-08,632319.537,673123.7800186486
prophet,2022,2022-12-09,671091.448,763462.2778652146
prophet,2022,2022-12-10,623146.186,695408.4109634208
prophet,2022,2022-12-11,606821.364,653115.8111104233
prophet,2022,2022-12-12,728180.46,739039.7338469883
prophet,2022,2022-12-13,732934.204,733590.3281870377
prophet,2022,2022-12-14,717540.301,739700.0605025223
prophet,2022,2022-12-15,712548.603,746259.6292729876
prophet,2022,2022-12-16,713514.912,751018.5078956673
prophet,2022,2022-12-17,629703.175,678965.0546402817
prophet,2022,2022-12-18,591386.911,626484.3152675601
prophet,2022,2022-12-19,708990.929,729418.0259941075
prophet,2022,2022-12-20,724156.043,734409.3076810774
prophet,2022,2022-12-21,711189.579,719178.5695566642
prophet,2022,2022-12-22,694814.032,705562.1471575466
prophet,2022,2022-12-23,657996.045,697754.4967633546
prophet,2022,2022-12-24,562091.314,632945.2993115988
prophet,2022,2022-12-25,489067.621,584361.9524701711
prophet,2022,2022-12-26,532343.828,692532.7373611103
prophet,2022,2022-12-27,612141.492,720740.6343770077
prophet,2022,2022-12-28,629989.307,725221.3451876459
prophet,2022,2022-12-29,637184.984,712785.6477451478
prophet,2022,2022-12-30,624064.594,695790.6444907648
prophet,2022,2022-12-31,559754.852,637026.2084073102
lightgbm,2022,2022-01-01,535144.786,601812.2454034515
lightgbm,2022,2022-01-02,578855.186,604856.1066362893
lightgbm,2022,2022-01-03,691970.774,737535.7074569903
lightgbm,2022,2022-01-04,718047.874,739733.1344903702
lightgbm,2022,2022-01-05,715070.234,715117.106228372
lightgbm,2022,2022-01-06,617936.351,665959.0589676147
lightgbm,2022,2022-01-07,703004.57,780961.5664176741
lightgbm,2022,2022-01-08,686615.314,731044.0127768915
lightgbm,2022,2022-01-09,657099.904,688931.8772424906
lightgbm,2022,2022-01-10,756621.212,774332.8746444149
lightgbm,2022,2022-01-11,771711.078,788426.9008040886
lightgbm,2022,2022-01-12,777310.213,812919.7365426726
lightgbm,2022,2022-01-13,788572.283,824202.7669575271
lightgbm,2022,2022-01-14,796150.956,831360.6864602938
lightgbm,2022,2022-01-15,717164.143,751966.3293017105
lightgbm,2022,2022-01-16,672381.068,696058.1075747046
lightgbm,2022,2022-01-17,790794.183,833626.6279090353
lightgbm,2022,2022-01-18,809453.033,854051.3843934144
lightgbm,2022,2022-01-19,813885.767,842914.2579273729
lightgbm,2022,2022-01-20,813841.104,832938.3206762018
lightgbm,2022,2022-01-21,812933.383,829003.6895045879
lightgbm,2022,2022-01-22,728531.886,739365.5068184768
lightgbm,2022,2022-01-23,681487.178,701200.6486699788
lightgbm,2022,2022-01-24,800222.601,801918.4493036862
lightgbm,2022,2022-01-25,803957.158,813250.445531382
lightgbm,2022,2022-01-26,800205.701,829135.1903830116
lightgbm,2022,2022-01-27,794878.473,824050.385842705
lightgbm,2022,2022-01-28,786143.822,826407.9831707167
lightgbm,2022,2022-01-29,698969.016,736569.0695789028
lightgbm,2022,2022-01-30,648503.898,688229.0587029272
lightgbm,2022,2022-01-31,761832.783,781891.1165039678
lightgbm,2022,2022-02-01,774260.763,785440.4481928765
lightgbm,2022,2022-02-02,762494.554,787568.1587487326
lightgbm,2022,2022-02-03,760780.897,781365.969184333
lightgbm,2022,2022-02-04,756896.641,771093.8745276283
lightgbm,2022,2022-02-05,682674.839,690539.6947711897
lightgbm,2022,2022-02-06,635247.08,654015.3138228743
lightgbm,2022,2022-02-07,746724.421,780116.8432744753
lightgbm,2022,2022-02-08,756678.724,777647.3869928535
lightgbm,2022,2022-02-09,755748.252,789136.2767803648
lightgbm,2022,2022-02-10,762082.393,791518.3527500905
lightgbm,2022,2022-02-11,754633.793,778912.2914952441
lightgbm,2022,2022-02-12,679947.691,698686.5581956265
lightgbm,2022,2022-02-13,635776.528,665723.8169911499
lightgbm,2022,2022-02-14,741719.03,773859.7557753498
lightgbm,2022,2022-02-15,759124.039,788362.7086433149
lightgbm,2022,2022-02-16,758265.98,785289.6581364176
lightgbm,2022,2022-02-17,744050.02,764519.8058684112
lightgbm,2022,2022-02-18,735427.048,747779.0092687948
lightgbm,2022,2022-02-19,677992.558,677997.7654102158
lightgbm,2022,2022-02-20,628491.111,642018.344167458
lightgbm,2022,2022-02-21,726597.17,757091.1046715121
lightgbm,2022,2022-02-22,734120.281,758451.5113988904
lightgbm,2022,2022-02-23,732237.567,766231.034578154
lightgbm,2022,2022-02-24,736907.737,764579.5997172509
lightgbm,2022,2022-02-25,742820.885,758796.0130985746
lightgbm,2022,2022-02-26,670693.047,672260.1817856979
lightgbm,2022,2022-02-27,618013.898,633096.6060273632
lightgbm,2022,2022-02-28,697748.424,747355.0990746078
lightgbm,2022,2022-03-01,722629.686,751342.6807436192
lightgbm,2022,2022-03-02,735689.298,747461.5829106435
lightgbm,2022,2022-03-03,742779.369,759344.2911341984
lightgbm,2022,2022-03-04,743386.909,759639.138196234
lightgbm,2022,2022-03-05,660787.324,666095.7676779507
lightgbm,2022,2022-03-06,620251.472,649531.7746486255
lightgbm,2022,2022-03-07,732493.133,758755.2062288828
lightgbm,2022,2022-03-08,735113.962,780463.3001326823
lightgbm,2022,2022-03-09,726757.341,778561.4590112926
lightgbm,2022,2022-03-10,722215.252,776114.7610679767
lightgbm,2022,2022-03-11,731329.705,774032.3365432333
lightgbm,2022,2022-03-12,642182.296,675156.537384306
lightgbm,2022,2022-03-13,593322.595,634840.756253783
lightgbm,2022,2022-03-14,726364.443,743867.6316989209
lightgbm,2022,2022-03-15,727251.646,738200.4209249166
lightgbm,2022,2022-03-16,728889.512,735079.2460765688
lightgbm,2022,2022-03-17,726425.305,731457.3012888689
lightgbm,2022,2022-03-18,704833.012,739616.2789164932
lightgbm,2022,2022-03-19,624061.488,654238.9708340127
lightgbm,2022,2022-03-20,591749.465,620586.1481695806
lightgbm,2022,2022-03-21,698550.305,721384.4620212012
lightgbm,2022,2022-03-22,717641.0,753768.213455046
lightgbm,2022,2022-03-23,719548.211,747887.8742671623
lightgbm,2022,2022-03-24,725071.963,727437.1504863449
lightgbm,2022,2022-03-25,706766.452,721547.4206570421
lightgbm,2022,2022-03-26,631663.488,656848.3148372502
lightgbm,2022,2022-03-27,554056.158,589213.1730300387
lightgbm,2022,2022-03-28,677673.545,695047.3033918823
lightgbm,2022,2022-03-29,692972.303,710340.4215085317
lightgbm,2022,2022-03-30,707690.926,724757.7174240993
lightgbm,2022,2022-03-31,705601.198,714895.4947890482
lightgbm,2022,2022-04-01,710892.602,739779.4501743491
lightgbm,2022,2022-04-02,645549.332,671869.4289802944
lightgbm,2022,2022-04-03,613758.289,624469.5763172661
lightgbm,2022,2022-04-04,744100.153,757307.2997007694
lightgbm,2022,2022-04-05,762729.139,780524.5788964749
lightgbm,2022,2022-04-06,744533.256,770703.1711627751
lightgbm,2022,2022-04-07,722876.934,751870.1867619455
lightgbm,2022,2022-04-08,707077.849,736638.1172788711
lightgbm,2022,2022-04-09,621527.143,658479.5272368743
lightgbm,2022,2022-04-10,574809.756,598513.9643293355
lightgbm,2022,2022-04-11,667783.117,698026.7823984983
lightgbm,2022,2022-04-12,687251.619,731934.4172933373
lightgbm,2022,2022-04-13,685363.179,709374.5785289948
lightgbm,2022,2022-04-14,585210.51,674076.7729032133
lightgbm,2022,2022-04-15,536448.535,562793.0091980314
lightgbm,2022,2022-04-16,551086.712,620255.5928144979
lightgbm,2022,2022-04-17,527257.849,579586.7876214366
lightgbm,2022,2022-04-18,580335.76,660415.9351161498
lightgbm,2022,2022-04-19,657825.815,716166.562930043
lightgbm,2022,2022-04-20,698469.112,722633.7374142653
lightgbm,2022,2022-04-21,697710.847,719149.7353389161
lightgbm,2022,2022-04-22,695637.89,728937.7782949937
lightgbm,2022,2022-04-23,628779.932,642445.3697364922
lightgbm,2022,2022-04-24,571994.039,596636.2455794398
lightgbm,2022,2022-04-25,654714.455,708119.5301837442
lightgbm,2022,2022-04-26,677540.715,720283.7227333309
lightgbm,2022,2022-04-27,687613.611,716698.8908068076
lightgbm,2022,2022-04-28,688510.063,713073.2730326641
lightgbm,2022,2022-04-29,669022.367,704478.9578284969
lightgbm,2022,2022-04-30,592600.643,619094.9737743256
lightgbm,2022,2022-05-01,528390.929,571825.1910370558
lightgbm,2022,2022-05-02,614138.744,665348.9010802463
lightgbm,2022,2022-05-03,677392.499,696343.0652384586
lightgbm,2022,2022-05-04,687315.435,705736.1552283226
lightgbm,2022,2022-05-05,680762.673,707359.9110499398
lightgbm,2022,2022-05-06,668597.638,701177.2031012402
lightgbm,2022,2022-05-07,596496.276,631235.4573426273
lightgbm,2022,2022-05-08,550457.934,579337.3270023953
lightgbm,2022,2022-05-09,650598.557,685238.0823986548
lightgbm,2022,2022-05-10,673774.152,711142.1173296184
lightgbm,2022,2022-05-11,678560.086,711817.8714614414
lightgbm,2022,2022-05-12,683981.303,713949.1581769335
lightgbm,2022,2022-05-13,678906.624,706325.0923455604
lightgbm,2022,2022-05-14,613471.345,632442.6027257629
lightgbm,2022,2022-05-15,565340.711,582510.892241611
lightgbm,2022,2022-05-16,658606.234,695632.3653444656
lightgbm,2022,2022-05-17,689159.568,721138.0291400242
lightgbm,2022,2022-05-18,701701.58,733234.9139003961
lightgbm,2022,2022-05-19,716668.676,735639.7948061489
lightgbm,2022,2022-05-20,714896.579,737051.0752061044
lightgbm,2022,2022-05-21,645687.218,664101.0846013587
lightgbm,2022,2022-05-22,591016.568,611978.1203854647
lightgbm,2022,2022-05-23,692293.672,708996.5799600047
lightgbm,2022,2022-05-24,699490.143,715974.4760296302
lightgbm,2022,2022-05-25,683203.914,712337.5076637032
lightgbm,2022,2022-05-26,688924.599,711888.2372932697
lightgbm,2022,2022-05-27,691167.658,726822.8921615898
lightgbm,2022,2022-05-28,628739.734,659322.8597293947
lightgbm,2022,2022-05-29,579504.708,598934.2300862251
lightgbm,2022,2022-05-30,672096.948,703805.6396892326
lightgbm,2022,2022-05-31,699889.965,727609.155219102
lightgbm,2022,2022-06-01,709660.649,745106.9063960641
lightgbm,2022,2022-06-02,714096.111,734364.006495639
lightgbm,2022,2022-06-03,711460.499,742594.4367047128
lightgbm,2022,2022-06-04,632752.836,659614.9146542284
lightgbm,2022,2022-06-05,583681.514,606988.2768128987
lightgbm,2022,2022-06-06,671690.704,714167.943011294
lightgbm,2022,2022-06-07,720817.352,744046.964496226
lightgbm,2022,2022-06-08,734652.173,748694.61306527
lightgbm,2022,2022-06-09,740426.075,751230.2544034122
lightgbm,2022,2022-06-10,740712.627,758701.6321861922
lightgbm,2022,2022-06-11,678773.887,705001.8166968331
lightgbm,2022,2022-06-12,633281.978,671045.3025688243
lightgbm,2022,2022-06-13,758638.075,803949.5485091886
lightgbm,2022,2022-06-14,798691.052,835747.4945279943
lightgbm,2022,2022-06-15,816499.073,853643.504292038
lightgbm,2022,2022-06-16,810374.883,855418.028485746
lightgbm,2022,2022-06-17,807731.237,840262.0084333784
lightgbm,2022,2022-06-18,721874.37,760323.3276692812
lightgbm,2022,2022-06-19,639567.443,671772.0618831012
lightgbm,2022,2022-06-20,746482.216,788270.8897596125
lightgbm,2022,2022-06-21,754336.941,777521.8718352846
lightgbm,2022,2022-06-22,735366.573,764001.6572625071
lightgbm,2022,2022-06-23,712244.518,754712.7186220494
lightgbm,2022,2022-06-24,658105.271,736946.5145500916
lightgbm,2022,2022-06-25,634796.661,674315.6296224731
lightgbm,2022,2022-06-26,597120.111,620254.274315089
lightgbm,2022,2022-06-27,697550.971,703737.0555125112
lightgbm,2022,2022-06-28,717423.769,735512.7223175263
lightgbm,2022,2022-06-29,727046.257,749786.0111337523
lightgbm,2022,2022-06-30,724490.783,748990.7480520196
lightgbm,2022,2022-07-01,714296.439,747051.2885259787
lightgbm,2022,2022-07-02,664621.873,695265.6017905308
lightgbm,2022,2022-07-03,628386.931,647701.8922887773
lightgbm,2022,2022-07-04,734811.021,771456.0331498764
lightgbm,2022,2022-07-05,766576.117,804484.800950332
lightgbm,2022,2022-07-06,763815.16,767891.7398695893
lightgbm,2022,2022-07-07,756028.699,768848.9427356368
lightgbm,2022,2022-07-08,760229.022,770137.4154560897
lightgbm,2022,2022-07-09,692390.322,745599.5822505163
lightgbm,2022,2022-07-10,652462.732,683301.1529510015
lightgbm,2022,2022-07-11,781323.554,819331.8815543731
lightgbm,2022,2022-07-12,811270.388,823013.2821841099
lightgbm,2022,2022-07-13,827870.215,837544.5120336369
lightgbm,2022,2022-07-14,836258.259,843069.3894917853
lightgbm,2022,2022-07-15,831856.371,852395.5675572366
lightgbm,2022,2022-07-16,748679.261,768079.4810523244
lightgbm,2022,2022-07-17,698666.051,710375.3532171393
lightgbm,2022,2022-07-18,822023.508,838887.8538715335
lightgbm,2022,2022-07-19,823558.586,851397.8331020332
lightgbm,2022,2022-07-20,823283.426,839168.0099362623
lightgbm,2022,2022-07-21,836727.903,850842.2169158336
lightgbm,2022,2022-07-22,831424.411,860971.6308048916
lightgbm,2022,2022-07-23,735091.226,734230.7784291215
lightgbm,2022,2022-07-24,687821.417,692896.8455876992
lightgbm,2022,2022-07-25,787876.394,791742.2465592405
lightgbm,2022,2022-07-26,824187.447,794217.7608406775
lightgbm,2022,2022-07-27,806232.992,798922.5226136806
lightgbm,2022,2022-07-28,800376.722,787387.0689089154
lightgbm,2022,2022-07-29,793992.235,784716.7613841251
lightgbm,2022,2022-07-30,718385.467,713835.5236177165
lightgbm,2022,2022-07-31,675415.017,653177.7045457053
lightgbm,2022,2022-08-01,782866.189,767201.7555846653
lightgbm,2022,2022-08-02,800030.828,780251.0004515353
lightgbm,2022,2022-08-03,795863.729,773777.829273778
lightgbm,2022,2022-08-04,789564.733,772360.2474054103
lightgbm,2022,2022-08-05,772886.414,763690.6959597233
lightgbm,2022,2022-08-06,699119.098,702473.778550083
lightgbm,2022,2022-08-07,647889.366,662988.6607801518
lightgbm,2022,2022-08-08,727811.301,752723.8015123609
lightgbm,2022,2022-08-09,745979.959,770805.6512685238
lightgbm,2022,2022-08-10,754636.552,765425.2540067233
lightgbm,2022,2022-08-11,750843.942,786600.0967598323
lightgbm,2022,2022-08-12,750786.746,774705.4809903572
lightgbm,2022,2022-08-13,698246.392,728403.2109186592
lightgbm,2022,2022-08-14,629884.456,663456.9702993925
lightgbm,2022,2022-08-15,622660.016,651172.2309970183
lightgbm,2022,2022-08-16,680755.938,726632.6738276866
lightgbm,2022,2022-08-17,677139.664,703777.0456198477
lightgbm,2022,2022-08-18,659330.261,718426.6640194892
lightgbm,2022,2022-08-19,661916.618,717583.2009215918
lightgbm,2022,2022-08-20,633699.219,673743.8698109486
lightgbm,2022,2022-08-21,602791.839,642827.5669093216
lightgbm,2022,2022-08-22,703153.961,715192.009271278
lightgbm,2022,2022-08-23,730634.865,759652.3866780986
lightgbm,2022,2022-08-24,738558.459,756768.8494826749
lightgbm,2022,2022-08-25,736603.211,748212.6531719664
lightgbm,2022,2022-08-26,725562.063,738717.4226726942
lightgbm,2022,2022-08-27,656630.131,666885.2755040774
lightgbm,2022,2022-08-28,615465.721,649209.3194304823
lightgbm,2022,2022-08-29,727200.545,747786.2601432279
lightgbm,2022,2022-08-30,750924.467,765251.9011215915
lightgbm,2022,2022-08-31,740231.753,780681.3938636858
lightgbm,2022,2022-09-01,731641.339,762170.103417031
lightgbm,2022,2022-09-02,732227.67,763691.0264491709
lightgbm,2022,2022-09-03,642236.01,686465.1522223933
lightgbm,2022,2022-09-04,596575.601,641177.5932855203
lightgbm,2022,2022-09-05,711057.502,762606.9670509058
lightgbm,2022,2022-09-06,727527.085,781776.1522618126
lightgbm,2022,2022-09-07,731678.0,780085.6676641986
lightgbm,2022,2022-09-08,715619.573,766251.4115026044
lightgbm,2022,2022-09-09,721661.277,773273.4179178257
lightgbm,2022,2022-09-10,653804.812,701427.60567088
lightgbm,2022,2022-09-11,619822.057,652821.3274623784
lightgbm,2022,2022-09-12,743105.948,778327.2038361838
lightgbm,2022,2022-09-13,746416.15,776842.4515357973
lightgbm,2022,2022-09-14,722541.723,756945.3661286175
lightgbm,2022,2022-09-15,713473.613,754700.7486335534
lightgbm,2022,2022-09-16,708799.082,744641.696772157
lightgbm,2022,2022-09-17,619334.834,670740.8796194401
lightgbm,2022,2022-09-18,574254.188,624885.8473355768
lightgbm,2022,2022-09-19,685476.662,727374.5688109911
lightgbm,2022,2022-09-20,704300.231,742994.9450612059
lightgbm,2022,2022-09-21,700070.02,751114.6223205033
lightgbm,2022,2022-09-22,695597.389,749386.484386963
lightgbm,2022,2022-09-23,689988.523,735222.4079173745
lightgbm,2022,2022-09-24,602468.746,647606.7072451238
lightgbm,2022,2022-09-25,547492.934,590592.9933270377
lightgbm,2022,2022-09-26,638740.351,682144.6040907175
lightgbm,2022,2022-09-27,659456.712,707111.8566632404
lightgbm,2022,2022-09-28,663780.704,715045.5233549417
lightgbm,2022,2022-09-29,663785.856,693592.4367050442
lightgbm,2022,2022-09-30,649024.388,682051.1082355321
lightgbm,2022,2022-10-01,576530.486,613574.9589856175
lightgbm,2022,2022-10-02,536105.027,584368.5885149548
lightgbm,2022,2022-10-03,644976.653,671796.9234524287
lightgbm,2022,2022-10-04,667812.384,702123.1032313023
lightgbm,2022,2022-10-05,669204.132,707351.605504807
lightgbm,2022,2022-10-06,675127.531,715071.3554179434
lightgbm,2022,2022-10-07,666351.834,703425.3346004195
lightgbm,2022,2022-10-08,589542.598,641071.1661251438
lightgbm,2022,2022-10-09,540796.45,588685.9084779914
lightgbm,2022,2022-10-10,644622.826,701091.5343087635
lightgbm,2022,2022-10-11,654510.421,700512.3366392312
lightgbm,2022,2022-10-12,557942.649,622804.2495202553
lightgbm,2022,2022-10-13,641378.909,694889.1189234701
lightgbm,2022,2022-10-14,654335.366,686692.2674115301
lightgbm,2022,2022-10-15,579414.681,626457.9079021661
lightgbm,2022,2022-10-16,540243.248,580780.4390851168
lightgbm,2022,2022-10-17,645458.789,690454.990350956
lightgbm,2022,2022-10-18,666698.644,713373.8007250391
lightgbm,2022,2022-10-19,678778.124,705768.9182169413
lightgbm,2022,2022-10-20,683996.794,703863.7345040621
lightgbm,2022,2022-10-21,672847.573,692667.4110510643
lightgbm,2022,2022-10-22,586790.797,627979.507865271
lightgbm,2022,2022-10-23,551003.213,579433.4127642721
lightgbm,2022,2022-10-24,646287.207,685736.2807188531
lightgbm,2022,2022-10-25,663966.837,708885.0769049389
lightgbm,2022,2022-10-26,669571.962,709443.6297496714
lightgbm,2022,2022-10-27,664276.72,706594.8321261908
lightgbm,2022,2022-10-28,653085.719,703920.7238144375
lightgbm,2022,2022-10-29,573082.907,642588.4499882304
lightgbm,2022,2022-10-30,547874.045,602316.4183345252
lightgbm,2022,2022-10-31,587498.589,669015.9108822618
lightgbm,2022,2022-11-01,538630.845,611805.7847105769
lightgbm,2022,2022-11-02,634187.151,693259.874638927
lightgbm,2022,2022-11-03,656532.768,702468.9603789909
lightgbm,2022,2022-11-04,653078.471,719809.1846640857
lightgbm,2022,2022-11-05,571841.348,656654.5542846852
lightgbm,2022,2022-11-06,532238.943,616064.6541336515
lightgbm,2022,2022-11-07,612953.806,691876.1677876035
lightgbm,2022,2022-11-08,666701.201,705650.2488196512
lightgbm,2022,2022-11-09,661163.333,710872.7208688927
lightgbm,2022,2022-11-10,664449.942,715018.3384501085
lightgbm,2022,2022-11-11,664653.882,718461.5699529087
lightgbm,2022,2022-11-12,588358.835,635099.2255560921
lightgbm,2022,2022-11-13,542933.157,596569.5723701525
lightgbm,2022,2022-11-14,652741.12,681248.0595835904
lightgbm,2022,2022-11-15,651544.301,711677.3330226424
lightgbm,2022,2022-11-16,681393.885,724118.6957273984
lightgbm,2022,2022-11-17,679641.411,726020.444208897
lightgbm,2022,2022-11-18,675636.087,717340.5077276721
lightgbm,2022,2022-11-19,603900.284,660283.182936335
lightgbm,2022,2022-11-20,560680.142,618036.5607541405
lightgbm,2022,2022-11-21,686937.943,704714.442190553
lightgbm,2022,2022-11-22,715617.289,747046.8638742092
lightgbm,2022,2022-11-23,701571.613,735461.6077825802
lightgbm,2022,2022-11-24,698309.438,737693.7413697176
lightgbm,2022,2022-11-25,682256.747,734503.4588492565
lightgbm,2022,2022-11-26,614741.775,677560.6318790606
lightgbm,2022,2022-11-27,582620.008,642638.2188127608
lightgbm,2022,2022-11-28,688907.474,728441.3265382552
lightgbm,2022,2022-11-29,712802.199,769262.3647517145
lightgbm,2022,2022-11-30,724740.32,770462.3611958162
lightgbm,2022,2022-12-01,730613.079,772052.4948343349
lightgbm,2022,2022-12-02,731618.823,787111.830455687
lightgbm,2022,2022-12-03,659861.394,718696.3861901148
lightgbm,2022,2022-12-04,616327.939,675057.968814592
lightgbm,2022,2022-12-05,707473.451,745634.5951524589
lightgbm,2022,2022-12-06,645078.436,645165.9579639656
lightgbm,2022,2022-12-07,693711.869,730458.4120422008
lightgbm,2022,2022-12-08,632319.537,704644.9432840797
lightgbm,2022,2022-12-09,671091.448,755322.7129517652
lightgbm,2022,2022-12-10,623146.186,683936.9250523681
lightgbm,2022,2022-12-11,606821.364,638278.0230071936
lightgbm,2022,2022-12-12,728180.46,750972.7697005636
lightgbm,2022,2022-12-13,732934.204,763494.9882443942
lightgbm,2022,2022-12-14,717540.301,769299.3971323968
lightgbm,2022,2022-12-15,712548.603,762591.2631731562
lightgbm,2022,2022-12-16,713514.912,754514.3120381943
lightgbm,2022,2022-12-17,629703.175,698435.6239256541
lightgbm,2022,2022-12-18,591386.911,643481.9153911077
lightgbm,2022,2022-12-19,708990.929,766137.8134336702
lightgbm,2022,2022-12-20,724156.043,750961.0690067
lightgbm,2022,2022-12-21,711189.579,750559.1049685279
lightgbm,2022,2022-12-22,694814.032,710247.6908147985
lightgbm,2022,2022-12-23,657996.045,703257.0891318173
lightgbm,2022,2022-12-24,562091.314,649703.1067243711
lightgbm,2022,2022-12-25,489067.621,574287.5286615166
lightgbm,2022,2022-12-26,532343.828,630843.5200446409
lightgbm,2022,2022-12-27,612141.492,634140.1426736297
lightgbm,2022,2022-12-28,629989.307,652591.8010232472
lightgbm,2022,2022-12-29,637184.984,651888.2223843216
lightgbm,2022,2022-12-30,624064.594,637039.6890559853
lightgbm,2022,2022-12-31,559754.852,617456.569699389
ensemble,2022,2022-01-01,535144.786,585284.1536190575
ensemble,2022,2022-01-02,578855.186,630795.1228419613
ensemble,2022,2022-01-03,691970.774,747692.2936081662
ensemble,2022,2022-01-04,718047.874,757667.3734228904
ensemble,2022,2022-01-05,715070.234,720705.1887410666
ensemble,2022,2022-01-06,617936.351,720716.0120089714
ensemble,2022,2022-01-07,703004.57,806234.2871558423
ensemble,2022,2022-01-08,686615.314,733568.803676604
ensemble,2022,2022-01-09,657099.904,684291.8905751256
ensemble,2022,2022-01-10,756621.212,783130.3761298739
ensemble,2022,2022-01-11,771711.078,806923.0518780117
ensemble,2022,2022-01-12,777310.213,823248.171326159
ensemble,2022,2022-01-13,788572.283,833844.5248225536
ensemble,2022,2022-01-14,796150.956,833707.528363687
ensemble,2022,2022-01-15,717164.143,754622.179273723
ensemble,2022,2022-01-16,672381.068,701590.9655094454
ensemble,2022,2022-01-17,790794.183,822820.5790885435
ensemble,2022,2022-01-18,809453.033,843684.0563382424
ensemble,2022,2022-01-19,813885.767,843042.7335663332
ensemble,2022,2022-01-20,813841.104,825047.0850485988
ensemble,2022,2022-01-21,812933.383,816460.6991086212
ensemble,2022,2022-01-22,728531.886,739047.9675675025
ensemble,2022,2022-01-23,681487.178,687991.9125448113
ensemble,2022,2022-01-24,800222.601,795385.0024695237
ensemble,2022,2022-01-25,803957.158,801735.5073928038
ensemble,2022,2022-01-26,800205.701,803207.4375477188
ensemble,2022,2022-01-27,794878.473,795460.9207795059
ensemble,2022,2022-01-28,786143.822,790336.0226945569
ensemble,2022,2022-01-29,698969.016,714785.7806486934
ensemble,2022,2022-01-30,648503.898,666146.528949888
ensemble,2022,2022-01-31,761832.783,762966.1216079401
ensemble,2022,2022-02-01,774260.763,770441.1670398604
ensemble,2022,2022-02-02,762494.554,770440.0000780144
ensemble,2022,2022-02-03,760780.897,767388.4077956205
ensemble,2022,2022-02-04,756896.641,760054.268375723
ensemble,2022,2022-02-05,682674.839,684966.6325030532
ensemble,2022,2022-02-06,635247.08,647289.3682027914
ensemble,2022,2022-02-07,746724.421,764509.6588306557
ensemble,2022,2022-02-08,756678.724,778225.0207925308
ensemble,2022,2022-02-09,755748.252,776808.351321
ensemble,2022,2022-02-10,762082.393,773077.7696651578
ensemble,2022,2022-02-11,754633.793,760567.5588006158
ensemble,2022,2022-02-12,679947.691,683922.3776087275
ensemble,2022,2022-02-13,635776.528,641507.042982956
ensemble,2022,2022-02-14,741719.03,751538.5351622653
ensemble,2022,2022-02-15,759124.039,769041.3452722756
ensemble,2022,2022-02-16,758265.98,764702.1503135293
ensemble,2022,2022-02-17,744050.02,755279.996789263
ensemble,2022,2022-02-18,735427.048,747100.4600630403
ensemble,2022,2022-02-19,677992.558,675579.820781108
ensemble,2022,2022-02-20,628491.111,640057.6417918153
ensemble,2022,2022-02-21,726597.17,745761.1383396564
ensemble,2022,2022-02-22,734120.281,754170.4798042751
ensemble,2022,2022-02-23,732237.567,758072.579693629
ensemble,2022,2022-02-24,736907.737,755525.5974939357
ensemble,2022,2022-02-25,742820.885,752746.5460058773
ensemble,2022,2022-02-26,670693.047,675386.0224255408
ensemble,2022,2022-02-27,618013.898,629801.3668297175
ensemble,2022,2022-02-28,697748.424,739470.0850923666
ensemble,2022,2022-03-01,722629.686,753792.5248783265
ensemble,2022,2022-03-02,735689.298,748898.9891889683
ensemble,2022,2022-03-03,742779.369,753732.2496531444
ensemble,2022,2022-03-04,743386.909,751688.8649271717
ensemble,2022,2022-03-05,660787.324,673388.0690254398
ensemble,2022,2022-03-06,620251.472,639801.9492289298
ensemble,2022,2022-03-07,732493.133,750989.9587512704
ensemble,2022,2022-03-08,735113.962,768276.7805702304
ensemble,2022,2022-03-09,726757.341,764288.825030522
ensemble,2022,2022-03-10,722215.252,755596.5030026208
ensemble,2022,2022-03-11,731329.705,748937.8722598889
ensemble,2022,2022-03-12,642182.296,664073.5614359848
ensemble,2022,2022-03-13,593322.595,619433.7042844248
ensemble,2022,2022-03-14,726364.443,729820.4203950566
ensemble,2022,2022-03-15,727251.646,730680.8892936154
ensemble,2022,2022-03-16,728889.512,730121.0941591343
ensemble,2022,2022-03-17,726425.305,733345.753830359
ensemble,2022,2022-03-18,704833.012,723804.0527588027
ensemble,2022,2022-03-19,624061.488,660036.3793001593
ensemble,2022,2022-03-20,591749.465,617020.4502514548
ensemble,2022,2022-03-21,698550.305,720616.760240265
ensemble,2022,2022-03-22,717641.0,740600.3225857174
ensemble,2022,2022-03-23,719548.211,737928.4371581795
ensemble,2022,2022-03-24,725071.963,727788.2117101979
ensemble,2022,2022-03-25,706766.452,719422.6521566609
ensemble,2022,2022-03-26,631663.488,650712.1042453593
ensemble,2022,2022-03-27,554056.158,582915.987725779
ensemble,2022,2022-03-28,677673.545,694893.491167511
ensemble,2022,2022-03-29,692972.303,706925.2301470912
ensemble,2022,2022-03-30,707690.926,708015.4985026544
ensemble,2022,2022-03-31,705601.198,679985.6222172235
ensemble,2022,2022-04-01,710892.602,677130.0959823217
ensemble,2022,2022-04-02,645549.332,640776.799447227
ensemble,2022,2022-04-03,613758.289,601410.8383168472
ensemble,2022,2022-04-04,744100.153,697020.4394215826
ensemble,2022,2022-04-05,762729.139,735076.1056132851
ensemble,2022,2022-04-06,744533.256,735020.6910561221
ensemble,2022,2022-04-07,722876.934,720775.1526918734
ensemble,2022,2022-04-08,707077.849,713925.3616234952
ensemble,2022,2022-04-09,621527.143,638715.9016168342
ensemble,2022,2022-04-10,574809.756,585038.2384185629
ensemble,2022,2022-04-11,667783.117,687566.3374517859
ensemble,2022,2022-04-12,687251.619,716788.505954349
ensemble,2022,2022-04-13,685363.179,708981.6789755631
ensemble,2022,2022-04-14,585210.51,692246.8422265371
ensemble,2022,2022-04-15,536448.535,605518.6546662253
ensemble,2022,2022-04-16,551086.712,616845.5119285526
ensemble,2022,2022-04-17,527257.849,570331.6924291215
ensemble,2022,2022-04-18,580335.76,669386.4856236535
ensemble,2022,2022-04-19,657825.815,705674.5005891747
ensemble,2022,2022-04-20,698469.112,717033.1641972555
ensemble,2022,2022-04-21,697710.847,712691.5935309421
ensemble,2022,2022-04-22,695637.89,707106.2204838115
ensemble,2022,2022-04-23,628779.932,633680.170293125
ensemble,2022,2022-04-24,571994.039,585814.5918261126
ensemble,2022,2022-04-25,654714.455,692029.3306337935
ensemble,2022,2022-04-26,677540.715,705166.09438687
ensemble,2022,2022-04-27,687613.611,705732.3066361281
ensemble,2022,2022-04-28,688510.063,703312.281756742
ensemble,2022,2022-04-29,669022.367,692849.0936132752
ensemble,2022,2022-04-30,592600.643,600693.0066168084
ensemble,2022,2022-05-01,528390.929,561062.42676495
ensemble,2022,2022-05-02,614138.744,670229.8311281073
ensemble,2022,2022-05-03,677392.499,697481.6122600908
ensemble,2022,2022-05-04,687315.435,700692.0291821206
ensemble,2022,2022-05-05,680762.673,696997.9995258098
ensemble,2022,2022-05-06,668597.638,690783.2124880463
ensemble,2022,2022-05-07,596496.276,618366.0365446806
ensemble,2022,2022-05-08,550457.934,570056.2996081183
ensemble,2022,2022-05-09,650598.557,674331.8925919145
ensemble,2022,2022-05-10,673774.152,695600.4556654425
ensemble,2022,2022-05-11,678560.086,699051.3525340324
ensemble,2022,2022-05-12,683981.303,698396.4007827452
ensemble,2022,2022-05-13,678906.624,692592.4183493447
ensemble,2022,2022-05-14,613471.345,622088.7414614063
ensemble,2022,2022-05-15,565340.711,574943.2537324504
ensemble,2022,2022-05-16,658606.234,678081.2421568059
ensemble,2022,2022-05-17,689159.568,702499.8940806125
ensemble,2022,2022-05-18,701701.58,712543.8000844041
ensemble,2022,2022-05-19,716668.676,715641.8656446798
ensemble,2022,2022-05-20,714896.579,715288.6263671018
ensemble,2022,2022-05-21,645687.218,646252.627651464
ensemble,2022,2022-05-22,591016.568,590173.3192444355
ensemble,2022,2022-05-23,692293.672,680736.7444491538
ensemble,2022,2022-05-24,699490.143,699277.799516054
ensemble,2022,2022-05-25,683203.914,702582.8178648493
ensemble,2022,2022-05-26,688924.599,700691.450989549
ensemble,2022,2022-05-27,691167.658,702421.3192409667
ensemble,2022,2022-05-28,628739.734,641856.0285454025
ensemble,2022,2022-05-29,579504.708,586696.8054872201
ensemble,2022,2022-05-30,672096.948,689744.7553750762
ensemble,2022,2022-05-31,699889.965,708825.6460335475
ensemble,2022,2022-06-01,709660.649,720760.8279462674
ensemble,2022,2022-06-02,714096.111,713639.7656683191
ensemble,2022,2022-06-03,711460.499,714876.2671963844
ensemble,2022,2022-06-04,632752.836,637948.1823506483
ensemble,2022,2022-06-05,583681.514,590709.1389938762
ensemble,2022,2022-06-06,671690.704,704895.9238866549
ensemble,2022,2022-06-07,720817.352,735985.2063561842
ensemble,2022,2022-06-08,734652.173,742104.278213261
ensemble,2022,2022-06-09,740426.075,746496.4162544146
ensemble,2022,2022-06-10,740712.627,749734.3472857181
ensemble,2022,2022-06-11,678773.887,689367.6484197173
ensemble,2022,2022-06-12,633281.978,648623.6376480873
ensemble,2022,2022-06-13,758638.075,773053.2193278172
ensemble,2022,2022-06-14,798691.052,800770.0836715869
ensemble,2022,2022-06-15,816499.073,807613.686682016
ensemble,2022,2022-06-16,810374.883,799016.7406763103
ensemble,2022,2022-06-17,807731.237,791363.2622074313
ensemble,2022,2022-06-18,721874.37,712681.7457362207
ensemble,2022,2022-06-19,639567.443,629934.042003817
ensemble,2022,2022-06-20,746482.216,733967.6144016256
ensemble,2022,2022-06-21,754336.941,738089.9923793176
ensemble,2022,2022-06-22,735366.573,726967.1691851098
ensemble,2022,2022-06-23,712244.518,711224.5418100646
ensemble,2022,2022-06-24,658105.271,715096.4403421391
ensemble,2022,2022-06-25,634796.661,656241.6724094817
ensemble,2022,2022-06-26,597120.111,605811.5410361583
ensemble,2022,2022-06-27,697550.971,702834.8784377966
ensemble,2022,2022-06-28,717423.769,730449.2593977749
ensemble,2022,2022-06-29,727046.257,746671.7541955245
ensemble,2022,2022-06-30,724490.783,742782.9606011455
ensemble,2022,2022-07-01,714296.439,742172.8170799975
ensemble,2022,2022-07-02,664621.873,690089.0695851423
ensemble,2022,2022-07-03,628386.931,647083.4885333286
ensemble,2022,2022-07-04,734811.021,761717.4964322839
ensemble,2022,2022-07-05,766576.117,783633.5429204357
ensemble,2022,2022-07-06,763815.16,758830.0962725024
ensemble,2022,2022-07-07,756028.699,757653.7192453829
ensemble,2022,2022-07-08,760229.022,764527.3381492043
ensemble,2022,2022-07-09,692390.322,722357.7451745212
ensemble,2022,2022-07-10,652462.732,678222.1784307993
ensemble,2022,2022-07-11,781323.554,794434.1860304627
ensemble,2022,2022-07-12,811270.388,797827.8006170477
ensemble,2022,2022-07-13,827870.215,810273.8150506638
ensemble,2022,2022-07-14,836258.259,816397.3935467898
ensemble,2022,2022-07-15,831856.371,819523.0996473333
ensemble,2022,2022-07-16,748679.261,749942.6858534088
ensemble,2022,2022-07-17,698666.051,698700.2817639426
ensemble,2022,2022-07-18,822023.508,810758.6001476865
ensemble,2022,2022-07-19,823558.586,819362.4966918128
ensemble,2022,2022-07-20,823283.426,818348.6192121669
ensemble,2022,2022-07-21,836727.903,827894.0273882168
ensemble,2022,2022-07-22,831424.411,830731.0167200015
ensemble,2022,2022-07-23,735091.226,729822.796567866
ensemble,2022,2022-07-24,687821.417,683509.5365762039
ensemble,2022,2022-07-25,787876.394,782309.7597978009
ensemble,2022,2022-07-26,824187.447,789697.6734568332
ensemble,2022,2022-07-27,806232.992,791292.1897180987
ensemble,2022,2022-07-28,800376.722,789928.7596917799
ensemble,2022,2022-07-29,793992.235,787324.2670778226
ensemble,2022,2022-07-30,718385.467,706840.2367615266
ensemble,2022,2022-07-31,675415.017,647176.952440948
ensemble,2022,2022-08-01,782866.189,751712.9215168549
ensemble,2022,2022-08-02,800030.828,769414.4101173199
ensemble,2022,2022-08-03,795863.729,772018.0337274503
ensemble,2022,2022-08-04,789564.733,769434.6072480142
ensemble,2022,2022-08-05,772886.414,760620.2989355922
ensemble,2022,2022-08-06,699119.098,696189.1561249729
ensemble,2022,2022-08-07,647889.366,646125.9603407852
ensemble,2022,2022-08-08,727811.301,733876.1871160615
ensemble,2022,2022-08-09,745979.959,756892.3181226357
ensemble,2022,2022-08-10,754636.552,765367.9808476744
ensemble,2022,2022-08-11,750843.942,775000.0262664012
ensemble,2022,2022-08-12,750786.746,775970.7801585275
ensemble,2022,2022-08-13,698246.392,719893.1392236847
ensemble,2022,2022-08-14,629884.456,664700.0184072176
ensemble,2022,2022-08-15,622660.016,679574.7830345838
ensemble,2022,2022-08-16,680755.938,734716.1073078541
ensemble,2022,2022-08-17,677139.664,717042.095638418
ensemble,2022,2022-08-18,659330.261,714623.4159662296
ensemble,2022,2022-08-19,661916.618,720214.2107161591
ensemble,2022,2022-08-20,633699.219,676120.3397507324
ensemble,2022,2022-08-21,602791.839,643206.1598822012
ensemble,2022,2022-08-22,703153.961,733735.6201592867
ensemble,2022,2022-08-23,730634.865,760202.7098823749
ensemble,2022,2022-08-24,738558.459,760725.5117745806
ensemble,2022,2022-08-25,736603.211,755235.6235527792
ensemble,2022,2022-08-26,725562.063,748869.7341909272
ensemble,2022,2022-08-27,656630.131,674279.6090807704
ensemble,2022,2022-08-28,615465.721,642064.4553615592
ensemble,2022,2022-08-29,727200.545,740526.0634652367
ensemble,2022,2022-08-30,750924.467,766201.4788074134
ensemble,2022,2022-08-31,740231.753,769557.8467159462
ensemble,2022,2022-09-01,731641.339,752291.869021172
ensemble,2022,2022-09-02,732227.67,751210.618574747
ensemble,2022,2022-09-03,642236.01,671910.3015764
ensemble,2022,2022-09-04,596575.601,629755.3468497259
ensemble,2022,2022-09-05,711057.502,748907.6185281888
ensemble,2022,2022-09-06,727527.085,773021.6970103261
ensemble,2022,2022-09-07,731678.0,764095.8647967215
ensemble,2022,2022-09-08,715619.573,760253.8344180626
ensemble,2022,2022-09-09,721661.277,759037.4670715512
ensemble,2022,2022-09-10,653804.812,687430.4536007539
ensemble,2022,2022-09-11,619822.057,646751.4358799229
ensemble,2022,2022-09-12,743105.948,757583.0648170345
ensemble,2022,2022-09-13,746416.15,758100.910717629
ensemble,2022,2022-09-14,722541.723,741893.951419441
ensemble,2022,2022-09-15,713473.613,735016.8636907589
ensemble,2022,2022-09-16,708799.082,726221.6679311696
ensemble,2022,2022-09-17,619334.834,652257.5756612346
ensemble,2022,2022-09-18,574254.188,603512.2258183799
ensemble,2022,2022-09-19,685476.662,707431.8060296272
ensemble,2022,2022-09-20,704300.231,720297.4501921757
ensemble,2022,2022-09-21,700070.02,725269.3810978275
ensemble,2022,2022-09-22,695597.389,724060.1493049
ensemble,2022,2022-09-23,689988.523,715343.1456981635
ensemble,2022,2022-09-24,602468.746,639487.5464658007
ensemble,2022,2022-09-25,547492.934,587428.9080030583
ensemble,2022,2022-09-26,638740.351,688103.04922044
ensemble,2022,2022-09-27,659456.712,708812.537509411
ensemble,2022,2022-09-28,663780.704,713203.5117973188
ensemble,2022,2022-09-29,663785.856,703548.5306111336
ensemble,2022,2022-09-30,649024.388,697542.9854484177
ensemble,2022,2022-10-01,576530.486,626102.8311271574
ensemble,2022,2022-10-02,536105.027,583044.4579926932
ensemble,2022,2022-10-03,644976.653,674152.1350242194
ensemble,2022,2022-10-04,667812.384,695442.9669338496
ensemble,2022,2022-10-05,669204.132,702314.5675904624
ensemble,2022,2022-10-06,675127.531,701182.3000859842
ensemble,2022,2022-10-07,666351.834,694241.9688766112
ensemble,2022,2022-10-08,589542.598,624655.1398233915
ensemble,2022,2022-10-09,540796.45,575502.7539068987
ensemble,2022,2022-10-10,644622.826,664034.2075823944
ensemble,2022,2022-10-11,654510.421,657178.9137818626
ensemble,2022,2022-10-12,557942.649,632690.1291737165
ensemble,2022,2022-10-13,641378.909,689321.8028922916
ensemble,2022,2022-10-14,654335.366,684825.5535557688
ensemble,2022,2022-10-15,579414.681,618347.411070196
ensemble,2022,2022-10-16,540243.248,572136.3976381614
ensemble,2022,2022-10-17,645458.789,678242.8516369468
ensemble,2022,2022-10-18,666698.644,697741.8650991637
ensemble,2022,2022-10-19,678778.124,696251.9145354041
ensemble,2022,2022-10-20,683996.794,692718.5144801675
ensemble,2022,2022-10-21,672847.573,685623.3819350307
ensemble,2022,2022-10-22,586790.797,616327.5674130778
ensemble,2022,2022-10-23,551003.213,569850.2072294872
ensemble,2022,2022-10-24,646287.207,674248.2038871193
ensemble,2022,2022-10-25,663966.837,695526.7114913501
ensemble,2022,2022-10-26,669571.962,695609.3295472491
ensemble,2022,2022-10-27,664276.72,693985.3073206963
ensemble,2022,2022-10-28,653085.719,692241.462390305
ensemble,2022,2022-10-29,573082.907,625671.3663104111
ensemble,2022,2022-10-30,547874.045,587723.9181066687
ensemble,2022,2022-10-31,587498.589,640757.4859606598
ensemble,2022,2022-11-01,538630.845,624472.8570055343
ensemble,2022,2022-11-02,634187.151,696267.8284463756
ensemble,2022,2022-11-03,656532.768,701415.0062905322
ensemble,2022,2022-11-04,653078.471,713481.7086935382
ensemble,2022,2022-11-05,571841.348,652581.8117771725
ensemble,2022,2022-11-06,532238.943,608163.8970833566
ensemble,2022,2022-11-07,612953.806,701745.434527951
ensemble,2022,2022-11-08,666701.201,713738.580372899
ensemble,2022,2022-11-09,661163.333,718059.6908448823
ensemble,2022,2022-11-10,664449.942,722818.9130184661
ensemble,2022,2022-11-11,664653.882,721227.6538347643
ensemble,2022,2022-11-12,588358.835,638296.6971019382
ensemble,2022,2022-11-13,542933.157,597758.3243001425
ensemble,2022,2022-11-14,652741.12,700321.4332908932
ensemble,2022,2022-11-15,651544.301,721817.5062346418
ensemble,2022,2022-11-16,681393.885,729786.4427599987
ensemble,2022,2022-11-17,679641.411,727033.2716215464
ensemble,2022,2022-11-18,675636.087,730680.5084929393
ensemble,2022,2022-11-19,603900.284,669942.9645700755
ensemble,2022,2022-11-20,560680.142,619095.8337435302
ensemble,2022,2022-11-21,686937.943,721946.2727981893
ensemble,2022,2022-11-22,715617.289,759305.7043620823
ensemble,2022,2022-11-23,701571.613,750219.0366549026
ensemble,2022,2022-11-24,698309.438,753924.8961306289
ensemble,2022,2022-11-25,682256.747,752460.9720812072
ensemble,2022,2022-11-26,614741.775,695512.2650950461
ensemble,2022,2022-11-27,582620.008,659697.2441437468
ensemble,2022,2022-11-28,688907.474,753799.7726042488
ensemble,2022,2022-11-29,712802.199,779658.97737229
ensemble,2022,2022-11-30,724740.32,785152.2636241573
ensemble,2022,2022-12-01,730613.079,786156.6311146984
ensemble,2022,2022-12-02,731618.823,790908.0078165581
ensemble,2022,2022-12-03,659861.394,719477.8468231942
ensemble,2022,2022-12-04,616327.939,669643.6489601302
ensemble,2022,2022-12-05,707473.451,728499.6834565013
ensemble,2022,2022-12-06,645078.436,675476.7896056332
ensemble,2022,2022-12-07,693711.869,732838.8056150619
ensemble,2022,2022-12-08,632319.537,719566.8214039268
ensemble,2022,2022-12-09,671091.448,764638.7549905399
ensemble,2022,2022-12-10,623146.186,690194.714473174
ensemble,2022,2022-12-11,606821.364,645045.8805834617
ensemble,2022,2022-12-12,728180.46,749134.9359403184
ensemble,2022,2022-12-13,732934.204,759763.5850200373
ensemble,2022,2022-12-14,717540.301,765017.1488138246
ensemble,2022,2022-12-15,712548.603,766600.6831031205
ensemble,2022,2022-12-16,713514.912,762519.7428788203
ensemble,2022,2022-12-17,629703.175,694193.9277389055
ensemble,2022,2022-12-18,591386.911,643212.2665796581
ensemble,2022,2022-12-19,708990.929,755305.0705494288
ensemble,2022,2022-12-20,724156.043,752257.8222386884
ensemble,2022,2022-12-21,711189.579,741986.548973686
ensemble,2022,2022-12-22,694814.032,714613.9132115263
ensemble,2022,2022-12-23,657996.045,679239.3967869328
ensemble,2022,2022-12-24,562091.314,609789.0704476372
ensemble,2022,2022-12-25,489067.621,580133.2802194211
ensemble,2022,2022-12-26,532343.828,659993.9000487432
ensemble,2022,2022-12-27,612141.492,672539.880289364
ensemble,2022,2022-12-28,629989.307,678020.186019048
ensemble,2022,2022-12-29,637184.984,672442.7142239693
ensemble,2022,2022-12-30,624064.594,647777.1291326679
ensemble,2022,2022-12-31,559754.852,596283.765160014
naive_semanal,2023,2023-01-01,506425.906,578855.186
naive_semanal,2023,2023-01-02,621645.824,691970.774
naive_semanal,2023,2023-01-03,677052.137,718047.874
naive_semanal,2023,2023-01-04,689160.95,715070.234
naive_semanal,2023,2023-01-05,671291.045,617936.351
naive_semanal,2023,2023-01-06,580299.936,703004.57
naive_semanal,2023,2023-01-07,626064.221,686615.314
naive_semanal,2023,2023-01-08,614482.321,657099.904
naive_semanal,2023,2023-01-09,702001.315,756621.212
naive_semanal,2023,2023-01-10,731661.44,771711.078
naive_semanal,2023,2023-01-11,738957.782,777310.213
naive_semanal,2023,2023-01-12,743091.787,788572.283
naive_semanal,2023,2023-01-13,737961.141,796150.956
naive_semanal,2023,2023-01-14,663062.596,717164.143
naive_semanal,2023,2023-01-15,615888.197,672381.068
naive_semanal,2023,2023-01-16,755509.285,790794.183
naive_semanal,2023,2023-01-17,758739.977,809453.033
naive_semanal,2023,2023-01-18,780321.606,813885.767
naive_semanal,2023,2023-01-19,790062.795,813841.104
naive_semanal,2023,2023-01-20,757426.586,812933.383
naive_semanal,2023,2023-01-21,676924.309,728531.886
naive_semanal,2023,2023-01-22,649293.321,681487.178
naive_semanal,2023,2023-01-23,787526.211,800222.601
naive_semanal,2023,2023-01-24,825630.213,803957.158
naive_semanal,2023,2023-01-25,816153.242,800205.701
naive_semanal,2023,2023-01-26,817260.311,794878.473
naive_semanal,2023,2023-01-27,806430.869,786143.822
naive_semanal,2023,2023-01-28,718692.953,698969.016
naive_semanal,2023,2023-01-29,675983.757,648503.898
naive_semanal,2023,2023-01-30,795325.338,761832.783
naive_semanal,2023,2023-01-31,803698.92,774260.763
naive_semanal,2023,2023-02-01,801662.332,762494.554
naive_semanal,2023,2023-02-02,790975.567,760780.897
naive_semanal,2023,2023-02-03,775632.369,756896.641
naive_semanal,2023,2023-02-04,684167.496,682674.839
naive_semanal,2023,2023-02-05,638690.856,635247.08
naive_semanal,2023,2023-02-06,775399.85,746724.421
naive_semanal,2023,2023-02-07,808031.458,756678.724
naive_semanal,2023,2023-02-08,805426.932,755748.252
naive_semanal,2023,2023-02-09,795325.55,762082.393
naive_semanal,2023,2023-02-10,791833.872,754633.793
naive_semanal,2023,2023-02-11,696716.754,679947.691
naive_semanal,2023,2023-02-12,648805.368,635776.528
naive_semanal,2023,2023-02-13,763941.892,741719.03
naive_semanal,2023,2023-02-14,776349.758,759124.039
naive_semanal,2023,2023-02-15,765234.644,758265.98
naive_semanal,2023,2023-02-16,756184.773,744050.02
naive_semanal,2023,2023-02-17,745841.242,735427.048
naive_semanal,2023,2023-02-18,656958.729,677992.558
naive_semanal,2023,2023-02-19,604243.142,628491.111
naive_semanal,2023,2023-02-20,703843.757,726597.17
naive_semanal,2023,2023-02-21,718542.25,734120.281
naive_semanal,2023,2023-02-22,723179.886,732237.567
naive_semanal,2023,2023-02-23,744746.598,736907.737
naive_semanal,2023,2023-02-24,741153.705,742820.885
naive_semanal,2023,2023-02-25,670495.14,670693.047
naive_semanal,2023,2023-02-26,633054.625,618013.898
naive_semanal,2023,2023-02-27,769247.838,697748.424
naive_semanal,2023,2023-02-28,774548.797,722629.686
naive_semanal,2023,2023-03-01,790626.199,735689.298
naive_semanal,2023,2023-03-02,796204.01,742779.369
naive_semanal,2023,2023-03-03,772937.401,743386.909
naive_semanal,2023,2023-03-04,674017.739,660787.324
naive_semanal,2023,2023-03-05,635805.655,620251.472
naive_semanal,2023,2023-03-06,739440.9,732493.133
naive_semanal,2023,2023-03-07,736668.395,735113.962
naive_semanal,2023,2023-03-08,726365.685,726757.341
naive_semanal,2023,2023-03-09,716452.857,722215.252
naive_semanal,2023,2023-03-10,689273.37,731329.705
naive_semanal,2023,2023-03-11,608584.638,642182.296
naive_semanal,2023,2023-03-12,557439.954,593322.595
naive_semanal,2023,2023-03-13,658906.077,726364.443
naive_semanal,2023,2023-03-14,669720.805,727251.646
naive_semanal,2023,2023-03-15,669686.9,728889.512
naive_semanal,2023,2023-03-16,671404.492,726425.305
naive_semanal,2023,2023-03-17,669898.72,704833.012
naive_semanal,2023,2023-03-18,603233.37,624061.488
naive_semanal,2023,2023-03-19,551700.834,591749.465
naive_semanal,2023,2023-03-20,641384.343,698550.305
naive_semanal,2023,2023-03-21,667437.684,717641.0
naive_semanal,2023,2023-03-22,665415.519,719548.211
naive_semanal,2023,2023-03-23,664773.196,725071.963
naive_semanal,2023,2023-03-24,664920.294,706766.452
naive_semanal,2023,2023-03-25,595900.869,631663.488
naive_semanal,2023,2023-03-26,525933.283,554056.158
naive_semanal,2023,2023-03-27,642067.363,677673.545
naive_semanal,2023,2023-03-28,655229.932,692972.303
naive_semanal,2023,2023-03-29,657287.875,707690.926
naive_semanal,2023,2023-03-30,660755.927,705601.198
naive_semanal,2023,2023-03-31,660236.946,710892.602
naive_semanal,2023,2023-04-01,592046.555,645549.332
naive_semanal,2023,2023-04-02,548874.924,613758.289
naive_semanal,2023,2023-04-03,639072.811,744100.153
naive_semanal,2023,2023-04-04,652016.035,762729.139
naive_semanal,2023,2023-04-05,639631.827,744533.256
naive_semanal,2023,2023-04-06,564889.452,722876.934
naive_semanal,2023,2023-04-07,518549.539,707077.849
naive_semanal,2023,2023-04-08,531339.729,621527.143
naive_semanal,2023,2023-04-09,508947.86,574809.756
naive_semanal,2023,2023-04-10,562915.862,667783.117
naive_semanal,2023,2023-04-11,631802.137,687251.619
naive_semanal,2023,2023-04-12,660115.2,685363.179
naive_semanal,2023,2023-04-13,658532.314,585210.51
naive_semanal,2023,2023-04-14,664022.635,536448.535
naive_semanal,2023,2023-04-15,592441.566,551086.712
naive_semanal,2023,2023-04-16,547231.264,527257.849
naive_semanal,2023,2023-04-17,634831.145,580335.76
naive_semanal,2023,2023-04-18,654865.618,657825.815
naive_semanal,2023,2023-04-19,654950.573,698469.112
naive_semanal,2023,2023-04-20,656653.518,697710.847
naive_semanal,2023,2023-04-21,650980.32,695637.89
naive_semanal,2023,2023-04-22,590495.8,628779.932
naive_semanal,2023,2023-04-23,544376.883,571994.039
naive_semanal,2023,2023-04-24,633779.346,654714.455
naive_semanal,2023,2023-04-25,659059.16,677540.715
naive_semanal,2023,2023-04-26,661852.956,687613.611
naive_semanal,2023,2023-04-27,666829.312,688510.063
naive_semanal,2023,2023-04-28,661354.264,669022.367
naive_semanal,2023,2023-04-29,592081.712,592600.643
naive_semanal,2023,2023-04-30,542193.983,528390.929
naive_semanal,2023,2023-05-01,523889.313,614138.744
naive_semanal,2023,2023-05-02,622434.735,677392.499
naive_semanal,2023,2023-05-03,660714.847,687315.435
naive_semanal,2023,2023-05-04,665290.908,680762.673
naive_semanal,2023,2023-05-05,659616.923,668597.638
naive_semanal,2023,2023-05-06,590485.791,596496.276
naive_semanal,2023,2023-05-07,548502.085,550457.934
naive_semanal,2023,2023-05-08,642369.829,650598.557
naive_semanal,2023,2023-05-09,668097.149,673774.152
naive_semanal,2023,2023-05-10,663531.114,678560.086
naive_semanal,2023,2023-05-11,657135.64,683981.303
naive_semanal,2023,2023-05-12,656184.255,678906.624
naive_semanal,2023,2023-05-13,585306.083,613471.345
naive_semanal,2023,2023-05-14,542358.512,565340.711
naive_semanal,2023,2023-05-15,631619.964,658606.234
naive_semanal,2023,2023-05-16,651749.949,689159.568
naive_semanal,2023,2023-05-17,643132.606,701701.58
naive_semanal,2023,2023-05-18,651137.81,716668.676
naive_semanal,2023,2023-05-19,646534.241,714896.579
naive_semanal,2023,2023-05-20,576238.824,645687.218
naive_semanal,2023,2023-05-21,535466.982,591016.568
naive_semanal,2023,2023-05-22,639422.481,692293.672
naive_semanal,2023,2023-05-23,654198.935,699490.143
naive_semanal,2023,2023-05-24,650279.581,683203.914
naive_semanal,2023,2023-05-25,651724.712,688924.599
naive_semanal,2023,2023-05-26,638249.622,691167.658
naive_semanal,2023,2023-05-27,566548.508,628739.734
naive_semanal,2023,2023-05-28,521285.615,579504.708
naive_semanal,2023,2023-05-29,621366.375,672096.948
naive_semanal,2023,2023-05-30,638434.329,699889.965
naive_semanal,2023,2023-05-31,640059.655,709660.649
naive_semanal,2023,2023-06-01,649942.676,714096.111
naive_semanal,2023,2023-06-02,642678.488,711460.499
naive_semanal,2023,2023-06-03,571764.741,632752.836
naive_semanal,2023,2023-06-04,529995.247,583681.514
naive_semanal,2023,2023-06-05,632165.698,671690.704
naive_semanal,2023,2023-06-06,660649.668,720817.352
naive_semanal,2023,2023-06-07,675239.156,734652.173
naive_semanal,2023,2023-06-08,666873.185,740426.075
naive_semanal,2023,2023-06-09,657431.943,740712.627
naive_semanal,2023,2023-06-10,585434.217,678773.887
naive_semanal,2023,2023-06-11,546386.353,633281.978
naive_semanal,2023,2023-06-12,654286.647,758638.075
naive_semanal,2023,2023-06-13,671548.429,798691.052
naive_semanal,2023,2023-06-14,675031.725,816499.073
naive_semanal,2023,2023-06-15,685681.558,810374.883
naive_semanal,2023,2023-06-16,695921.152,807731.237
naive_semanal,2023,2023-06-17,627665.321,721874.37
naive_semanal,2023,2023-06-18,577954.372,639567.443
naive_semanal,2023,2023-06-19,684896.351,746482.216
naive_semanal,2023,2023-06-20,704703.371,754336.941
naive_semanal,2023,2023-06-21,714975.961,735366.573
naive_semanal,2023,2023-06-22,709422.083,712244.518
naive_semanal,2023,2023-06-23,705413.541,658105.271
naive_semanal,2023,2023-06-24,628176.282,634796.661
naive_semanal,2023,2023-06-25,616012.038,597120.111
naive_semanal,2023,2023-06-26,753018.153,697550.971
naive_semanal,2023,2023-06-27,772286.006,717423.769
naive_semanal,2023,2023-06-28,777596.436,727046.257
naive_semanal,2023,2023-06-29,771072.346,724490.783
naive_semanal,2023,2023-06-30,729157.132,714296.439
naive_semanal,2023,2023-07-01,646254.981,664621.873
naive_semanal,2023,2023-07-02,615130.595,628386.931
naive_semanal,2023,2023-07-03,741756.166,734811.021
naive_semanal,2023,2023-07-04,754074.66,766576.117
naive_semanal,2023,2023-07-05,756329.156,763815.16
naive_semanal,2023,2023-07-06,760166.347,756028.699
naive_semanal,2023,2023-07-07,752018.825,760229.022
naive_semanal,2023,2023-07-08,665130.797,692390.322
naive_semanal,2023,2023-07-09,628912.612,652462.732
naive_semanal,2023,2023-07-10,778800.77,781323.554
naive_semanal,2023,2023-07-11,820243.486,811270.388
naive_semanal,2023,2023-07-12,813329.123,827870.215
naive_semanal,2023,2023-07-13,799787.648,836258.259
naive_semanal,2023,2023-07-14,800527.393,831856.371
naive_semanal,2023,2023-07-15,698753.666,748679.261
naive_semanal,2023,2023-07-16,639880.119,698666.051
naive_semanal,2023,2023-07-17,781395.496,822023.508
naive_semanal,2023,2023-07-18,824598.568,823558.586
naive_semanal,2023,2023-07-19,837501.706,823283.426
naive_semanal,2023,2023-07-20,818438.549,836727.903
naive_semanal,2023,2023-07-21,780090.042,831424.411
naive_semanal,2023,2023-07-22,681943.561,735091.226
naive_semanal,2023,2023-07-23,646041.839,687821.417
naive_semanal,2023,2023-07-24,752105.434,787876.394
naive_semanal,2023,2023-07-25,721372.938,824187.447
naive_semanal,2023,2023-07-26,733046.018,806232.992
naive_semanal,2023,2023-07-27,748428.535,800376.722
naive_semanal,2023,2023-07-28,740713.259,793992.235
naive_semanal,2023,2023-07-29,680851.05,718385.467
naive_semanal,2023,2023-07-30,645350.877,675415.017
naive_semanal,2023,2023-07-31,736624.838,782866.189
naive_semanal,2023,2023-08-01,754106.067,800030.828
naive_semanal,2023,2023-08-02,767572.867,795863.729
naive_semanal,2023,2023-08-03,743787.712,789564.733
naive_semanal,2023,2023-08-04,689678.817,772886.414
naive_semanal,2023,2023-08-05,616704.903,699119.098
naive_semanal,2023,2023-08-06,594272.852,647889.366
naive_semanal,2023,2023-08-07,677200.493,727811.301
naive_semanal,2023,2023-08-08,710098.443,745979.959
naive_semanal,2023,2023-08-09,730621.532,754636.552
naive_semanal,2023,2023-08-10,746766.603,750843.942
naive_semanal,2023,2023-08-11,739105.889,750786.746
naive_semanal,2023,2023-08-12,680130.564,698246.392
naive_semanal,2023,2023-08-13,633561.647,629884.456
naive_semanal,2023,2023-08-14,679049.268,622660.016
naive_semanal,2023,2023-08-15,632371.277,680755.938
naive_semanal,2023,2023-08-16,697609.563,677139.664
naive_semanal,2023,2023-08-17,705886.436,659330.261
naive_semanal,2023,2023-08-18,708620.632,661916.618
naive_semanal,2023,2023-08-19,669852.416,633699.219
naive_semanal,2023,2023-08-20,650595.656,602791.839
naive_semanal,2023,2023-08-21,769909.688,703153.961
naive_semanal,2023,2023-08-22,791908.796,730634.865
naive_semanal,2023,2023-08-23,805114.493,738558.459
naive_semanal,2023,2023-08-24,806257.924,736603.211
naive_semanal,2023,2023-08-25,795777.497,725562.063
naive_semanal,2023,2023-08-26,704096.731,656630.131
naive_semanal,2023,2023-08-27,589812.346,615465.721
naive_semanal,2023,2023-08-28,666251.744,727200.545
naive_semanal,2023,2023-08-29,684519.165,750924.467
naive_semanal,2023,2023-08-30,691690.676,740231.753
naive_semanal,2023,2023-08-31,696633.256,731641.339
naive_semanal,2023,2023-09-01,707897.142,732227.67
naive_semanal,2023,2023-09-02,617334.231,642236.01
naive_semanal,2023,2023-09-03,567635.528,596575.601
naive_semanal,2023,2023-09-04,680749.198,711057.502
naive_semanal,2023,2023-09-05,702074.366,727527.085
naive_semanal,2023,2023-09-06,713455.091,731678.0
naive_semanal,2023,2023-09-07,718709.335,715619.573
naive_semanal,2023,2023-09-08,696807.158,721661.277
naive_semanal,2023,2023-09-09,623814.065,653804.812
naive_semanal,2023,2023-09-10,582350.336,619822.057
naive_semanal,2023,2023-09-11,670861.718,743105.948
naive_semanal,2023,2023-09-12,705037.939,746416.15
naive_semanal,2023,2023-09-13,705471.848,722541.723
naive_semanal,2023,2023-09-14,712650.088,713473.613
naive_semanal,2023,2023-09-15,704741.902,708799.082
naive_semanal,2023,2023-09-16,610152.639,619334.834
naive_semanal,2023,2023-09-17,573642.626,574254.188
naive_semanal,2023,2023-09-18,665858.082,685476.662
naive_semanal,2023,2023-09-19,683286.703,704300.231
naive_semanal,2023,2023-09-20,680363.13,700070.02
naive_semanal,2023,2023-09-21,682301.958,695597.389
naive_semanal,2023,2023-09-22,657786.885,689988.523
naive_semanal,2023,2023-09-23,577386.642,602468.746
naive_semanal,2023,2023-09-24,541155.475,547492.934
naive_semanal,2023,2023-09-25,644344.176,638740.351
naive_semanal,2023,2023-09-26,673007.777,659456.712
naive_semanal,2023,2023-09-27,684381.179,663780.704
naive_semanal,2023,2023-09-28,688482.194,663785.856
naive_semanal,2023,2023-09-29,682620.495,649024.388
naive_semanal,2023,2023-09-30,608394.984,576530.486
naive_semanal,2023,2023-10-01,568592.41,536105.027
naive_semanal,2023,2023-10-02,677907.782,644976.653
naive_semanal,2023,2023-10-03,694129.802,667812.384
naive_semanal,2023,2023-10-04,697359.162,669204.132
naive_semanal,2023,2023-10-05,698683.251,675127.531
naive_semanal,2023,2023-10-06,699421.954,666351.834
naive_semanal,2023,2023-10-07,618380.502,589542.598
naive_semanal,2023,2023-10-08,572203.065,540796.45
naive_semanal,2023,2023-10-09,661444.716,644622.826
naive_semanal,2023,2023-10-10,682328.873,654510.421
naive_semanal,2023,2023-10-11,676631.446,557942.649
naive_semanal,2023,2023-10-12,575504.945,641378.909
naive_semanal,2023,2023-10-13,615394.793,654335.366
naive_semanal,2023,2023-10-14,578579.097,579414.681
naive_semanal,2023,2023-10-15,541876.33,540243.248
naive_semanal,2023,2023-10-16,656582.378,645458.789
naive_semanal,2023,2023-10-17,685735.457,666698.644
naive_semanal,2023,2023-10-18,691544.263,678778.124
naive_semanal,2023,2023-10-19,695588.62,683996.794
naive_semanal,2023,2023-10-20,670024.187,672847.573
naive_semanal,2023,2023-10-21,578655.968,586790.797
naive_semanal,2023,2023-10-22,547584.426,551003.213
naive_semanal,2023,2023-10-23,652396.01,646287.207
naive_semanal,2023,2023-10-24,668310.627,663966.837
naive_semanal,2023,2023-10-25,680986.583,669571.962
naive_semanal,2023,2023-10-26,695519.318,664276.72
naive_semanal,2023,2023-10-27,681696.979,653085.719
naive_semanal,2023,2023-10-28,600928.081,573082.907
naive_semanal,2023,2023-10-29,584792.106,547874.045
naive_semanal,2023,2023-10-30,663807.745,587498.589
naive_semanal,2023,2023-10-31,677491.268,538630.845
naive_semanal,2023,2023-11-01,595447.394,634187.151
naive_semanal,2023,2023-11-02,681524.046,656532.768
naive_semanal,2023,2023-11-03,688910.052,653078.471
naive_semanal,2023,2023-11-04,621381.226,571841.348
naive_semanal,2023,2023-11-05,573801.32,532238.943
naive_semanal,2023,2023-11-06,677205.414,612953.806
naive_semanal,2023,2023-11-07,699291.04,666701.201
naive_semanal,2023,2023-11-08,713708.037,661163.333
naive_semanal,2023,2023-11-09,703993.269,664449.942
naive_semanal,2023,2023-11-10,703513.302,664653.882
naive_semanal,2023,2023-11-11,628504.13,588358.835
naive_semanal,2023,2023-11-12,573478.299,542933.157
naive_semanal,2023,2023-11-13,672700.842,652741.12
naive_semanal,2023,2023-11-14,682941.124,651544.301
naive_semanal,2023,2023-11-15,690217.89,681393.885
naive_semanal,2023,2023-11-16,694399.37,679641.411
naive_semanal,2023,2023-11-17,681979.844,675636.087
naive_semanal,2023,2023-11-18,604200.644,603900.284
naive_semanal,2023,2023-11-19,560129.864,560680.142
naive_semanal,2023,2023-11-20,674097.163,686937.943
naive_semanal,2023,2023-11-21,697706.662,715617.289
naive_semanal,2023,2023-11-22,709139.885,701571.613
naive_semanal,2023,2023-11-23,713863.707,698309.438
naive_semanal,2023,2023-11-24,715114.11,682256.747
naive_semanal,2023,2023-11-25,635313.081,614741.775
naive_semanal,2023,2023-11-26,602380.968,582620.008
naive_semanal,2023,2023-11-27,720961.771,688907.474
naive_semanal,2023,2023-11-28,737005.018,712802.199
naive_semanal,2023,2023-11-29,735891.426,724740.32
naive_semanal,2023,2023-11-30,724390.897,730613.079
naive_semanal,2023,2023-12-01,721843.711,731618.823
naive_semanal,2023,2023-12-02,646520.006,659861.394
naive_semanal,2023,2023-12-03,624482.267,616327.939
naive_semanal,2023,2023-12-04,743449.538,707473.451
naive_semanal,2023,2023-12-05,751522.63,645078.436
naive_semanal,2023,2023-12-06,674816.633,693711.869
naive_semanal,2023,2023-12-07,701438.509,632319.537
naive_semanal,2023,2023-12-08,638304.87,671091.448
naive_semanal,2023,2023-12-09,633897.78,623146.186
naive_semanal,2023,2023-12-10,604532.257,606821.364
naive_semanal,2023,2023-12-11,712662.101,728180.46
naive_semanal,2023,2023-12-12,734744.889,732934.204
naive_semanal,2023,2023-12-13,741549.886,717540.301
naive_semanal,2023,2023-12-14,745172.248,712548.603
naive_semanal,2023,2023-12-15,739184.562,713514.912
naive_semanal,2023,2023-12-16,662260.256,629703.175
naive_semanal,2023,2023-12-17,636365.322,591386.911
naive_semanal,2023,2023-12-18,758212.531,708990.929
naive_semanal,2023,2023-12-19,774315.347,724156.043
naive_semanal,2023,2023-12-20,781442.119,711189.579
naive_semanal,2023,2023-12-21,758822.16,694814.032
naive_semanal,2023,2023-12-22,721413.251,657996.045
naive_semanal,2023,2023-12-23,640883.947,562091.314
naive_semanal,2023,2023-12-24,596118.636,489067.621
naive_semanal,2023,2023-12-25,553617.338,532343.828
naive_semanal,2023,2023-12-26,654679.567,612141.492
naive_semanal,2023,2023-12-27,703161.901,629989.307
naive_semanal,2023,2023-12-28,710999.762,637184.984
naive_semanal,2023,2023-12-29,698783.477,624064.594
naive_semanal,2023,2023-12-30,630400.595,559754.852
naive_semanal,2023,2023-12-31,606791.929,506425.906
naive_trend,2023,2023-01-01,506425.906,537218.8640623491
naive_trend,2023,2023-01-02,621645.824,642198.1907796615
naive_trend,2023,2023-01-03,677052.137,666399.5979344386
naive_trend,2023,2023-01-04,689160.95,663636.1358163217
naive_trend,2023,2023-01-05,671291.045,573488.9702569806
naive_trend,2023,2023-01-06,580299.936,652438.3397785437
naive_trend,2023,2023-01-07,626064.221,637227.9422489153
naive_trend,2023,2023-01-08,614482.321,609835.538386899
naive_trend,2023,2023-01-09,702001.315,702198.4044833586
naive_trend,2023,2023-01-10,731661.44,716202.8754934414
naive_trend,2023,2023-01-11,738957.782,721399.2717894084
naive_trend,2023,2023-01-12,743091.787,731851.2753279769
naive_trend,2023,2023-01-13,737961.141,738884.8239574608
naive_trend,2023,2023-01-14,663062.596,665579.4325883574
naive_trend,2023,2023-01-15,615888.197,624017.5475736156
naive_trend,2023,2023-01-16,755509.285,733913.3568691451
naive_trend,2023,2023-01-17,758739.977,751230.0993708004
naive_trend,2023,2023-01-18,780321.606,755343.9924165311
naive_trend,2023,2023-01-19,790062.795,755302.5419696734
naive_trend,2023,2023-01-20,757426.586,754460.112193972
naive_trend,2023,2023-01-21,676924.309,676129.5082015916
naive_trend,2023,2023-01-22,649293.321,632468.6665901544
naive_trend,2023,2023-01-23,787526.211,742663.600678596
naive_trend,2023,2023-01-24,825630.213,746129.5357135395
naive_trend,2023,2023-01-25,816153.242,742647.9162742367
naive_trend,2023,2023-01-26,817260.311,737703.8690514117
naive_trend,2023,2023-01-27,806430.869,729597.4904584746
naive_trend,2023,2023-01-28,718692.953,648693.0580773925
naive_trend,2023,2023-01-29,675983.757,601857.8322343397
naive_trend,2023,2023-01-30,795325.338,707035.1137680195
naive_trend,2023,2023-01-31,803698.92,718569.1648738337
naive_trend,2023,2023-02-01,801662.332,707649.2844163746
naive_trend,2023,2023-02-02,790975.567,706058.8885985638
naive_trend,2023,2023-02-03,775632.369,702454.0222234919
naive_trend,2023,2023-02-04,684167.496,633570.9006354605
naive_trend,2023,2023-02-05,638690.856,589554.560398331
naive_trend,2023,2023-02-06,775399.85,693013.4771518403
naive_trend,2023,2023-02-07,808031.458,702251.7797178857
naive_trend,2023,2023-02-08,805426.932,701388.2353928603
naive_trend,2023,2023-02-09,795325.55,707266.7696361913
naive_trend,2023,2023-02-10,791833.872,700353.9380202112
naive_trend,2023,2023-02-11,696716.754,631039.9129443701
naive_trend,2023,2023-02-12,648805.368,590045.9258728387
naive_trend,2023,2023-02-13,763941.892,688368.1176003619
naive_trend,2023,2023-02-14,776349.758,704521.206300469
naive_trend,2023,2023-02-15,765234.644,703724.8663998734
naive_trend,2023,2023-02-16,756184.773,690531.4424357046
naive_trend,2023,2023-02-17,745841.242,682528.7099134439
naive_trend,2023,2023-02-18,656958.729,629225.4101900476
naive_trend,2023,2023-02-19,604243.142,583284.539709909
naive_trend,2023,2023-02-20,703843.757,674333.9538782634
naive_trend,2023,2023-02-21,718542.25,681315.9370121848
naive_trend,2023,2023-02-22,723179.886,679568.6442507198
naive_trend,2023,2023-02-23,744746.598,683902.8948250561
naive_trend,2023,2023-02-24,741153.705,689390.7175628013
naive_trend,2023,2023-02-25,670495.14,622450.9437907251
naive_trend,2023,2023-02-26,633054.625,573560.9393992792
naive_trend,2023,2023-02-27,769247.838,647560.2617172964
naive_trend,2023,2023-02-28,774548.797,670651.845988043
naive_trend,2023,2023-03-01,790626.199,682772.096602391
naive_trend,2023,2023-03-02,796204.01,689352.1877562109
naive_trend,2023,2023-03-03,772937.401,689916.0281718558
naive_trend,2023,2023-03-04,674017.739,613257.726926678
naive_trend,2023,2023-03-05,635805.655,575637.5675294371
naive_trend,2023,2023-03-06,739440.9,679805.8277113391
naive_trend,2023,2023-03-07,736668.395,682238.1437937275
naive_trend,2023,2023-03-08,726365.685,674482.6039806668
naive_trend,2023,2023-03-09,716452.857,670267.2217018768
naive_trend,2023,2023-03-10,689273.37,678726.0836169701
naive_trend,2023,2023-03-11,608584.638,595990.9350765861
naive_trend,2023,2023-03-12,557439.954,550645.650617744
naive_trend,2023,2023-03-13,658906.077,674117.9666372392
naive_trend,2023,2023-03-14,669720.805,674941.3542467486
naive_trend,2023,2023-03-15,669686.9,676461.4106154003
naive_trend,2023,2023-03-16,671404.492,674174.4509105003
naive_trend,2023,2023-03-17,669898.72,654135.2642563765
naive_trend,2023,2023-03-18,603233.37,579173.5338938801
naive_trend,2023,2023-03-19,551700.834,549185.6738704294
naive_trend,2023,2023-03-20,641384.343,648304.4644304309
naive_trend,2023,2023-03-21,667437.684,666021.9898670274
naive_trend,2023,2023-03-22,665415.519,667792.0175902431
naive_trend,2023,2023-03-23,664773.196,672918.4530901267
naive_trend,2023,2023-03-24,664920.294,655929.6343607722
naive_trend,2023,2023-03-25,595900.869,586228.7316417361
naive_trend,2023,2023-03-26,525933.283,514203.5988039147
naive_trend,2023,2023-03-27,642067.363,628929.3433919502
naive_trend,2023,2023-03-28,655229.932,643127.6810644829
naive_trend,2023,2023-03-29,657287.875,656787.6121143568
naive_trend,2023,2023-03-30,660755.927,654848.1956082754
naive_trend,2023,2023-03-31,660236.946,659758.9956061438
naive_trend,2023,2023-04-01,592046.555,599115.7844325649
naive_trend,2023,2023-04-02,548874.924,569611.4309761594
naive_trend,2023,2023-04-03,639072.811,690577.9694323757
naive_trend,2023,2023-04-04,652016.035,707866.996013807
naive_trend,2023,2023-04-05,639631.827,690979.9198809668
naive_trend,2023,2023-04-06,564889.452,670881.3097518896
naive_trend,2023,2023-04-07,518549.539,656218.6329681241
naive_trend,2023,2023-04-08,531339.729,576821.4811266754
naive_trend,2023,2023-04-09,508947.86,533464.416729396
naive_trend,2023,2023-04-10,562915.862,619750.3213778838
naive_trend,2023,2023-04-11,631802.137,637818.478634465
naive_trend,2023,2023-04-12,660115.2,636065.8717369433
naive_trend,2023,2023-04-13,658532.314,543117.0576392624
naive_trend,2023,2023-04-14,664022.635,497862.4698727521
naive_trend,2023,2023-04-15,592441.566,511447.74130173365
naive_trend,2023,2023-04-16,547231.264,489332.858301001
naive_trend,2023,2023-04-17,634831.145,538592.9422457658
naive_trend,2023,2023-04-18,654865.618,610509.2355261182
naive_trend,2023,2023-04-19,654950.573,648229.1115403044
naive_trend,2023,2023-04-20,656653.518,647525.3875834143
naive_trend,2023,2023-04-21,650980.32,645601.5357604991
naive_trend,2023,2023-04-22,590495.8,583552.586180408
naive_trend,2023,2023-04-23,544376.883,530851.2306945367
naive_trend,2023,2023-04-24,633779.346,607621.6717185979
naive_trend,2023,2023-04-25,659059.16,628806.0676859717
naive_trend,2023,2023-04-26,661852.956,638154.4330074119
naive_trend,2023,2023-04-27,666829.312,638986.4043480408
naive_trend,2023,2023-04-28,661354.264,620900.4336916211
naive_trend,2023,2023-04-29,592081.712,549975.6277126585
naive_trend,2023,2023-04-30,542193.983,490384.4372886543
naive_trend,2023,2023-05-01,523889.313,569964.5203288508
naive_trend,2023,2023-05-02,622434.735,628668.5126755276
naive_trend,2023,2023-05-03,660714.847,637877.7044302395
naive_trend,2023,2023-05-04,665290.908,631796.2743191323
naive_trend,2023,2023-05-05,659616.923,620506.2549117935
naive_trend,2023,2023-05-06,590485.791,553591.0527544991
naive_trend,2023,2023-05-07,548502.085,510864.1905085869
naive_trend,2023,2023-05-08,642369.829,603801.8250598232
naive_trend,2023,2023-05-09,668097.149,625310.4288021573
naive_trend,2023,2023-05-10,663531.114,629752.116618283
naive_trend,2023,2023-05-11,657135.64,634783.3923311267
naive_trend,2023,2023-05-12,656184.255,630073.7285779181
naive_trend,2023,2023-05-13,585306.083,569345.1264954227
naive_trend,2023,2023-05-14,542358.512,524676.4681687084
naive_trend,2023,2023-05-15,631619.964,611233.5199737878
naive_trend,2023,2023-05-16,651749.949,639589.1912742736
naive_trend,2023,2023-05-17,643132.606,651229.0722024482
naive_trend,2023,2023-05-18,651137.81,665119.603903467
naive_trend,2023,2023-05-19,646534.241,663474.9716009962
naive_trend,2023,2023-05-20,576238.824,599243.7524668534
naive_trend,2023,2023-05-21,535466.982,548505.493225361
naive_trend,2023,2023-05-22,639422.481,642497.8631346191
naive_trend,2023,2023-05-23,654198.935,649176.7010709137
naive_trend,2023,2023-05-24,650279.581,634061.9199393867
naive_trend,2023,2023-05-25,651724.712,639371.1232974759
naive_trend,2023,2023-05-26,638249.622,641452.8418985162
naive_trend,2023,2023-05-27,566548.508,583515.2795717434
naive_trend,2023,2023-05-28,521285.615,537821.6667657932
naive_trend,2023,2023-05-29,621366.375,623753.8639661279
naive_trend,2023,2023-05-30,638434.329,649547.7643797722
naive_trend,2023,2023-05-31,640059.655,658615.655428419
naive_trend,2023,2023-06-01,649942.676,662732.0802525575
naive_trend,2023,2023-06-02,642678.488,660286.0444926756
naive_trend,2023,2023-06-03,571764.741,587239.7242168784
naive_trend,2023,2023-06-04,529995.247,541698.0403891071
naive_trend,2023,2023-06-05,632165.698,623376.8405836128
naive_trend,2023,2023-06-06,660649.668,668969.8708821284
naive_trend,2023,2023-06-07,675239.156,681809.5706928612
naive_trend,2023,2023-06-08,666873.185,687168.1632193992
naive_trend,2023,2023-06-09,657431.943,687434.1038962004
naive_trend,2023,2023-06-10,585434.217,629950.5391825673
naive_trend,2023,2023-06-11,546386.353,587730.8057015792
naive_trend,2023,2023-06-12,654286.647,704070.197076799
naive_trend,2023,2023-06-13,671548.429,741242.214062504
naive_trend,2023,2023-06-14,675031.725,757769.3266188013
naive_trend,2023,2023-06-15,685681.558,752085.6418653888
naive_trend,2023,2023-06-16,695921.152,749632.149980973
naive_trend,2023,2023-06-17,627665.321,669950.8589133101
naive_trend,2023,2023-06-18,577954.372,593564.1651480707
naive_trend,2023,2023-06-19,684896.351,692788.6936513775
naive_trend,2023,2023-06-20,704703.371,700078.4382093921
naive_trend,2023,2023-06-21,714975.961,682472.584803762
naive_trend,2023,2023-06-22,709422.083,661013.6699968951
naive_trend,2023,2023-06-23,705413.541,610768.5906092311
naive_trend,2023,2023-06-24,628176.282,589136.539467735
naive_trend,2023,2023-06-25,616012.038,554170.0160913887
naive_trend,2023,2023-06-26,753018.153,647377.0112620337
naive_trend,2023,2023-06-27,772286.006,665820.384018308
naive_trend,2023,2023-06-28,777596.436,674750.7386179359
naive_trend,2023,2023-06-29,771072.346,672379.0766329973
naive_trend,2023,2023-06-30,729157.132,662917.9989127038
naive_trend,2023,2023-07-01,646254.981,616816.4616634372
naive_trend,2023,2023-07-02,615130.595,583187.85324564
naive_trend,2023,2023-07-03,741756.166,681956.9929569827
naive_trend,2023,2023-07-04,754074.66,711437.2657483048
naive_trend,2023,2023-07-05,756329.156,708874.9008958545
naive_trend,2023,2023-07-06,760166.347,701648.5101945958
naive_trend,2023,2023-07-07,752018.825,705546.7092698216
naive_trend,2023,2023-07-08,665130.797,642587.5612222711
naive_trend,2023,2023-07-09,628912.612,605531.9123081275
naive_trend,2023,2023-07-10,778800.77,725123.9382435755
naive_trend,2023,2023-07-11,820243.486,752916.7343225309
naive_trend,2023,2023-07-12,813329.123,768322.5567462613
naive_trend,2023,2023-07-13,799787.648,776107.2593426461
naive_trend,2023,2023-07-14,800527.393,772021.9935831205
naive_trend,2023,2023-07-15,698753.666,694827.7079812825
naive_trend,2023,2023-07-16,639880.119,648411.8849669375
naive_trend,2023,2023-07-17,781395.496,762896.3959913582
naive_trend,2023,2023-07-18,824598.568,764321.0577709404
naive_trend,2023,2023-07-19,837501.706,764065.6896819768
naive_trend,2023,2023-07-20,818438.549,776543.12244329
naive_trend,2023,2023-07-21,780090.042,771621.1039199838
naive_trend,2023,2023-07-22,681943.561,682217.0431654723
naive_trend,2023,2023-07-23,646041.839,638347.2917844694
naive_trend,2023,2023-07-24,752105.434,731205.4407442412
naive_trend,2023,2023-07-25,721372.938,764904.685594002
naive_trend,2023,2023-07-26,733046.018,748241.6718502525
naive_trend,2023,2023-07-27,748428.535,742806.6359498531
naive_trend,2023,2023-07-28,740713.259,736881.3770306719
naive_trend,2023,2023-07-29,680851.05,666712.9082966186
naive_trend,2023,2023-07-30,645350.877,626833.2684565292
naive_trend,2023,2023-07-31,736624.838,726555.6134576986
naive_trend,2023,2023-08-01,754106.067,742485.6216681119
naive_trend,2023,2023-08-02,767572.867,738618.2568325564
naive_trend,2023,2023-08-03,743787.712,732772.3396537937
naive_trend,2023,2023-08-04,689678.817,717293.6710604203
naive_trend,2023,2023-08-05,616704.903,648832.344868815
naive_trend,2023,2023-08-06,594272.852,601287.5027444179
naive_trend,2023,2023-08-07,677200.493,675460.7539699236
naive_trend,2023,2023-08-08,710098.443,692322.5633626054
naive_trend,2023,2023-08-09,730621.532,700356.4985688282
naive_trend,2023,2023-08-10,746766.603,696836.686212804
naive_trend,2023,2023-08-11,739105.889,696783.6042487964
naive_trend,2023,2023-08-12,680130.564,648022.4115084177
naive_trend,2023,2023-08-13,633561.647,584577.6631650506
naive_trend,2023,2023-08-14,679049.268,577872.8680035771
naive_trend,2023,2023-08-15,632371.277,631790.0237591702
naive_trend,2023,2023-08-16,697609.563,628433.8637775298
naive_trend,2023,2023-08-17,705886.436,611905.4686267459
naive_trend,2023,2023-08-18,708620.632,614305.7922365264
naive_trend,2023,2023-08-19,669852.416,588118.0350837831
naive_trend,2023,2023-08-20,650595.656,559433.783864613
naive_trend,2023,2023-08-21,769909.688,652576.9852727229
naive_trend,2023,2023-08-22,791908.796,678081.2225799904
naive_trend,2023,2023-08-23,805114.493,685434.8824778759
naive_trend,2023,2023-08-24,806257.924,683620.2729953581
naive_trend,2023,2023-08-25,795777.497,673373.300816544
naive_trend,2023,2023-08-26,704096.731,609399.5555650623
naive_trend,2023,2023-08-27,589812.346,571196.0495503527
naive_trend,2023,2023-08-28,666251.744,674893.9288770943
naive_trend,2023,2023-08-29,684519.165,696911.4191513262
naive_trend,2023,2023-08-30,691690.676,686987.8185552636
naive_trend,2023,2023-08-31,696633.256,679015.3021772116
naive_trend,2023,2023-09-01,707897.142,679559.4591294214
naive_trend,2023,2023-09-02,617334.231,596040.785496453
naive_trend,2023,2023-09-03,567635.528,553664.6720075049
naive_trend,2023,2023-09-04,680749.198,659912.0345575542
naive_trend,2023,2023-09-05,702074.366,675196.9812675947
naive_trend,2023,2023-09-06,713455.091,679049.326197816
naive_trend,2023,2023-09-07,718709.335,664145.9615563386
naive_trend,2023,2023-09-08,696807.158,669753.0934234805
naive_trend,2023,2023-09-09,623814.065,606777.4581899275
naive_trend,2023,2023-09-10,582350.336,575239.0398076671
naive_trend,2023,2023-09-11,670861.718,689655.2763414907
naive_trend,2023,2023-09-12,705037.939,692727.3796952593
naive_trend,2023,2023-09-13,705471.848,670570.2100554601
naive_trend,2023,2023-09-14,712650.088,662154.3577469479
naive_trend,2023,2023-09-15,704741.902,657816.0598538299
naive_trend,2023,2023-09-16,610152.639,574786.862142276
naive_trend,2023,2023-09-17,573642.626,532948.8100334763
naive_trend,2023,2023-09-18,665858.082,636171.1920481797
naive_trend,2023,2023-09-19,683286.703,653640.8055203466
naive_trend,2023,2023-09-20,680363.13,649714.8682511863
naive_trend,2023,2023-09-21,682301.958,645563.9479462415
naive_trend,2023,2023-09-22,657786.885,640358.5205888058
naive_trend,2023,2023-09-23,577386.642,559133.9305357591
naive_trend,2023,2023-09-24,541155.475,508112.459211245
naive_trend,2023,2023-09-25,644344.176,592796.5648303031
naive_trend,2023,2023-09-26,673007.777,612022.8241661321
naive_trend,2023,2023-09-27,684381.179,616035.7968864882
naive_trend,2023,2023-09-28,688482.194,616040.5783096396
naive_trend,2023,2023-09-29,682620.495,602340.8840464656
naive_trend,2023,2023-09-30,608394.984,535061.376795256
naive_trend,2023,2023-10-01,568592.41,497543.6699690464
naive_trend,2023,2023-10-02,677907.782,598584.2975092494
naive_trend,2023,2023-10-03,694129.802,619777.4832395632
naive_trend,2023,2023-10-04,697359.162,621069.1245648965
naive_trend,2023,2023-10-05,698683.251,626566.4609611675
naive_trend,2023,2023-10-06,699421.954,618421.9887551339
naive_trend,2023,2023-10-07,618380.502,547137.5440245707
naive_trend,2023,2023-10-08,572203.065,501897.6448419535
naive_trend,2023,2023-10-09,661444.716,598255.920838172
naive_trend,2023,2023-10-10,682328.873,607432.3136263477
naive_trend,2023,2023-10-11,676631.446,517810.5394182612
naive_trend,2023,2023-10-12,575504.945,595245.3346881282
naive_trend,2023,2023-10-13,615394.793,607269.850111253
naive_trend,2023,2023-10-14,578579.097,537738.1152941218
naive_trend,2023,2023-10-15,541876.33,501384.23396264424
naive_trend,2023,2023-10-16,656582.378,599031.7540761213
naive_trend,2023,2023-10-17,685735.457,618743.8531501528
naive_trend,2023,2023-10-18,691544.263,629954.4714205122
naive_trend,2023,2023-10-19,695588.62,634797.7690830752
naive_trend,2023,2023-10-20,670024.187,624450.497458562
naive_trend,2023,2023-10-21,578655.968,544583.6765926123
naive_trend,2023,2023-10-22,547584.426,511370.24827927264
naive_trend,2023,2023-10-23,652396.01,599800.5850163848
naive_trend,2023,2023-10-24,668310.627,616208.5415750442
naive_trend,2023,2023-10-25,680986.583,621410.4970178817
naive_trend,2023,2023-10-26,695519.318,616496.1350825025
naive_trend,2023,2023-10-27,681696.979,606110.0886405853
naive_trend,2023,2023-10-28,600928.081,531861.7777954724
naive_trend,2023,2023-10-29,584792.106,508466.1573786856
naive_trend,2023,2023-10-30,663807.745,545240.5580086017
naive_trend,2023,2023-10-31,677491.268,499887.80907258415
naive_trend,2023,2023-11-01,595447.394,588570.8707517002
naive_trend,2023,2023-11-02,681524.046,609309.1957625992
naive_trend,2023,2023-11-03,688910.052,606103.3619800649
naive_trend,2023,2023-11-04,621381.226,530709.5225651868
naive_trend,2023,2023-11-05,573801.32,493955.6685049814
naive_trend,2023,2023-11-06,677205.414,568864.8134215963
naive_trend,2023,2023-11-07,699291.04,618746.2262283746
naive_trend,2023,2023-11-08,713708.037,613606.6900745303
naive_trend,2023,2023-11-09,703993.269,616656.8974429707
naive_trend,2023,2023-11-10,703513.302,616846.168296522
naive_trend,2023,2023-11-11,628504.13,546038.9276010512
naive_trend,2023,2023-11-12,573478.299,503880.66120793985
naive_trend,2023,2023-11-13,672700.842,605790.2762111308
naive_trend,2023,2023-11-14,682941.124,604679.5428891903
naive_trend,2023,2023-11-15,690217.89,632382.0840377354
naive_trend,2023,2023-11-16,694399.37,630755.6632776753
naive_trend,2023,2023-11-17,681979.844,627038.4371708306
naive_trend,2023,2023-11-18,604200.644,560462.4998166813
naive_trend,2023,2023-11-19,560129.864,520351.1280065763
naive_trend,2023,2023-11-20,674097.163,637527.3649527028
naive_trend,2023,2023-11-21,697706.662,664143.841841572
naive_trend,2023,2023-11-22,709139.885,651108.4535644982
naive_trend,2023,2023-11-23,713863.707,648080.922689319
naive_trend,2023,2023-11-24,715114.11,633182.8814646112
naive_trend,2023,2023-11-25,635313.081,570524.1760711671
naive_trend,2023,2023-11-26,602380.968,540712.8871740932
naive_trend,2023,2023-11-27,720961.771,639355.2300770823
naive_trend,2023,2023-11-28,737005.018,661531.2377073952
naive_trend,2023,2023-11-29,735891.426,672610.6647519667
naive_trend,2023,2023-11-30,724390.897,678061.003619436
naive_trend,2023,2023-12-01,721843.711,678994.4057246345
naive_trend,2023,2023-12-02,646520.006,612398.397901333
naive_trend,2023,2023-12-03,624482.267,571996.2492993347
naive_trend,2023,2023-12-04,743449.538,656585.7798162492
naive_trend,2023,2023-12-05,751522.63,598678.7593866987
naive_trend,2023,2023-12-06,674816.633,643814.05101681
naive_trend,2023,2023-12-07,701438.509,586837.5918663195
naive_trend,2023,2023-12-08,638304.87,622820.6883103177
naive_trend,2023,2023-12-09,633897.78,578324.0684099274
naive_trend,2023,2023-12-10,604532.257,563173.4702241144
naive_trend,2023,2023-12-11,712662.101,675803.3598296186
naive_trend,2023,2023-12-12,734744.889,680215.1730317607
naive_trend,2023,2023-12-13,741549.886,665928.534018828
naive_trend,2023,2023-12-14,745172.248,661295.8825471656
naive_trend,2023,2023-12-15,739184.562,662192.686162074
naive_trend,2023,2023-12-16,662260.256,584409.421478267
naive_trend,2023,2023-12-17,636365.322,548849.1979214323
naive_trend,2023,2023-12-18,758212.531,657994.1075415874
naive_trend,2023,2023-12-19,774315.347,672068.4140581329
naive_trend,2023,2023-12-20,781442.119,660034.6114258709
naive_trend,2023,2023-12-21,758822.16,644836.9368251987
naive_trend,2023,2023-12-22,721413.251,610667.221097365
naive_trend,2023,2023-12-23,640883.947,521660.7961881388
naive_trend,2023,2023-12-24,596118.636,453889.60513397807
naive_trend,2023,2023-12-25,553617.338,494053.0092594912
naive_trend,2023,2023-12-26,654679.567,568110.928140966
naive_trend,2023,2023-12-27,703161.901,584674.9723651374
naive_trend,2023,2023-12-28,710999.762,591353.0734128485
naive_trend,2023,2023-12-29,698783.477,579176.4164832257
naive_trend,2023,2023-12-30,630400.595,519492.3929468402
naive_trend,2023,2023-12-31,606791.929,469999.3306323526
sarimax_d,2023,2023-01-01,506425.906,519965.4495464627
sarimax_d,2023,2023-01-02,621645.824,612214.0549180217
sarimax_d,2023,2023-01-03,677052.137,660719.1973679955
sarimax_d,2023,2023-01-04,689160.95,682393.1997613234
sarimax_d,2023,2023-01-05,671291.045,686898.8762506577
sarimax_d,2023,2023-01-06,580299.936,688477.2790476395
sarimax_d,2023,2023-01-07,626064.221,600184.8441533537
sarimax_d,2023,2023-01-08,614482.321,525486.9145697023
sarimax_d,2023,2023-01-09,702001.315,616510.2516873165
sarimax_d,2023,2023-01-10,731661.44,674543.6342068283
sarimax_d,2023,2023-01-11,738957.782,680643.1154060363
sarimax_d,2023,2023-01-12,743091.787,689699.762005212
sarimax_d,2023,2023-01-13,737961.141,682447.1469385404
sarimax_d,2023,2023-01-14,663062.596,603923.7732697433
sarimax_d,2023,2023-01-15,615888.197,547935.1633475302
sarimax_d,2023,2023-01-16,755509.285,640310.7330035501
sarimax_d,2023,2023-01-17,758739.977,664433.0754818895
sarimax_d,2023,2023-01-18,780321.606,703840.4245575534
sarimax_d,2023,2023-01-19,790062.795,701940.2460754549
sarimax_d,2023,2023-01-20,757426.586,671144.3032066207
sarimax_d,2023,2023-01-21,676924.309,606757.1193282015
sarimax_d,2023,2023-01-22,649293.321,575818.1178305469
sarimax_d,2023,2023-01-23,787526.211,671826.9602630911
sarimax_d,2023,2023-01-24,825630.213,710224.5131587642
sarimax_d,2023,2023-01-25,816153.242,714041.1886397158
sarimax_d,2023,2023-01-26,817260.311,706876.5144933768
sarimax_d,2023,2023-01-27,806430.869,703188.6196834532
sarimax_d,2023,2023-01-28,718692.953,619840.8898225619
sarimax_d,2023,2023-01-29,675983.757,580290.7048266621
sarimax_d,2023,2023-01-30,795325.338,671150.131253966
sarimax_d,2023,2023-01-31,803698.92,701570.5956251349
sarimax_d,2023,2023-02-01,801662.332,704878.8555903533
sarimax_d,2023,2023-02-02,790975.567,700264.4868935448
sarimax_d,2023,2023-02-03,775632.369,691556.8608915719
sarimax_d,2023,2023-02-04,684167.496,603470.3414401714
sarimax_d,2023,2023-02-05,638690.856,550824.6692026444
sarimax_d,2023,2023-02-06,775399.85,650925.3342389155
sarimax_d,2023,2023-02-07,808031.458,693038.200205406
sarimax_d,2023,2023-02-08,805426.932,697490.6438132715
sarimax_d,2023,2023-02-09,795325.55,694853.1935182702
sarimax_d,2023,2023-02-10,791833.872,695115.2092770553
sarimax_d,2023,2023-02-11,696716.754,615578.957347997
sarimax_d,2023,2023-02-12,648805.368,563512.2591140481
sarimax_d,2023,2023-02-13,763941.892,650799.734479476
sarimax_d,2023,2023-02-14,776349.758,680379.1803045562
sarimax_d,2023,2023-02-15,765234.644,686582.9011470203
sarimax_d,2023,2023-02-16,756184.773,686549.1866777278
sarimax_d,2023,2023-02-17,745841.242,676342.362135923
sarimax_d,2023,2023-02-18,656958.729,588008.8298876656
sarimax_d,2023,2023-02-19,604243.142,533464.7402234451
sarimax_d,2023,2023-02-20,703843.757,620072.9044294266
sarimax_d,2023,2023-02-21,718542.25,660134.3800086135
sarimax_d,2023,2023-02-22,723179.886,672444.8435244145
sarimax_d,2023,2023-02-23,744746.598,684331.6256675742
sarimax_d,2023,2023-02-24,741153.705,690547.1277729123
sarimax_d,2023,2023-02-25,670495.14,611743.3375027621
sarimax_d,2023,2023-02-26,633054.625,561354.7715467365
sarimax_d,2023,2023-02-27,769247.838,667042.4127277216
sarimax_d,2023,2023-02-28,774548.797,700191.3174906715
sarimax_d,2023,2023-03-01,790626.199,716151.1866701059
sarimax_d,2023,2023-03-02,796204.01,707160.4172542786
sarimax_d,2023,2023-03-03,772937.401,692871.3007036902
sarimax_d,2023,2023-03-04,674017.739,604471.1619139051
sarimax_d,2023,2023-03-05,635805.655,557831.8964028413
sarimax_d,2023,2023-03-06,739440.9,633824.8026674447
sarimax_d,2023,2023-03-07,736668.395,654393.9013286683
sarimax_d,2023,2023-03-08,726365.685,648916.822502897
sarimax_d,2023,2023-03-09,716452.857,642569.876357899
sarimax_d,2023,2023-03-10,689273.37,635426.4087439404
sarimax_d,2023,2023-03-11,608584.638,542304.6805073743
sarimax_d,2023,2023-03-12,557439.954,498702.14927135373
sarimax_d,2023,2023-03-13,658906.077,593328.3512599379
sarimax_d,2023,2023-03-14,669720.805,642053.8382512216
sarimax_d,2023,2023-03-15,669686.9,660098.1320863001
sarimax_d,2023,2023-03-16,671404.492,649835.3967790821
sarimax_d,2023,2023-03-17,669898.72,644769.6947846271
sarimax_d,2023,2023-03-18,603233.37,569155.8059572871
sarimax_d,2023,2023-03-19,551700.834,520558.64572650637
sarimax_d,2023,2023-03-20,641384.343,611848.4355449558
sarimax_d,2023,2023-03-21,667437.684,644104.9659171383
sarimax_d,2023,2023-03-22,665415.519,651847.0050440928
sarimax_d,2023,2023-03-23,664773.196,641084.8068331218
sarimax_d,2023,2023-03-24,664920.294,633681.6184735169
sarimax_d,2023,2023-03-25,595900.869,554231.8545895739
sarimax_d,2023,2023-03-26,525933.283,496864.1258753953
sarimax_d,2023,2023-03-27,642067.363,603204.3976709689
sarimax_d,2023,2023-03-28,655229.932,639236.8675470324
sarimax_d,2023,2023-03-29,657287.875,639007.478828168
sarimax_d,2023,2023-03-30,660755.927,629344.09899093
sarimax_d,2023,2023-03-31,660236.946,619716.6358603218
sarimax_d,2023,2023-04-01,592046.555,549750.0075238014
sarimax_d,2023,2023-04-02,548874.924,515990.2250995119
sarimax_d,2023,2023-04-03,639072.811,612541.0241030876
sarimax_d,2023,2023-04-04,652016.035,646955.2341909267
sarimax_d,2023,2023-04-05,639631.827,659885.0279456839
sarimax_d,2023,2023-04-06,564889.452,648969.6611118373
sarimax_d,2023,2023-04-07,518549.539,637337.6868856932
sarimax_d,2023,2023-04-08,531339.729,546646.6780539706
sarimax_d,2023,2023-04-09,508947.86,494932.8693395005
sarimax_d,2023,2023-04-10,562915.862,580588.7176714313
sarimax_d,2023,2023-04-11,631802.137,618226.1283246813
sarimax_d,2023,2023-04-12,660115.2,632334.6545176051
sarimax_d,2023,2023-04-13,658532.314,652332.7112886347
sarimax_d,2023,2023-04-14,664022.635,633608.3639174529
sarimax_d,2023,2023-04-15,592441.566,543709.8362164801
sarimax_d,2023,2023-04-16,547231.264,498582.2782441916
sarimax_d,2023,2023-04-17,634831.145,593727.9216293208
sarimax_d,2023,2023-04-18,654865.618,632663.9358161634
sarimax_d,2023,2023-04-19,654950.573,638761.0771325902
sarimax_d,2023,2023-04-20,656653.518,626946.6770831589
sarimax_d,2023,2023-04-21,650980.32,618910.835719268
sarimax_d,2023,2023-04-22,590495.8,544215.9586193213
sarimax_d,2023,2023-04-23,544376.883,493374.54509920825
sarimax_d,2023,2023-04-24,633779.346,580588.7176714487
sarimax_d,2023,2023-04-25,659059.16,617207.224013719
sarimax_d,2023,2023-04-26,661852.956,628312.3133161167
sarimax_d,2023,2023-04-27,666829.312,625887.8157403813
sarimax_d,2023,2023-04-28,661354.264,618910.8357192687
sarimax_d,2023,2023-04-29,592081.712,536890.5027887786
sarimax_d,2023,2023-04-30,542193.983,489578.6270779272
sarimax_d,2023,2023-05-01,523889.313,580588.717671449
sarimax_d,2023,2023-05-02,622434.735,617207.2240137192
sarimax_d,2023,2023-05-03,660714.847,628312.3133161168
sarimax_d,2023,2023-05-04,665290.908,625887.8157403814
sarimax_d,2023,2023-05-05,659616.923,618910.8357192688
sarimax_d,2023,2023-05-06,590485.791,536890.5027887787
sarimax_d,2023,2023-05-07,548502.085,489578.62707792723
sarimax_d,2023,2023-05-08,642369.829,580588.717671449
sarimax_d,2023,2023-05-09,668097.149,617207.2240137192
sarimax_d,2023,2023-05-10,663531.114,628312.3133161168
sarimax_d,2023,2023-05-11,657135.64,630556.1289560276
sarimax_d,2023,2023-05-12,656184.255,635379.7923273899
sarimax_d,2023,2023-05-13,585306.083,553625.8396089197
sarimax_d,2023,2023-05-14,542358.512,499234.9097636432
sarimax_d,2023,2023-05-15,631619.964,584191.5100390161
sarimax_d,2023,2023-05-16,651749.949,621455.9883954343
sarimax_d,2023,2023-05-17,643132.606,636350.3362138128
sarimax_d,2023,2023-05-18,651137.81,637528.6310056446
sarimax_d,2023,2023-05-19,646534.241,631757.0214439213
sarimax_d,2023,2023-05-20,576238.824,548664.5081600518
sarimax_d,2023,2023-05-21,535466.982,499900.8602936926
sarimax_d,2023,2023-05-22,639422.481,583052.7346326316
sarimax_d,2023,2023-05-23,654198.935,621262.8627417199
sarimax_d,2023,2023-05-24,650279.581,628731.8621500479
sarimax_d,2023,2023-05-25,651724.712,627739.1582139187
sarimax_d,2023,2023-05-26,638249.622,621734.4659666781
sarimax_d,2023,2023-05-27,566548.508,536890.5027887787
sarimax_d,2023,2023-05-28,521285.615,489578.62707792723
sarimax_d,2023,2023-05-29,621366.375,580588.717671449
sarimax_d,2023,2023-05-30,638434.329,617207.2240137192
sarimax_d,2023,2023-05-31,640059.655,628312.3133161168
sarimax_d,2023,2023-06-01,649942.676,625887.8157403814
sarimax_d,2023,2023-06-02,642678.488,618910.8357192688
sarimax_d,2023,2023-06-03,571764.741,536890.5027887787
sarimax_d,2023,2023-06-04,529995.247,489578.62707792723
sarimax_d,2023,2023-06-05,632165.698,580588.717671449
sarimax_d,2023,2023-06-06,660649.668,617207.2240137192
sarimax_d,2023,2023-06-07,675239.156,628312.3133161168
sarimax_d,2023,2023-06-08,666873.185,625887.8157403814
sarimax_d,2023,2023-06-09,657431.943,618910.8357192688
sarimax_d,2023,2023-06-10,585434.217,536890.5027887787
sarimax_d,2023,2023-06-11,546386.353,492315.84075498587
sarimax_d,2023,2023-06-12,654286.647,580588.717671449
sarimax_d,2023,2023-06-13,671548.429,617207.2240137192
sarimax_d,2023,2023-06-14,675031.725,628312.3133161168
sarimax_d,2023,2023-06-15,685681.558,651169.2164360284
sarimax_d,2023,2023-06-16,695921.152,662775.0287651983
sarimax_d,2023,2023-06-17,627665.321,593037.7702749764
sarimax_d,2023,2023-06-18,577954.372,514131.0211158652
sarimax_d,2023,2023-06-19,684896.351,606489.0862840188
sarimax_d,2023,2023-06-20,704703.371,638651.0236244448
sarimax_d,2023,2023-06-21,714975.961,642314.7430811705
sarimax_d,2023,2023-06-22,709422.083,645502.2212855351
sarimax_d,2023,2023-06-23,705413.541,662775.0287651983
sarimax_d,2023,2023-06-24,628176.282,599530.0559813667
sarimax_d,2023,2023-06-25,616012.038,573441.9023996682
sarimax_d,2023,2023-06-26,753018.153,664369.4639376003
sarimax_d,2023,2023-06-27,772286.006,691153.2578220972
sarimax_d,2023,2023-06-28,777596.436,698558.2944655562
sarimax_d,2023,2023-06-29,771072.346,686189.045691261
sarimax_d,2023,2023-06-30,729157.132,639625.6286722854
sarimax_d,2023,2023-07-01,646254.981,569613.2733300978
sarimax_d,2023,2023-07-02,615130.595,543016.1905722627
sarimax_d,2023,2023-07-03,741756.166,642072.864085781
sarimax_d,2023,2023-07-04,754074.66,676600.6343531121
sarimax_d,2023,2023-07-05,756329.156,677004.4561140442
sarimax_d,2023,2023-07-06,760166.347,677661.0432803245
sarimax_d,2023,2023-07-07,752018.825,672128.3217320318
sarimax_d,2023,2023-07-08,665130.797,595362.3386740865
sarimax_d,2023,2023-07-09,628912.612,555436.8134385138
sarimax_d,2023,2023-07-10,778800.77,665579.8900862493
sarimax_d,2023,2023-07-11,820243.486,717342.4781292309
sarimax_d,2023,2023-07-12,813329.123,706412.3095891767
sarimax_d,2023,2023-07-13,799787.648,700617.8755768614
sarimax_d,2023,2023-07-14,800527.393,701659.9687905487
sarimax_d,2023,2023-07-15,698753.666,604784.4058539114
sarimax_d,2023,2023-07-16,639880.119,548930.7728895252
sarimax_d,2023,2023-07-17,781395.496,661687.2696309348
sarimax_d,2023,2023-07-18,824598.568,725829.2160123725
sarimax_d,2023,2023-07-19,837501.706,737525.7635464964
sarimax_d,2023,2023-07-20,818438.549,713217.3113968901
sarimax_d,2023,2023-07-21,780090.042,683586.1056164028
sarimax_d,2023,2023-07-22,681943.561,592996.5057471815
sarimax_d,2023,2023-07-23,646041.839,561874.0797745109
sarimax_d,2023,2023-07-24,752105.434,650435.808385538
sarimax_d,2023,2023-07-25,721372.938,663808.6307367074
sarimax_d,2023,2023-07-26,733046.018,671103.6286393801
sarimax_d,2023,2023-07-27,748428.535,684235.8580423045
sarimax_d,2023,2023-07-28,740713.259,679473.4076795158
sarimax_d,2023,2023-07-29,680851.05,612198.2660143868
sarimax_d,2023,2023-07-30,645350.877,569714.3400555332
sarimax_d,2023,2023-07-31,736624.838,662292.4827052593
sarimax_d,2023,2023-08-01,754106.067,703436.3322623653
sarimax_d,2023,2023-08-02,767572.867,718901.7066684191
sarimax_d,2023,2023-08-03,743787.712,686271.5747468506
sarimax_d,2023,2023-08-04,689678.817,639171.718866542
sarimax_d,2023,2023-08-05,616704.903,569420.7055337217
sarimax_d,2023,2023-08-06,594272.852,545423.2880269625
sarimax_d,2023,2023-08-07,677200.493,635841.9203887581
sarimax_d,2023,2023-08-08,710098.443,696737.7239170007
sarimax_d,2023,2023-08-09,730621.532,725517.7859581939
sarimax_d,2023,2023-08-10,746766.603,730080.748422387
sarimax_d,2023,2023-08-11,739105.889,716295.1213151235
sarimax_d,2023,2023-08-12,680130.564,625210.347112364
sarimax_d,2023,2023-08-13,633561.647,572025.153612045
sarimax_d,2023,2023-08-14,679049.268,653406.8543867675
sarimax_d,2023,2023-08-15,632371.277,686614.1597646632
sarimax_d,2023,2023-08-16,697609.563,699713.701243812
sarimax_d,2023,2023-08-17,705886.436,699957.6431321438
sarimax_d,2023,2023-08-18,708620.632,697368.457899884
sarimax_d,2023,2023-08-19,669852.416,621496.5396108271
sarimax_d,2023,2023-08-20,650595.656,590085.2619435926
sarimax_d,2023,2023-08-21,769909.688,693846.0916257241
sarimax_d,2023,2023-08-22,791908.796,735801.4768961289
sarimax_d,2023,2023-08-23,805114.493,753233.7937937373
sarimax_d,2023,2023-08-24,806257.924,746036.3658363972
sarimax_d,2023,2023-08-25,795777.497,723956.5686423681
sarimax_d,2023,2023-08-26,704096.731,610754.0075415669
sarimax_d,2023,2023-08-27,589812.346,491999.4793752253
sarimax_d,2023,2023-08-28,666251.744,586709.6226276855
sarimax_d,2023,2023-08-29,684519.165,625680.2070542625
sarimax_d,2023,2023-08-30,691690.676,635863.721902575
sarimax_d,2023,2023-08-31,696633.256,645337.1631743558
sarimax_d,2023,2023-09-01,707897.142,652596.4452424677
sarimax_d,2023,2023-09-02,617334.231,536890.5027887787
sarimax_d,2023,2023-09-03,567635.528,489578.62707792723
sarimax_d,2023,2023-09-04,680749.198,589735.6879993082
sarimax_d,2023,2023-09-05,702074.366,630081.7566857137
sarimax_d,2023,2023-09-06,713455.091,644955.6728600411
sarimax_d,2023,2023-09-07,718709.335,646231.2279432443
sarimax_d,2023,2023-09-08,696807.158,634907.7176610738
sarimax_d,2023,2023-09-09,623814.065,547894.3768674064
sarimax_d,2023,2023-09-10,582350.336,495121.8286450359
sarimax_d,2023,2023-09-11,670861.718,581909.1825608843
sarimax_d,2023,2023-09-12,705037.939,617207.2240137192
sarimax_d,2023,2023-09-13,705471.848,628312.3133161168
sarimax_d,2023,2023-09-14,712650.088,629395.300602944
sarimax_d,2023,2023-09-15,704741.902,618910.8357192688
sarimax_d,2023,2023-09-16,610152.639,536890.5027887787
sarimax_d,2023,2023-09-17,573642.626,489578.62707792723
sarimax_d,2023,2023-09-18,665858.082,580588.717671449
sarimax_d,2023,2023-09-19,683286.703,617207.2240137192
sarimax_d,2023,2023-09-20,680363.13,628312.3133161168
sarimax_d,2023,2023-09-21,682301.958,625887.8157403814
sarimax_d,2023,2023-09-22,657786.885,618910.8357192688
sarimax_d,2023,2023-09-23,577386.642,538895.0138842274
sarimax_d,2023,2023-09-24,541155.475,489578.62707792723
sarimax_d,2023,2023-09-25,644344.176,580588.717671449
sarimax_d,2023,2023-09-26,673007.777,617207.2240137192
sarimax_d,2023,2023-09-27,684381.179,628312.3133161168
sarimax_d,2023,2023-09-28,688482.194,625887.8157403814
sarimax_d,2023,2023-09-29,682620.495,628195.3544731109
sarimax_d,2023,2023-09-30,608394.984,552777.3459897974
sarimax_d,2023,2023-10-01,568592.41,507446.16761309886
sarimax_d,2023,2023-10-02,677907.782,589625.649258522
sarimax_d,2023,2023-10-03,694129.802,619311.7149312568
sarimax_d,2023,2023-10-04,697359.162,633993.0633092084
sarimax_d,2023,2023-10-05,698683.251,632655.1982987374
sarimax_d,2023,2023-10-06,699421.954,624591.5857123603
sarimax_d,2023,2023-10-07,618380.502,543286.5045969811
sarimax_d,2023,2023-10-08,572203.065,490486.44668941404
sarimax_d,2023,2023-10-09,661444.716,580588.717671449
sarimax_d,2023,2023-10-10,682328.873,617207.2240137192
sarimax_d,2023,2023-10-11,676631.446,628312.3133161168
sarimax_d,2023,2023-10-12,575504.945,625887.8157403814
sarimax_d,2023,2023-10-13,615394.793,618910.8357192688
sarimax_d,2023,2023-10-14,578579.097,536890.5027887787
sarimax_d,2023,2023-10-15,541876.33,489578.62707792723
sarimax_d,2023,2023-10-16,656582.378,580588.717671449
sarimax_d,2023,2023-10-17,685735.457,617207.2240137192
sarimax_d,2023,2023-10-18,691544.263,628312.3133161168
sarimax_d,2023,2023-10-19,695588.62,625887.8157403814
sarimax_d,2023,2023-10-20,670024.187,632289.7818679608
sarimax_d,2023,2023-10-21,578655.968,562649.4692910888
sarimax_d,2023,2023-10-22,547584.426,517002.46990536066
sarimax_d,2023,2023-10-23,652396.01,595179.6937848309
sarimax_d,2023,2023-10-24,668310.627,638324.515321585
sarimax_d,2023,2023-10-25,680986.583,633413.494376295
sarimax_d,2023,2023-10-26,695519.318,625887.8157403814
sarimax_d,2023,2023-10-27,681696.979,631677.1073803153
sarimax_d,2023,2023-10-28,600928.081,548777.7197501601
sarimax_d,2023,2023-10-29,584792.106,502944.25421601825
sarimax_d,2023,2023-10-30,663807.745,599734.7954103686
sarimax_d,2023,2023-10-31,677491.268,648899.8097387692
sarimax_d,2023,2023-11-01,595447.394,651460.7537406333
sarimax_d,2023,2023-11-02,681524.046,638174.6030197925
sarimax_d,2023,2023-11-03,688910.052,654419.3179815017
sarimax_d,2023,2023-11-04,621381.226,556809.0831425557
sarimax_d,2023,2023-11-05,573801.32,515750.4829088678
sarimax_d,2023,2023-11-06,677205.414,620832.108202333
sarimax_d,2023,2023-11-07,699291.04,668865.0066296495
sarimax_d,2023,2023-11-08,713708.037,676680.3003136032
sarimax_d,2023,2023-11-09,703993.269,657720.2510767417
sarimax_d,2023,2023-11-10,703513.302,647759.8126810079
sarimax_d,2023,2023-11-11,628504.13,552726.806393353
sarimax_d,2023,2023-11-12,573478.299,497463.48135371186
sarimax_d,2023,2023-11-13,672700.842,584917.3961167699
sarimax_d,2023,2023-11-14,682941.124,627416.2456393762
sarimax_d,2023,2023-11-15,690217.89,649050.0128218544
sarimax_d,2023,2023-11-16,694399.37,643928.415599419
sarimax_d,2023,2023-11-17,681979.844,642059.2761437852
sarimax_d,2023,2023-11-18,604200.644,565153.4432840744
sarimax_d,2023,2023-11-19,560129.864,523635.33718465245
sarimax_d,2023,2023-11-20,674097.163,616809.7670008347
sarimax_d,2023,2023-11-21,697706.662,655712.4836611743
sarimax_d,2023,2023-11-22,709139.885,669101.7832816413
sarimax_d,2023,2023-11-23,713863.707,679743.2351054747
sarimax_d,2023,2023-11-24,715114.11,671933.8169218004
sarimax_d,2023,2023-11-25,635313.081,586330.6701396446
sarimax_d,2023,2023-11-26,602380.968,544532.864817602
sarimax_d,2023,2023-11-27,720961.771,631527.273714926
sarimax_d,2023,2023-11-28,737005.018,655119.7876894304
sarimax_d,2023,2023-11-29,735891.426,653358.712751274
sarimax_d,2023,2023-11-30,724390.897,644487.8140446605
sarimax_d,2023,2023-12-01,721843.711,657835.6442006549
sarimax_d,2023,2023-12-02,646520.006,595833.7842034493
sarimax_d,2023,2023-12-03,624482.267,560528.996549388
sarimax_d,2023,2023-12-04,743449.538,639312.2354112032
sarimax_d,2023,2023-12-05,751522.63,681471.4501634843
sarimax_d,2023,2023-12-06,674816.633,691604.2516920099
sarimax_d,2023,2023-12-07,701438.509,684551.3979324312
sarimax_d,2023,2023-12-08,638304.87,661838.0068862517
sarimax_d,2023,2023-12-09,633897.78,580723.3666766288
sarimax_d,2023,2023-12-10,604532.257,520558.64573582436
sarimax_d,2023,2023-12-11,712662.101,611515.4602869421
sarimax_d,2023,2023-12-12,734744.889,647920.8624595966
sarimax_d,2023,2023-12-13,741549.886,664280.3014440838
sarimax_d,2023,2023-12-14,745172.248,681281.5808298887
sarimax_d,2023,2023-12-15,739184.562,672146.9210914162
sarimax_d,2023,2023-12-16,662260.256,603359.0251930073
sarimax_d,2023,2023-12-17,636365.322,565829.9627685811
sarimax_d,2023,2023-12-18,758212.531,660249.7200759557
sarimax_d,2023,2023-12-19,774315.347,695636.2179376346
sarimax_d,2023,2023-12-20,781442.119,696359.1384765623
sarimax_d,2023,2023-12-21,758822.16,687774.5984978701
sarimax_d,2023,2023-12-22,721413.251,676795.2557911609
sarimax_d,2023,2023-12-23,640883.947,601194.6859703468
sarimax_d,2023,2023-12-24,596118.636,560895.2693409153
sarimax_d,2023,2023-12-25,553617.338,660882.3730795026
sarimax_d,2023,2023-12-26,654679.567,701416.6685384632
sarimax_d,2023,2023-12-27,703161.901,710157.6334591855
sarimax_d,2023,2023-12-28,710999.762,708239.2582862875
sarimax_d,2023,2023-12-29,698783.477,694156.5861095481
sarimax_d,2023,2023-12-30,630400.595,606861.924981067
sarimax_d,2023,2023-12-31,606791.929,548368.7398706864
prophet,2023,2023-01-01,506425.906,553220.7793482066
prophet,2023,2023-01-02,621645.824,663303.4078524521
prophet,2023,2023-01-03,677052.137,693810.252841446
prophet,2023,2023-01-04,689160.95,709012.7583269626
prophet,2023,2023-01-05,671291.045,714358.46518681
prophet,2023,2023-01-06,580299.936,600047.9956536099
prophet,2023,2023-01-07,626064.221,645534.7529814488
prophet,2023,2023-01-08,614482.321,569397.8275158677
prophet,2023,2023-01-09,702001.315,681094.112771271
prophet,2023,2023-01-10,731661.44,729526.0570783688
prophet,2023,2023-01-11,738957.782,731257.9917524026
prophet,2023,2023-01-12,743091.787,745541.2227603439
prophet,2023,2023-01-13,737961.141,745656.45393576
prophet,2023,2023-01-14,663062.596,681183.74734218
prophet,2023,2023-01-15,615888.197,626378.8608985953
prophet,2023,2023-01-16,755509.285,739004.2610166781
prophet,2023,2023-01-17,758739.977,748369.1121385057
prophet,2023,2023-01-18,780321.606,785859.6907682504
prophet,2023,2023-01-19,790062.795,785655.3026200846
prophet,2023,2023-01-20,757426.586,756634.3116412502
prophet,2023,2023-01-21,676924.309,705019.3057270417
prophet,2023,2023-01-22,649293.321,675045.206608759
prophet,2023,2023-01-23,787526.211,788213.0887471066
prophet,2023,2023-01-24,825630.213,809985.9996422572
prophet,2023,2023-01-25,816153.242,803776.2813865886
prophet,2023,2023-01-26,817260.311,794008.7125566764
prophet,2023,2023-01-27,806430.869,791930.1046827359
prophet,2023,2023-01-28,718692.953,715647.5021588894
prophet,2023,2023-01-29,675983.757,672884.2220137403
prophet,2023,2023-01-30,795325.338,777451.8834015471
prophet,2023,2023-01-31,803698.92,787789.6139276155
prophet,2023,2023-02-01,801662.332,778919.1512204874
prophet,2023,2023-02-02,790975.567,770333.8931582809
prophet,2023,2023-02-03,775632.369,761346.4884101002
prophet,2023,2023-02-04,684167.496,678895.9109914644
prophet,2023,2023-02-05,638690.856,620989.8850966067
prophet,2023,2023-02-06,775399.85,735932.616412458
prophet,2023,2023-02-07,808031.458,759783.8176653708
prophet,2023,2023-02-08,805426.932,752919.2078042523
prophet,2023,2023-02-09,795325.55,747588.690393836
prophet,2023,2023-02-10,791833.872,749985.7774384017
prophet,2023,2023-02-11,696716.754,678667.3530476809
prophet,2023,2023-02-12,648805.368,623098.5611817932
prophet,2023,2023-02-13,763941.892,725434.9808251219
prophet,2023,2023-02-14,776349.758,737052.2335545828
prophet,2023,2023-02-15,765234.644,734017.2383390612
prophet,2023,2023-02-16,756184.773,733427.2898718509
prophet,2023,2023-02-17,745841.242,725772.7594956154
prophet,2023,2023-02-18,656958.729,646143.1518234935
prophet,2023,2023-02-19,604243.142,589191.6257239373
prophet,2023,2023-02-20,703843.757,691958.6279472762
prophet,2023,2023-02-21,718542.25,716321.779703685
prophet,2023,2023-02-22,723179.886,720863.7401383731
prophet,2023,2023-02-23,744746.598,734126.9749247533
prophet,2023,2023-02-24,741153.705,745124.5919747882
prophet,2023,2023-02-25,670495.14,676140.8867151828
prophet,2023,2023-02-26,633054.625,623547.7601441256
prophet,2023,2023-02-27,769247.838,747223.7386142209
prophet,2023,2023-02-28,774548.797,763070.3321522383
prophet,2023,2023-03-01,790626.199,770793.9892150848
prophet,2023,2023-03-02,796204.01,759520.4454652115
prophet,2023,2023-03-03,772937.401,746290.8407506158
prophet,2023,2023-03-04,674017.739,665269.8151906191
prophet,2023,2023-03-05,635805.655,615606.0329768324
prophet,2023,2023-03-06,739440.9,704610.9741704055
prophet,2023,2023-03-07,736668.395,705061.2334432871
prophet,2023,2023-03-08,726365.685,687496.2640464306
prophet,2023,2023-03-09,716452.857,678100.7322608605
prophet,2023,2023-03-10,689273.37,671928.917371884
prophet,2023,2023-03-11,608584.638,584762.7362767733
prophet,2023,2023-03-12,557439.954,537829.9356834262
prophet,2023,2023-03-13,658906.077,647264.0456840621
prophet,2023,2023-03-14,669720.805,679018.2762217422
prophet,2023,2023-03-15,669686.9,687714.3938434398
prophet,2023,2023-03-16,671404.492,673896.4144129781
prophet,2023,2023-03-17,669898.72,670192.8870295812
prophet,2023,2023-03-18,603233.37,602980.5935499406
prophet,2023,2023-03-19,551700.834,550824.2969568649
prophet,2023,2023-03-20,641384.343,656999.782518589
prophet,2023,2023-03-21,667437.684,670809.6005253941
prophet,2023,2023-03-22,665415.519,668549.2077072441
prophet,2023,2023-03-23,664773.196,654826.7568606517
prophet,2023,2023-03-24,664920.294,649160.4284802002
prophet,2023,2023-03-25,595900.869,578286.8315500867
prophet,2023,2023-03-26,525933.283,516887.4235069491
prophet,2023,2023-03-27,642067.363,640548.989926793
prophet,2023,2023-03-28,655229.932,659103.6582814964
prophet,2023,2023-03-29,657287.875,648304.4230349775
prophet,2023,2023-03-30,660755.927,636156.4187262756
prophet,2023,2023-03-31,660236.946,628241.5092834636
prophet,2023,2023-04-01,592046.555,568195.0421028263
prophet,2023,2023-04-02,548874.924,533420.8315772208
prophet,2023,2023-04-03,639072.811,646087.248595781
prophet,2023,2023-04-04,652016.035,662771.1442319464
prophet,2023,2023-04-05,639631.827,666666.7018027637
prophet,2023,2023-04-06,564889.452,652980.2920078373
prophet,2023,2023-04-07,518549.539,513154.9190774482
prophet,2023,2023-04-08,531339.729,559182.5181570466
prophet,2023,2023-04-09,508947.86,504108.83837493823
prophet,2023,2023-04-10,562915.862,604454.894956401
prophet,2023,2023-04-11,631802.137,624751.1126714038
prophet,2023,2023-04-12,660115.2,630036.5961856509
prophet,2023,2023-04-13,658532.314,651258.56189939
prophet,2023,2023-04-14,664022.635,633226.0615054163
prophet,2023,2023-04-15,592441.566,550993.1397068443
prophet,2023,2023-04-16,547231.264,503795.7498245933
prophet,2023,2023-04-17,634831.145,615393.1028306455
prophet,2023,2023-04-18,654865.618,637838.6738213975
prophet,2023,2023-04-19,654950.573,634906.350215778
prophet,2023,2023-04-20,656653.518,621240.9464150763
prophet,2023,2023-04-21,650980.32,616177.182273774
prophet,2023,2023-04-22,590495.8,552046.9833931288
prophet,2023,2023-04-23,544376.883,499474.7823054741
prophet,2023,2023-04-24,633779.346,603222.3858140723
prophet,2023,2023-04-25,659059.16,624126.2052464024
prophet,2023,2023-04-26,661852.956,627862.242466575
prophet,2023,2023-04-27,666829.312,625744.4080250245
prophet,2023,2023-04-28,661354.264,622794.2253722566
prophet,2023,2023-04-29,592081.712,551264.6974592077
prophet,2023,2023-04-30,542193.983,503393.16761173145
prophet,2023,2023-05-01,523889.313,502506.18964604096
prophet,2023,2023-05-02,622434.735,633413.5350008996
prophet,2023,2023-05-03,660714.847,637500.3388173388
prophet,2023,2023-05-04,665290.908,635594.1135288817
prophet,2023,2023-05-05,659616.923,632716.8233682533
prophet,2023,2023-05-06,590485.791,561125.7969244582
prophet,2023,2023-05-07,548502.085,513066.45593957556
prophet,2023,2023-05-08,642369.829,621393.9917499651
prophet,2023,2023-05-09,668097.149,642381.7308154441
prophet,2023,2023-05-10,663531.114,645983.3840447284
prophet,2023,2023-05-11,657135.64,648777.2787625359
prophet,2023,2023-05-12,656184.255,658576.6080587284
prophet,2023,2023-05-13,585306.083,586674.819671723
prophet,2023,2023-05-14,542358.512,530048.7113663389
prophet,2023,2023-05-15,631619.964,630986.1069912968
prophet,2023,2023-05-16,651749.949,652159.5584965672
prophet,2023,2023-05-17,643132.606,659543.2874438772
prophet,2023,2023-05-18,651137.81,660739.9171146767
prophet,2023,2023-05-19,646534.241,658319.9472819653
prophet,2023,2023-05-20,576238.824,584707.1438442338
prophet,2023,2023-05-21,535466.982,534308.8460942793
prophet,2023,2023-05-22,639422.481,633228.3128149178
prophet,2023,2023-05-23,654198.935,655583.7472187208
prophet,2023,2023-05-24,650279.581,654840.4591861196
prophet,2023,2023-05-25,651724.712,653909.7708972621
prophet,2023,2023-05-26,638249.622,651620.7135215116
prophet,2023,2023-05-27,566548.508,576495.3039594281
prophet,2023,2023-05-28,521285.615,528230.5133288152
prophet,2023,2023-05-29,621366.375,636510.2615286697
prophet,2023,2023-05-30,638434.329,657604.5755536801
prophet,2023,2023-05-31,640059.655,661457.4981100134
prophet,2023,2023-06-01,649942.676,659383.3124980783
prophet,2023,2023-06-02,642678.488,656403.8042460608
prophet,2023,2023-06-03,571764.741,584772.1591900237
prophet,2023,2023-06-04,529995.247,536725.8700843452
prophet,2023,2023-06-05,632165.698,645108.7225019403
prophet,2023,2023-06-06,660649.668,666179.5928396604
prophet,2023,2023-06-07,675239.156,669875.2404754346
prophet,2023,2023-06-08,666873.185,667506.8509153763
prophet,2023,2023-06-09,657431.943,664097.4901995845
prophet,2023,2023-06-10,585434.217,591906.0628178713
prophet,2023,2023-06-11,546386.353,546042.3711036255
prophet,2023,2023-06-12,654286.647,650777.7415413191
prophet,2023,2023-06-13,671548.429,670975.7730175939
prophet,2023,2023-06-14,675031.725,673732.3683011766
prophet,2023,2023-06-15,685681.558,696818.9158682758
prophet,2023,2023-06-16,695921.152,711844.0859978884
prophet,2023,2023-06-17,627665.321,651511.4584265052
prophet,2023,2023-06-18,577954.372,568802.1858297792
prophet,2023,2023-06-19,684896.351,676931.4975846938
prophet,2023,2023-06-20,704703.371,691685.8921327065
prophet,2023,2023-06-21,714975.961,685996.7416587714
prophet,2023,2023-06-22,709422.083,687991.9826692397
prophet,2023,2023-06-23,705413.541,708578.9290507094
prophet,2023,2023-06-24,628176.282,654844.9452317783
prophet,2023,2023-06-25,616012.038,627360.1307179439
prophet,2023,2023-06-26,753018.153,734175.5100808808
prophet,2023,2023-06-27,772286.006,743675.8905907908
prophet,2023,2023-06-28,777596.436,742450.5835962159
prophet,2023,2023-06-29,771072.346,728900.7574785139
prophet,2023,2023-06-30,729157.132,683612.0422177418
prophet,2023,2023-07-01,646254.981,623810.2253998733
prophet,2023,2023-07-02,615130.595,596908.5150049911
prophet,2023,2023-07-03,741756.166,713416.5414055095
prophet,2023,2023-07-04,754074.66,732251.0725172303
prophet,2023,2023-07-05,756329.156,724950.4810524071
prophet,2023,2023-07-06,760166.347,726239.9154650004
prophet,2023,2023-07-07,752018.825,725010.343394411
prophet,2023,2023-07-08,665130.797,659200.5733378404
prophet,2023,2023-07-09,628912.612,619280.6663456721
prophet,2023,2023-07-10,778800.77,748132.939344921
prophet,2023,2023-07-11,820243.486,785544.4430469838
prophet,2023,2023-07-12,813329.123,766725.8508077011
prophet,2023,2023-07-13,799787.648,761361.9486703017
prophet,2023,2023-07-14,800527.393,766843.9880556975
prophet,2023,2023-07-15,698753.666,679578.3340291587
prophet,2023,2023-07-16,639880.119,622308.3612371903
prophet,2023,2023-07-17,781395.496,752936.4489751604
prophet,2023,2023-07-18,824598.568,802083.8197859714
prophet,2023,2023-07-19,837501.706,805481.373448391
prophet,2023,2023-07-20,818438.549,779101.5213830259
prophet,2023,2023-07-21,780090.042,750668.8225899687
prophet,2023,2023-07-22,681943.561,667984.5837965506
prophet,2023,2023-07-23,646041.839,634469.692434892
prophet,2023,2023-07-24,752105.434,737618.644838045
prophet,2023,2023-07-25,721372.938,731467.8079499215
prophet,2023,2023-07-26,733046.018,728065.451473999
prophet,2023,2023-07-27,748428.535,738696.2484480549
prophet,2023,2023-07-28,740713.259,734228.9203424233
prophet,2023,2023-07-29,680851.05,674027.4198358567
prophet,2023,2023-07-30,645350.877,626917.3211395924
prophet,2023,2023-07-31,736624.838,732768.5741602618
prophet,2023,2023-08-01,754106.067,754407.9009085883
prophet,2023,2023-08-02,767572.867,758574.1115864184
prophet,2023,2023-08-03,743787.712,720672.0216192503
prophet,2023,2023-08-04,689678.817,671561.8722429594
prophet,2023,2023-08-05,616704.903,608716.1025055625
prophet,2023,2023-08-06,594272.852,581199.1937551349
prophet,2023,2023-08-07,677200.493,685367.0805377071
prophet,2023,2023-08-08,710098.443,728536.1280809103
prophet,2023,2023-08-09,730621.532,747784.1366640336
prophet,2023,2023-08-10,746766.603,750193.175590908
prophet,2023,2023-08-11,739105.889,737570.5451259766
prophet,2023,2023-08-12,680130.564,654268.6711298089
prophet,2023,2023-08-13,633561.647,598247.656457778
prophet,2023,2023-08-14,679049.268,695109.2137873746
prophet,2023,2023-08-15,632371.277,639665.2515476877
prophet,2023,2023-08-16,697609.563,716682.8273714544
prophet,2023,2023-08-17,705886.436,716857.4801707321
prophet,2023,2023-08-18,708620.632,718190.6923843381
prophet,2023,2023-08-19,669852.416,652972.9511988598
prophet,2023,2023-08-20,650595.656,621790.0962309137
prophet,2023,2023-08-21,769909.688,743984.0832045769
prophet,2023,2023-08-22,791908.796,771342.277548217
prophet,2023,2023-08-23,805114.493,782574.5469346342
prophet,2023,2023-08-24,806257.924,776332.3088126192
prophet,2023,2023-08-25,795777.497,758424.9864388623
prophet,2023,2023-08-26,704096.731,655078.3186989008
prophet,2023,2023-08-27,589812.346,533231.5604131129
prophet,2023,2023-08-28,666251.744,646391.998411745
prophet,2023,2023-08-29,684519.165,670826.132596715
prophet,2023,2023-08-30,691690.676,674450.8609458054
prophet,2023,2023-08-31,696633.256,685400.8839838754
prophet,2023,2023-09-01,707897.142,697735.8422660405
prophet,2023,2023-09-02,617334.231,591156.066866584
prophet,2023,2023-09-03,567635.528,543241.1600778743
prophet,2023,2023-09-04,680749.198,661186.7786009389
prophet,2023,2023-09-05,702074.366,686034.4485278622
prophet,2023,2023-09-06,713455.091,693447.5062763605
prophet,2023,2023-09-07,718709.335,694639.8499680889
prophet,2023,2023-09-08,696807.158,686310.4991337548
prophet,2023,2023-09-09,623814.065,608474.0263538564
prophet,2023,2023-09-10,582350.336,553581.1667821977
prophet,2023,2023-09-11,670861.718,656287.4517247594
prophet,2023,2023-09-12,705037.939,674621.3336831643
prophet,2023,2023-09-13,705471.848,676894.7278563565
prophet,2023,2023-09-14,712650.088,676733.9565332175
prophet,2023,2023-09-15,704741.902,668185.3989796289
prophet,2023,2023-09-16,610152.639,594534.6790671048
prophet,2023,2023-09-17,573642.626,544381.9939675585
prophet,2023,2023-09-18,665858.082,650601.7315706228
prophet,2023,2023-09-19,683286.703,669482.829571527
prophet,2023,2023-09-20,680363.13,670990.8429780453
prophet,2023,2023-09-21,682301.958,666463.8132121683
prophet,2023,2023-09-22,657786.885,660949.1147551719
prophet,2023,2023-09-23,577386.642,588980.4460211013
prophet,2023,2023-09-24,541155.475,536062.4198745365
prophet,2023,2023-09-25,644344.176,641827.6082015515
prophet,2023,2023-09-26,673007.777,660309.160967564
prophet,2023,2023-09-27,684381.179,661470.8174530627
prophet,2023,2023-09-28,688482.194,656649.3056472356
prophet,2023,2023-09-29,682620.495,660599.7956796814
prophet,2023,2023-09-30,608394.984,593088.9203981517
prophet,2023,2023-10-01,568592.41,544354.1935486449
prophet,2023,2023-10-02,677907.782,640795.7257700275
prophet,2023,2023-10-03,694129.802,651991.0039504429
prophet,2023,2023-10-04,697359.162,656908.4493939809
prophet,2023,2023-10-05,698683.251,653293.5502495106
prophet,2023,2023-10-06,699421.954,646524.1443563165
prophet,2023,2023-10-07,618380.502,573036.7307649795
prophet,2023,2023-10-08,572203.065,516725.07633618603
prophet,2023,2023-10-09,661444.716,621736.2973201469
prophet,2023,2023-10-10,682328.873,640514.9511961091
prophet,2023,2023-10-11,676631.446,642072.5775557298
prophet,2023,2023-10-12,575504.945,546605.6020500597
prophet,2023,2023-10-13,615394.793,632563.294013188
prophet,2023,2023-10-14,578579.097,558809.9613027369
prophet,2023,2023-10-15,541876.33,508738.30670826626
prophet,2023,2023-10-16,656582.378,615210.2274799738
prophet,2023,2023-10-17,685735.457,634501.1014260509
prophet,2023,2023-10-18,691544.263,636562.0018010389
prophet,2023,2023-10-19,695588.62,632715.7280193978
prophet,2023,2023-10-20,670024.187,643035.0388612119
prophet,2023,2023-10-21,578655.968,583619.6236480299
prophet,2023,2023-10-22,547584.426,535795.007683249
prophet,2023,2023-10-23,652396.01,628164.2338218124
prophet,2023,2023-10-24,668310.627,655061.5427751737
prophet,2023,2023-10-25,680986.583,639327.7163542209
prophet,2023,2023-10-26,695519.318,629899.3514072746
prophet,2023,2023-10-27,681696.979,639626.2342389938
prophet,2023,2023-10-28,600928.081,565348.5662359892
prophet,2023,2023-10-29,584792.106,517313.11796088476
prophet,2023,2023-10-30,663807.745,630570.8436885971
prophet,2023,2023-10-31,677491.268,664174.0616303395
prophet,2023,2023-11-01,595447.394,550525.2309422332
prophet,2023,2023-11-02,681524.046,640792.0100505345
prophet,2023,2023-11-03,688910.052,662222.8068563275
prophet,2023,2023-11-04,621381.226,571392.6773429608
prophet,2023,2023-11-05,573801.32,528765.305519648
prophet,2023,2023-11-06,677205.414,651454.822931122
prophet,2023,2023-11-07,699291.04,683982.2922508795
prophet,2023,2023-11-08,713708.037,682779.897596119
prophet,2023,2023-11-09,703993.269,660836.6320911598
prophet,2023,2023-11-10,703513.302,653338.7444274974
prophet,2023,2023-11-11,628504.13,566066.2594539075
prophet,2023,2023-11-12,573478.299,508259.60597403673
prophet,2023,2023-11-13,672700.842,612049.7390675405
prophet,2023,2023-11-14,682941.124,639395.914380987
prophet,2023,2023-11-15,690217.89,654880.1963744106
prophet,2023,2023-11-16,694399.37,649741.6515543833
prophet,2023,2023-11-17,681979.844,652662.9874057696
prophet,2023,2023-11-18,604200.644,587144.1286136395
prophet,2023,2023-11-19,560129.864,546188.4325315801
prophet,2023,2023-11-20,674097.163,657800.3021208693
prophet,2023,2023-11-21,697706.662,682452.6583660264
prophet,2023,2023-11-22,709139.885,689940.1097675678
prophet,2023,2023-11-23,713863.707,703681.068517915
prophet,2023,2023-11-24,715114.11,700931.1057098224
prophet,2023,2023-11-25,635313.081,626454.2947476056
prophet,2023,2023-11-26,602380.968,585782.7768507364
prophet,2023,2023-11-27,720961.771,690792.7129775122
prophet,2023,2023-11-28,737005.018,698298.3548044248
prophet,2023,2023-11-29,735891.426,688515.8353649775
prophet,2023,2023-11-30,724390.897,679762.8873855057
prophet,2023,2023-12-01,721843.711,699910.9184233365
prophet,2023,2023-12-02,646520.006,650745.4739026582
prophet,2023,2023-12-03,624482.267,615820.9489404656
prophet,2023,2023-12-04,743449.538,709727.8805713459
prophet,2023,2023-12-05,751522.63,735935.978350718
prophet,2023,2023-12-06,674816.633,636241.3009922986
prophet,2023,2023-12-07,701438.509,727692.301550882
prophet,2023,2023-12-08,638304.87,604800.194516893
prophet,2023,2023-12-09,633897.78,630746.1439151099
prophet,2023,2023-12-10,604532.257,564755.6404227361
prophet,2023,2023-12-11,712662.101,669195.619905267
prophet,2023,2023-12-12,734744.889,685807.6899553756
prophet,2023,2023-12-13,741549.886,690915.61104725
prophet,2023,2023-12-14,745172.248,705683.6118011519
prophet,2023,2023-12-15,739184.562,695010.8742537643
prophet,2023,2023-12-16,662260.256,632801.1572382989
prophet,2023,2023-12-17,636365.322,590201.5963233436
prophet,2023,2023-12-18,758212.531,696864.2961778669
prophet,2023,2023-12-19,774315.347,711092.6698794273
prophet,2023,2023-12-20,781442.119,697853.4419336182
prophet,2023,2023-12-21,758822.16,683588.531972025
prophet,2023,2023-12-22,721413.251,671093.2293350309
prophet,2023,2023-12-23,640883.947,602004.8163329128
prophet,2023,2023-12-24,596118.636,557599.1700153532
prophet,2023,2023-12-25,553617.338,514018.0424910934
prophet,2023,2023-12-26,654679.567,694679.3477786698
prophet,2023,2023-12-27,703161.901,693232.6019288535
prophet,2023,2023-12-28,710999.762,689657.3213632231
prophet,2023,2023-12-29,698783.477,677232.9455921013
prophet,2023,2023-12-30,630400.595,598861.3640387461
prophet,2023,2023-12-31,606791.929,538101.7894378558
lightgbm,2023,2023-01-01,506425.906,569406.8380493697
lightgbm,2023,2023-01-02,621645.824,675504.9595427426
lightgbm,2023,2023-01-03,677052.137,708042.4756287799
lightgbm,2023,2023-01-04,689160.95,719003.3601615643
lightgbm,2023,2023-01-05,671291.045,725303.8435500993
lightgbm,2023,2023-01-06,580299.936,578699.0056828088
lightgbm,2023,2023-01-07,626064.221,673237.8116615736
lightgbm,2023,2023-01-08,614482.321,635400.8967970832
lightgbm,2023,2023-01-09,702001.315,739514.5106006417
lightgbm,2023,2023-01-10,731661.44,758421.6092352666
lightgbm,2023,2023-01-11,738957.782,750855.8585443895
lightgbm,2023,2023-01-12,743091.787,776648.1840143177
lightgbm,2023,2023-01-13,737961.141,775501.016276054
lightgbm,2023,2023-01-14,663062.596,704288.0519420794
lightgbm,2023,2023-01-15,615888.197,645850.7476230037
lightgbm,2023,2023-01-16,755509.285,771424.1260386838
lightgbm,2023,2023-01-17,758739.977,769063.3826226408
lightgbm,2023,2023-01-18,780321.606,800912.9254876308
lightgbm,2023,2023-01-19,790062.795,799988.6784256513
lightgbm,2023,2023-01-20,757426.586,777368.8969703177
lightgbm,2023,2023-01-21,676924.309,713529.5881815813
lightgbm,2023,2023-01-22,649293.321,685163.7488047904
lightgbm,2023,2023-01-23,787526.211,817933.590018188
lightgbm,2023,2023-01-24,825630.213,830983.7973412035
lightgbm,2023,2023-01-25,816153.242,832468.0480696441
lightgbm,2023,2023-01-26,817260.311,820030.8749409263
lightgbm,2023,2023-01-27,806430.869,813201.1176833268
lightgbm,2023,2023-01-28,718692.953,731617.559179284
lightgbm,2023,2023-01-29,675983.757,707961.1530953496
lightgbm,2023,2023-01-30,795325.338,837407.6225057852
lightgbm,2023,2023-01-31,803698.92,839023.703892405
lightgbm,2023,2023-02-01,801662.332,827714.4039558094
lightgbm,2023,2023-02-02,790975.567,823885.5648874957
lightgbm,2023,2023-02-03,775632.369,812382.7528905639
lightgbm,2023,2023-02-04,684167.496,733117.5759712978
lightgbm,2023,2023-02-05,638690.856,674963.5158330001
lightgbm,2023,2023-02-06,775399.85,799456.7053337486
lightgbm,2023,2023-02-07,808031.458,819118.8708528164
lightgbm,2023,2023-02-08,805426.932,812416.6008430693
lightgbm,2023,2023-02-09,795325.55,825416.2849331136
lightgbm,2023,2023-02-10,791833.872,826047.194169809
lightgbm,2023,2023-02-11,696716.754,746215.516560844
lightgbm,2023,2023-02-12,648805.368,701327.4742517367
lightgbm,2023,2023-02-13,763941.892,807902.3078818446
lightgbm,2023,2023-02-14,776349.758,820895.7223139562
lightgbm,2023,2023-02-15,765234.644,814524.3781056046
lightgbm,2023,2023-02-16,756184.773,792791.7687988982
lightgbm,2023,2023-02-17,745841.242,789947.6391167786
lightgbm,2023,2023-02-18,656958.729,704446.4830504837
lightgbm,2023,2023-02-19,604243.142,663049.9624161343
lightgbm,2023,2023-02-20,703843.757,760566.239581832
lightgbm,2023,2023-02-21,718542.25,764734.6394980879
lightgbm,2023,2023-02-22,723179.886,758050.5226323636
lightgbm,2023,2023-02-23,744746.598,770527.3100220127
lightgbm,2023,2023-02-24,741153.705,792289.6455631957
lightgbm,2023,2023-02-25,670495.14,728699.9394432239
lightgbm,2023,2023-02-26,633054.625,664362.7255269382
lightgbm,2023,2023-02-27,769247.838,805442.9806648326
lightgbm,2023,2023-02-28,774548.797,807134.0345285226
lightgbm,2023,2023-03-01,790626.199,856083.636153628
lightgbm,2023,2023-03-02,796204.01,839483.54557425
lightgbm,2023,2023-03-03,772937.401,829268.1118278775
lightgbm,2023,2023-03-04,674017.739,731688.5519569864
lightgbm,2023,2023-03-05,635805.655,676283.2263587674
lightgbm,2023,2023-03-06,739440.9,802399.1197568984
lightgbm,2023,2023-03-07,736668.395,777760.9505694666
lightgbm,2023,2023-03-08,726365.685,762941.4942406738
lightgbm,2023,2023-03-09,716452.857,751112.8777569884
lightgbm,2023,2023-03-10,689273.37,740281.8214424346
lightgbm,2023,2023-03-11,608584.638,661370.2366925637
lightgbm,2023,2023-03-12,557439.954,592731.3881638669
lightgbm,2023,2023-03-13,658906.077,680853.8710631321
lightgbm,2023,2023-03-14,669720.805,695568.8790559814
lightgbm,2023,2023-03-15,669686.9,676662.0804842899
lightgbm,2023,2023-03-16,671404.492,674088.7327997164
lightgbm,2023,2023-03-17,669898.72,670615.185038549
lightgbm,2023,2023-03-18,603233.37,595898.5229173474
lightgbm,2023,2023-03-19,551700.834,552079.9629536341
lightgbm,2023,2023-03-20,641384.343,655399.6370342105
lightgbm,2023,2023-03-21,667437.684,679374.082366906
lightgbm,2023,2023-03-22,665415.519,689496.5026020142
lightgbm,2023,2023-03-23,664773.196,638089.5120361837
lightgbm,2023,2023-03-24,664920.294,650052.2127076569
lightgbm,2023,2023-03-25,595900.869,587948.676848242
lightgbm,2023,2023-03-26,525933.283,543433.6408932578
lightgbm,2023,2023-03-27,642067.363,657972.7858929825
lightgbm,2023,2023-03-28,655229.932,688497.8501724222
lightgbm,2023,2023-03-29,657287.875,695466.7528488579
lightgbm,2023,2023-03-30,660755.927,668286.5115847912
lightgbm,2023,2023-03-31,660236.946,671072.6409364141
lightgbm,2023,2023-04-01,592046.555,624255.2739536689
lightgbm,2023,2023-04-02,548874.924,581010.9102482843
lightgbm,2023,2023-04-03,639072.811,689317.9398230696
lightgbm,2023,2023-04-04,652016.035,696017.3820704976
lightgbm,2023,2023-04-05,639631.827,703618.7258958804
lightgbm,2023,2023-04-06,564889.452,675391.6505030843
lightgbm,2023,2023-04-07,518549.539,571457.9452581123
lightgbm,2023,2023-04-08,531339.729,620031.3548719687
lightgbm,2023,2023-04-09,508947.86,568308.4031325709
lightgbm,2023,2023-04-10,562915.862,646647.6567398708
lightgbm,2023,2023-04-11,631802.137,672332.0198772156
lightgbm,2023,2023-04-12,660115.2,674539.1555463097
lightgbm,2023,2023-04-13,658532.314,654733.2407298499
lightgbm,2023,2023-04-14,664022.635,650355.8038067356
lightgbm,2023,2023-04-15,592441.566,596046.934885748
lightgbm,2023,2023-04-16,547231.264,564984.3490099051
lightgbm,2023,2023-04-17,634831.145,636566.1070609731
lightgbm,2023,2023-04-18,654865.618,663630.8645502868
lightgbm,2023,2023-04-19,654950.573,684663.2766869937
lightgbm,2023,2023-04-20,656653.518,675781.9710360802
lightgbm,2023,2023-04-21,650980.32,686945.8921468132
lightgbm,2023,2023-04-22,590495.8,639020.1346748207
lightgbm,2023,2023-04-23,544376.883,578702.8234606608
lightgbm,2023,2023-04-24,633779.346,677844.7526251517
lightgbm,2023,2023-04-25,659059.16,700999.6556439059
lightgbm,2023,2023-04-26,661852.956,701084.5767424286
lightgbm,2023,2023-04-27,666829.312,698667.4683877674
lightgbm,2023,2023-04-28,661354.264,690300.3708280354
lightgbm,2023,2023-04-29,592081.712,626008.8628665765
lightgbm,2023,2023-04-30,542193.983,565276.5063132426
lightgbm,2023,2023-05-01,523889.313,563730.9373818478
lightgbm,2023,2023-05-02,622434.735,679933.8452207351
lightgbm,2023,2023-05-03,660714.847,683699.7948497573
lightgbm,2023,2023-05-04,665290.908,682775.199643978
lightgbm,2023,2023-05-05,659616.923,677398.8654238874
lightgbm,2023,2023-05-06,590485.791,612059.6263390301
lightgbm,2023,2023-05-07,548502.085,560885.0989112667
lightgbm,2023,2023-05-08,642369.829,668114.0161678274
lightgbm,2023,2023-05-09,668097.149,682506.7544419582
lightgbm,2023,2023-05-10,663531.114,684600.3217417726
lightgbm,2023,2023-05-11,657135.64,671784.4509063729
lightgbm,2023,2023-05-12,656184.255,678929.4485121077
lightgbm,2023,2023-05-13,585306.083,615363.9847613084
lightgbm,2023,2023-05-14,542358.512,566054.4954474196
lightgbm,2023,2023-05-15,631619.964,672927.7000357199
lightgbm,2023,2023-05-16,651749.949,693644.8698366177
lightgbm,2023,2023-05-17,643132.606,697824.8045064387
lightgbm,2023,2023-05-18,651137.81,710417.6152104927
lightgbm,2023,2023-05-19,646534.241,715667.0291633371
lightgbm,2023,2023-05-20,576238.824,641448.0869559746
lightgbm,2023,2023-05-21,535466.982,586789.7816947052
lightgbm,2023,2023-05-22,639422.481,681436.9220813031
lightgbm,2023,2023-05-23,654198.935,699198.5251897129
lightgbm,2023,2023-05-24,650279.581,690207.4198213121
lightgbm,2023,2023-05-25,651724.712,692722.6289259894
lightgbm,2023,2023-05-26,638249.622,690068.1765647847
lightgbm,2023,2023-05-27,566548.508,623909.7780551146
lightgbm,2023,2023-05-28,521285.615,581751.8700201145
lightgbm,2023,2023-05-29,621366.375,664225.0393558409
lightgbm,2023,2023-05-30,638434.329,701943.0115633693
lightgbm,2023,2023-05-31,640059.655,709829.1596516942
lightgbm,2023,2023-06-01,649942.676,709615.236475883
lightgbm,2023,2023-06-02,642678.488,707657.3802638373
lightgbm,2023,2023-06-03,571764.741,631998.625961063
lightgbm,2023,2023-06-04,529995.247,582227.2770921254
lightgbm,2023,2023-06-05,632165.698,671780.6781379094
lightgbm,2023,2023-06-06,660649.668,731141.600685693
lightgbm,2023,2023-06-07,675239.156,723827.1786908444
lightgbm,2023,2023-06-08,666873.185,721975.6118322514
lightgbm,2023,2023-06-09,657431.943,718498.6641974574
lightgbm,2023,2023-06-10,585434.217,658160.175146225
lightgbm,2023,2023-06-11,546386.353,604540.4185783217
lightgbm,2023,2023-06-12,654286.647,725410.7706180688
lightgbm,2023,2023-06-13,671548.429,730190.0235494935
lightgbm,2023,2023-06-14,675031.725,739486.5634552243
lightgbm,2023,2023-06-15,685681.558,759675.3864090772
lightgbm,2023,2023-06-16,695921.152,767399.3439970388
lightgbm,2023,2023-06-17,627665.321,703513.5345195285
lightgbm,2023,2023-06-18,577954.372,622595.4163861808
lightgbm,2023,2023-06-19,684896.351,751330.2588784553
lightgbm,2023,2023-06-20,704703.371,759983.295806841
lightgbm,2023,2023-06-21,714975.961,768360.5831748984
lightgbm,2023,2023-06-22,709422.083,747911.81118678
lightgbm,2023,2023-06-23,705413.541,757617.6810129001
lightgbm,2023,2023-06-24,628176.282,683073.9893349768
lightgbm,2023,2023-06-25,616012.038,664788.2612134991
lightgbm,2023,2023-06-26,753018.153,742212.1999406784
lightgbm,2023,2023-06-27,772286.006,783592.5319470159
lightgbm,2023,2023-06-28,777596.436,791865.2956571856
lightgbm,2023,2023-06-29,771072.346,792600.9224362641
lightgbm,2023,2023-06-30,729157.132,761058.7592461923
lightgbm,2023,2023-07-01,646254.981,705524.6899486495
lightgbm,2023,2023-07-02,615130.595,664416.0386413664
lightgbm,2023,2023-07-03,741756.166,759557.5291165084
lightgbm,2023,2023-07-04,754074.66,766401.954482967
lightgbm,2023,2023-07-05,756329.156,767736.0839618613
lightgbm,2023,2023-07-06,760166.347,777845.1210493989
lightgbm,2023,2023-07-07,752018.825,765208.3678039981
lightgbm,2023,2023-07-08,665130.797,710595.3601495131
lightgbm,2023,2023-07-09,628912.612,658830.854947132
lightgbm,2023,2023-07-10,778800.77,793906.7416467537
lightgbm,2023,2023-07-11,820243.486,836150.3517682321
lightgbm,2023,2023-07-12,813329.123,842591.9774977624
lightgbm,2023,2023-07-13,799787.648,847778.0597186364
lightgbm,2023,2023-07-14,800527.393,848976.7275207166
lightgbm,2023,2023-07-15,698753.666,758752.1160917529
lightgbm,2023,2023-07-16,639880.119,689529.9453294876
lightgbm,2023,2023-07-17,781395.496,825070.8182312154
lightgbm,2023,2023-07-18,824598.568,855013.5776035836
lightgbm,2023,2023-07-19,837501.706,852010.164115067
lightgbm,2023,2023-07-20,818438.549,836322.6134777238
lightgbm,2023,2023-07-21,780090.042,820647.8542828017
lightgbm,2023,2023-07-22,681943.561,703968.9639960186
lightgbm,2023,2023-07-23,646041.839,670002.6553162294
lightgbm,2023,2023-07-24,752105.434,796936.3598334508
lightgbm,2023,2023-07-25,721372.938,794931.7369887702
lightgbm,2023,2023-07-26,733046.018,792476.7160183067
lightgbm,2023,2023-07-27,748428.535,786152.4366413682
lightgbm,2023,2023-07-28,740713.259,779757.7888805765
lightgbm,2023,2023-07-29,680851.05,718652.665524453
lightgbm,2023,2023-07-30,645350.877,669432.8377050483
lightgbm,2023,2023-07-31,736624.838,795980.3627549749
lightgbm,2023,2023-08-01,754106.067,818438.5636529332
lightgbm,2023,2023-08-02,767572.867,813858.5230817493
lightgbm,2023,2023-08-03,743787.712,785257.631576033
lightgbm,2023,2023-08-04,689678.817,745253.592467921
lightgbm,2023,2023-08-05,616704.903,685333.187893976
lightgbm,2023,2023-08-06,594272.852,652335.3549606593
lightgbm,2023,2023-08-07,677200.493,722429.8322395292
lightgbm,2023,2023-08-08,710098.443,759221.7122721765
lightgbm,2023,2023-08-09,730621.532,758438.5919465013
lightgbm,2023,2023-08-10,746766.603,753298.9564727254
lightgbm,2023,2023-08-11,739105.889,744934.1609397683
lightgbm,2023,2023-08-12,680130.564,698046.3081443937
lightgbm,2023,2023-08-13,633561.647,646573.7373927942
lightgbm,2023,2023-08-14,679049.268,708313.6501409999
lightgbm,2023,2023-08-15,632371.277,629472.2980430184
lightgbm,2023,2023-08-16,697609.563,716625.3952109286
lightgbm,2023,2023-08-17,705886.436,719159.0930876205
lightgbm,2023,2023-08-18,708620.632,729484.2122902315
lightgbm,2023,2023-08-19,669852.416,663732.054865633
lightgbm,2023,2023-08-20,650595.656,652991.4001773015
lightgbm,2023,2023-08-21,769909.688,770728.7890431846
lightgbm,2023,2023-08-22,791908.796,766477.9419710904
lightgbm,2023,2023-08-23,805114.493,756264.6976512941
lightgbm,2023,2023-08-24,806257.924,753719.6866553441
lightgbm,2023,2023-08-25,795777.497,752830.7591335673
lightgbm,2023,2023-08-26,704096.731,673332.9218770153
lightgbm,2023,2023-08-27,589812.346,594255.9606320524
lightgbm,2023,2023-08-28,666251.744,687221.8044652175
lightgbm,2023,2023-08-29,684519.165,715824.4651195485
lightgbm,2023,2023-08-30,691690.676,701137.2550615004
lightgbm,2023,2023-08-31,696633.256,717295.5202803742
lightgbm,2023,2023-09-01,707897.142,710039.3126526206
lightgbm,2023,2023-09-02,617334.231,632440.1489597845
lightgbm,2023,2023-09-03,567635.528,586405.1837056689
lightgbm,2023,2023-09-04,680749.198,702552.9981230407
lightgbm,2023,2023-09-05,702074.366,729681.0923956326
lightgbm,2023,2023-09-06,713455.091,738027.2011586591
lightgbm,2023,2023-09-07,718709.335,735895.3194842017
lightgbm,2023,2023-09-08,696807.158,736356.3729605549
lightgbm,2023,2023-09-09,623814.065,671809.334645173
lightgbm,2023,2023-09-10,582350.336,615018.6054976225
lightgbm,2023,2023-09-11,670861.718,720313.5565646314
lightgbm,2023,2023-09-12,705037.939,727212.1466786186
lightgbm,2023,2023-09-13,705471.848,729525.0591967369
lightgbm,2023,2023-09-14,712650.088,740838.7782271407
lightgbm,2023,2023-09-15,704741.902,723881.0040079346
lightgbm,2023,2023-09-16,610152.639,633711.0773355495
lightgbm,2023,2023-09-17,573642.626,575769.7050240792
lightgbm,2023,2023-09-18,665858.082,679373.1908271009
lightgbm,2023,2023-09-19,683286.703,708768.9555540972
lightgbm,2023,2023-09-20,680363.13,711341.9552720628
lightgbm,2023,2023-09-21,682301.958,700407.2336212583
lightgbm,2023,2023-09-22,657786.885,687476.1944142338
lightgbm,2023,2023-09-23,577386.642,612335.589940542
lightgbm,2023,2023-09-24,541155.475,579069.2156705735
lightgbm,2023,2023-09-25,644344.176,684342.3185734547
lightgbm,2023,2023-09-26,673007.777,702240.7140352704
lightgbm,2023,2023-09-27,684381.179,701370.696085876
lightgbm,2023,2023-09-28,688482.194,701603.1658280839
lightgbm,2023,2023-09-29,682620.495,702417.6475462159
lightgbm,2023,2023-09-30,608394.984,625304.555395551
lightgbm,2023,2023-10-01,568592.41,590947.0981833236
lightgbm,2023,2023-10-02,677907.782,698260.5739164335
lightgbm,2023,2023-10-03,694129.802,711485.5196264877
lightgbm,2023,2023-10-04,697359.162,715913.638580947
lightgbm,2023,2023-10-05,698683.251,719307.4949852409
lightgbm,2023,2023-10-06,699421.954,723754.5085185673
lightgbm,2023,2023-10-07,618380.502,656832.0396157131
lightgbm,2023,2023-10-08,572203.065,585302.1312537468
lightgbm,2023,2023-10-09,661444.716,692419.2947497695
lightgbm,2023,2023-10-10,682328.873,717058.4211682151
lightgbm,2023,2023-10-11,676631.446,703525.4691503128
lightgbm,2023,2023-10-12,575504.945,628988.3887645168
lightgbm,2023,2023-10-13,615394.793,702675.7682532006
lightgbm,2023,2023-10-14,578579.097,621987.0917874974
lightgbm,2023,2023-10-15,541876.33,576340.3669472772
lightgbm,2023,2023-10-16,656582.378,690296.3356175241
lightgbm,2023,2023-10-17,685735.457,687790.7224364104
lightgbm,2023,2023-10-18,691544.263,686584.7287103656
lightgbm,2023,2023-10-19,695588.62,678976.9816937916
lightgbm,2023,2023-10-20,670024.187,682824.5555699528
lightgbm,2023,2023-10-21,578655.968,610177.3346283871
lightgbm,2023,2023-10-22,547584.426,571565.9218872449
lightgbm,2023,2023-10-23,652396.01,682335.031691204
lightgbm,2023,2023-10-24,668310.627,685137.1683965566
lightgbm,2023,2023-10-25,680986.583,691853.396902739
lightgbm,2023,2023-10-26,695519.318,701469.7980311292
lightgbm,2023,2023-10-27,681696.979,704562.0345401033
lightgbm,2023,2023-10-28,600928.081,600267.8451970435
lightgbm,2023,2023-10-29,584792.106,583427.8163097772
lightgbm,2023,2023-10-30,663807.745,685209.632740907
lightgbm,2023,2023-10-31,677491.268,686476.0559812905
lightgbm,2023,2023-11-01,595447.394,601640.4448928639
lightgbm,2023,2023-11-02,681524.046,674905.1857416529
lightgbm,2023,2023-11-03,688910.052,660225.049004789
lightgbm,2023,2023-11-04,621381.226,597774.6232498295
lightgbm,2023,2023-11-05,573801.32,571180.3768826837
lightgbm,2023,2023-11-06,677205.414,662876.7691046484
lightgbm,2023,2023-11-07,699291.04,734490.0339186495
lightgbm,2023,2023-11-08,713708.037,734599.0749299345
lightgbm,2023,2023-11-09,703993.269,704151.174933756
lightgbm,2023,2023-11-10,703513.302,689775.7927120664
lightgbm,2023,2023-11-11,628504.13,629990.0642387461
lightgbm,2023,2023-11-12,573478.299,567991.8644701442
lightgbm,2023,2023-11-13,672700.842,644041.530456206
lightgbm,2023,2023-11-14,682941.124,656873.6166735699
lightgbm,2023,2023-11-15,690217.89,648102.1916342593
lightgbm,2023,2023-11-16,694399.37,650423.9423058575
lightgbm,2023,2023-11-17,681979.844,659121.6923704749
lightgbm,2023,2023-11-18,604200.644,590224.1495810444
lightgbm,2023,2023-11-19,560129.864,550898.190931003
lightgbm,2023,2023-11-20,674097.163,657242.3027214927
lightgbm,2023,2023-11-21,697706.662,688333.4939632274
lightgbm,2023,2023-11-22,709139.885,715355.3931981466
lightgbm,2023,2023-11-23,713863.707,723996.2710766316
lightgbm,2023,2023-11-24,715114.11,704044.9703367426
lightgbm,2023,2023-11-25,635313.081,627951.9020761818
lightgbm,2023,2023-11-26,602380.968,606437.3291428995
lightgbm,2023,2023-11-27,720961.771,746904.1611886993
lightgbm,2023,2023-11-28,737005.018,724804.8285519638
lightgbm,2023,2023-11-29,735891.426,705099.7181733489
lightgbm,2023,2023-11-30,724390.897,703078.8029414818
lightgbm,2023,2023-12-01,721843.711,719361.4931647001
lightgbm,2023,2023-12-02,646520.006,648317.335744017
lightgbm,2023,2023-12-03,624482.267,610127.2872189292
lightgbm,2023,2023-12-04,743449.538,730688.6372155923
lightgbm,2023,2023-12-05,751522.63,748590.38199926
lightgbm,2023,2023-12-06,674816.633,665892.3688037344
lightgbm,2023,2023-12-07,701438.509,712043.705061319
lightgbm,2023,2023-12-08,638304.87,618105.3654675587
lightgbm,2023,2023-12-09,633897.78,603909.1751564507
lightgbm,2023,2023-12-10,604532.257,581188.0168527972
lightgbm,2023,2023-12-11,712662.101,693438.0178177087
lightgbm,2023,2023-12-12,734744.889,696620.9345208497
lightgbm,2023,2023-12-13,741549.886,700837.2667217257
lightgbm,2023,2023-12-14,745172.248,714863.6552844516
lightgbm,2023,2023-12-15,739184.562,712973.5285754229
lightgbm,2023,2023-12-16,662260.256,664217.2011153507
lightgbm,2023,2023-12-17,636365.322,621601.2740932326
lightgbm,2023,2023-12-18,758212.531,749595.630751722
lightgbm,2023,2023-12-19,774315.347,765858.8810268543
lightgbm,2023,2023-12-20,781442.119,780391.5538826522
lightgbm,2023,2023-12-21,758822.16,794838.7957608943
lightgbm,2023,2023-12-22,721413.251,782932.5948526663
lightgbm,2023,2023-12-23,640883.947,688794.692164407
lightgbm,2023,2023-12-24,596118.636,631050.2739025692
lightgbm,2023,2023-12-25,553617.338,581664.0070150339
lightgbm,2023,2023-12-26,654679.567,687142.606851927
lightgbm,2023,2023-12-27,703161.901,728891.5259335726
lightgbm,2023,2023-12-28,710999.762,742403.3528022559
lightgbm,2023,2023-12-29,698783.477,754244.7217779045
lightgbm,2023,2023-12-30,630400.595,635714.2192180719
lightgbm,2023,2023-12-31,606791.929,604075.2697149536
ensemble,2023,2023-01-01,506425.906,553282.1604866418
ensemble,2023,2023-01-02,621645.824,660335.5193916187
ensemble,2023,2023-01-03,677052.137,689417.442134888
ensemble,2023,2023-01-04,689160.95,697217.4181016162
ensemble,2023,2023-01-05,671291.045,671050.4263312967
ensemble,2023,2023-01-06,580299.936,610395.1137049875
ensemble,2023,2023-01-07,626064.221,652000.1689639792
ensemble,2023,2023-01-08,614482.321,604878.0875666166
ensemble,2023,2023-01-09,702001.315,707602.3426184239
ensemble,2023,2023-01-10,731661.44,734716.8472690256
ensemble,2023,2023-01-11,738957.782,734504.3740287336
ensemble,2023,2023-01-12,743091.787,751346.8940342128
ensemble,2023,2023-01-13,737961.141,753347.4313897582
ensemble,2023,2023-01-14,663062.596,683683.743957539
ensemble,2023,2023-01-15,615888.197,632082.3853650716
ensemble,2023,2023-01-16,755509.285,748113.9146415023
ensemble,2023,2023-01-17,758739.977,756220.8647106489
ensemble,2023,2023-01-18,780321.606,780705.5362241374
ensemble,2023,2023-01-19,790062.795,780315.5076718031
ensemble,2023,2023-01-20,757426.586,762821.1069351799
ensemble,2023,2023-01-21,676924.309,698226.1340367382
ensemble,2023,2023-01-22,649293.321,664225.8740012347
ensemble,2023,2023-01-23,787526.211,782936.7598146303
ensemble,2023,2023-01-24,825630.213,795699.7775656668
ensemble,2023,2023-01-25,816153.242,792964.0819101565
ensemble,2023,2023-01-26,817260.311,783914.4855163381
ensemble,2023,2023-01-27,806430.869,778242.9042748458
ensemble,2023,2023-01-28,718692.953,698652.7064718553
ensemble,2023,2023-01-29,675983.757,660901.0691144766
ensemble,2023,2023-01-30,795325.338,773964.8732251172
ensemble,2023,2023-01-31,803698.92,781794.1608979515
ensemble,2023,2023-02-01,801662.332,771427.6131975572
ensemble,2023,2023-02-02,790975.567,766759.4488814468
ensemble,2023,2023-02-03,775632.369,758727.754508052
ensemble,2023,2023-02-04,684167.496,681861.4625327409
ensemble,2023,2023-02-05,638690.856,628502.6537759793
ensemble,2023,2023-02-06,775399.85,742800.9329660157
ensemble,2023,2023-02-07,808031.458,760384.8227453576
ensemble,2023,2023-02-08,805426.932,755574.6813467272
ensemble,2023,2023-02-09,795325.55,760090.5816543802
ensemble,2023,2023-02-10,791833.872,758795.6365428073
ensemble,2023,2023-02-11,696716.754,685307.5941842984
ensemble,2023,2023-02-12,648805.368,638157.3204354562
ensemble,2023,2023-02-13,763941.892,740568.4687691095
ensemble,2023,2023-02-14,776349.758,754156.3873896693
ensemble,2023,2023-02-15,765234.644,750755.494281513
ensemble,2023,2023-02-16,756184.773,738916.8337021513
ensemble,2023,2023-02-17,745841.242,732749.7028419459
ensemble,2023,2023-02-18,656958.729,659938.348354675
ensemble,2023,2023-02-19,604243.142,611842.0426166602
ensemble,2023,2023-02-20,703843.757,708952.9404691238
ensemble,2023,2023-02-21,718542.25,720790.7854046525
ensemble,2023,2023-02-22,723179.886,719494.3023404855
ensemble,2023,2023-02-23,744746.598,729519.0599239407
ensemble,2023,2023-02-24,741153.705,742268.3183669284
ensemble,2023,2023-02-25,670495.14,675763.9233163773
ensemble,2023,2023-02-26,633054.625,620490.4750234477
ensemble,2023,2023-02-27,769247.838,733408.9936654499
ensemble,2023,2023-02-28,774548.797,746952.0708896014
ensemble,2023,2023-03-01,790626.199,769883.2406570347
ensemble,2023,2023-03-02,796204.01,762785.3929318908
ensemble,2023,2023-03-03,772937.401,755158.326916783
ensemble,2023,2023-03-04,674017.739,670072.0313580945
ensemble,2023,2023-03-05,635805.655,622508.9422883455
ensemble,2023,2023-03-06,739440.9,728938.6405462143
ensemble,2023,2023-03-07,736668.395,721686.7759354938
ensemble,2023,2023-03-08,726365.685,708306.7874225904
ensemble,2023,2023-03-09,716452.857,699826.9439065751
ensemble,2023,2023-03-10,689273.37,696978.9408104295
ensemble,2023,2023-03-11,608584.638,614041.3026819743
ensemble,2023,2023-03-12,557439.954,560402.324821679
ensemble,2023,2023-03-13,658906.077,667411.9611281444
ensemble,2023,2023-03-14,669720.805,683176.1698414907
ensemble,2023,2023-03-15,669686.9,680279.2949810433
ensemble,2023,2023-03-16,671404.492,674053.1993743982
ensemble,2023,2023-03-17,669898.72,664981.112108169
ensemble,2023,2023-03-18,603233.37,592684.2167870561
ensemble,2023,2023-03-19,551700.834,550696.6445936428
ensemble,2023,2023-03-20,641384.343,653567.9613277434
ensemble,2023,2023-03-21,667437.684,672068.5575864426
ensemble,2023,2023-03-22,665415.519,675279.2426331672
ensemble,2023,2023-03-23,664773.196,655278.2406623206
ensemble,2023,2023-03-24,664920.294,651714.0918495432
ensemble,2023,2023-03-25,595900.869,584154.7466800216
ensemble,2023,2023-03-26,525933.283,524841.5544013738
ensemble,2023,2023-03-27,642067.363,642483.7064039087
ensemble,2023,2023-03-28,655229.932,663576.3965061338
ensemble,2023,2023-03-29,657287.875,666852.9293327308
ensemble,2023,2023-03-30,660755.927,653097.041973114
ensemble,2023,2023-03-31,660236.946,653024.3819420072
ensemble,2023,2023-04-01,592046.555,597188.7001630199
ensemble,2023,2023-04-02,548874.924,561347.7242672215
ensemble,2023,2023-04-03,639072.811,675327.7192837421
ensemble,2023,2023-04-04,652016.035,688885.174105417
ensemble,2023,2023-04-05,639631.827,687088.4491932037
ensemble,2023,2023-04-06,564889.452,666417.7507542704
ensemble,2023,2023-04-07,518549.539,580277.1657678949
ensemble,2023,2023-04-08,531339.729,585345.1180518969
ensemble,2023,2023-04-09,508947.86,535293.8860789683
ensemble,2023,2023-04-10,562915.862,623617.6243580518
ensemble,2023,2023-04-11,631802.137,644967.2037276948
ensemble,2023,2023-04-12,660115.2,646880.5411563013
ensemble,2023,2023-04-13,658532.314,616369.6200895007
ensemble,2023,2023-04-14,664022.635,593814.7783949679
ensemble,2023,2023-04-15,592441.566,552829.2719647753
ensemble,2023,2023-04-16,547231.264,519370.9857118332
ensemble,2023,2023-04-17,634831.145,596850.7173791281
ensemble,2023,2023-04-18,654865.618,637326.2579659341
ensemble,2023,2023-04-19,654950.573,655932.9128143586
ensemble,2023,2023-04-20,656653.518,648182.7683448569
ensemble,2023,2023-04-21,650980.32,649574.870060362
ensemble,2023,2023-04-22,590495.8,591539.9014161192
ensemble,2023,2023-04-23,544376.883,536342.9454868905
ensemble,2023,2023-04-24,633779.346,629562.936719274
ensemble,2023,2023-04-25,659059.16,651310.64285876
ensemble,2023,2023-04-26,661852.956,655700.4174054718
ensemble,2023,2023-04-27,666829.312,654466.0935869443
ensemble,2023,2023-04-28,661354.264,644665.009963971
ensemble,2023,2023-04-29,592081.712,575749.7293461476
ensemble,2023,2023-04-30,542193.983,519684.7037378761
ensemble,2023,2023-05-01,523889.313,545400.5491189131
ensemble,2023,2023-05-02,622434.735,647338.6309657207
ensemble,2023,2023-05-03,660714.847,653025.9460324452
ensemble,2023,2023-05-04,665290.908,650055.195830664
ensemble,2023,2023-05-05,659616.923,643540.6479013114
ensemble,2023,2023-05-06,590485.791,575592.1586726625
ensemble,2023,2023-05-07,548502.085,528271.9151198097
ensemble,2023,2023-05-08,642369.829,631103.2776592053
ensemble,2023,2023-05-09,668097.149,650066.3046865199
ensemble,2023,2023-05-10,663531.114,653445.274134928
ensemble,2023,2023-05-11,657135.64,651781.7073333452
ensemble,2023,2023-05-12,656184.255,655859.9283829181
ensemble,2023,2023-05-13,585306.083,590461.3103094847
ensemble,2023,2023-05-14,542358.512,540259.8916608222
ensemble,2023,2023-05-15,631619.964,638382.4423336015
ensemble,2023,2023-05-16,651749.949,661797.8732024861
ensemble,2023,2023-05-17,643132.606,669532.3880509214
ensemble,2023,2023-05-18,651137.81,678759.0454095454
ensemble,2023,2023-05-19,646534.241,679153.9826820994
ensemble,2023,2023-05-20,576238.824,608466.3277556872
ensemble,2023,2023-05-21,535466.982,556534.7070047818
ensemble,2023,2023-05-22,639422.481,652387.6993436132
ensemble,2023,2023-05-23,654198.935,667986.3244931159
ensemble,2023,2023-05-24,650279.581,659703.2663156061
ensemble,2023,2023-05-25,651724.712,662001.1743735758
ensemble,2023,2023-05-26,638249.622,661047.2439949375
ensemble,2023,2023-05-27,566548.508,594640.1205287621
ensemble,2023,2023-05-28,521285.615,549268.0167049076
ensemble,2023,2023-05-29,621366.375,641496.3882835462
ensemble,2023,2023-05-30,638434.329,669698.4504989405
ensemble,2023,2023-05-31,640059.655,676634.1043967089
ensemble,2023,2023-06-01,649942.676,677243.5430755062
ensemble,2023,2023-06-02,642678.488,674782.4096675246
ensemble,2023,2023-06-03,571764.741,601336.8364559883
ensemble,2023,2023-06-04,529995.247,553550.3958551926
ensemble,2023,2023-06-05,632165.698,646755.4137411542
ensemble,2023,2023-06-06,660649.668,688763.6881358273
ensemble,2023,2023-06-07,675239.156,691837.3299530467
ensemble,2023,2023-06-08,666873.185,692216.8753223423
ensemble,2023,2023-06-09,657431.943,690010.0860977474
ensemble,2023,2023-06-10,585434.217,626672.2590488879
ensemble,2023,2023-06-11,546386.353,579437.8651278421
ensemble,2023,2023-06-12,654286.647,693419.5697453956
ensemble,2023,2023-06-13,671548.429,714136.0035431972
ensemble,2023,2023-06-14,675031.725,723662.7527917341
ensemble,2023,2023-06-15,685681.558,736193.3147142474
ensemble,2023,2023-06-16,695921.152,742958.5266586334
ensemble,2023,2023-06-17,627665.321,674991.9506197813
ensemble,2023,2023-06-18,577954.372,594987.2557880102
ensemble,2023,2023-06-19,684896.351,707016.8167048423
ensemble,2023,2023-06-20,704703.371,717249.2087163132
ensemble,2023,2023-06-21,714975.961,712276.6365458105
ensemble,2023,2023-06-22,709422.083,698972.4879509716
ensemble,2023,2023-06-23,705413.541,692321.7335576136
ensemble,2023,2023-06-24,628176.282,642351.8246781634
ensemble,2023,2023-06-25,616012.038,615439.4693409438
ensemble,2023,2023-06-26,753018.153,707921.5737611977
ensemble,2023,2023-06-27,772286.006,731029.6021853714
ensemble,2023,2023-06-28,777596.436,736355.5392904459
ensemble,2023,2023-06-29,771072.346,731293.5855159251
ensemble,2023,2023-06-30,729157.132,702529.600125546
ensemble,2023,2023-07-01,646254.981,648717.1256706533
ensemble,2023,2023-07-02,615130.595,614837.4689639992
ensemble,2023,2023-07-03,741756.166,718310.3544930002
ensemble,2023,2023-07-04,754074.66,736696.7642495007
ensemble,2023,2023-07-05,756329.156,733853.8219700409
ensemble,2023,2023-07-06,760166.347,735244.515569665
ensemble,2023,2023-07-07,752018.825,731921.8068227436
ensemble,2023,2023-07-08,665130.797,670794.4982365415
ensemble,2023,2023-07-09,628912.612,627881.1445336438
ensemble,2023,2023-07-10,778800.77,755721.20641175
ensemble,2023,2023-07-11,820243.486,791537.176379249
ensemble,2023,2023-07-12,813329.123,792546.7950172416
ensemble,2023,2023-07-13,799787.648,795082.4225771948
ensemble,2023,2023-07-14,800527.393,795947.5697198448
ensemble,2023,2023-07-15,698753.666,711052.719367398
ensemble,2023,2023-07-16,639880.119,653416.7305112052
ensemble,2023,2023-07-17,781395.496,780301.2210659113
ensemble,2023,2023-07-18,824598.568,807139.4850534984
ensemble,2023,2023-07-19,837501.706,807185.7424151449
ensemble,2023,2023-07-20,818438.549,797322.4191013466
ensemble,2023,2023-07-21,780090.042,780979.2602642514
ensemble,2023,2023-07-22,681943.561,684723.5303193472
ensemble,2023,2023-07-23,646041.839,647606.5465118636
ensemble,2023,2023-07-24,752105.434,755253.4818052457
ensemble,2023,2023-07-25,721372.938,763768.0768442312
ensemble,2023,2023-07-26,733046.018,756261.2797808527
ensemble,2023,2023-07-27,748428.535,755885.107013092
ensemble,2023,2023-07-28,740713.259,750289.3620845572
ensemble,2023,2023-07-29,680851.05,686464.3312189761
ensemble,2023,2023-07-30,645350.877,641061.1424337233
ensemble,2023,2023-07-31,736624.838,751768.1834576451
ensemble,2023,2023-08-01,754106.067,771777.3620765446
ensemble,2023,2023-08-02,767572.867,770350.297166908
ensemble,2023,2023-08-03,743787.712,746233.997616359
ensemble,2023,2023-08-04,689678.817,711369.7119237669
ensemble,2023,2023-08-05,616704.903,647627.2117561178
ensemble,2023,2023-08-06,594272.852,611607.3504867373
ensemble,2023,2023-08-07,677200.493,694419.2222490533
ensemble,2023,2023-08-08,710098.443,726693.4679052308
ensemble,2023,2023-08-09,730621.532,735526.4090597878
ensemble,2023,2023-08-10,746766.603,733442.9394254792
ensemble,2023,2023-08-11,739105.889,726429.4367715138
ensemble,2023,2023-08-12,680130.564,666779.1302608735
ensemble,2023,2023-08-13,633561.647,609799.6856718743
ensemble,2023,2023-08-14,679049.268,660431.9106439837
ensemble,2023,2023-08-15,632371.277,633642.5244499588
ensemble,2023,2023-08-16,697609.563,687247.362119971
ensemble,2023,2023-08-17,705886.436,682640.6806283662
ensemble,2023,2023-08-18,708620.632,687326.8989703654
ensemble,2023,2023-08-19,669852.416,634941.013716092
ensemble,2023,2023-08-20,650595.656,611405.093424276
ensemble,2023,2023-08-21,769909.688,722429.9525068281
ensemble,2023,2023-08-22,791908.796,738633.8140330991
ensemble,2023,2023-08-23,805114.493,741424.7090212681
ensemble,2023,2023-08-24,806257.924,737890.7561544405
ensemble,2023,2023-08-25,795777.497,728209.6821296578
ensemble,2023,2023-08-26,704096.731,645936.9320469928
ensemble,2023,2023-08-27,589812.346,566227.8568651726
ensemble,2023,2023-08-28,666251.744,669502.5772513523
ensemble,2023,2023-08-29,684519.165,694520.6722891965
ensemble,2023,2023-08-30,691690.676,687525.3115208565
ensemble,2023,2023-08-31,696633.256,693903.9021471537
ensemble,2023,2023-09-01,707897.142,695778.2046826942
ensemble,2023,2023-09-02,617334.231,606545.6671076071
ensemble,2023,2023-09-03,567635.528,561103.6719303493
ensemble,2023,2023-09-04,680749.198,674550.6037605113
ensemble,2023,2023-09-05,702074.366,696970.8407303632
ensemble,2023,2023-09-06,713455.091,703508.0112109451
ensemble,2023,2023-09-07,718709.335,698227.0436695431
ensemble,2023,2023-09-08,696807.158,697473.3218392633
ensemble,2023,2023-09-09,623814.065,629020.2730629857
ensemble,2023,2023-09-10,582350.336,581279.6040291624
ensemble,2023,2023-09-11,670861.718,688752.0948769605
ensemble,2023,2023-09-12,705037.939,698186.9533523474
ensemble,2023,2023-09-13,705471.848,692329.9990361845
ensemble,2023,2023-09-14,712650.088,693242.364169102
ensemble,2023,2023-09-15,704741.902,683294.1542804645
ensemble,2023,2023-09-16,610152.639,601010.8728483102
ensemble,2023,2023-09-17,573642.626,551033.5030083713
ensemble,2023,2023-09-18,665858.082,655382.0381486345
ensemble,2023,2023-09-19,683286.703,677297.5302153236
ensemble,2023,2023-09-20,680363.13,677349.2221670981
ensemble,2023,2023-09-21,682301.958,670811.664926556
ensemble,2023,2023-09-22,657786.885,662927.9432527372
ensemble,2023,2023-09-23,577386.642,586816.6554991341
ensemble,2023,2023-09-24,541155.475,541081.364918785
ensemble,2023,2023-09-25,644344.176,639655.4972017697
ensemble,2023,2023-09-26,673007.777,658190.8997229888
ensemble,2023,2023-09-27,684381.179,659625.7701418089
ensemble,2023,2023-09-28,688482.194,658097.6832616531
ensemble,2023,2023-09-29,682620.495,655119.442424121
ensemble,2023,2023-09-30,608394.984,584484.9508629863
ensemble,2023,2023-10-01,568592.41,544281.6539003383
ensemble,2023,2023-10-02,677907.782,645880.1990652368
ensemble,2023,2023-10-03,694129.802,661084.6689388313
ensemble,2023,2023-10-04,697359.162,664630.4041799415
ensemble,2023,2023-10-05,698683.251,666389.168731973
ensemble,2023,2023-10-06,699421.954,662900.2138766726
ensemble,2023,2023-10-07,618380.502,592335.4381350878
ensemble,2023,2023-10-08,572203.065,534641.6174772955
ensemble,2023,2023-10-09,661444.716,637470.5043026962
ensemble,2023,2023-10-10,682328.873,655001.895330224
ensemble,2023,2023-10-11,676631.446,621136.1953747679
ensemble,2023,2023-10-12,575504.945,590279.7751675682
ensemble,2023,2023-10-13,615394.793,647502.9707925472
ensemble,2023,2023-10-14,578579.097,572845.0561281187
ensemble,2023,2023-10-15,541876.33,528820.9692060626
ensemble,2023,2023-10-16,656582.378,634846.1057245397
ensemble,2023,2023-10-17,685735.457,647011.892337538
ensemble,2023,2023-10-18,691544.263,651033.7339773056
ensemble,2023,2023-10-19,695588.62,648830.1595987548
ensemble,2023,2023-10-20,670024.187,650103.3639632423
ensemble,2023,2023-10-21,578655.968,579460.2116230098
ensemble,2023,2023-10-22,547584.426,539577.0592832555
ensemble,2023,2023-10-23,652396.01,636766.6168431338
ensemble,2023,2023-10-24,668310.627,652135.7509155915
ensemble,2023,2023-10-25,680986.583,650863.8700916138
ensemble,2023,2023-10-26,695519.318,649288.4281736354
ensemble,2023,2023-10-27,681696.979,650099.4524732275
ensemble,2023,2023-10-28,600928.081,565826.0630761683
ensemble,2023,2023-10-29,584792.106,536402.3638831158
ensemble,2023,2023-10-30,663807.745,620340.3448127019
ensemble,2023,2023-10-31,677491.268,616845.9755614047
ensemble,2023,2023-11-01,595447.394,580245.5155289323
ensemble,2023,2023-11-02,681524.046,641668.7971849288
ensemble,2023,2023-11-03,688910.052,642850.4059470604
ensemble,2023,2023-11-04,621381.226,566625.6077193257
ensemble,2023,2023-11-05,573801.32,531300.4503024378
ensemble,2023,2023-11-06,677205.414,627732.1351524555
ensemble,2023,2023-11-07,699291.04,679072.8507993012
ensemble,2023,2023-11-08,713708.037,676995.2208668613
ensemble,2023,2023-11-09,703993.269,660548.2348226288
ensemble,2023,2023-11-10,703513.302,653320.235145362
ensemble,2023,2023-11-11,628504.13,580698.4170979016
ensemble,2023,2023-11-12,573478.299,526710.710550707
ensemble,2023,2023-11-13,672700.842,620627.1819116258
ensemble,2023,2023-11-14,682941.124,633649.6913145824
ensemble,2023,2023-11-15,690217.89,645121.490682135
ensemble,2023,2023-11-16,694399.37,643640.419045972
ensemble,2023,2023-11-17,681979.844,646274.3723156917
ensemble,2023,2023-11-18,604200.644,579276.9260037885
ensemble,2023,2023-11-19,560129.864,539145.9171563865
ensemble,2023,2023-11-20,674097.163,650856.6565983549
ensemble,2023,2023-11-21,697706.662,678309.9980569419
ensemble,2023,2023-11-22,709139.885,685467.9855100708
ensemble,2023,2023-11-23,713863.707,691919.4207612886
ensemble,2023,2023-11-24,715114.11,679386.3191703921
ensemble,2023,2023-11-25,635313.081,608310.1242983182
ensemble,2023,2023-11-26,602380.968,577644.3310559096
ensemble,2023,2023-11-27,720961.771,692350.7014144313
ensemble,2023,2023-11-28,737005.018,694878.1403545947
ensemble,2023,2023-11-29,735891.426,688742.072763431
ensemble,2023,2023-11-30,724390.897,686967.5646488079
ensemble,2023,2023-12-01,721843.711,699422.272437557
ensemble,2023,2023-12-02,646520.006,637153.7358493361
ensemble,2023,2023-12-03,624482.267,599314.8284862431
ensemble,2023,2023-12-04,743449.538,699000.7658677292
ensemble,2023,2023-12-05,751522.63,694401.7065788923
ensemble,2023,2023-12-06,674816.633,648649.2402709477
ensemble,2023,2023-12-07,701438.509,675524.5328261735
ensemble,2023,2023-12-08,638304.87,615242.0827649231
ensemble,2023,2023-12-09,633897.78,604326.4624938294
ensemble,2023,2023-12-10,604532.257,569705.7091665493
ensemble,2023,2023-12-11,712662.101,679478.9991841981
ensemble,2023,2023-12-12,734744.889,687547.9325026621
ensemble,2023,2023-12-13,741549.886,685893.8039292678
ensemble,2023,2023-12-14,745172.248,693947.7165442563
ensemble,2023,2023-12-15,739184.562,690059.0296637538
ensemble,2023,2023-12-16,662260.256,627142.5932773055
ensemble,2023,2023-12-17,636365.322,586884.0227793362
ensemble,2023,2023-12-18,758212.531,701484.6781570589
ensemble,2023,2023-12-19,774315.347,716339.9883214715
ensemble,2023,2023-12-20,781442.119,712759.8690807136
ensemble,2023,2023-12-21,758822.16,707754.754852706
ensemble,2023,2023-12-22,721413.251,688231.0150950208
ensemble,2023,2023-12-23,640883.947,604153.4348951528
ensemble,2023,2023-12-24,596118.636,547513.0163506335
ensemble,2023,2023-12-25,553617.338,529911.6862552062
ensemble,2023,2023-12-26,654679.567,649977.6275905209
ensemble,2023,2023-12-27,703161.901,668933.0334091879
ensemble,2023,2023-12-28,710999.762,674471.2491927758
ensemble,2023,2023-12-29,698783.477,670218.0279510772
ensemble,2023,2023-12-30,630400.595,584689.3254012194
ensemble,2023,2023-12-31,606791.929,537392.1299283874
naive_semanal,2024,2024-01-01,555244.867,621645.824
naive_semanal,2024,2024-01-02,703015.288,677052.137
naive_semanal,2024,2024-01-03,721647.165,689160.95
naive_semanal,2024,2024-01-04,726021.564,671291.045
naive_semanal,2024,2024-01-05,697927.044,580299.936
naive_semanal,2024,2024-01-06,614433.071,626064.221
naive_semanal,2024,2024-01-07,637873.153,614482.321
naive_semanal,2024,2024-01-08,784344.305,702001.315
naive_semanal,2024,2024-01-09,811334.555,731661.44
naive_semanal,2024,2024-01-10,818554.39,738957.782
naive_semanal,2024,2024-01-11,808748.333,743091.787
naive_semanal,2024,2024-01-12,805039.453,737961.141
naive_semanal,2024,2024-01-13,717299.596,663062.596
naive_semanal,2024,2024-01-14,660467.647,615888.197
naive_semanal,2024,2024-01-15,770268.23,755509.285
naive_semanal,2024,2024-01-16,770386.472,758739.977
naive_semanal,2024,2024-01-17,759854.347,780321.606
naive_semanal,2024,2024-01-18,742783.492,790062.795
naive_semanal,2024,2024-01-19,776526.605,757426.586
naive_semanal,2024,2024-01-20,683033.933,676924.309
naive_semanal,2024,2024-01-21,640605.651,649293.321
naive_semanal,2024,2024-01-22,756819.433,787526.211
naive_semanal,2024,2024-01-23,753138.609,825630.213
naive_semanal,2024,2024-01-24,740425.099,816153.242
naive_semanal,2024,2024-01-25,731835.908,817260.311
naive_semanal,2024,2024-01-26,723523.058,806430.869
naive_semanal,2024,2024-01-27,637219.431,718692.953
naive_semanal,2024,2024-01-28,600542.109,675983.757
naive_semanal,2024,2024-01-29,722022.961,795325.338
naive_semanal,2024,2024-01-30,739056.741,803698.92
naive_semanal,2024,2024-01-31,743579.224,801662.332
naive_semanal,2024,2024-02-01,742360.015,790975.567
naive_semanal,2024,2024-02-02,732137.756,775632.369
naive_semanal,2024,2024-02-03,645683.778,684167.496
naive_semanal,2024,2024-02-04,603124.588,638690.856
naive_semanal,2024,2024-02-05,723751.094,775399.85
naive_semanal,2024,2024-02-06,737643.259,808031.458
naive_semanal,2024,2024-02-07,749239.087,805426.932
naive_semanal,2024,2024-02-08,753771.808,795325.55
naive_semanal,2024,2024-02-09,755078.183,791833.872
naive_semanal,2024,2024-02-10,663286.901,696716.754
naive_semanal,2024,2024-02-11,637388.013,648805.368
naive_semanal,2024,2024-02-12,714805.293,763941.892
naive_semanal,2024,2024-02-13,711774.274,776349.758
naive_semanal,2024,2024-02-14,720159.286,765234.644
naive_semanal,2024,2024-02-15,729110.689,756184.773
naive_semanal,2024,2024-02-16,717799.65,745841.242
naive_semanal,2024,2024-02-17,624221.905,656958.729
naive_semanal,2024,2024-02-18,584974.522,604243.142
naive_semanal,2024,2024-02-19,689633.162,703843.757
naive_semanal,2024,2024-02-20,701883.264,718542.25
naive_semanal,2024,2024-02-21,717459.193,723179.886
naive_semanal,2024,2024-02-22,727081.55,744746.598
naive_semanal,2024,2024-02-23,724628.099,741153.705
naive_semanal,2024,2024-02-24,657800.038,670495.14
naive_semanal,2024,2024-02-25,626143.633,633054.625
naive_semanal,2024,2024-02-26,730573.86,769247.838
naive_semanal,2024,2024-02-27,746142.904,774548.797
naive_semanal,2024,2024-02-28,732016.128,790626.199
naive_semanal,2024,2024-02-29,735852.499,796204.01
naive_semanal,2024,2024-03-01,729467.223,772937.401
naive_semanal,2024,2024-03-02,666467.109,674017.739
naive_semanal,2024,2024-03-03,621709.846,635805.655
naive_semanal,2024,2024-03-04,737435.932,739440.9
naive_semanal,2024,2024-03-05,723424.215,736668.395
naive_semanal,2024,2024-03-06,729789.252,726365.685
naive_semanal,2024,2024-03-07,746093.475,716452.857
naive_semanal,2024,2024-03-08,749031.934,689273.37
naive_semanal,2024,2024-03-09,692419.871,608584.638
naive_semanal,2024,2024-03-10,627303.729,557439.954
naive_semanal,2024,2024-03-11,717439.261,658906.077
naive_semanal,2024,2024-03-12,716317.541,669720.805
naive_semanal,2024,2024-03-13,716865.216,669686.9
naive_semanal,2024,2024-03-14,717487.516,671404.492
naive_semanal,2024,2024-03-15,698375.264,669898.72
naive_semanal,2024,2024-03-16,619190.554,603233.37
naive_semanal,2024,2024-03-17,571959.711,551700.834
naive_semanal,2024,2024-03-18,656466.182,641384.343
naive_semanal,2024,2024-03-19,650942.94,667437.684
naive_semanal,2024,2024-03-20,677715.876,665415.519
naive_semanal,2024,2024-03-21,684131.084,664773.196
naive_semanal,2024,2024-03-22,675156.316,664920.294
naive_semanal,2024,2024-03-23,603767.889,595900.869
naive_semanal,2024,2024-03-24,563702.618,525933.283
naive_semanal,2024,2024-03-25,685192.419,642067.363
naive_semanal,2024,2024-03-26,699802.428,655229.932
naive_semanal,2024,2024-03-27,695408.52,657287.875
naive_semanal,2024,2024-03-28,617996.902,660755.927
naive_semanal,2024,2024-03-29,573029.121,660236.946
naive_semanal,2024,2024-03-30,588708.264,592046.555
naive_semanal,2024,2024-03-31,561847.85,548874.924
naive_semanal,2024,2024-04-01,623303.276,639072.811
naive_semanal,2024,2024-04-02,694646.131,652016.035
naive_semanal,2024,2024-04-03,688565.412,639631.827
naive_semanal,2024,2024-04-04,677501.897,564889.452
naive_semanal,2024,2024-04-05,671728.963,518549.539
naive_semanal,2024,2024-04-06,604539.804,531339.729
naive_semanal,2024,2024-04-07,561830.999,508947.86
naive_semanal,2024,2024-04-08,657510.236,562915.862
naive_semanal,2024,2024-04-09,668332.691,631802.137
naive_semanal,2024,2024-04-10,668277.546,660115.2
naive_semanal,2024,2024-04-11,666051.0,658532.314
naive_semanal,2024,2024-04-12,664534.289,664022.635
naive_semanal,2024,2024-04-13,585627.137,592441.566
naive_semanal,2024,2024-04-14,543795.772,547231.264
naive_semanal,2024,2024-04-15,648467.3,634831.145
naive_semanal,2024,2024-04-16,666104.149,654865.618
naive_semanal,2024,2024-04-17,661868.183,654950.573
naive_semanal,2024,2024-04-18,666332.603,656653.518
naive_semanal,2024,2024-04-19,663124.782,650980.32
naive_semanal,2024,2024-04-20,589557.074,590495.8
naive_semanal,2024,2024-04-21,546008.854,544376.883
naive_semanal,2024,2024-04-22,651354.591,633779.346
naive_semanal,2024,2024-04-23,667541.496,659059.16
naive_semanal,2024,2024-04-24,675674.227,661852.956
naive_semanal,2024,2024-04-25,691514.386,666829.312
naive_semanal,2024,2024-04-26,675506.739,661354.264
naive_semanal,2024,2024-04-27,611988.992,592081.712
naive_semanal,2024,2024-04-28,568776.214,542193.983
naive_semanal,2024,2024-04-29,672239.614,523889.313
naive_semanal,2024,2024-04-30,665002.708,622434.735
naive_semanal,2024,2024-05-01,568495.068,660714.847
naive_semanal,2024,2024-05-02,635501.984,665290.908
naive_semanal,2024,2024-05-03,652238.521,659616.923
naive_semanal,2024,2024-05-04,593627.948,590485.791
naive_semanal,2024,2024-05-05,555852.311,548502.085
naive_semanal,2024,2024-05-06,648228.123,642369.829
naive_semanal,2024,2024-05-07,652583.945,668097.149
naive_semanal,2024,2024-05-08,658873.053,663531.114
naive_semanal,2024,2024-05-09,655891.305,657135.64
naive_semanal,2024,2024-05-10,645699.657,656184.255
naive_semanal,2024,2024-05-11,580019.888,585306.083
naive_semanal,2024,2024-05-12,541009.031,542358.512
naive_semanal,2024,2024-05-13,646028.397,631619.964
naive_semanal,2024,2024-05-14,665540.527,651749.949
naive_semanal,2024,2024-05-15,655349.807,643132.606
naive_semanal,2024,2024-05-16,661439.853,651137.81
naive_semanal,2024,2024-05-17,652048.475,646534.241
naive_semanal,2024,2024-05-18,584137.337,576238.824
naive_semanal,2024,2024-05-19,545024.052,535466.982
naive_semanal,2024,2024-05-20,632021.971,639422.481
naive_semanal,2024,2024-05-21,656109.774,654198.935
naive_semanal,2024,2024-05-22,659114.186,650279.581
naive_semanal,2024,2024-05-23,657885.535,651724.712
naive_semanal,2024,2024-05-24,652663.71,638249.622
naive_semanal,2024,2024-05-25,584566.506,566548.508
naive_semanal,2024,2024-05-26,543898.242,521285.615
naive_semanal,2024,2024-05-27,656440.291,621366.375
naive_semanal,2024,2024-05-28,665817.233,638434.329
naive_semanal,2024,2024-05-29,678938.262,640059.655
naive_semanal,2024,2024-05-30,684233.4,649942.676
naive_semanal,2024,2024-05-31,672026.119,642678.488
naive_semanal,2024,2024-06-01,605685.889,571764.741
naive_semanal,2024,2024-06-02,560792.014,529995.247
naive_semanal,2024,2024-06-03,664249.663,632165.698
naive_semanal,2024,2024-06-04,676223.208,660649.668
naive_semanal,2024,2024-06-05,690706.326,675239.156
naive_semanal,2024,2024-06-06,709405.629,666873.185
naive_semanal,2024,2024-06-07,709081.52,657431.943
naive_semanal,2024,2024-06-08,625017.26,585434.217
naive_semanal,2024,2024-06-09,564689.066,546386.353
naive_semanal,2024,2024-06-10,667360.68,654286.647
naive_semanal,2024,2024-06-11,675023.098,671548.429
naive_semanal,2024,2024-06-12,669532.698,675031.725
naive_semanal,2024,2024-06-13,656769.75,685681.558
naive_semanal,2024,2024-06-14,674206.766,695921.152
naive_semanal,2024,2024-06-15,601068.708,627665.321
naive_semanal,2024,2024-06-16,561514.511,577954.372
naive_semanal,2024,2024-06-17,681820.916,684896.351
naive_semanal,2024,2024-06-18,699419.396,704703.371
naive_semanal,2024,2024-06-19,690884.271,714975.961
naive_semanal,2024,2024-06-20,684434.641,709422.083
naive_semanal,2024,2024-06-21,669689.165,705413.541
naive_semanal,2024,2024-06-22,608838.516,628176.282
naive_semanal,2024,2024-06-23,569494.463,616012.038
naive_semanal,2024,2024-06-24,649416.806,753018.153
naive_semanal,2024,2024-06-25,712922.105,772286.006
naive_semanal,2024,2024-06-26,717892.384,777596.436
naive_semanal,2024,2024-06-27,721054.708,771072.346
naive_semanal,2024,2024-06-28,715511.219,729157.132
naive_semanal,2024,2024-06-29,630142.827,646254.981
naive_semanal,2024,2024-06-30,584627.364,615130.595
naive_semanal,2024,2024-07-01,681409.249,741756.166
naive_semanal,2024,2024-07-02,703491.606,754074.66
naive_semanal,2024,2024-07-03,721171.089,756329.156
naive_semanal,2024,2024-07-04,741981.107,760166.347
naive_semanal,2024,2024-07-05,744021.161,752018.825
naive_semanal,2024,2024-07-06,655275.862,665130.797
naive_semanal,2024,2024-07-07,592880.387,628912.612
naive_semanal,2024,2024-07-08,704684.064,778800.77
naive_semanal,2024,2024-07-09,735322.24,820243.486
naive_semanal,2024,2024-07-10,756032.335,813329.123
naive_semanal,2024,2024-07-11,784406.465,799787.648
naive_semanal,2024,2024-07-12,774064.671,800527.393
naive_semanal,2024,2024-07-13,669619.273,698753.666
naive_semanal,2024,2024-07-14,619815.61,639880.119
naive_semanal,2024,2024-07-15,746760.75,781395.496
naive_semanal,2024,2024-07-16,761435.351,824598.568
naive_semanal,2024,2024-07-17,769574.128,837501.706
naive_semanal,2024,2024-07-18,788334.388,818438.549
naive_semanal,2024,2024-07-19,798658.134,780090.042
naive_semanal,2024,2024-07-20,713125.299,681943.561
naive_semanal,2024,2024-07-21,642305.943,646041.839
naive_semanal,2024,2024-07-22,742688.427,752105.434
naive_semanal,2024,2024-07-23,783735.147,721372.938
naive_semanal,2024,2024-07-24,806576.408,733046.018
naive_semanal,2024,2024-07-25,773955.13,748428.535
naive_semanal,2024,2024-07-26,773590.842,740713.259
naive_semanal,2024,2024-07-27,703718.397,680851.05
naive_semanal,2024,2024-07-28,669515.361,645350.877
naive_semanal,2024,2024-07-29,795661.898,736624.838
naive_semanal,2024,2024-07-30,814439.123,754106.067
naive_semanal,2024,2024-07-31,808446.346,767572.867
naive_semanal,2024,2024-08-01,822334.593,743787.712
naive_semanal,2024,2024-08-02,796742.399,689678.817
naive_semanal,2024,2024-08-03,700122.36,616704.903
naive_semanal,2024,2024-08-04,664411.431,594272.852
naive_semanal,2024,2024-08-05,759002.69,677200.493
naive_semanal,2024,2024-08-06,771423.581,710098.443
naive_semanal,2024,2024-08-07,772073.249,730621.532
naive_semanal,2024,2024-08-08,772401.538,746766.603
naive_semanal,2024,2024-08-09,772935.824,739105.889
naive_semanal,2024,2024-08-10,713464.803,680130.564
naive_semanal,2024,2024-08-11,671701.722,633561.647
naive_semanal,2024,2024-08-12,750014.535,679049.268
naive_semanal,2024,2024-08-13,737828.997,632371.277
naive_semanal,2024,2024-08-14,702725.921,697609.563
naive_semanal,2024,2024-08-15,617541.371,705886.436
naive_semanal,2024,2024-08-16,655090.386,708620.632
naive_semanal,2024,2024-08-17,647929.123,669852.416
naive_semanal,2024,2024-08-18,628945.697,650595.656
naive_semanal,2024,2024-08-19,712297.821,769909.688
naive_semanal,2024,2024-08-20,732700.795,791908.796
naive_semanal,2024,2024-08-21,742774.409,805114.493
naive_semanal,2024,2024-08-22,749146.713,806257.924
naive_semanal,2024,2024-08-23,743446.72,795777.497
naive_semanal,2024,2024-08-24,688878.926,704096.731
naive_semanal,2024,2024-08-25,647915.767,589812.346
naive_semanal,2024,2024-08-26,738601.944,666251.744
naive_semanal,2024,2024-08-27,765981.401,684519.165
naive_semanal,2024,2024-08-28,777702.507,691690.676
naive_semanal,2024,2024-08-29,767391.885,696633.256
naive_semanal,2024,2024-08-30,754877.136,707897.142
naive_semanal,2024,2024-08-31,679489.19,617334.231
naive_semanal,2024,2024-09-01,635520.797,567635.528
naive_semanal,2024,2024-09-02,747148.328,680749.198
naive_semanal,2024,2024-09-03,749492.829,702074.366
naive_semanal,2024,2024-09-04,724877.568,713455.091
naive_semanal,2024,2024-09-05,711286.885,718709.335
naive_semanal,2024,2024-09-06,713336.528,696807.158
naive_semanal,2024,2024-09-07,627865.294,623814.065
naive_semanal,2024,2024-09-08,586439.281,582350.336
naive_semanal,2024,2024-09-09,678959.577,670861.718
naive_semanal,2024,2024-09-10,702676.435,705037.939
naive_semanal,2024,2024-09-11,690262.905,705471.848
naive_semanal,2024,2024-09-12,712003.62,712650.088
naive_semanal,2024,2024-09-13,684372.294,704741.902
naive_semanal,2024,2024-09-14,603145.351,610152.639
naive_semanal,2024,2024-09-15,565914.59,573642.626
naive_semanal,2024,2024-09-16,677158.157,665858.082
naive_semanal,2024,2024-09-17,693667.015,683286.703
naive_semanal,2024,2024-09-18,697682.109,680363.13
naive_semanal,2024,2024-09-19,695367.747,682301.958
naive_semanal,2024,2024-09-20,686311.435,657786.885
naive_semanal,2024,2024-09-21,612520.092,577386.642
naive_semanal,2024,2024-09-22,563714.064,541155.475
naive_semanal,2024,2024-09-23,658402.489,644344.176
naive_semanal,2024,2024-09-24,666549.893,673007.777
naive_semanal,2024,2024-09-25,690170.306,684381.179
naive_semanal,2024,2024-09-26,709563.671,688482.194
naive_semanal,2024,2024-09-27,681451.804,682620.495
naive_semanal,2024,2024-09-28,586411.756,608394.984
naive_semanal,2024,2024-09-29,547130.07,568592.41
naive_semanal,2024,2024-09-30,651718.723,677907.782
naive_semanal,2024,2024-10-01,684612.618,694129.802
naive_semanal,2024,2024-10-02,704137.965,697359.162
naive_semanal,2024,2024-10-03,693438.927,698683.251
naive_semanal,2024,2024-10-04,675767.86,699421.954
naive_semanal,2024,2024-10-05,606869.229,618380.502
naive_semanal,2024,2024-10-06,577173.06,572203.065
naive_semanal,2024,2024-10-07,690070.631,661444.716
naive_semanal,2024,2024-10-08,690974.941,682328.873
naive_semanal,2024,2024-10-09,688394.281,676631.446
naive_semanal,2024,2024-10-10,674602.585,575504.945
naive_semanal,2024,2024-10-11,664565.584,615394.793
naive_semanal,2024,2024-10-12,589272.325,578579.097
naive_semanal,2024,2024-10-13,549390.403,541876.33
naive_semanal,2024,2024-10-14,668027.312,656582.378
naive_semanal,2024,2024-10-15,693335.616,685735.457
naive_semanal,2024,2024-10-16,696267.98,691544.263
naive_semanal,2024,2024-10-17,689262.671,695588.62
naive_semanal,2024,2024-10-18,672083.364,670024.187
naive_semanal,2024,2024-10-19,592622.751,578655.968
naive_semanal,2024,2024-10-20,556263.258,547584.426
naive_semanal,2024,2024-10-21,652929.134,652396.01
naive_semanal,2024,2024-10-22,677075.735,668310.627
naive_semanal,2024,2024-10-23,675029.303,680986.583
naive_semanal,2024,2024-10-24,675732.064,695519.318
naive_semanal,2024,2024-10-25,680753.442,681696.979
naive_semanal,2024,2024-10-26,600259.491,600928.081
naive_semanal,2024,2024-10-27,592818.011,584792.106
naive_semanal,2024,2024-10-28,674874.49,663807.745
naive_semanal,2024,2024-10-29,700574.099,677491.268
naive_semanal,2024,2024-10-30,687653.302,595447.394
naive_semanal,2024,2024-10-31,666086.577,681524.046
naive_semanal,2024,2024-11-01,576955.641,688910.052
naive_semanal,2024,2024-11-02,573530.388,621381.226
naive_semanal,2024,2024-11-03,554206.328,573801.32
naive_semanal,2024,2024-11-04,651653.41,677205.414
naive_semanal,2024,2024-11-05,671008.768,699291.04
naive_semanal,2024,2024-11-06,674763.53,713708.037
naive_semanal,2024,2024-11-07,675631.479,703993.269
naive_semanal,2024,2024-11-08,682336.02,703513.302
naive_semanal,2024,2024-11-09,603689.931,628504.13
naive_semanal,2024,2024-11-10,564790.043,573478.299
naive_semanal,2024,2024-11-11,667031.681,672700.842
naive_semanal,2024,2024-11-12,698667.79,682941.124
naive_semanal,2024,2024-11-13,729582.134,690217.89
naive_semanal,2024,2024-11-14,713120.292,694399.37
naive_semanal,2024,2024-11-15,704955.638,681979.844
naive_semanal,2024,2024-11-16,622878.804,604200.644
naive_semanal,2024,2024-11-17,578882.985,560129.864
naive_semanal,2024,2024-11-18,682827.51,674097.163
naive_semanal,2024,2024-11-19,698671.221,697706.662
naive_semanal,2024,2024-11-20,707107.296,709139.885
naive_semanal,2024,2024-11-21,723249.489,713863.707
naive_semanal,2024,2024-11-22,708584.877,715114.11
naive_semanal,2024,2024-11-23,627903.578,635313.081
naive_semanal,2024,2024-11-24,588974.226,602380.968
naive_semanal,2024,2024-11-25,698078.343,720961.771
naive_semanal,2024,2024-11-26,720149.567,737005.018
naive_semanal,2024,2024-11-27,724324.978,735891.426
naive_semanal,2024,2024-11-28,730708.457,724390.897
naive_semanal,2024,2024-11-29,718561.576,721843.711
naive_semanal,2024,2024-11-30,635729.236,646520.006
naive_semanal,2024,2024-12-01,603031.577,624482.267
naive_semanal,2024,2024-12-02,706645.856,743449.538
naive_semanal,2024,2024-12-03,723815.781,751522.63
naive_semanal,2024,2024-12-04,733823.736,674816.633
naive_semanal,2024,2024-12-05,728678.452,701438.509
naive_semanal,2024,2024-12-06,634732.969,638304.87
naive_semanal,2024,2024-12-07,626204.107,633897.78
naive_semanal,2024,2024-12-08,618579.423,604532.257
naive_semanal,2024,2024-12-09,727630.736,712662.101
naive_semanal,2024,2024-12-10,781334.031,734744.889
naive_semanal,2024,2024-12-11,809721.081,741549.886
naive_semanal,2024,2024-12-12,805169.012,745172.248
naive_semanal,2024,2024-12-13,785137.193,739184.562
naive_semanal,2024,2024-12-14,704828.445,662260.256
naive_semanal,2024,2024-12-15,672362.256,636365.322
naive_semanal,2024,2024-12-16,782975.415,758212.531
naive_semanal,2024,2024-12-17,796202.148,774315.347
naive_semanal,2024,2024-12-18,781895.5,781442.119
naive_semanal,2024,2024-12-19,769610.762,758822.16
naive_semanal,2024,2024-12-20,744247.659,721413.251
naive_semanal,2024,2024-12-21,674505.332,640883.947
naive_semanal,2024,2024-12-22,642593.443,596118.636
naive_semanal,2024,2024-12-23,690633.09,553617.338
naive_semanal,2024,2024-12-24,642852.982,654679.567
naive_semanal,2024,2024-12-25,547482.617,703161.901
naive_semanal,2024,2024-12-26,643051.101,710999.762
naive_semanal,2024,2024-12-27,676247.896,698783.477
naive_semanal,2024,2024-12-28,642095.784,630400.595
naive_semanal,2024,2024-12-29,619712.688,606791.929
naive_semanal,2024,2024-12-30,691924.592,555244.867
naive_semanal,2024,2024-12-31,666906.666,703015.288
naive_trend,2024,2024-01-01,555244.867,648495.9843288478
naive_trend,2024,2024-01-02,703015.288,706295.4098212762
naive_trend,2024,2024-01-03,721647.165,718927.2273326714
naive_trend,2024,2024-01-04,726021.564,700285.4844214572
naive_trend,2024,2024-01-05,697927.044,605364.282479741
naive_trend,2024,2024-01-06,614433.071,653105.2209730091
naive_trend,2024,2024-01-07,637873.153,641023.0749166426
naive_trend,2024,2024-01-08,784344.305,732322.1940779425
naive_trend,2024,2024-01-09,811334.555,763263.4008143231
naive_trend,2024,2024-01-10,818554.39,770874.8868158602
naive_trend,2024,2024-01-11,808748.333,775187.4479852495
naive_trend,2024,2024-01-12,805039.453,769835.1988434409
naive_trend,2024,2024-01-13,717299.596,691701.631803548
naive_trend,2024,2024-01-14,660467.647,642489.6735894977
naive_trend,2024,2024-01-15,770268.23,788141.2832359974
naive_trend,2024,2024-01-16,770386.472,791511.5154610325
naive_trend,2024,2024-01-17,759854.347,814025.299357657
naive_trend,2024,2024-01-18,742783.492,824187.2303241367
naive_trend,2024,2024-01-19,776526.605,790141.3964053408
naive_trend,2024,2024-01-20,683033.933,706162.0606673297
naive_trend,2024,2024-01-21,640605.651,677337.6335269029
naive_trend,2024,2024-01-22,756819.433,821541.0860496875
naive_trend,2024,2024-01-23,753138.609,861290.8781819007
naive_trend,2024,2024-01-24,740425.099,851404.577333685
naive_trend,2024,2024-01-25,731835.908,852559.4629183019
naive_trend,2024,2024-01-26,723523.058,841262.2750689033
naive_trend,2024,2024-01-27,637219.431,749734.7782166415
naive_trend,2024,2024-01-28,600542.109,705180.8842940569
naive_trend,2024,2024-01-29,722022.961,829677.0733683616
naive_trend,2024,2024-01-30,739056.741,838412.327578721
naive_trend,2024,2024-01-31,743579.224,836287.7751587689
naive_trend,2024,2024-02-01,742360.015,825139.4268221345
naive_trend,2024,2024-02-02,732137.756,809133.5245774466
naive_trend,2024,2024-02-03,645683.778,713718.0957952081
naive_trend,2024,2024-02-04,603124.588,666277.2262804655
naive_trend,2024,2024-02-05,723751.094,808890.9626041193
naive_trend,2024,2024-02-06,737643.259,842931.9967962722
naive_trend,2024,2024-02-07,749239.087,840214.9759672543
naive_trend,2024,2024-02-08,753771.808,829677.2945250772
naive_trend,2024,2024-02-09,755078.183,826034.8037784982
naive_trend,2024,2024-02-10,663286.901,726809.382031061
naive_trend,2024,2024-02-11,637388.013,676828.6048343185
naive_trend,2024,2024-02-12,714805.293,796938.1118573755
naive_trend,2024,2024-02-13,711774.274,809881.8990822543
naive_trend,2024,2024-02-14,720159.286,798286.7004722538
naive_trend,2024,2024-02-15,729110.689,788845.9469505282
naive_trend,2024,2024-02-16,717799.65,778055.6575955384
naive_trend,2024,2024-02-17,624221.905,685334.1262472372
naive_trend,2024,2024-02-18,584974.522,630341.6447389274
naive_trend,2024,2024-02-19,689633.162,734244.2149332758
naive_trend,2024,2024-02-20,701883.264,749577.5660444476
naive_trend,2024,2024-02-21,717459.193,754415.5110714522
naive_trend,2024,2024-02-22,727081.55,776913.7336721991
naive_trend,2024,2024-02-23,724628.099,773165.6562418209
naive_trend,2024,2024-02-24,657800.038,699455.202649296
naive_trend,2024,2024-02-25,626143.633,660397.5548837672
naive_trend,2024,2024-02-26,730573.86,802473.2325663432
naive_trend,2024,2024-02-27,746142.904,808003.150876535
naive_trend,2024,2024-02-28,732016.128,824774.9689004273
naive_trend,2024,2024-02-29,735852.499,830593.6970173
naive_trend,2024,2024-03-01,729467.223,806322.1553726328
naive_trend,2024,2024-03-02,666467.109,703129.949937393
naive_trend,2024,2024-03-03,621709.846,663267.407521542
naive_trend,2024,2024-03-04,737435.932,771378.8716748608
naive_trend,2024,2024-03-05,723424.215,768486.6164877148
naive_trend,2024,2024-03-06,729789.252,757738.9112755832
naive_trend,2024,2024-03-07,746093.475,747397.927868056
naive_trend,2024,2024-03-08,749031.934,719044.5029834418
naive_trend,2024,2024-03-09,692419.871,634870.6588709032
naive_trend,2024,2024-03-10,627303.729,581516.9308906315
naive_trend,2024,2024-03-11,717439.261,687365.5842082431
naive_trend,2024,2024-03-12,716317.541,698647.4225297512
naive_trend,2024,2024-03-13,716865.216,698612.0531031423
naive_trend,2024,2024-03-14,717487.516,700403.8314304674
naive_trend,2024,2024-03-15,698375.264,698833.0220441329
naive_trend,2024,2024-03-16,619190.554,629288.25861164
naive_trend,2024,2024-03-17,571959.711,575529.9265066346
naive_trend,2024,2024-03-18,656466.182,669087.0505178466
naive_trend,2024,2024-03-19,650942.94,696265.6888430195
naive_trend,2024,2024-03-20,677715.876,694156.1823820699
naive_trend,2024,2024-03-21,684131.084,693486.1161320277
naive_trend,2024,2024-03-22,675156.316,693639.567596865
naive_trend,2024,2024-03-23,603767.889,621639.0518286033
naive_trend,2024,2024-03-24,563702.618,548649.4220387259
naive_trend,2024,2024-03-25,685192.419,669799.5715549319
naive_trend,2024,2024-03-26,699802.428,683530.6589529411
naive_trend,2024,2024-03-27,695408.52,685677.4887392176
naive_trend,2024,2024-03-28,617996.902,689295.3330303162
naive_trend,2024,2024-03-29,573029.121,688753.9361746638
naive_trend,2024,2024-03-30,588708.264,617618.2620881378
naive_trend,2024,2024-03-31,561847.85,572581.9596478164
naive_trend,2024,2024-04-01,623303.276,666675.6787016536
naive_trend,2024,2024-04-02,694646.131,680177.9471384618
naive_trend,2024,2024-04-03,688565.412,667258.8397512091
naive_trend,2024,2024-04-04,677501.897,589288.1880144721
naive_trend,2024,2024-04-05,671728.963,540946.7589652388
naive_trend,2024,2024-04-06,604539.804,554289.383549174
naive_trend,2024,2024-04-07,561830.999,530930.3637222867
naive_trend,2024,2024-04-08,657510.236,587229.3546075713
naive_trend,2024,2024-04-09,668332.691,659090.9693537724
naive_trend,2024,2024-04-10,668277.546,688626.931714793
naive_trend,2024,2024-04-11,666051.0,686975.6776163655
naive_trend,2024,2024-04-12,664534.289,692703.1368603873
naive_trend,2024,2024-04-13,585627.137,618030.3344247899
naive_trend,2024,2024-04-14,543795.772,570867.3065954667
naive_trend,2024,2024-04-15,648467.3,662250.8064324816
naive_trend,2024,2024-04-16,666104.149,683150.6094827869
naive_trend,2024,2024-04-17,661868.183,683239.2338637795
naive_trend,2024,2024-04-18,666332.603,685015.7325570819
naive_trend,2024,2024-04-19,663124.782,679097.4974797036
naive_trend,2024,2024-04-20,589557.074,616000.5267936144
naive_trend,2024,2024-04-21,546008.854,567889.6390156641
naive_trend,2024,2024-04-22,651354.591,661153.5780727185
naive_trend,2024,2024-04-23,667541.496,687525.2791775267
naive_trend,2024,2024-04-24,675674.227,690439.7449667057
naive_trend,2024,2024-04-25,691514.386,695631.0400064207
naive_trend,2024,2024-04-26,675506.739,689919.5134346477
naive_trend,2024,2024-04-27,611988.992,617654.937591199
naive_trend,2024,2024-04-28,568776.214,565612.4550798294
naive_trend,2024,2024-04-29,672239.614,546517.1687750272
naive_trend,2024,2024-04-30,665002.708,649318.9700157795
naive_trend,2024,2024-05-01,568495.068,689252.478700716
naive_trend,2024,2024-05-02,635501.984,694026.1891769628
naive_trend,2024,2024-05-03,652238.521,688107.1331074376
naive_trend,2024,2024-05-04,593627.948,615990.0854843404
naive_trend,2024,2024-05-05,555852.311,572193.0169653972
naive_trend,2024,2024-05-06,648228.123,670115.1016828975
naive_trend,2024,2024-05-07,652583.945,696953.6374912604
naive_trend,2024,2024-05-08,658873.053,692190.3860585523
naive_trend,2024,2024-05-09,655891.305,685518.6783967962
naive_trend,2024,2024-05-10,645699.657,684526.2011239968
naive_trend,2024,2024-05-11,580019.888,610586.6552539526
naive_trend,2024,2024-05-12,541009.031,565784.0904253693
naive_trend,2024,2024-05-13,646028.397,658900.9279276225
naive_trend,2024,2024-05-14,665540.527,679900.36833744
naive_trend,2024,2024-05-15,655349.807,670910.8245886762
naive_trend,2024,2024-05-16,661439.853,679261.7897963717
naive_trend,2024,2024-05-17,652048.475,674459.3831930889
naive_trend,2024,2024-05-18,584137.337,601127.7627087827
naive_trend,2024,2024-05-19,545024.052,558594.9010858109
naive_trend,2024,2024-05-20,632021.971,667040.4516673613
naive_trend,2024,2024-05-21,656109.774,682455.1310742963
naive_trend,2024,2024-05-22,659114.186,678366.492122604
naive_trend,2024,2024-05-23,657885.535,679874.0412995598
naive_trend,2024,2024-05-24,652663.71,665816.9344774768
naive_trend,2024,2024-05-25,584566.506,591018.9020516932
naive_trend,2024,2024-05-26,543898.242,543801.0117090303
naive_trend,2024,2024-05-27,656440.291,648204.4653524014
naive_trend,2024,2024-05-28,665817.233,666009.619352293
naive_trend,2024,2024-05-29,678938.262,667705.1465215147
naive_trend,2024,2024-05-30,684233.4,678015.0355034724
naive_trend,2024,2024-05-31,672026.119,670437.0922992569
naive_trend,2024,2024-06-01,605685.889,596460.4348718729
naive_trend,2024,2024-06-02,560792.014,552886.8306093146
naive_trend,2024,2024-06-03,664249.663,659470.2333003095
naive_trend,2024,2024-06-04,676223.208,689184.4844857937
naive_trend,2024,2024-06-05,690706.326,704404.1224470615
naive_trend,2024,2024-06-06,709405.629,695676.8079714292
naive_trend,2024,2024-06-07,709081.52,685827.7793321298
naive_trend,2024,2024-06-08,625017.26,610720.3236246677
naive_trend,2024,2024-06-09,564689.066,569985.9021534814
naive_trend,2024,2024-06-10,667360.68,682546.6315357833
naive_trend,2024,2024-06-11,675023.098,700553.9853652203
naive_trend,2024,2024-06-12,669532.698,704187.7320759981
naive_trend,2024,2024-06-13,656769.75,715297.5532436746
naive_trend,2024,2024-06-14,674206.766,725979.4163460925
naive_trend,2024,2024-06-15,601068.708,654775.4757715178
naive_trend,2024,2024-06-16,561514.511,602917.4087515483
naive_trend,2024,2024-06-17,681820.916,714478.4315401128
naive_trend,2024,2024-06-18,699419.396,735140.957428039
naive_trend,2024,2024-06-19,690884.271,745857.2416954882
naive_trend,2024,2024-06-20,684434.641,740063.4802940566
naive_trend,2024,2024-06-21,669689.165,735881.8011294049
naive_trend,2024,2024-06-22,608838.516,655308.5062268928
naive_trend,2024,2024-06-23,569494.463,642618.8635367227
naive_trend,2024,2024-06-24,649416.806,785542.5541268109
naive_trend,2024,2024-06-25,712922.105,805642.625284272
naive_trend,2024,2024-06-26,717892.384,811182.4236664121
naive_trend,2024,2024-06-27,721054.708,804376.5448153705
naive_trend,2024,2024-06-28,715511.219,760650.9266066261
naive_trend,2024,2024-06-29,630142.827,674168.0613799407
naive_trend,2024,2024-06-30,584627.364,641699.3492026012
naive_trend,2024,2024-07-01,681409.249,773794.1387701853
naive_trend,2024,2024-07-02,703491.606,786644.6938347667
naive_trend,2024,2024-07-03,721171.089,788996.5661489373
naive_trend,2024,2024-07-04,741981.107,792999.4933118531
naive_trend,2024,2024-07-05,744021.161,784500.063097341
naive_trend,2024,2024-07-06,655275.862,693859.1626539199
naive_trend,2024,2024-07-07,592880.387,656076.6398324051
naive_trend,2024,2024-07-08,704684.064,812438.7753262131
naive_trend,2024,2024-07-09,735322.24,855671.4873755759
naive_trend,2024,2024-07-10,756032.335,848458.4788318365
naive_trend,2024,2024-07-11,784406.465,834332.1197052135
naive_trend,2024,2024-07-12,774064.671,835103.8158115922
naive_trend,2024,2024-07-13,669619.273,728934.2724452388
naive_trend,2024,2024-07-14,619815.61,667517.8559928124
naive_trend,2024,2024-07-15,746760.75,815145.5728730968
naive_trend,2024,2024-07-16,761435.351,860214.6743148046
naive_trend,2024,2024-07-17,769574.128,873675.1253549148
naive_trend,2024,2024-07-18,788334.388,853788.5914382478
naive_trend,2024,2024-07-19,798658.134,813783.7336327417
naive_trend,2024,2024-07-20,713125.299,711398.1044734158
naive_trend,2024,2024-07-21,642305.943,673945.713339054
naive_trend,2024,2024-07-22,742688.427,784590.4129179919
naive_trend,2024,2024-07-23,783735.147,752530.5172749023
naive_trend,2024,2024-07-24,806576.408,764707.7815828009
naive_trend,2024,2024-07-25,773955.13,780754.7010958808
naive_trend,2024,2024-07-26,773590.842,772706.1864741711
naive_trend,2024,2024-07-27,703718.397,710258.4056787287
naive_trend,2024,2024-07-28,669515.361,673224.9072706715
naive_trend,2024,2024-07-29,795661.898,768441.1781713957
naive_trend,2024,2024-07-30,814439.123,786677.4573676233
naive_trend,2024,2024-07-31,808446.346,800725.9161275742
naive_trend,2024,2024-08-01,822334.593,775913.4314157986
naive_trend,2024,2024-08-02,796742.399,719467.462072375
naive_trend,2024,2024-08-03,700122.36,643341.6547995851
naive_trend,2024,2024-08-04,664411.431,619940.7174295627
naive_trend,2024,2024-08-05,759002.69,706450.1736217181
naive_trend,2024,2024-08-06,771423.581,740769.0536720587
naive_trend,2024,2024-08-07,772073.249,762178.5770512805
naive_trend,2024,2024-08-08,772401.538,779020.9868383108
naive_trend,2024,2024-08-09,772935.824,771029.3908614805
naive_trend,2024,2024-08-10,713464.803,709506.8004081283
naive_trend,2024,2024-08-11,671701.722,660926.4762056392
naive_trend,2024,2024-08-12,750014.535,708378.8010123327
naive_trend,2024,2024-08-13,737828.997,659684.6916796878
naive_trend,2024,2024-08-14,702725.921,727740.7532860743
naive_trend,2024,2024-08-15,617541.371,736375.1214360321
naive_trend,2024,2024-08-16,655090.386,739227.412978761
naive_trend,2024,2024-08-17,647929.123,698784.71807924
naive_trend,2024,2024-08-18,628945.697,678696.2190512398
naive_trend,2024,2024-08-19,712297.821,803163.6692276342
naive_trend,2024,2024-08-20,732700.795,826112.9638999919
naive_trend,2024,2024-08-21,742774.409,839889.0420849288
naive_trend,2024,2024-08-22,749146.713,841081.8602190326
naive_trend,2024,2024-08-23,743446.72,830148.762044546
naive_trend,2024,2024-08-24,688878.926,734508.1154000787
naive_trend,2024,2024-08-25,647915.767,615287.5530111772
naive_trend,2024,2024-08-26,738601.944,695028.5256578696
naive_trend,2024,2024-08-27,765981.401,714084.9541018328
naive_trend,2024,2024-08-28,777702.507,721566.2173960105
naive_trend,2024,2024-08-29,767391.885,726722.2775808919
naive_trend,2024,2024-08-30,754877.136,738472.6739592288
naive_trend,2024,2024-08-31,679489.19,643998.1647688786
naive_trend,2024,2024-09-01,635520.797,592152.872678809
naive_trend,2024,2024-09-02,747148.328,710152.1544815906
naive_trend,2024,2024-09-03,749492.829,732398.4003007181
naive_trend,2024,2024-09-04,724877.568,744270.6821955144
naive_trend,2024,2024-09-05,711286.885,749751.8677888787
naive_trend,2024,2024-09-06,713336.528,726903.6907655589
naive_trend,2024,2024-09-07,627865.294,650757.8761123549
naive_trend,2024,2024-09-08,586439.281,607503.2434683504
naive_trend,2024,2024-09-09,678959.577,699837.6139062617
naive_trend,2024,2024-09-10,702676.435,735489.9761073391
naive_trend,2024,2024-09-11,690262.905,735942.6265285284
naive_trend,2024,2024-09-12,712003.62,743430.9094620412
naive_trend,2024,2024-09-13,684372.294,735181.1526610921
naive_trend,2024,2024-09-14,603145.351,636506.3850555989
naive_trend,2024,2024-09-15,565914.59,598419.4295831949
naive_trend,2024,2024-09-16,677158.157,694617.8605872991
naive_trend,2024,2024-09-17,693667.015,712799.259535922
naive_trend,2024,2024-09-18,697682.109,709749.4114114821
naive_trend,2024,2024-09-19,695367.747,711771.9813761833
naive_trend,2024,2024-09-20,686311.435,686198.0520063489
naive_trend,2024,2024-09-21,612520.092,602325.1573264297
naive_trend,2024,2024-09-22,563714.064,564529.0917856632
naive_trend,2024,2024-09-23,658402.489,672174.7247861836
naive_trend,2024,2024-09-24,666549.893,702076.3656036153
naive_trend,2024,2024-09-25,690170.306,713941.0082029963
naive_trend,2024,2024-09-26,709563.671,718219.1544665066
naive_trend,2024,2024-09-27,681451.804,712104.2766436574
naive_trend,2024,2024-09-28,586411.756,634672.8133249934
naive_trend,2024,2024-09-29,547130.07,593151.0843783321
naive_trend,2024,2024-09-30,651718.723,707188.0118867749
naive_trend,2024,2024-10-01,684612.618,724110.6942592093
naive_trend,2024,2024-10-02,704137.965,727479.5369524278
naive_trend,2024,2024-10-03,693438.927,728860.8160767191
naive_trend,2024,2024-10-04,675767.86,729631.4251769768
naive_trend,2024,2024-10-05,606869.229,645089.6263629643
naive_trend,2024,2024-10-06,577173.06,596917.6909859828
naive_trend,2024,2024-10-07,690070.631,690013.8722423642
naive_trend,2024,2024-10-08,690974.941,711800.0588903311
naive_trend,2024,2024-10-09,688394.281,705856.5483126637
naive_trend,2024,2024-10-10,674602.585,600362.1859669959
naive_trend,2024,2024-10-11,664565.584,641974.9584570241
naive_trend,2024,2024-10-12,589272.325,603569.1169078149
naive_trend,2024,2024-10-13,549390.403,565281.0819941317
naive_trend,2024,2024-10-14,668027.312,684941.5198743226
naive_trend,2024,2024-10-15,693335.616,715353.7802522217
naive_trend,2024,2024-10-16,696267.98,721413.4805177307
naive_trend,2024,2024-10-17,689262.671,725632.5216058153
naive_trend,2024,2024-10-18,672083.364,698963.9082216388
naive_trend,2024,2024-10-19,592622.751,603649.3081242387
naive_trend,2024,2024-10-20,556263.258,571235.7223878289
naive_trend,2024,2024-10-21,652929.134,680574.3340393819
naive_trend,2024,2024-10-22,677075.735,697176.3360446775
naive_trend,2024,2024-10-23,675029.303,710399.7926274553
naive_trend,2024,2024-10-24,675732.064,725560.2263100522
naive_trend,2024,2024-10-25,680753.442,711140.8720902257
naive_trend,2024,2024-10-26,600259.491,626883.3994434435
naive_trend,2024,2024-10-27,592818.011,610050.4785313412
naive_trend,2024,2024-10-28,674874.49,692478.9653197892
naive_trend,2024,2024-10-29,700574.099,706753.5077913742
naive_trend,2024,2024-10-30,687653.302,621165.990311675
naive_trend,2024,2024-10-31,666086.577,710960.4697586595
naive_trend,2024,2024-11-01,576955.641,718665.4925325739
naive_trend,2024,2024-11-02,573530.388,648219.9577976032
naive_trend,2024,2024-11-03,554206.328,598584.9779030964
naive_trend,2024,2024-11-04,651653.41,706455.3071698184
naive_trend,2024,2024-11-05,671008.768,729494.8567323501
naive_trend,2024,2024-11-06,674763.53,744534.5534529397
naive_trend,2024,2024-11-07,675631.479,734400.1846637328
naive_trend,2024,2024-11-08,682336.02,733899.486902896
naive_trend,2024,2024-11-09,603689.931,655650.5146555864
naive_trend,2024,2024-11-10,564790.043,598248.00496245
naive_trend,2024,2024-11-11,667031.681,701756.173450358
naive_trend,2024,2024-11-12,698667.79,712438.7542689093
naive_trend,2024,2024-11-13,729582.134,720029.8187427869
naive_trend,2024,2024-11-14,713120.292,724391.905454965
naive_trend,2024,2024-11-15,704955.638,711435.9546107304
naive_trend,2024,2024-11-16,622878.804,630297.3111629939
naive_trend,2024,2024-11-17,578882.985,584323.0236300335
naive_trend,2024,2024-11-18,682827.51,703212.804423132
naive_trend,2024,2024-11-19,698671.221,727842.0461913772
naive_trend,2024,2024-11-20,707107.296,739769.0935826522
naive_trend,2024,2024-11-21,723249.489,744696.9471600684
naive_trend,2024,2024-11-22,708584.877,746001.3576346295
naive_trend,2024,2024-11-23,627903.578,662753.5582384738
naive_trend,2024,2024-11-24,588974.226,628399.0396179741
naive_trend,2024,2024-11-25,698078.343,752101.5911274172
naive_trend,2024,2024-11-26,720149.567,768837.7789266871
naive_trend,2024,2024-11-27,724324.978,767676.0886002983
naive_trend,2024,2024-11-28,730708.457,755678.828124601
naive_trend,2024,2024-11-29,718561.576,753021.6239279899
naive_trend,2024,2024-11-30,635729.236,674444.5333541927
naive_trend,2024,2024-12-01,603031.577,651454.9391295763
naive_trend,2024,2024-12-02,706645.856,775560.6509859497
naive_trend,2024,2024-12-03,723815.781,783982.4364158433
naive_trend,2024,2024-12-04,733823.736,703963.3498106052
naive_trend,2024,2024-12-05,728678.452,731735.0793305004
naive_trend,2024,2024-12-06,634732.969,665874.5687521055
naive_trend,2024,2024-12-07,626204.107,661277.1274805048
naive_trend,2024,2024-12-08,618579.423,630643.2472097729
naive_trend,2024,2024-12-09,727630.736,743443.4413281924
naive_trend,2024,2024-12-10,781334.031,766480.0303116731
naive_trend,2024,2024-12-11,809721.081,773578.9491131769
naive_trend,2024,2024-12-12,805169.012,777357.76837021
naive_trend,2024,2024-12-13,785137.193,771111.4619099867
naive_trend,2024,2024-12-14,704828.445,690864.6370905159
naive_trend,2024,2024-12-15,672362.256,663851.247689125
naive_trend,2024,2024-12-16,782975.415,790961.2879846387
naive_trend,2024,2024-12-17,796202.148,807759.6176914048
naive_trend,2024,2024-12-18,781895.5,815194.209616255
naive_trend,2024,2024-12-19,769610.762,791597.2481136501
naive_trend,2024,2024-12-20,744247.659,752572.5714761966
naive_trend,2024,2024-12-21,674505.332,668565.0413865278
naive_trend,2024,2024-12-22,642593.443,621866.2246327422
naive_trend,2024,2024-12-23,690633.09,577529.2082519104
naive_trend,2024,2024-12-24,642852.982,682956.5225578494
naive_trend,2024,2024-12-25,547482.617,733532.9081717419
naive_trend,2024,2024-12-26,643051.101,741709.3024914562
naive_trend,2024,2024-12-27,676247.896,728965.3710435764
naive_trend,2024,2024-12-28,642095.784,657628.8918752816
naive_trend,2024,2024-12-29,619712.688,633000.519086018
naive_trend,2024,2024-12-30,691924.592,579227.0335732283
naive_trend,2024,2024-12-31,666906.666,733379.962655051
sarimax_d,2024,2024-01-01,555244.867,659096.2033760758
sarimax_d,2024,2024-01-02,703015.288,704205.34933927
sarimax_d,2024,2024-01-03,721647.165,696610.0754373431
sarimax_d,2024,2024-01-04,726021.564,707469.7195544346
sarimax_d,2024,2024-01-05,697927.044,704453.356581878
sarimax_d,2024,2024-01-06,614433.071,642714.1066433995
sarimax_d,2024,2024-01-07,637873.153,622086.1272063048
sarimax_d,2024,2024-01-08,784344.305,683644.2199124567
sarimax_d,2024,2024-01-09,811334.555,723220.5432095882
sarimax_d,2024,2024-01-10,818554.39,733209.4312062573
sarimax_d,2024,2024-01-11,808748.333,739545.6040951808
sarimax_d,2024,2024-01-12,805039.453,728024.7405266406
sarimax_d,2024,2024-01-13,717299.596,654385.5250525471
sarimax_d,2024,2024-01-14,660467.647,603985.6550570538
sarimax_d,2024,2024-01-15,770268.23,639120.5641044519
sarimax_d,2024,2024-01-16,770386.472,678786.6438044317
sarimax_d,2024,2024-01-17,759854.347,694846.3670771151
sarimax_d,2024,2024-01-18,742783.492,693717.226029683
sarimax_d,2024,2024-01-19,776526.605,704748.1040378488
sarimax_d,2024,2024-01-20,683033.933,648636.8695870127
sarimax_d,2024,2024-01-21,640605.651,616952.1523105811
sarimax_d,2024,2024-01-22,756819.433,668626.4460535161
sarimax_d,2024,2024-01-23,753138.609,701232.7600692211
sarimax_d,2024,2024-01-24,740425.099,711069.4992035491
sarimax_d,2024,2024-01-25,731835.908,708272.8799921963
sarimax_d,2024,2024-01-26,723523.058,688391.5163580894
sarimax_d,2024,2024-01-27,637219.431,623222.829319632
sarimax_d,2024,2024-01-28,600542.109,599161.2202553654
sarimax_d,2024,2024-01-29,722022.961,648546.8463519069
sarimax_d,2024,2024-01-30,739056.741,698616.7367649019
sarimax_d,2024,2024-01-31,743579.224,723216.0491647461
sarimax_d,2024,2024-02-01,742360.015,717189.6569602493
sarimax_d,2024,2024-02-02,732137.756,700469.4017025561
sarimax_d,2024,2024-02-03,645683.778,631744.8912484
sarimax_d,2024,2024-02-04,603124.588,601586.0553715841
sarimax_d,2024,2024-02-05,723751.094,658410.3693692076
sarimax_d,2024,2024-02-06,737643.259,697613.5709979254
sarimax_d,2024,2024-02-07,749239.087,709813.7939368292
sarimax_d,2024,2024-02-08,753771.808,702619.1283163447
sarimax_d,2024,2024-02-09,755078.183,686697.076122377
sarimax_d,2024,2024-02-10,663286.901,626777.2707180831
sarimax_d,2024,2024-02-11,637388.013,610237.2436856068
sarimax_d,2024,2024-02-12,714805.293,638859.9956194628
sarimax_d,2024,2024-02-13,711774.274,681581.2513998119
sarimax_d,2024,2024-02-14,720159.286,695831.0185549597
sarimax_d,2024,2024-02-15,729110.689,698124.1711881876
sarimax_d,2024,2024-02-16,717799.65,684519.8132985824
sarimax_d,2024,2024-02-17,624221.905,621829.0212335552
sarimax_d,2024,2024-02-18,584974.522,595635.2010822177
sarimax_d,2024,2024-02-19,689633.162,638687.5845720291
sarimax_d,2024,2024-02-20,701883.264,689536.6826026175
sarimax_d,2024,2024-02-21,717459.193,709775.386270621
sarimax_d,2024,2024-02-22,727081.55,695519.1675769745
sarimax_d,2024,2024-02-23,724628.099,701650.1963177513
sarimax_d,2024,2024-02-24,657800.038,638474.161994316
sarimax_d,2024,2024-02-25,626143.633,592404.4934316154
sarimax_d,2024,2024-02-26,730573.86,645174.5275608366
sarimax_d,2024,2024-02-27,746142.904,705083.6426460244
sarimax_d,2024,2024-02-28,732016.128,718580.0091805287
sarimax_d,2024,2024-02-29,735852.499,717489.2268678474
sarimax_d,2024,2024-03-01,729467.223,699275.0535883311
sarimax_d,2024,2024-03-02,666467.109,629765.3083352032
sarimax_d,2024,2024-03-03,621709.846,610320.2121630581
sarimax_d,2024,2024-03-04,737435.932,650876.1441303834
sarimax_d,2024,2024-03-05,723424.215,699343.7165464145
sarimax_d,2024,2024-03-06,729789.252,721727.7101433402
sarimax_d,2024,2024-03-07,746093.475,716020.7250872888
sarimax_d,2024,2024-03-08,749031.934,702071.591239253
sarimax_d,2024,2024-03-09,692419.871,634477.282871237
sarimax_d,2024,2024-03-10,627303.729,601528.3569404233
sarimax_d,2024,2024-03-11,717439.261,647971.0648446358
sarimax_d,2024,2024-03-12,716317.541,696553.5634872834
sarimax_d,2024,2024-03-13,716865.216,708549.504584677
sarimax_d,2024,2024-03-14,717487.516,702382.8146938554
sarimax_d,2024,2024-03-15,698375.264,677566.7691289661
sarimax_d,2024,2024-03-16,619190.554,602323.4829488663
sarimax_d,2024,2024-03-17,571959.711,565313.8309019507
sarimax_d,2024,2024-03-18,656466.182,618492.4917283293
sarimax_d,2024,2024-03-19,650942.94,660824.2814557874
sarimax_d,2024,2024-03-20,677715.876,682218.6326942734
sarimax_d,2024,2024-03-21,684131.084,677954.6100748077
sarimax_d,2024,2024-03-22,675156.316,652768.2467200764
sarimax_d,2024,2024-03-23,603767.889,588698.3421602371
sarimax_d,2024,2024-03-24,563702.618,566309.8580617118
sarimax_d,2024,2024-03-25,685192.419,634505.5437851513
sarimax_d,2024,2024-03-26,699802.428,699094.7096990166
sarimax_d,2024,2024-03-27,695408.52,710209.549847787
sarimax_d,2024,2024-03-28,617996.902,693067.4068133206
sarimax_d,2024,2024-03-29,573029.121,686205.3893147436
sarimax_d,2024,2024-03-30,588708.264,629529.0709923846
sarimax_d,2024,2024-03-31,561847.85,599893.8508149929
sarimax_d,2024,2024-04-01,623303.276,648686.1612575079
sarimax_d,2024,2024-04-02,694646.131,690883.8704058991
sarimax_d,2024,2024-04-03,688565.412,690206.004353987
sarimax_d,2024,2024-04-04,677501.897,686222.9124725943
sarimax_d,2024,2024-04-05,671728.963,662294.3526489061
sarimax_d,2024,2024-04-06,604539.804,583692.6671943136
sarimax_d,2024,2024-04-07,561830.999,553565.8182256746
sarimax_d,2024,2024-04-08,657510.236,616851.6008260912
sarimax_d,2024,2024-04-09,668332.691,683509.4385369947
sarimax_d,2024,2024-04-10,668277.546,698097.6041721017
sarimax_d,2024,2024-04-11,666051.0,680246.7495035131
sarimax_d,2024,2024-04-12,664534.289,657135.4427354268
sarimax_d,2024,2024-04-13,585627.137,579293.5472309641
sarimax_d,2024,2024-04-14,543795.772,549798.7924225166
sarimax_d,2024,2024-04-15,648467.3,602562.4419320943
sarimax_d,2024,2024-04-16,666104.149,651840.8826325209
sarimax_d,2024,2024-04-17,661868.183,681790.8517970957
sarimax_d,2024,2024-04-18,666332.603,686273.9907885558
sarimax_d,2024,2024-04-19,663124.782,671181.9796285377
sarimax_d,2024,2024-04-20,589557.074,592944.2271752694
sarimax_d,2024,2024-04-21,546008.854,566533.3256938099
sarimax_d,2024,2024-04-22,651354.591,631670.6972483201
sarimax_d,2024,2024-04-23,667541.496,688412.9568705868
sarimax_d,2024,2024-04-24,675674.227,701251.6901835526
sarimax_d,2024,2024-04-25,691514.386,692160.7667046689
sarimax_d,2024,2024-04-26,675506.739,675568.3300128866
sarimax_d,2024,2024-04-27,611988.992,605988.3521173729
sarimax_d,2024,2024-04-28,568776.214,581058.7217991871
sarimax_d,2024,2024-04-29,672239.614,633381.8208334809
sarimax_d,2024,2024-04-30,665002.708,673734.3258172845
sarimax_d,2024,2024-05-01,568495.068,696558.8699033537
sarimax_d,2024,2024-05-02,635501.984,700460.9930505988
sarimax_d,2024,2024-05-03,652238.521,673033.5685826296
sarimax_d,2024,2024-05-04,593627.948,584637.6160398425
sarimax_d,2024,2024-05-05,555852.311,552320.7842737791
sarimax_d,2024,2024-05-06,648228.123,608347.061216257
sarimax_d,2024,2024-05-07,652583.945,659362.1646598321
sarimax_d,2024,2024-05-08,658873.053,669691.6757005284
sarimax_d,2024,2024-05-09,655891.305,665912.8970830399
sarimax_d,2024,2024-05-10,645699.657,649288.5364437732
sarimax_d,2024,2024-05-11,580019.888,579293.547230963
sarimax_d,2024,2024-05-12,541009.031,549798.7924225158
sarimax_d,2024,2024-05-13,646028.397,602562.4419320936
sarimax_d,2024,2024-05-14,665540.527,652102.659001892
sarimax_d,2024,2024-05-15,655349.807,681177.912005396
sarimax_d,2024,2024-05-16,661439.853,681957.8730886721
sarimax_d,2024,2024-05-17,652048.475,658361.3223188242
sarimax_d,2024,2024-05-18,584137.337,586540.2833099095
sarimax_d,2024,2024-05-19,545024.052,559158.893824926
sarimax_d,2024,2024-05-20,632021.971,611386.2210167667
sarimax_d,2024,2024-05-21,656109.774,658219.2873398926
sarimax_d,2024,2024-05-22,659114.186,671524.1102861299
sarimax_d,2024,2024-05-23,657885.535,667055.7744029794
sarimax_d,2024,2024-05-24,652663.71,649288.5364437732
sarimax_d,2024,2024-05-25,584566.506,579293.547230963
sarimax_d,2024,2024-05-26,543898.242,549798.7924225158
sarimax_d,2024,2024-05-27,656440.291,602562.4419320936
sarimax_d,2024,2024-05-28,665817.233,649235.8885177977
sarimax_d,2024,2024-05-29,678938.262,683526.58890589
sarimax_d,2024,2024-05-30,684233.4,687859.4093869232
sarimax_d,2024,2024-05-31,672026.119,649288.5364437732
sarimax_d,2024,2024-06-01,605685.889,579293.547230963
sarimax_d,2024,2024-06-02,560792.014,549798.7924225158
sarimax_d,2024,2024-06-03,664249.663,602562.4419320936
sarimax_d,2024,2024-06-04,676223.208,656472.0791179939
sarimax_d,2024,2024-06-05,690706.326,693870.0025491106
sarimax_d,2024,2024-06-06,709405.629,716048.3607772427
sarimax_d,2024,2024-06-07,709081.52,693293.5330530903
sarimax_d,2024,2024-06-08,625017.26,581351.0327594521
sarimax_d,2024,2024-06-09,564689.066,549798.7924225158
sarimax_d,2024,2024-06-10,667360.68,602562.4419320936
sarimax_d,2024,2024-06-11,675023.098,649235.8885177977
sarimax_d,2024,2024-06-12,669532.698,665765.0301599539
sarimax_d,2024,2024-06-13,656769.75,665912.8970830399
sarimax_d,2024,2024-06-14,674206.766,652465.7419877665
sarimax_d,2024,2024-06-15,601068.708,581756.9312650723
sarimax_d,2024,2024-06-16,561514.511,549798.7924225158
sarimax_d,2024,2024-06-17,681820.916,615243.2711076792
sarimax_d,2024,2024-06-18,699419.396,651153.4090443488
sarimax_d,2024,2024-06-19,690884.271,665765.0301599539
sarimax_d,2024,2024-06-20,684434.641,665912.8970830399
sarimax_d,2024,2024-06-21,669689.165,649288.5364437732
sarimax_d,2024,2024-06-22,608838.516,587047.6083383299
sarimax_d,2024,2024-06-23,569494.463,564453.1281254276
sarimax_d,2024,2024-06-24,649416.806,628078.0617853967
sarimax_d,2024,2024-06-25,712922.105,690847.4835939744
sarimax_d,2024,2024-06-26,717892.384,699342.6341248876
sarimax_d,2024,2024-06-27,721054.708,702555.7345904165
sarimax_d,2024,2024-06-28,715511.219,674202.3067887428
sarimax_d,2024,2024-06-29,630142.827,579293.547230963
sarimax_d,2024,2024-06-30,584627.364,551394.3934446094
sarimax_d,2024,2024-07-01,681409.249,607097.3079948858
sarimax_d,2024,2024-07-02,703491.606,655366.3556026835
sarimax_d,2024,2024-07-03,721171.089,693324.1390415522
sarimax_d,2024,2024-07-04,741981.107,722024.8663599966
sarimax_d,2024,2024-07-05,744021.161,710411.2527901115
sarimax_d,2024,2024-07-06,655275.862,624334.2848546215
sarimax_d,2024,2024-07-07,592880.387,568134.2076763979
sarimax_d,2024,2024-07-08,704684.064,638477.4614293925
sarimax_d,2024,2024-07-09,735322.24,691799.245607153
sarimax_d,2024,2024-07-10,756032.335,728581.3230297423
sarimax_d,2024,2024-07-11,784406.465,747946.3847189201
sarimax_d,2024,2024-07-12,774064.671,713462.4898323606
sarimax_d,2024,2024-07-13,669619.273,619239.5587840772
sarimax_d,2024,2024-07-14,619815.61,601109.9621329982
sarimax_d,2024,2024-07-15,746760.75,660395.9807328882
sarimax_d,2024,2024-07-16,761435.351,701708.7677443656
sarimax_d,2024,2024-07-17,769574.128,722240.9084419495
sarimax_d,2024,2024-07-18,788334.388,743593.4731586473
sarimax_d,2024,2024-07-19,798658.134,745584.4577771388
sarimax_d,2024,2024-07-20,713125.299,670662.7004961099
sarimax_d,2024,2024-07-21,642305.943,605504.8631938524
sarimax_d,2024,2024-07-22,742688.427,654713.4016542041
sarimax_d,2024,2024-07-23,783735.147,733802.7426887563
sarimax_d,2024,2024-07-24,806576.408,770206.9146061129
sarimax_d,2024,2024-07-25,773955.13,761886.898911948
sarimax_d,2024,2024-07-26,773590.842,732063.838589925
sarimax_d,2024,2024-07-27,703718.397,666911.6384441707
sarimax_d,2024,2024-07-28,669515.361,648502.1117892156
sarimax_d,2024,2024-07-29,795661.898,702007.5758090649
sarimax_d,2024,2024-07-30,814439.123,760312.1140558195
sarimax_d,2024,2024-07-31,808446.346,775959.476185766
sarimax_d,2024,2024-08-01,822334.593,764714.1919510963
sarimax_d,2024,2024-08-02,796742.399,735478.9846372129
sarimax_d,2024,2024-08-03,700122.36,657869.8993189739
sarimax_d,2024,2024-08-04,664411.431,639474.3691642125
sarimax_d,2024,2024-08-05,759002.69,699670.1602766998
sarimax_d,2024,2024-08-06,771423.581,744482.0723366281
sarimax_d,2024,2024-08-07,772073.249,757008.2149233565
sarimax_d,2024,2024-08-08,772401.538,757603.9698526443
sarimax_d,2024,2024-08-09,772935.824,750819.1488496212
sarimax_d,2024,2024-08-10,713464.803,690397.7657693723
sarimax_d,2024,2024-08-11,671701.722,655878.2673913498
sarimax_d,2024,2024-08-12,750014.535,694295.5042022794
sarimax_d,2024,2024-08-13,737828.997,715383.3484337113
sarimax_d,2024,2024-08-14,702725.921,708048.4572454331
sarimax_d,2024,2024-08-15,617541.371,692772.1809549481
sarimax_d,2024,2024-08-16,655090.386,696764.6651011534
sarimax_d,2024,2024-08-17,647929.123,651235.5582271111
sarimax_d,2024,2024-08-18,628945.697,620103.212895989
sarimax_d,2024,2024-08-19,712297.821,661249.7672447101
sarimax_d,2024,2024-08-20,732700.795,716671.0264515412
sarimax_d,2024,2024-08-21,742774.409,730596.81905765
sarimax_d,2024,2024-08-22,749146.713,743285.5501543836
sarimax_d,2024,2024-08-23,743446.72,727976.8605333344
sarimax_d,2024,2024-08-24,688878.926,656778.1723038572
sarimax_d,2024,2024-08-25,647915.767,608304.1632326129
sarimax_d,2024,2024-08-26,738601.944,659192.2817162211
sarimax_d,2024,2024-08-27,765981.401,718966.4524833249
sarimax_d,2024,2024-08-28,777702.507,736419.3631382721
sarimax_d,2024,2024-08-29,767391.885,704739.1886206497
sarimax_d,2024,2024-08-30,754877.136,679982.8613687835
sarimax_d,2024,2024-08-31,679489.19,613347.0322024861
sarimax_d,2024,2024-09-01,635520.797,585181.9449124502
sarimax_d,2024,2024-09-02,747148.328,638729.3984328809
sarimax_d,2024,2024-09-03,749492.829,669866.7298034636
sarimax_d,2024,2024-09-04,724877.568,665765.0301599539
sarimax_d,2024,2024-09-05,711286.885,665912.8970830399
sarimax_d,2024,2024-09-06,713336.528,649288.5364437732
sarimax_d,2024,2024-09-07,627865.294,579293.547230963
sarimax_d,2024,2024-09-08,586439.281,549798.7924225158
sarimax_d,2024,2024-09-09,678959.577,602562.4419320936
sarimax_d,2024,2024-09-10,702676.435,650761.5070389223
sarimax_d,2024,2024-09-11,690262.905,665765.0301599539
sarimax_d,2024,2024-09-12,712003.62,665912.8970830399
sarimax_d,2024,2024-09-13,684372.294,649288.5364437732
sarimax_d,2024,2024-09-14,603145.351,579293.547230963
sarimax_d,2024,2024-09-15,565914.59,549798.7924225158
sarimax_d,2024,2024-09-16,677158.157,602562.4419320936
sarimax_d,2024,2024-09-17,693667.015,649235.8885177977
sarimax_d,2024,2024-09-18,697682.109,665765.0301599539
sarimax_d,2024,2024-09-19,695367.747,665912.8970830399
sarimax_d,2024,2024-09-20,686311.435,649288.5364437732
sarimax_d,2024,2024-09-21,612520.092,579293.547230963
sarimax_d,2024,2024-09-22,563714.064,549798.7924225158
sarimax_d,2024,2024-09-23,658402.489,602562.4419320936
sarimax_d,2024,2024-09-24,666549.893,649235.8885177977
sarimax_d,2024,2024-09-25,690170.306,665765.0301599539
sarimax_d,2024,2024-09-26,709563.671,665912.8970830399
sarimax_d,2024,2024-09-27,681451.804,649288.5364437732
sarimax_d,2024,2024-09-28,586411.756,588123.711105133
sarimax_d,2024,2024-09-29,547130.07,549798.7924225158
sarimax_d,2024,2024-09-30,651718.723,602562.4419320936
sarimax_d,2024,2024-10-01,684612.618,649235.8885177977
sarimax_d,2024,2024-10-02,704137.965,665765.0301599539
sarimax_d,2024,2024-10-03,693438.927,665912.8970830399
sarimax_d,2024,2024-10-04,675767.86,649288.5364437732
sarimax_d,2024,2024-10-05,606869.229,579293.547230963
sarimax_d,2024,2024-10-06,577173.06,549798.7924225158
sarimax_d,2024,2024-10-07,690070.631,602562.4419320936
sarimax_d,2024,2024-10-08,690974.941,649235.8885177977
sarimax_d,2024,2024-10-09,688394.281,665765.0301599539
sarimax_d,2024,2024-10-10,674602.585,669782.0795181425
sarimax_d,2024,2024-10-11,664565.584,661343.0190138621
sarimax_d,2024,2024-10-12,589272.325,579293.547230963
sarimax_d,2024,2024-10-13,549390.403,549798.7924225158
sarimax_d,2024,2024-10-14,668027.312,602562.4419320936
sarimax_d,2024,2024-10-15,693335.616,649235.8885177977
sarimax_d,2024,2024-10-16,696267.98,665765.0301599539
sarimax_d,2024,2024-10-17,689262.671,677379.9790194168
sarimax_d,2024,2024-10-18,672083.364,669209.0796740049
sarimax_d,2024,2024-10-19,592622.751,588423.7962114859
sarimax_d,2024,2024-10-20,556263.258,555245.0178633452
sarimax_d,2024,2024-10-21,652929.134,607887.3563724825
sarimax_d,2024,2024-10-22,677075.735,655007.7382229674
sarimax_d,2024,2024-10-23,675029.303,674844.2008245018
sarimax_d,2024,2024-10-24,675732.064,673651.2619532453
sarimax_d,2024,2024-10-25,680753.442,663699.0063382068
sarimax_d,2024,2024-10-26,600259.491,613337.2448282692
sarimax_d,2024,2024-10-27,592818.011,590374.1296751192
sarimax_d,2024,2024-10-28,674874.49,624947.5139081167
sarimax_d,2024,2024-10-29,700574.099,663090.8817260037
sarimax_d,2024,2024-10-30,687653.302,678253.6784158299
sarimax_d,2024,2024-10-31,666086.577,676881.965438661
sarimax_d,2024,2024-11-01,576955.641,663143.5296519792
sarimax_d,2024,2024-11-02,573530.388,597554.0451920087
sarimax_d,2024,2024-11-03,554206.328,567069.6480115468
sarimax_d,2024,2024-11-04,651653.41,617502.8493547674
sarimax_d,2024,2024-11-05,671008.768,663282.4254109098
sarimax_d,2024,2024-11-06,674763.53,681727.0039021267
sarimax_d,2024,2024-11-07,675631.479,684760.7956777975
sarimax_d,2024,2024-11-08,682336.02,673052.7229511201
sarimax_d,2024,2024-11-09,603689.931,602617.183263026
sarimax_d,2024,2024-11-10,564790.043,574935.7086716896
sarimax_d,2024,2024-11-11,667031.681,630317.1218749838
sarimax_d,2024,2024-11-12,698667.79,689013.1270832925
sarimax_d,2024,2024-11-13,729582.134,717615.9056640281
sarimax_d,2024,2024-11-14,713120.292,699062.7241507844
sarimax_d,2024,2024-11-15,704955.638,675561.9452233897
sarimax_d,2024,2024-11-16,622878.804,609729.8387625382
sarimax_d,2024,2024-11-17,578882.985,582284.6013825859
sarimax_d,2024,2024-11-18,682827.51,632979.5790951782
sarimax_d,2024,2024-11-19,698671.221,680789.5182113249
sarimax_d,2024,2024-11-20,707107.296,690423.0871968624
sarimax_d,2024,2024-11-21,723249.489,696700.3520369428
sarimax_d,2024,2024-11-22,708584.877,678920.3444987428
sarimax_d,2024,2024-11-23,627903.578,612762.6137735511
sarimax_d,2024,2024-11-24,588974.226,576953.3021527003
sarimax_d,2024,2024-11-25,698078.343,622316.9806354067
sarimax_d,2024,2024-11-26,720149.567,693342.0143621697
sarimax_d,2024,2024-11-27,724324.978,715208.8400237085
sarimax_d,2024,2024-11-28,730708.457,717169.9871639053
sarimax_d,2024,2024-11-29,718561.576,694384.3046601599
sarimax_d,2024,2024-11-30,635729.236,618285.4566883428
sarimax_d,2024,2024-12-01,603031.577,589550.491830023
sarimax_d,2024,2024-12-02,706645.856,640858.4093343146
sarimax_d,2024,2024-12-03,723815.781,689402.5992426014
sarimax_d,2024,2024-12-04,733823.736,704833.5570912962
sarimax_d,2024,2024-12-05,728678.452,714290.4471008173
sarimax_d,2024,2024-12-06,634732.969,685241.2861006433
sarimax_d,2024,2024-12-07,626204.107,615591.0755206641
sarimax_d,2024,2024-12-08,618579.423,604522.8232001812
sarimax_d,2024,2024-12-09,727630.736,667253.1291143717
sarimax_d,2024,2024-12-10,781334.031,720451.8305658761
sarimax_d,2024,2024-12-11,809721.081,737191.6702614289
sarimax_d,2024,2024-12-12,805169.012,734613.2320693518
sarimax_d,2024,2024-12-13,785137.193,714764.5527341663
sarimax_d,2024,2024-12-14,704828.445,650720.1873324381
sarimax_d,2024,2024-12-15,672362.256,622246.9988434899
sarimax_d,2024,2024-12-16,782975.415,674582.8674567775
sarimax_d,2024,2024-12-17,796202.148,721671.325359778
sarimax_d,2024,2024-12-18,781895.5,726682.3067495823
sarimax_d,2024,2024-12-19,769610.762,704247.1732222422
sarimax_d,2024,2024-12-20,744247.659,710569.7460347232
sarimax_d,2024,2024-12-21,674505.332,651422.5141770936
sarimax_d,2024,2024-12-22,642593.443,611788.7136476183
sarimax_d,2024,2024-12-23,690633.09,657720.6383955461
sarimax_d,2024,2024-12-24,642852.982,707439.6295712568
sarimax_d,2024,2024-12-25,547482.617,715591.9273935206
sarimax_d,2024,2024-12-26,643051.101,720317.6883858618
sarimax_d,2024,2024-12-27,676247.896,709963.1910325206
sarimax_d,2024,2024-12-28,642095.784,649347.4575906112
sarimax_d,2024,2024-12-29,619712.688,623147.2541625485
sarimax_d,2024,2024-12-30,691924.592,679677.9294752791
sarimax_d,2024,2024-12-31,666906.666,727743.2601713006
prophet,2024,2024-01-01,555244.867,518648.01771062193
prophet,2024,2024-01-02,703015.288,691319.2029704174
prophet,2024,2024-01-03,721647.165,667224.1455159092
prophet,2024,2024-01-04,726021.564,679445.8230035548
prophet,2024,2024-01-05,697927.044,693910.7069653685
prophet,2024,2024-01-06,614433.071,510379.9974250982
prophet,2024,2024-01-07,637873.153,599567.1097733027
prophet,2024,2024-01-08,784344.305,721970.5231661355
prophet,2024,2024-01-09,811334.555,738328.3325200761
prophet,2024,2024-01-10,818554.39,739127.2073434709
prophet,2024,2024-01-11,808748.333,748349.7082173842
prophet,2024,2024-01-12,805039.453,754967.2341180475
prophet,2024,2024-01-13,717299.596,682461.943017129
prophet,2024,2024-01-14,660467.647,614731.5556814879
prophet,2024,2024-01-15,770268.23,705709.5661622421
prophet,2024,2024-01-16,770386.472,721517.5374713514
prophet,2024,2024-01-17,759854.347,728145.1768027011
prophet,2024,2024-01-18,742783.492,726863.4371324154
prophet,2024,2024-01-19,776526.605,757456.1983869513
prophet,2024,2024-01-20,683033.933,702668.0924601284
prophet,2024,2024-01-21,640605.651,653733.2654602287
prophet,2024,2024-01-22,756819.433,760610.9519141803
prophet,2024,2024-01-23,753138.609,764698.1837381845
prophet,2024,2024-01-24,740425.099,760438.3873633761
prophet,2024,2024-01-25,731835.908,753498.2327728677
prophet,2024,2024-01-26,723523.058,744430.9466522904
prophet,2024,2024-01-27,637219.431,675480.3515847499
prophet,2024,2024-01-28,600542.109,631933.52427495
prophet,2024,2024-01-29,722022.961,732876.8870461241
prophet,2024,2024-01-30,739056.741,754270.7965828408
prophet,2024,2024-01-31,743579.224,764491.1007480341
prophet,2024,2024-02-01,742360.015,751459.9878620685
prophet,2024,2024-02-02,732137.756,744120.1876541569
prophet,2024,2024-02-03,645683.778,669491.6697953321
prophet,2024,2024-02-04,603124.588,617729.0442967197
prophet,2024,2024-02-05,723751.094,726617.8110810781
prophet,2024,2024-02-06,737643.259,735077.9343693298
prophet,2024,2024-02-07,749239.087,730974.8588400739
prophet,2024,2024-02-08,753771.808,717048.5401391371
prophet,2024,2024-02-09,755078.183,711433.2475770788
prophet,2024,2024-02-10,663286.901,648133.3181281096
prophet,2024,2024-02-11,637388.013,613544.8334767754
prophet,2024,2024-02-12,714805.293,691166.3317864044
prophet,2024,2024-02-13,711774.274,705394.4220361457
prophet,2024,2024-02-14,720159.286,705442.1023942821
prophet,2024,2024-02-15,729110.689,704354.5364322162
prophet,2024,2024-02-16,717799.65,703223.8349158124
prophet,2024,2024-02-17,624221.905,638425.6366315271
prophet,2024,2024-02-18,584974.522,594223.8083663008
prophet,2024,2024-02-19,689633.162,690090.7812075496
prophet,2024,2024-02-20,701883.264,715049.3956953174
prophet,2024,2024-02-21,717459.193,723125.7417787091
prophet,2024,2024-02-22,727081.55,703618.416574673
prophet,2024,2024-02-23,724628.099,726018.1603784347
prophet,2024,2024-02-24,657800.038,660976.4011061202
prophet,2024,2024-02-25,626143.633,593722.7259208568
prophet,2024,2024-02-26,730573.86,700706.7836088486
prophet,2024,2024-02-27,746142.904,735782.3338546681
prophet,2024,2024-02-28,732016.128,735381.4169187606
prophet,2024,2024-02-29,735852.499,730359.2660688286
prophet,2024,2024-03-01,729467.223,723456.3740030098
prophet,2024,2024-03-02,666467.109,649930.1417629075
prophet,2024,2024-03-03,621709.846,612428.0885170997
prophet,2024,2024-03-04,737435.932,703933.5560192198
prophet,2024,2024-03-05,723424.215,724404.9345341703
prophet,2024,2024-03-06,729789.252,733053.9116874547
prophet,2024,2024-03-07,746093.475,721419.9224830845
prophet,2024,2024-03-08,749031.934,718308.1396570877
prophet,2024,2024-03-09,692419.871,645940.9470129389
prophet,2024,2024-03-10,627303.729,591788.1775910117
prophet,2024,2024-03-11,717439.261,689336.1719620774
prophet,2024,2024-03-12,716317.541,709291.9613395378
prophet,2024,2024-03-13,716865.216,705373.035646791
prophet,2024,2024-03-14,717487.516,692884.2186197708
prophet,2024,2024-03-15,698375.264,676978.1495578557
prophet,2024,2024-03-16,619190.554,595717.2943798149
prophet,2024,2024-03-17,571959.711,536991.6414970031
prophet,2024,2024-03-18,656466.182,642656.9330496198
prophet,2024,2024-03-19,650942.94,655742.2760597246
prophet,2024,2024-03-20,677715.876,663249.7966873824
prophet,2024,2024-03-21,684131.084,653545.0401222266
prophet,2024,2024-03-22,675156.316,637832.8847571813
prophet,2024,2024-03-23,603767.889,570222.970617567
prophet,2024,2024-03-24,563702.618,529168.2059354695
prophet,2024,2024-03-25,685192.419,652954.9506406316
prophet,2024,2024-03-26,699802.428,692554.7788982134
prophet,2024,2024-03-27,695408.52,688692.4854421455
prophet,2024,2024-03-28,617996.902,664540.3796110442
prophet,2024,2024-03-29,573029.121,540973.741159942
prophet,2024,2024-03-30,588708.264,611991.3801036223
prophet,2024,2024-03-31,561847.85,562833.3494776031
prophet,2024,2024-04-01,623303.276,664308.5595008626
prophet,2024,2024-04-02,694646.131,678056.959901177
prophet,2024,2024-04-03,688565.412,660613.3696582855
prophet,2024,2024-04-04,677501.897,651853.8815329379
prophet,2024,2024-04-05,671728.963,638126.2471312901
prophet,2024,2024-04-06,604539.804,554049.4945650045
prophet,2024,2024-04-07,561830.999,504355.06793464755
prophet,2024,2024-04-08,657510.236,622735.7958788631
prophet,2024,2024-04-09,668332.691,665010.8911388967
prophet,2024,2024-04-10,668277.546,665445.6623138237
prophet,2024,2024-04-11,666051.0,640739.288132645
prophet,2024,2024-04-12,664534.289,628213.5145148681
prophet,2024,2024-04-13,585627.137,545350.4776855087
prophet,2024,2024-04-14,543795.772,496806.1027418461
prophet,2024,2024-04-15,648467.3,603452.081760756
prophet,2024,2024-04-16,666104.149,626104.8340778418
prophet,2024,2024-04-17,661868.183,645080.1397849426
prophet,2024,2024-04-18,666332.603,647100.1557793666
prophet,2024,2024-04-19,663124.782,644719.3130705777
prophet,2024,2024-04-20,589557.074,562268.1702016415
prophet,2024,2024-04-21,546008.854,518221.33795642696
prophet,2024,2024-04-22,651354.591,640190.5269733635
prophet,2024,2024-04-23,667541.496,672458.6253019859
prophet,2024,2024-04-24,675674.227,672450.6449360673
prophet,2024,2024-04-25,691514.386,659564.1790896779
prophet,2024,2024-04-26,675506.739,656262.3635899611
prophet,2024,2024-04-27,611988.992,584629.675685626
prophet,2024,2024-04-28,568776.214,542963.2832416615
prophet,2024,2024-04-29,672239.614,650580.7905042233
prophet,2024,2024-04-30,665002.708,664221.0821009014
prophet,2024,2024-05-01,568495.068,565960.153172451
prophet,2024,2024-05-02,635501.984,678535.4351415707
prophet,2024,2024-05-03,652238.521,662675.4487954404
prophet,2024,2024-05-04,593627.948,569071.8541250624
prophet,2024,2024-05-05,555852.311,518601.9412755021
prophet,2024,2024-05-06,648228.123,630199.3741358367
prophet,2024,2024-05-07,652583.945,655811.5682451652
prophet,2024,2024-05-08,658873.053,652677.7910887823
prophet,2024,2024-05-09,655891.305,645562.8366858347
prophet,2024,2024-05-10,645699.657,641636.9692482513
prophet,2024,2024-05-11,580019.888,568778.4174896416
prophet,2024,2024-05-12,541009.031,520931.5932028347
prophet,2024,2024-05-13,646028.397,628094.5104967286
prophet,2024,2024-05-14,665540.527,651392.0996362455
prophet,2024,2024-05-15,655349.807,669521.8407153996
prophet,2024,2024-05-16,661439.853,667249.7168944555
prophet,2024,2024-05-17,652048.475,654850.6841366391
prophet,2024,2024-05-18,584137.337,579611.3510435922
prophet,2024,2024-05-19,545024.052,534081.6213533507
prophet,2024,2024-05-20,632021.971,640601.3025128561
prophet,2024,2024-05-21,656109.774,660853.3207113256
prophet,2024,2024-05-22,659114.186,660863.9025574556
prophet,2024,2024-05-23,657885.535,652822.4543085254
prophet,2024,2024-05-24,652663.71,647639.0504742309
prophet,2024,2024-05-25,584566.506,575046.371241538
prophet,2024,2024-05-26,543898.242,527651.0108366057
prophet,2024,2024-05-27,656440.291,635435.9344873826
prophet,2024,2024-05-28,665817.233,656170.883922949
prophet,2024,2024-05-29,678938.262,678617.1371377214
prophet,2024,2024-05-30,684233.4,680840.7155479636
prophet,2024,2024-05-31,672026.119,655336.6328574107
prophet,2024,2024-06-01,605685.889,583284.9426288491
prophet,2024,2024-06-02,560792.014,536342.5661444557
prophet,2024,2024-06-03,664249.663,644473.7499876051
prophet,2024,2024-06-04,676223.208,672771.3617751388
prophet,2024,2024-06-05,690706.326,698458.2350207268
prophet,2024,2024-06-06,709405.629,718727.1657666367
prophet,2024,2024-06-07,709081.52,709063.8363887536
prophet,2024,2024-06-08,625017.26,594124.6540473641
prophet,2024,2024-06-09,564689.066,544610.480285231
prophet,2024,2024-06-10,667360.68,652126.476768681
prophet,2024,2024-06-11,675023.098,672354.3492627187
prophet,2024,2024-06-12,669532.698,676048.1063782808
prophet,2024,2024-06-13,656769.75,673070.0682574033
prophet,2024,2024-06-14,674206.766,671891.3818239465
prophet,2024,2024-06-15,601068.708,597791.5354150659
prophet,2024,2024-06-16,561514.511,546890.818181011
prophet,2024,2024-06-17,681820.916,666325.768882453
prophet,2024,2024-06-18,699419.396,674757.8416133237
prophet,2024,2024-06-19,690884.271,675716.4702640744
prophet,2024,2024-06-20,684434.641,672063.0445265475
prophet,2024,2024-06-21,669689.165,667124.5380040723
prophet,2024,2024-06-22,608838.516,601232.212285009
prophet,2024,2024-06-23,569494.463,559619.6798599217
prophet,2024,2024-06-24,649416.806,677183.5384758689
prophet,2024,2024-06-25,712922.105,713017.7717433098
prophet,2024,2024-06-26,717892.384,708122.5890044497
prophet,2024,2024-06-27,721054.708,708108.8700771709
prophet,2024,2024-06-28,715511.219,691976.1695335794
prophet,2024,2024-06-29,630142.827,593807.3881498984
prophet,2024,2024-06-30,584627.364,547801.2845752636
prophet,2024,2024-07-01,681409.249,658422.4420690223
prophet,2024,2024-07-02,703491.606,680717.4048527762
prophet,2024,2024-07-03,721171.089,706911.0775036629
prophet,2024,2024-07-04,741981.107,733960.6995762166
prophet,2024,2024-07-05,744021.161,735988.1374840705
prophet,2024,2024-07-06,655275.862,647890.3568248743
prophet,2024,2024-07-07,592880.387,574189.8930567033
prophet,2024,2024-07-08,704684.064,700525.4061413764
prophet,2024,2024-07-09,735322.24,728636.6713107538
prophet,2024,2024-07-10,756032.335,754125.9254358495
prophet,2024,2024-07-11,784406.465,771966.3606282172
prophet,2024,2024-07-12,774064.671,750808.9025448458
prophet,2024,2024-07-13,669619.273,654195.8523361788
prophet,2024,2024-07-14,619815.61,618580.3073224197
prophet,2024,2024-07-15,746760.75,732902.9398238977
prophet,2024,2024-07-16,761435.351,747767.7050480887
prophet,2024,2024-07-17,769574.128,755452.6822204936
prophet,2024,2024-07-18,788334.388,773746.3807002611
prophet,2024,2024-07-19,798658.134,787804.4098767824
prophet,2024,2024-07-20,713125.299,708805.2657332293
prophet,2024,2024-07-21,642305.943,623384.1274159459
prophet,2024,2024-07-22,742688.427,725265.6574774961
prophet,2024,2024-07-23,783735.147,776154.1317551767
prophet,2024,2024-07-24,806576.408,797624.5128827487
prophet,2024,2024-07-25,773955.13,783535.9936971567
prophet,2024,2024-07-26,773590.842,763109.1097771428
prophet,2024,2024-07-27,703718.397,691912.8922627466
prophet,2024,2024-07-28,669515.361,651955.7914540045
prophet,2024,2024-07-29,795661.898,756446.3310359301
prophet,2024,2024-07-30,814439.123,784741.3420079038
prophet,2024,2024-07-31,808446.346,783913.4254398745
prophet,2024,2024-08-01,822334.593,765904.1451445005
prophet,2024,2024-08-02,796742.399,745432.8176662994
prophet,2024,2024-08-03,700122.36,661289.5392133787
prophet,2024,2024-08-04,664411.431,621367.1848644051
prophet,2024,2024-08-05,759002.69,732997.5777468549
prophet,2024,2024-08-06,771423.581,748290.5097445484
prophet,2024,2024-08-07,772073.249,745292.7635404591
prophet,2024,2024-08-08,772401.538,740582.0806009012
prophet,2024,2024-08-09,772935.824,744437.5824740937
prophet,2024,2024-08-10,713464.803,679521.5641043631
prophet,2024,2024-08-11,671701.722,625245.0860020132
prophet,2024,2024-08-12,750014.535,716950.7258299413
prophet,2024,2024-08-13,737828.997,710468.7903827579
prophet,2024,2024-08-14,702725.921,689694.1868325213
prophet,2024,2024-08-15,617541.371,596887.5924503128
prophet,2024,2024-08-16,655090.386,688470.7566284533
prophet,2024,2024-08-17,647929.123,641006.0555240627
prophet,2024,2024-08-18,628945.697,592424.5336775772
prophet,2024,2024-08-19,712297.821,689033.0807701383
prophet,2024,2024-08-20,732700.795,719348.324667084
prophet,2024,2024-08-21,742774.409,721925.8668652963
prophet,2024,2024-08-22,749146.713,733461.1494369875
prophet,2024,2024-08-23,743446.72,732416.9159209151
prophet,2024,2024-08-24,688878.926,660023.6949794262
prophet,2024,2024-08-25,647915.767,594707.6067035738
prophet,2024,2024-08-26,738601.944,701793.8584342361
prophet,2024,2024-08-27,765981.401,736868.8541690838
prophet,2024,2024-08-28,777702.507,743122.7713529103
prophet,2024,2024-08-29,767391.885,709524.7105362018
prophet,2024,2024-08-30,754877.136,698544.5620866601
prophet,2024,2024-08-31,679489.19,630224.2224722749
prophet,2024,2024-09-01,635520.797,584771.3906996935
prophet,2024,2024-09-02,747148.328,693665.4486490379
prophet,2024,2024-09-03,749492.829,698677.4674346001
prophet,2024,2024-09-04,724877.568,681945.7662463965
prophet,2024,2024-09-05,711286.885,679421.9711757674
prophet,2024,2024-09-06,713336.528,675429.0033937258
prophet,2024,2024-09-07,627865.294,602410.5152084439
prophet,2024,2024-09-08,586439.281,554308.6444061548
prophet,2024,2024-09-09,678959.577,661118.120960949
prophet,2024,2024-09-10,702676.435,682172.6762594793
prophet,2024,2024-09-11,690262.905,683599.5240176187
prophet,2024,2024-09-12,712003.62,679913.9668831305
prophet,2024,2024-09-13,684372.294,674824.6466654169
prophet,2024,2024-09-14,603145.351,600782.0521562963
prophet,2024,2024-09-15,565914.59,551732.5783556922
prophet,2024,2024-09-16,677158.157,657672.8404049325
prophet,2024,2024-09-17,693667.015,676389.0966341093
prophet,2024,2024-09-18,697682.109,678648.3192578792
prophet,2024,2024-09-19,695367.747,674320.605341129
prophet,2024,2024-09-20,686311.435,668657.3432817735
prophet,2024,2024-09-21,612520.092,594103.8219199672
prophet,2024,2024-09-22,563714.064,544600.9089347373
prophet,2024,2024-09-23,658402.489,650139.70595798
prophet,2024,2024-09-24,666549.893,668501.2773454159
prophet,2024,2024-09-25,690170.306,670447.9807817483
prophet,2024,2024-09-26,709563.671,665846.084084789
prophet,2024,2024-09-27,681451.804,659944.0775022157
prophet,2024,2024-09-28,586411.756,595455.0913933311
prophet,2024,2024-09-29,547130.07,535509.9615347987
prophet,2024,2024-09-30,651718.723,640909.1017947744
prophet,2024,2024-10-01,684612.618,659164.8675570826
prophet,2024,2024-10-02,704137.965,661041.3621960394
prophet,2024,2024-10-03,693438.927,656407.1287752606
prophet,2024,2024-10-04,675767.86,650513.2299111941
prophet,2024,2024-10-05,606869.229,575805.6846416462
prophet,2024,2024-10-06,577173.06,526226.9003239893
prophet,2024,2024-10-07,690070.631,631770.0212993816
prophet,2024,2024-10-08,690974.941,650218.3079514728
prophet,2024,2024-10-09,688394.281,652336.0927096952
prophet,2024,2024-10-10,674602.585,652490.9835384805
prophet,2024,2024-10-11,664565.584,656451.6747365003
prophet,2024,2024-10-12,589272.325,476342.7048843396
prophet,2024,2024-10-13,549390.403,518937.0682090997
prophet,2024,2024-10-14,668027.312,624925.699528861
prophet,2024,2024-10-15,693335.616,643843.2493503706
prophet,2024,2024-10-16,696267.98,646445.6360115934
prophet,2024,2024-10-17,689262.671,655927.8259023416
prophet,2024,2024-10-18,672083.364,660687.533000582
prophet,2024,2024-10-19,592622.751,574281.2601396199
prophet,2024,2024-10-20,556263.258,521282.62084113655
prophet,2024,2024-10-21,652929.134,627548.1277837903
prophet,2024,2024-10-22,677075.735,647362.7423508427
prophet,2024,2024-10-23,675029.303,654141.2346701322
prophet,2024,2024-10-24,675732.064,649004.0970248837
prophet,2024,2024-10-25,680753.442,651912.2574823697
prophet,2024,2024-10-26,600259.491,601052.0377711706
prophet,2024,2024-10-27,592818.011,560040.7764907674
prophet,2024,2024-10-28,674874.49,645345.181715198
prophet,2024,2024-10-29,700574.099,654726.4023182
prophet,2024,2024-10-30,687653.302,656038.6110442154
prophet,2024,2024-10-31,666086.577,650636.0407317786
prophet,2024,2024-11-01,576955.641,543686.0821222777
prophet,2024,2024-11-02,573530.388,580428.5668311669
prophet,2024,2024-11-03,554206.328,530616.4209340198
prophet,2024,2024-11-04,651653.41,634346.6248538026
prophet,2024,2024-11-05,671008.768,652640.276035274
prophet,2024,2024-11-06,674763.53,657868.2796796451
prophet,2024,2024-11-07,675631.479,657771.9150222993
prophet,2024,2024-11-08,682336.02,658846.8755383935
prophet,2024,2024-11-09,603689.931,584959.8032363564
prophet,2024,2024-11-10,564790.043,538916.367630933
prophet,2024,2024-11-11,667031.681,649035.1312838462
prophet,2024,2024-11-12,698667.79,683111.5186678357
prophet,2024,2024-11-13,729582.134,701039.220687035
prophet,2024,2024-11-14,713120.292,676840.412941028
prophet,2024,2024-11-15,704955.638,665311.2670290851
prophet,2024,2024-11-16,622878.804,597980.961264427
prophet,2024,2024-11-17,578882.985,553486.7505139194
prophet,2024,2024-11-18,682827.51,659476.8974463758
prophet,2024,2024-11-19,698671.221,682233.6425401167
prophet,2024,2024-11-20,707107.296,679428.8113008727
prophet,2024,2024-11-21,723249.489,685391.8552882391
prophet,2024,2024-11-22,708584.877,681717.9828947408
prophet,2024,2024-11-23,627903.578,615092.7417915515
prophet,2024,2024-11-24,588974.226,561800.0036099511
prophet,2024,2024-11-25,698078.343,662328.620397305
prophet,2024,2024-11-26,720149.567,712600.3639464551
prophet,2024,2024-11-27,724324.978,724284.1635508483
prophet,2024,2024-11-28,730708.457,725207.8486348789
prophet,2024,2024-11-29,718561.576,715390.5813276619
prophet,2024,2024-11-30,635729.236,636564.1792039787
prophet,2024,2024-12-01,603031.577,590532.9134036538
prophet,2024,2024-12-02,706645.856,696679.8363619434
prophet,2024,2024-12-03,723815.781,719187.4585891509
prophet,2024,2024-12-04,733823.736,721457.9802426671
prophet,2024,2024-12-05,728678.452,728882.5477767758
prophet,2024,2024-12-06,634732.969,609850.4766381613
prophet,2024,2024-12-07,626204.107,635277.5924443734
prophet,2024,2024-12-08,618579.423,606912.9929872908
prophet,2024,2024-12-09,727630.736,723333.3955484325
prophet,2024,2024-12-10,781334.031,748166.9632510341
prophet,2024,2024-12-11,809721.081,748854.7827243846
prophet,2024,2024-12-12,805169.012,739221.0439550718
prophet,2024,2024-12-13,785137.193,727389.4806421434
prophet,2024,2024-12-14,704828.445,657100.1946975787
prophet,2024,2024-12-15,672362.256,605943.8565587596
prophet,2024,2024-12-16,782975.415,708018.8283702831
prophet,2024,2024-12-17,796202.148,723838.0366830578
prophet,2024,2024-12-18,781895.5,709375.3611019348
prophet,2024,2024-12-19,769610.762,675579.9477618213
prophet,2024,2024-12-20,744247.659,693595.5252676986
prophet,2024,2024-12-21,674505.332,628914.3940928909
prophet,2024,2024-12-22,642593.443,565210.6387228537
prophet,2024,2024-12-23,690633.09,660796.6465477826
prophet,2024,2024-12-24,642852.982,681156.1263040785
prophet,2024,2024-12-25,547482.617,516134.060480929
prophet,2024,2024-12-26,643051.101,672596.019231921
prophet,2024,2024-12-27,676247.896,674128.19440173
prophet,2024,2024-12-28,642095.784,611049.9643080796
prophet,2024,2024-12-29,619712.688,566624.1021998373
prophet,2024,2024-12-30,691924.592,678471.7722752981
prophet,2024,2024-12-31,666906.666,701054.6118749485
lightgbm,2024,2024-01-01,555244.867,559175.1843718514
lightgbm,2024,2024-01-02,703015.288,731580.029918401
lightgbm,2024,2024-01-03,721647.165,743415.4665133365
lightgbm,2024,2024-01-04,726021.564,748481.1802500866
lightgbm,2024,2024-01-05,697927.044,730671.9225454907
lightgbm,2024,2024-01-06,614433.071,623678.5538017711
lightgbm,2024,2024-01-07,637873.153,634095.674353201
lightgbm,2024,2024-01-08,784344.305,785925.0831743948
lightgbm,2024,2024-01-09,811334.555,786116.0519153932
lightgbm,2024,2024-01-10,818554.39,773501.1493302389
lightgbm,2024,2024-01-11,808748.333,770264.0555722163
lightgbm,2024,2024-01-12,805039.453,791053.7732965063
lightgbm,2024,2024-01-13,717299.596,710553.644071113
lightgbm,2024,2024-01-14,660467.647,635193.805597273
lightgbm,2024,2024-01-15,770268.23,764053.968915883
lightgbm,2024,2024-01-16,770386.472,761380.101876335
lightgbm,2024,2024-01-17,759854.347,778527.0506586119
lightgbm,2024,2024-01-18,742783.492,771129.8475369357
lightgbm,2024,2024-01-19,776526.605,756823.2630925734
lightgbm,2024,2024-01-20,683033.933,690319.3846567057
lightgbm,2024,2024-01-21,640605.651,660006.978175022
lightgbm,2024,2024-01-22,756819.433,800654.4421663684
lightgbm,2024,2024-01-23,753138.609,789864.9613288831
lightgbm,2024,2024-01-24,740425.099,773223.6204642581
lightgbm,2024,2024-01-25,731835.908,784464.9551887686
lightgbm,2024,2024-01-26,723523.058,777616.9278194901
lightgbm,2024,2024-01-27,637219.431,704124.9235309663
lightgbm,2024,2024-01-28,600542.109,653212.2221852799
lightgbm,2024,2024-01-29,722022.961,758598.1440548868
lightgbm,2024,2024-01-30,739056.741,775103.8660613268
lightgbm,2024,2024-01-31,743579.224,798771.1925092228
lightgbm,2024,2024-02-01,742360.015,775909.7169288697
lightgbm,2024,2024-02-02,732137.756,763199.4148034689
lightgbm,2024,2024-02-03,645683.778,685891.9812273835
lightgbm,2024,2024-02-04,603124.588,639341.1785301593
lightgbm,2024,2024-02-05,723751.094,750085.4099457414
lightgbm,2024,2024-02-06,737643.259,766102.5794972016
lightgbm,2024,2024-02-07,749239.087,763326.4958015452
lightgbm,2024,2024-02-08,753771.808,760910.4167176405
lightgbm,2024,2024-02-09,755078.183,756446.3559603512
lightgbm,2024,2024-02-10,663286.901,680104.7115898372
lightgbm,2024,2024-02-11,637388.013,655342.1335563906
lightgbm,2024,2024-02-12,714805.293,747375.8258483524
lightgbm,2024,2024-02-13,711774.274,759257.4121703024
lightgbm,2024,2024-02-14,720159.286,753023.5327343626
lightgbm,2024,2024-02-15,729110.689,748591.8685441925
lightgbm,2024,2024-02-16,717799.65,735168.6351901529
lightgbm,2024,2024-02-17,624221.905,658613.7618802496
lightgbm,2024,2024-02-18,584974.522,619113.6108896434
lightgbm,2024,2024-02-19,689633.162,725830.6832963724
lightgbm,2024,2024-02-20,701883.264,731814.4745346864
lightgbm,2024,2024-02-21,717459.193,730606.1551863248
lightgbm,2024,2024-02-22,727081.55,737608.354778702
lightgbm,2024,2024-02-23,724628.099,740488.5981656945
lightgbm,2024,2024-02-24,657800.038,674139.578839681
lightgbm,2024,2024-02-25,626143.633,623371.4806345681
lightgbm,2024,2024-02-26,730573.86,743340.8660942392
lightgbm,2024,2024-02-27,746142.904,770563.1426896544
lightgbm,2024,2024-02-28,732016.128,765238.6861983421
lightgbm,2024,2024-02-29,735852.499,763610.2761374001
lightgbm,2024,2024-03-01,729467.223,749435.6797554945
lightgbm,2024,2024-03-02,666467.109,665111.9463139535
lightgbm,2024,2024-03-03,621709.846,646797.7056791905
lightgbm,2024,2024-03-04,737435.932,737791.4616226694
lightgbm,2024,2024-03-05,723424.215,746652.9616293407
lightgbm,2024,2024-03-06,729789.252,744190.8283845995
lightgbm,2024,2024-03-07,746093.475,732622.620374263
lightgbm,2024,2024-03-08,749031.934,725357.9392923921
lightgbm,2024,2024-03-09,692419.871,642699.3484471525
lightgbm,2024,2024-03-10,627303.729,601785.6668217777
lightgbm,2024,2024-03-11,717439.261,714522.4104769169
lightgbm,2024,2024-03-12,716317.541,726112.347853066
lightgbm,2024,2024-03-13,716865.216,729329.2854893536
lightgbm,2024,2024-03-14,717487.516,738391.8055309646
lightgbm,2024,2024-03-15,698375.264,728447.1339902149
lightgbm,2024,2024-03-16,619190.554,633411.4391227026
lightgbm,2024,2024-03-17,571959.711,573000.7799600146
lightgbm,2024,2024-03-18,656466.182,666972.6085960335
lightgbm,2024,2024-03-19,650942.94,671009.4924426457
lightgbm,2024,2024-03-20,677715.876,662203.7430781808
lightgbm,2024,2024-03-21,684131.084,640699.1455754775
lightgbm,2024,2024-03-22,675156.316,640088.3247548685
lightgbm,2024,2024-03-23,603767.889,581130.4064798813
lightgbm,2024,2024-03-24,563702.618,554912.4426271507
lightgbm,2024,2024-03-25,685192.419,651146.8356118747
lightgbm,2024,2024-03-26,699802.428,710231.4552012547
lightgbm,2024,2024-03-27,695408.52,692362.5103512588
lightgbm,2024,2024-03-28,617996.902,670940.8146141579
lightgbm,2024,2024-03-29,573029.121,591835.4918425375
lightgbm,2024,2024-03-30,588708.264,655200.1320921881
lightgbm,2024,2024-03-31,561847.85,616037.0892465962
lightgbm,2024,2024-04-01,623303.276,707483.6817551978
lightgbm,2024,2024-04-02,694646.131,739627.4028625542
lightgbm,2024,2024-04-03,688565.412,720373.3417701968
lightgbm,2024,2024-04-04,677501.897,690715.93934118
lightgbm,2024,2024-04-05,671728.963,693647.5684218532
lightgbm,2024,2024-04-06,604539.804,604796.5716046292
lightgbm,2024,2024-04-07,561830.999,539965.4894176136
lightgbm,2024,2024-04-08,657510.236,612549.9124902459
lightgbm,2024,2024-04-09,668332.691,672330.3205390219
lightgbm,2024,2024-04-10,668277.546,676260.6354083442
lightgbm,2024,2024-04-11,666051.0,633353.311547537
lightgbm,2024,2024-04-12,664534.289,618509.6034054977
lightgbm,2024,2024-04-13,585627.137,563561.6495742965
lightgbm,2024,2024-04-14,543795.772,541342.3628298959
lightgbm,2024,2024-04-15,648467.3,609029.2133668369
lightgbm,2024,2024-04-16,666104.149,641357.5140082582
lightgbm,2024,2024-04-17,661868.183,654150.9763684247
lightgbm,2024,2024-04-18,666332.603,663407.8752345421
lightgbm,2024,2024-04-19,663124.782,676427.0362533062
lightgbm,2024,2024-04-20,589557.074,622791.9345520105
lightgbm,2024,2024-04-21,546008.854,578120.0394445658
lightgbm,2024,2024-04-22,651354.591,664624.3302508155
lightgbm,2024,2024-04-23,667541.496,699792.0920493345
lightgbm,2024,2024-04-24,675674.227,712454.0104510075
lightgbm,2024,2024-04-25,691514.386,716439.8620339952
lightgbm,2024,2024-04-26,675506.739,713073.7770837464
lightgbm,2024,2024-04-27,611988.992,633739.3365984712
lightgbm,2024,2024-04-28,568776.214,581734.1179463449
lightgbm,2024,2024-04-29,672239.614,681432.9576927891
lightgbm,2024,2024-04-30,665002.708,700043.3819207004
lightgbm,2024,2024-05-01,568495.068,561786.4215679625
lightgbm,2024,2024-05-02,635501.984,702840.3899429986
lightgbm,2024,2024-05-03,652238.521,694267.4745807016
lightgbm,2024,2024-05-04,593627.948,626504.756152996
lightgbm,2024,2024-05-05,555852.311,568878.5253537372
lightgbm,2024,2024-05-06,648228.123,652300.9471505916
lightgbm,2024,2024-05-07,652583.945,669280.063979509
lightgbm,2024,2024-05-08,658873.053,691480.1257884717
lightgbm,2024,2024-05-09,655891.305,685749.7519325243
lightgbm,2024,2024-05-10,645699.657,686300.8068970545
lightgbm,2024,2024-05-11,580019.888,625955.5930235761
lightgbm,2024,2024-05-12,541009.031,578438.4696680753
lightgbm,2024,2024-05-13,646028.397,670429.4761798372
lightgbm,2024,2024-05-14,665540.527,693747.5868786997
lightgbm,2024,2024-05-15,655349.807,699450.9564463088
lightgbm,2024,2024-05-16,661439.853,696032.2157027267
lightgbm,2024,2024-05-17,652048.475,686957.2779651518
lightgbm,2024,2024-05-18,584137.337,607815.2364621913
lightgbm,2024,2024-05-19,545024.052,566695.4969858485
lightgbm,2024,2024-05-20,632021.971,664946.115726604
lightgbm,2024,2024-05-21,656109.774,686598.729507808
lightgbm,2024,2024-05-22,659114.186,701131.1098880188
lightgbm,2024,2024-05-23,657885.535,699134.0548158108
lightgbm,2024,2024-05-24,652663.71,696978.6857979795
lightgbm,2024,2024-05-25,584566.506,616628.6262723514
lightgbm,2024,2024-05-26,543898.242,580872.6465099199
lightgbm,2024,2024-05-27,656440.291,668883.5039203736
lightgbm,2024,2024-05-28,665817.233,700363.047880785
lightgbm,2024,2024-05-29,678938.262,707242.0389925747
lightgbm,2024,2024-05-30,684233.4,726519.4021584258
lightgbm,2024,2024-05-31,672026.119,703813.2433002921
lightgbm,2024,2024-06-01,605685.889,620956.8230683896
lightgbm,2024,2024-06-02,560792.014,571461.4340643228
lightgbm,2024,2024-06-03,664249.663,682272.5829196867
lightgbm,2024,2024-06-04,676223.208,715066.8647943033
lightgbm,2024,2024-06-05,690706.326,723372.2069442205
lightgbm,2024,2024-06-06,709405.629,730107.1917895669
lightgbm,2024,2024-06-07,709081.52,732370.7819998846
lightgbm,2024,2024-06-08,625017.26,649511.3189049175
lightgbm,2024,2024-06-09,564689.066,588532.9138353168
lightgbm,2024,2024-06-10,667360.68,695819.660870599
lightgbm,2024,2024-06-11,675023.098,702679.6545994772
lightgbm,2024,2024-06-12,669532.698,701710.3435908764
lightgbm,2024,2024-06-13,656769.75,708875.2505080749
lightgbm,2024,2024-06-14,674206.766,712049.6066524894
lightgbm,2024,2024-06-15,601068.708,619062.3979381975
lightgbm,2024,2024-06-16,561514.511,572923.4164786906
lightgbm,2024,2024-06-17,681820.916,692442.2819798237
lightgbm,2024,2024-06-18,699419.396,714257.8769968903
lightgbm,2024,2024-06-19,690884.271,716199.0373332913
lightgbm,2024,2024-06-20,684434.641,713464.6558091505
lightgbm,2024,2024-06-21,669689.165,700748.6960907911
lightgbm,2024,2024-06-22,608838.516,609789.8725070326
lightgbm,2024,2024-06-23,569494.463,579504.6823480782
lightgbm,2024,2024-06-24,649416.806,703357.7447069077
lightgbm,2024,2024-06-25,712922.105,735848.4900561391
lightgbm,2024,2024-06-26,717892.384,746259.9991405368
lightgbm,2024,2024-06-27,721054.708,740541.4513373848
lightgbm,2024,2024-06-28,715511.219,750190.1041866259
lightgbm,2024,2024-06-29,630142.827,663544.3728759005
lightgbm,2024,2024-06-30,584627.364,616038.4258352533
lightgbm,2024,2024-07-01,681409.249,726875.5923543625
lightgbm,2024,2024-07-02,703491.606,743389.7406060866
lightgbm,2024,2024-07-03,721171.089,748786.4290042805
lightgbm,2024,2024-07-04,741981.107,740708.8256880536
lightgbm,2024,2024-07-05,744021.161,768821.1141938579
lightgbm,2024,2024-07-06,655275.862,689778.6104419009
lightgbm,2024,2024-07-07,592880.387,617831.9478331726
lightgbm,2024,2024-07-08,704684.064,753956.5161267137
lightgbm,2024,2024-07-09,735322.24,793473.3058506176
lightgbm,2024,2024-07-10,756032.335,808264.2381718189
lightgbm,2024,2024-07-11,784406.465,832251.8552118331
lightgbm,2024,2024-07-12,774064.671,809756.1342021361
lightgbm,2024,2024-07-13,669619.273,687950.8709271408
lightgbm,2024,2024-07-14,619815.61,644541.7805578165
lightgbm,2024,2024-07-15,746760.75,761873.72365686
lightgbm,2024,2024-07-16,761435.351,784057.3263824331
lightgbm,2024,2024-07-17,769574.128,784985.9556169225
lightgbm,2024,2024-07-18,788334.388,800112.8457252971
lightgbm,2024,2024-07-19,798658.134,817892.8126224751
lightgbm,2024,2024-07-20,713125.299,729520.7252261742
lightgbm,2024,2024-07-21,642305.943,661366.6358403481
lightgbm,2024,2024-07-22,742688.427,793718.7931198993
lightgbm,2024,2024-07-23,783735.147,823316.833001544
lightgbm,2024,2024-07-24,806576.408,824584.6119596777
lightgbm,2024,2024-07-25,773955.13,826321.0858496593
lightgbm,2024,2024-07-26,773590.842,800471.3117689948
lightgbm,2024,2024-07-27,703718.397,738725.2121667936
lightgbm,2024,2024-07-28,669515.361,714042.235887214
lightgbm,2024,2024-07-29,795661.898,794624.5988908216
lightgbm,2024,2024-07-30,814439.123,829902.8332894761
lightgbm,2024,2024-07-31,808446.346,838725.5015954239
lightgbm,2024,2024-08-01,822334.593,810507.115466474
lightgbm,2024,2024-08-02,796742.399,763700.7353132645
lightgbm,2024,2024-08-03,700122.36,676806.7388914821
lightgbm,2024,2024-08-04,664411.431,659519.642312224
lightgbm,2024,2024-08-05,759002.69,742439.5615657043
lightgbm,2024,2024-08-06,771423.581,769612.3395543839
lightgbm,2024,2024-08-07,772073.249,758624.7280396804
lightgbm,2024,2024-08-08,772401.538,755339.1925392738
lightgbm,2024,2024-08-09,772935.824,759179.7054918194
lightgbm,2024,2024-08-10,713464.803,701689.4586132385
lightgbm,2024,2024-08-11,671701.722,662572.4231843476
lightgbm,2024,2024-08-12,750014.535,723395.804277451
lightgbm,2024,2024-08-13,737828.997,702462.0931390821
lightgbm,2024,2024-08-14,702725.921,714675.4068587925
lightgbm,2024,2024-08-15,617541.371,613056.1840385742
lightgbm,2024,2024-08-16,655090.386,687292.0089570174
lightgbm,2024,2024-08-17,647929.123,665051.5354453883
lightgbm,2024,2024-08-18,628945.697,620320.7822534583
lightgbm,2024,2024-08-19,712297.821,726178.7255490033
lightgbm,2024,2024-08-20,732700.795,759936.8699409121
lightgbm,2024,2024-08-21,742774.409,754816.7719964145
lightgbm,2024,2024-08-22,749146.713,774473.9963952681
lightgbm,2024,2024-08-23,743446.72,765871.9339465508
lightgbm,2024,2024-08-24,688878.926,696124.4856146524
lightgbm,2024,2024-08-25,647915.767,621546.6554534308
lightgbm,2024,2024-08-26,738601.944,698995.0812636123
lightgbm,2024,2024-08-27,765981.401,723176.4244709646
lightgbm,2024,2024-08-28,777702.507,724010.076970647
lightgbm,2024,2024-08-29,767391.885,722523.8943110645
lightgbm,2024,2024-08-30,754877.136,695300.4227102732
lightgbm,2024,2024-08-31,679489.19,633462.8503697932
lightgbm,2024,2024-09-01,635520.797,614095.0227184253
lightgbm,2024,2024-09-02,747148.328,715453.1552762347
lightgbm,2024,2024-09-03,749492.829,701814.9915397495
lightgbm,2024,2024-09-04,724877.568,709395.1881807118
lightgbm,2024,2024-09-05,711286.885,717582.8761162111
lightgbm,2024,2024-09-06,713336.528,703088.707477759
lightgbm,2024,2024-09-07,627865.294,619727.3798802687
lightgbm,2024,2024-09-08,586439.281,580331.1118101631
lightgbm,2024,2024-09-09,678959.577,661316.1519889432
lightgbm,2024,2024-09-10,702676.435,692971.1370954788
lightgbm,2024,2024-09-11,690262.905,685464.6688142101
lightgbm,2024,2024-09-12,712003.62,708144.3325958109
lightgbm,2024,2024-09-13,684372.294,678506.2752919056
lightgbm,2024,2024-09-14,603145.351,597142.9919903874
lightgbm,2024,2024-09-15,565914.59,569254.8458520492
lightgbm,2024,2024-09-16,677158.157,664322.742971914
lightgbm,2024,2024-09-17,693667.015,674184.2396799037
lightgbm,2024,2024-09-18,697682.109,687250.583099935
lightgbm,2024,2024-09-19,695367.747,682944.122677913
lightgbm,2024,2024-09-20,686311.435,673307.9396906208
lightgbm,2024,2024-09-21,612520.092,586991.5401535982
lightgbm,2024,2024-09-22,563714.064,559682.0422741538
lightgbm,2024,2024-09-23,658402.489,663567.1195885866
lightgbm,2024,2024-09-24,666549.893,680858.9615566494
lightgbm,2024,2024-09-25,690170.306,705637.3560831462
lightgbm,2024,2024-09-26,709563.671,706745.6672119178
lightgbm,2024,2024-09-27,681451.804,689835.1175031944
lightgbm,2024,2024-09-28,586411.756,595398.841020284
lightgbm,2024,2024-09-29,547130.07,548295.8233754934
lightgbm,2024,2024-09-30,651718.723,654971.2782624295
lightgbm,2024,2024-10-01,684612.618,679507.8738154859
lightgbm,2024,2024-10-02,704137.965,692780.6631472684
lightgbm,2024,2024-10-03,693438.927,683898.5073622763
lightgbm,2024,2024-10-04,675767.86,676826.9058860803
lightgbm,2024,2024-10-05,606869.229,607440.1381586483
lightgbm,2024,2024-10-06,577173.06,582958.9091503852
lightgbm,2024,2024-10-07,690070.631,665088.0076195729
lightgbm,2024,2024-10-08,690974.941,678634.139904019
lightgbm,2024,2024-10-09,688394.281,667818.5718918458
lightgbm,2024,2024-10-10,674602.585,661104.1554678412
lightgbm,2024,2024-10-11,664565.584,662665.2428828941
lightgbm,2024,2024-10-12,589272.325,559615.7417689302
lightgbm,2024,2024-10-13,549390.403,548672.5950225352
lightgbm,2024,2024-10-14,668027.312,635312.6283485444
lightgbm,2024,2024-10-15,693335.616,663216.5748008806
lightgbm,2024,2024-10-16,696267.98,666695.1628630954
lightgbm,2024,2024-10-17,689262.671,676696.6212268554
lightgbm,2024,2024-10-18,672083.364,664264.8397240876
lightgbm,2024,2024-10-19,592622.751,587362.289332096
lightgbm,2024,2024-10-20,556263.258,565887.3650515156
lightgbm,2024,2024-10-21,652929.134,664069.4973538083
lightgbm,2024,2024-10-22,677075.735,677999.4307398634
lightgbm,2024,2024-10-23,675029.303,691761.4994659061
lightgbm,2024,2024-10-24,675732.064,702101.9540880506
lightgbm,2024,2024-10-25,680753.442,697924.5125597821
lightgbm,2024,2024-10-26,600259.491,618460.3857472241
lightgbm,2024,2024-10-27,592818.011,601882.1808574639
lightgbm,2024,2024-10-28,674874.49,658557.4548024178
lightgbm,2024,2024-10-29,700574.099,680948.3209391333
lightgbm,2024,2024-10-30,687653.302,702075.464821355
lightgbm,2024,2024-10-31,666086.577,672644.8299832657
lightgbm,2024,2024-11-01,576955.641,601406.3865994511
lightgbm,2024,2024-11-02,573530.388,612900.5195282616
lightgbm,2024,2024-11-03,554206.328,588941.7641918611
lightgbm,2024,2024-11-04,651653.41,662822.2950325271
lightgbm,2024,2024-11-05,671008.768,691595.8005135669
lightgbm,2024,2024-11-06,674763.53,699607.936111655
lightgbm,2024,2024-11-07,675631.479,695295.6012048785
lightgbm,2024,2024-11-08,682336.02,696373.5305649994
lightgbm,2024,2024-11-09,603689.931,620418.1135335991
lightgbm,2024,2024-11-10,564790.043,574619.7676213948
lightgbm,2024,2024-11-11,667031.681,636382.5519609184
lightgbm,2024,2024-11-12,698667.79,707319.5417027086
lightgbm,2024,2024-11-13,729582.134,737034.7182874335
lightgbm,2024,2024-11-14,713120.292,709470.7477028433
lightgbm,2024,2024-11-15,704955.638,694542.1626594432
lightgbm,2024,2024-11-16,622878.804,623302.6426069987
lightgbm,2024,2024-11-17,578882.985,574862.123177608
lightgbm,2024,2024-11-18,682827.51,675592.249310129
lightgbm,2024,2024-11-19,698671.221,705416.0294558809
lightgbm,2024,2024-11-20,707107.296,710935.8677113308
lightgbm,2024,2024-11-21,723249.489,705182.5895682256
lightgbm,2024,2024-11-22,708584.877,695817.7225359046
lightgbm,2024,2024-11-23,627903.578,628748.6284177034
lightgbm,2024,2024-11-24,588974.226,583837.632607175
lightgbm,2024,2024-11-25,698078.343,690956.7086619032
lightgbm,2024,2024-11-26,720149.567,734153.6750081643
lightgbm,2024,2024-11-27,724324.978,733669.5851754457
lightgbm,2024,2024-11-28,730708.457,728038.4896115399
lightgbm,2024,2024-11-29,718561.576,721494.8164433081
lightgbm,2024,2024-11-30,635729.236,645139.3793685848
lightgbm,2024,2024-12-01,603031.577,619750.3394094735
lightgbm,2024,2024-12-02,706645.856,729539.2651326578
lightgbm,2024,2024-12-03,723815.781,749761.2017513887
lightgbm,2024,2024-12-04,733823.736,728395.3636221713
lightgbm,2024,2024-12-05,728678.452,737213.8866832021
lightgbm,2024,2024-12-06,634732.969,639971.0489356273
lightgbm,2024,2024-12-07,626204.107,643787.0721536141
lightgbm,2024,2024-12-08,618579.423,610889.4909539658
lightgbm,2024,2024-12-09,727630.736,757166.4373251462
lightgbm,2024,2024-12-10,781334.031,786016.0852915328
lightgbm,2024,2024-12-11,809721.081,779879.9480206189
lightgbm,2024,2024-12-12,805169.012,782377.8064235667
lightgbm,2024,2024-12-13,785137.193,765648.833125591
lightgbm,2024,2024-12-14,704828.445,698350.7177378729
lightgbm,2024,2024-12-15,672362.256,666315.4054680698
lightgbm,2024,2024-12-16,782975.415,802710.481139827
lightgbm,2024,2024-12-17,796202.148,796994.2294521374
lightgbm,2024,2024-12-18,781895.5,810971.799252897
lightgbm,2024,2024-12-19,769610.762,772897.6034757624
lightgbm,2024,2024-12-20,744247.659,757832.4556230765
lightgbm,2024,2024-12-21,674505.332,697195.0581702817
lightgbm,2024,2024-12-22,642593.443,612541.0702591251
lightgbm,2024,2024-12-23,690633.09,668430.844307642
lightgbm,2024,2024-12-24,642852.982,669524.2976670022
lightgbm,2024,2024-12-25,547482.617,556106.2030659829
lightgbm,2024,2024-12-26,643051.101,687266.4066285598
lightgbm,2024,2024-12-27,676247.896,713611.3307943458
lightgbm,2024,2024-12-28,642095.784,659904.2020555321
lightgbm,2024,2024-12-29,619712.688,628347.105048214
lightgbm,2024,2024-12-30,691924.592,702346.0765364527
lightgbm,2024,2024-12-31,666906.666,736469.2015728795
ensemble,2024,2024-01-01,555244.867,575439.7288037738
ensemble,2024,2024-01-02,703015.288,709731.5475700316
ensemble,2024,2024-01-03,721647.165,709855.6131206391
ensemble,2024,2024-01-04,726021.564,709404.1625583662
ensemble,2024,2024-01-05,697927.044,676648.9706635334
ensemble,2024,2024-01-06,614433.071,595721.2573999595
ensemble,2024,2024-01-07,637873.153,624895.2863477154
ensemble,2024,2024-01-08,784344.305,746739.2668061577
ensemble,2024,2024-01-09,811334.555,762569.2617499308
ensemble,2024,2024-01-10,818554.39,761167.7478298567
ensemble,2024,2024-01-11,808748.333,764600.4039249499
ensemble,2024,2024-01-12,805039.453,771952.068752665
ensemble,2024,2024-01-13,717299.596,694905.7396305966
ensemble,2024,2024-01-14,660467.647,630805.0116227529
ensemble,2024,2024-01-15,770268.23,752634.9394380408
ensemble,2024,2024-01-16,770386.472,758136.3849362396
ensemble,2024,2024-01-17,759854.347,773565.84227299
ensemble,2024,2024-01-18,742783.492,774060.171664496
ensemble,2024,2024-01-19,776526.605,768140.2859616218
ensemble,2024,2024-01-20,683033.933,699716.5125947213
ensemble,2024,2024-01-21,640605.651,663692.625720718
ensemble,2024,2024-01-22,756819.433,794268.8267100787
ensemble,2024,2024-01-23,753138.609,805284.6744163227
ensemble,2024,2024-01-24,740425.099,795022.195053773
ensemble,2024,2024-01-25,731835.908,796840.883626646
ensemble,2024,2024-01-26,723523.058,787770.0498468946
ensemble,2024,2024-01-27,637219.431,709780.0177774526
ensemble,2024,2024-01-28,600542.109,663442.210251429
ensemble,2024,2024-01-29,722022.961,773717.3681564574
ensemble,2024,2024-01-30,739056.741,789262.3300742963
ensemble,2024,2024-01-31,743579.224,799850.0228053419
ensemble,2024,2024-02-01,742360.015,784169.710537691
ensemble,2024,2024-02-02,732137.756,772151.0423450241
ensemble,2024,2024-02-03,645683.778,689700.5822726412
ensemble,2024,2024-02-04,603124.588,641115.8163691149
ensemble,2024,2024-02-05,723751.094,761864.7278769795
ensemble,2024,2024-02-06,737643.259,781370.8368876012
ensemble,2024,2024-02-07,749239.087,778172.1102029579
ensemble,2024,2024-02-08,753771.808,769212.0837939517
ensemble,2024,2024-02-09,755078.183,764638.1357719762
ensemble,2024,2024-02-10,663286.901,685015.8039163359
ensemble,2024,2024-02-11,637388.013,648571.8572891615
ensemble,2024,2024-02-12,714805.293,745160.0898307109
ensemble,2024,2024-02-13,711774.274,758177.9110962342
ensemble,2024,2024-02-14,720159.286,752250.7785336329
ensemble,2024,2024-02-15,729110.689,747264.1173089789
ensemble,2024,2024-02-16,717799.65,738816.0425671679
ensemble,2024,2024-02-17,624221.905,660791.1749196714
ensemble,2024,2024-02-18,584974.522,614559.6879982905
ensemble,2024,2024-02-19,689633.162,716721.8931457326
ensemble,2024,2024-02-20,701883.264,732147.1454248171
ensemble,2024,2024-02-21,717459.193,736049.1360121621
ensemble,2024,2024-02-22,727081.55,739380.168341858
ensemble,2024,2024-02-23,724628.099,746557.4715953167
ensemble,2024,2024-02-24,657800.038,678190.3941983659
ensemble,2024,2024-02-25,626143.633,625830.5871463973
ensemble,2024,2024-02-26,730573.86,748840.2940898103
ensemble,2024,2024-02-27,746142.904,771449.5424736192
ensemble,2024,2024-02-28,732016.128,775131.69067251
ensemble,2024,2024-02-29,735852.499,774854.4130745096
ensemble,2024,2024-03-01,729467.223,759738.069710379
ensemble,2024,2024-03-02,666467.109,672724.012671418
ensemble,2024,2024-03-03,621709.846,640831.0672392774
ensemble,2024,2024-03-04,737435.932,737701.2964389166
ensemble,2024,2024-03-05,723424.215,746514.8375504086
ensemble,2024,2024-03-06,729789.252,744994.5504492125
ensemble,2024,2024-03-07,746093.475,733813.490241801
ensemble,2024,2024-03-08,749031.934,720903.527310974
ensemble,2024,2024-03-09,692419.871,641170.3181103315
ensemble,2024,2024-03-10,627303.729,591696.9251011404
ensemble,2024,2024-03-11,717439.261,697074.7222157457
ensemble,2024,2024-03-12,716317.541,711350.577240785
ensemble,2024,2024-03-13,716865.216,711104.7914130957
ensemble,2024,2024-03-14,717487.516,710559.9518604008
ensemble,2024,2024-03-15,698375.264,701419.4351974012
ensemble,2024,2024-03-16,619190.554,619472.3307047192
ensemble,2024,2024-03-17,571959.711,561840.7826545507
ensemble,2024,2024-03-18,656466.182,659572.1973878333
ensemble,2024,2024-03-19,650942.94,674339.1524484633
ensemble,2024,2024-03-20,677715.876,673203.2407158777
ensemble,2024,2024-03-21,684131.084,662576.7672765773
ensemble,2024,2024-03-22,675156.316,657186.9257029715
ensemble,2024,2024-03-23,603767.889,590997.4763086839
ensemble,2024,2024-03-24,563702.618,544243.3568671154
ensemble,2024,2024-03-25,685192.419,657967.1192691461
ensemble,2024,2024-03-26,699802.428,695438.964350803
ensemble,2024,2024-03-27,695408.52,688910.8281775407
ensemble,2024,2024-03-28,617996.902,674925.5090851727
ensemble,2024,2024-03-29,573029.121,607187.7230590478
ensemble,2024,2024-03-30,588708.264,628269.9247613162
ensemble,2024,2024-03-31,561847.85,583817.4661240053
ensemble,2024,2024-04-01,623303.276,679489.3066525714
ensemble,2024,2024-04-02,694646.131,699287.4366340643
ensemble,2024,2024-04-03,688565.412,682748.5170598972
ensemble,2024,2024-04-04,677501.897,643952.66962953
ensemble,2024,2024-04-05,671728.963,624240.1915061274
ensemble,2024,2024-04-06,604539.804,571045.1499062692
ensemble,2024,2024-04-07,561830.999,525083.6403581826
ensemble,2024,2024-04-08,657510.236,607505.0209922268
ensemble,2024,2024-04-09,668332.691,665477.3936772303
ensemble,2024,2024-04-10,668277.546,676777.7431456536
ensemble,2024,2024-04-11,666051.0,653689.4257655158
ensemble,2024,2024-04-12,664534.289,646475.418260251
ensemble,2024,2024-04-13,585627.137,575647.4872281983
ensemble,2024,2024-04-14,543795.772,536338.5907224029
ensemble,2024,2024-04-15,648467.3,624910.7005200248
ensemble,2024,2024-04-16,666104.149,650204.3191896289
ensemble,2024,2024-04-17,661868.183,660823.4500057156
ensemble,2024,2024-04-18,666332.603,665174.5878569968
ensemble,2024,2024-04-19,663124.782,666747.9489345291
ensemble,2024,2024-04-20,589557.074,600353.5438490888
ensemble,2024,2024-04-21,546008.854,554743.6721388856
ensemble,2024,2024-04-22,651354.591,655322.8117656325
ensemble,2024,2024-04-23,667541.496,686591.998842949
ensemble,2024,2024-04-24,675674.227,691781.4667845935
ensemble,2024,2024-04-25,691514.386,690545.0270433646
ensemble,2024,2024-04-26,675506.739,686418.5513694517
ensemble,2024,2024-04-27,611988.992,612007.9832917653
ensemble,2024,2024-04-28,568776.214,563436.6187559454
ensemble,2024,2024-04-29,672239.614,626176.9723240131
ensemble,2024,2024-04-30,665002.708,671194.4780124604
ensemble,2024,2024-05-01,568495.068,605666.3511470432
ensemble,2024,2024-05-02,635501.984,691800.6714205107
ensemble,2024,2024-05-03,652238.521,681683.3521611932
ensemble,2024,2024-05-04,593627.948,603855.5652541328
ensemble,2024,2024-05-05,555852.311,553224.4945315454
ensemble,2024,2024-05-06,648228.123,650871.8076564419
ensemble,2024,2024-05-07,652583.945,674015.0899053116
ensemble,2024,2024-05-08,658873.053,678782.7676452687
ensemble,2024,2024-05-09,655891.305,672277.0890050516
ensemble,2024,2024-05-10,645699.657,670821.3257564342
ensemble,2024,2024-05-11,580019.888,601773.5552557234
ensemble,2024,2024-05-12,541009.031,555051.3844320931
ensemble,2024,2024-05-13,646028.397,652474.9715347295
ensemble,2024,2024-05-14,665540.527,675013.3516174617
ensemble,2024,2024-05-15,655349.807,679961.2072501282
ensemble,2024,2024-05-16,661439.853,680847.907464518
ensemble,2024,2024-05-17,652048.475,672089.1150982933
ensemble,2024,2024-05-18,584137.337,596184.7834048554
ensemble,2024,2024-05-19,545024.052,553124.0064750033
ensemble,2024,2024-05-20,632021.971,657529.2899689404
ensemble,2024,2024-05-21,656109.774,676635.7270978099
ensemble,2024,2024-05-22,659114.186,680120.5015226927
ensemble,2024,2024-05-23,657885.535,677276.8501412986
ensemble,2024,2024-05-24,652663.71,670144.8902498957
ensemble,2024,2024-05-25,584566.506,594231.2998551942
ensemble,2024,2024-05-26,543898.242,550774.8896851853
ensemble,2024,2024-05-27,656440.291,650841.3012533858
ensemble,2024,2024-05-28,665817.233,674181.1837186756
ensemble,2024,2024-05-29,678938.262,684521.440883937
ensemble,2024,2024-05-30,684233.4,695125.051069954
ensemble,2024,2024-05-31,672026.119,676528.9894856532
ensemble,2024,2024-06-01,605685.889,600234.0668563704
ensemble,2024,2024-06-02,560792.014,553563.6102726978
ensemble,2024,2024-06-03,664249.663,662072.188735867
ensemble,2024,2024-06-04,676223.208,692340.9036850786
ensemble,2024,2024-06-05,690706.326,708744.854804003
ensemble,2024,2024-06-06,709405.629,714837.0551758776
ensemble,2024,2024-06-07,709081.52,709087.4659069227
ensemble,2024,2024-06-08,625017.26,618118.7655256498
ensemble,2024,2024-06-09,564689.066,567709.7654246764
ensemble,2024,2024-06-10,667360.68,676830.9230583544
ensemble,2024,2024-06-11,675023.098,691862.6630758053
ensemble,2024,2024-06-12,669532.698,693982.0606817184
ensemble,2024,2024-06-13,656769.75,699080.9573363842
ensemble,2024,2024-06-14,674206.766,703306.8016075095
ensemble,2024,2024-06-15,601068.708,623876.4697082605
ensemble,2024,2024-06-16,561514.511,574243.8811370833
ensemble,2024,2024-06-17,681820.916,691082.1608007966
ensemble,2024,2024-06-18,699419.396,708052.2253460843
ensemble,2024,2024-06-19,690884.271,712590.9164309514
ensemble,2024,2024-06-20,684434.641,708530.3935432514
ensemble,2024,2024-06-21,669689.165,701251.6784080894
ensemble,2024,2024-06-22,608838.516,622110.1970063114
ensemble,2024,2024-06-23,569494.463,593914.4085815741
ensemble,2024,2024-06-24,649416.806,722027.9457698624
ensemble,2024,2024-06-25,712922.105,751502.9623612403
ensemble,2024,2024-06-26,717892.384,755188.3372704661
ensemble,2024,2024-06-27,721054.708,751008.9554099754
ensemble,2024,2024-06-28,715511.219,734272.4001089437
ensemble,2024,2024-06-29,630142.827,643839.9408019133
ensemble,2024,2024-06-30,584627.364,601846.3532043727
ensemble,2024,2024-07-01,681409.249,719697.3910645234
ensemble,2024,2024-07-02,703491.606,736917.2797645433
ensemble,2024,2024-07-03,721171.089,748231.3575522936
ensemble,2024,2024-07-04,741981.107,755889.672858708
ensemble,2024,2024-07-05,744021.161,763103.1049250899
ensemble,2024,2024-07-06,655275.862,677176.0433068983
ensemble,2024,2024-07-07,592880.387,616032.826907427
ensemble,2024,2024-07-08,704684.064,755640.2325314344
ensemble,2024,2024-07-09,735322.24,792593.8215123158
ensemble,2024,2024-07-10,756032.335,803616.2141465017
ensemble,2024,2024-07-11,784406.465,812850.1118484213
ensemble,2024,2024-07-12,774064.671,798556.2841861914
ensemble,2024,2024-07-13,669619.273,690360.3319028529
ensemble,2024,2024-07-14,619815.61,643546.647957683
ensemble,2024,2024-07-15,746760.75,769974.0787846182
ensemble,2024,2024-07-16,761435.351,797346.5685817754
ensemble,2024,2024-07-17,769574.128,804704.587730777
ensemble,2024,2024-07-18,788334.388,809215.9392879354
ensemble,2024,2024-07-19,798658.134,806493.6520439998
ensemble,2024,2024-07-20,713125.299,716574.6984776064
ensemble,2024,2024-07-21,642305.943,652898.8255317826
ensemble,2024,2024-07-22,742688.427,767858.2878384624
ensemble,2024,2024-07-23,783735.147,784000.494010541
ensemble,2024,2024-07-24,806576.408,795638.9688084092
ensemble,2024,2024-07-25,773955.13,796870.5935475655
ensemble,2024,2024-07-26,773590.842,778762.2026734361
ensemble,2024,2024-07-27,703718.397,713632.1700360896
ensemble,2024,2024-07-28,669515.361,679740.9782039634
ensemble,2024,2024-07-29,795661.898,773170.7026993824
ensemble,2024,2024-07-30,814439.123,800440.5442216677
ensemble,2024,2024-07-31,808446.346,807788.281054291
ensemble,2024,2024-08-01,822334.593,784108.230675591
ensemble,2024,2024-08-02,796742.399,742867.0050173131
ensemble,2024,2024-08-03,700122.36,660479.3109681486
ensemble,2024,2024-08-04,664411.431,633609.1815353973
ensemble,2024,2024-08-05,759002.69,727295.7709780923
ensemble,2024,2024-08-06,771423.581,752890.6343236637
ensemble,2024,2024-08-07,772073.249,755365.3562104733
ensemble,2024,2024-08-08,772401.538,758314.0866594953
ensemble,2024,2024-08-09,772935.824,758215.5596091313
ensemble,2024,2024-08-10,713464.803,696905.94104191
ensemble,2024,2024-08-11,671701.722,649581.3284639999
ensemble,2024,2024-08-12,750014.535,716241.7770399083
ensemble,2024,2024-08-13,737828.997,690871.8584005092
ensemble,2024,2024-08-14,702725.921,710703.4489924627
ensemble,2024,2024-08-15,617541.371,648772.965974973
ensemble,2024,2024-08-16,655090.386,704996.7261880772
ensemble,2024,2024-08-17,647929.123,668280.7696828969
ensemble,2024,2024-08-18,628945.697,630480.5116607584
ensemble,2024,2024-08-19,712297.821,739458.4918489252
ensemble,2024,2024-08-20,732700.795,768466.0528359959
ensemble,2024,2024-08-21,742774.409,772210.5603155466
ensemble,2024,2024-08-22,749146.713,783005.6686837627
ensemble,2024,2024-08-23,743446.72,776145.8706373373
ensemble,2024,2024-08-24,688878.926,696885.4319980525
ensemble,2024,2024-08-25,647915.767,610513.938389394
ensemble,2024,2024-08-26,738601.944,698605.8217852394
ensemble,2024,2024-08-27,765981.401,724710.077580627
ensemble,2024,2024-08-28,777702.507,729566.3552398559
ensemble,2024,2024-08-29,767391.885,719590.2941427194
ensemble,2024,2024-08-30,754877.136,710772.5529187206
ensemble,2024,2024-08-31,679489.19,635895.079203649
ensemble,2024,2024-09-01,635520.797,597006.428698976
ensemble,2024,2024-09-02,747148.328,706423.5861356211
ensemble,2024,2024-09-03,749492.829,710963.619758356
ensemble,2024,2024-09-04,724877.568,711870.5455408742
ensemble,2024,2024-09-05,711286.885,715585.5716936191
ensemble,2024,2024-09-06,713336.528,701807.1338790146
ensemble,2024,2024-09-07,627865.294,624298.5904003559
ensemble,2024,2024-09-08,586439.281,580714.3332282227
ensemble,2024,2024-09-09,678959.577,674090.6289520514
ensemble,2024,2024-09-10,702676.435,703544.5964874324
ensemble,2024,2024-09-11,690262.905,701668.9397867857
ensemble,2024,2024-09-12,712003.62,710496.4029803275
ensemble,2024,2024-09-13,684372.294,696170.6915394715
ensemble,2024,2024-09-14,603145.351,611477.1430674276
ensemble,2024,2024-09-15,565914.59,573135.6179303121
ensemble,2024,2024-09-16,677158.157,672204.4813213819
ensemble,2024,2024-09-17,693667.015,687790.8652833117
ensemble,2024,2024-09-18,697682.109,691882.771256432
ensemble,2024,2024-09-19,695367.747,689678.9031317417
ensemble,2024,2024-09-20,686311.435,676054.4449929143
ensemble,2024,2024-09-21,612520.092,594473.5064666651
ensemble,2024,2024-09-22,563714.064,556270.6809981847
ensemble,2024,2024-09-23,658402.489,661960.5167775834
ensemble,2024,2024-09-24,666549.893,683812.2015018935
ensemble,2024,2024-09-25,690170.306,696675.4483559636
ensemble,2024,2024-09-26,709563.671,696936.9685877379
ensemble,2024,2024-09-27,681451.804,687294.4905496892
ensemble,2024,2024-09-28,586411.756,608508.9152462028
ensemble,2024,2024-09-29,547130.07,558985.6230962081
ensemble,2024,2024-09-30,651718.723,667689.4639813262
ensemble,2024,2024-10-01,684612.618,687594.4785439259
ensemble,2024,2024-10-02,704137.965,693767.1874319118
ensemble,2024,2024-10-03,693438.927,689722.1507380853
ensemble,2024,2024-10-04,675767.86,685657.1869914171
ensemble,2024,2024-10-05,606869.229,609445.1497210863
ensemble,2024,2024-10-06,577173.06,568701.1668201191
ensemble,2024,2024-10-07,690070.631,662290.6337204395
ensemble,2024,2024-10-08,690974.941,680217.5022486076
ensemble,2024,2024-10-09,688394.281,675337.0709714015
ensemble,2024,2024-10-10,674602.585,637985.7749911059
ensemble,2024,2024-10-11,664565.584,653697.2920254729
ensemble,2024,2024-10-12,589272.325,546509.1878536949
ensemble,2024,2024-10-13,549390.403,544296.9150752554
ensemble,2024,2024-10-14,668027.312,648393.2825839092
ensemble,2024,2024-10-15,693335.616,674137.868134491
ensemble,2024,2024-10-16,696267.98,678184.7597974731
ensemble,2024,2024-10-17,689262.671,686085.656245004
ensemble,2024,2024-10-18,672083.364,674638.760315436
ensemble,2024,2024-10-19,592622.751,588430.9525319849
ensemble,2024,2024-10-20,556263.258,552801.9027601604
ensemble,2024,2024-10-21,652929.134,657397.3197256603
ensemble,2024,2024-10-22,677075.735,674179.5030451278
ensemble,2024,2024-10-23,675029.303,685434.1755878312
ensemble,2024,2024-10-24,675732.064,692222.0924743289
ensemble,2024,2024-10-25,680753.442,686992.5473774592
ensemble,2024,2024-10-26,600259.491,615465.2743206128
ensemble,2024,2024-10-27,592818.011,590657.8119598575
ensemble,2024,2024-10-28,674874.49,665460.5339458017
ensemble,2024,2024-10-29,700574.099,680809.4103495692
ensemble,2024,2024-10-30,687653.302,659760.0220590817
ensemble,2024,2024-10-31,666086.577,678080.4468245679
ensemble,2024,2024-11-01,576955.641,621252.6537514342
ensemble,2024,2024-11-02,573530.388,613849.6813856772
ensemble,2024,2024-11-03,554206.328,572714.3876763257
ensemble,2024,2024-11-04,651653.41,667874.7423520494
ensemble,2024,2024-11-05,671008.768,691243.6444270638
ensemble,2024,2024-11-06,674763.53,700670.2564147465
ensemble,2024,2024-11-07,675631.479,695822.5669636369
ensemble,2024,2024-11-08,682336.02,696373.297668763
ensemble,2024,2024-11-09,603689.931,620342.8104751806
ensemble,2024,2024-11-10,564790.043,570594.7134049259
ensemble,2024,2024-11-11,667031.681,662391.2855650409
ensemble,2024,2024-11-12,698667.79,700956.6048798179
ensemble,2024,2024-11-13,729582.134,719367.9192390852
ensemble,2024,2024-11-14,713120.292,703567.688699612
ensemble,2024,2024-11-15,704955.638,690429.7947664196
ensemble,2024,2024-11-16,622878.804,617193.6383448066
ensemble,2024,2024-11-17,578882.985,570890.6324405203
ensemble,2024,2024-11-18,682827.51,679427.3170598788
ensemble,2024,2024-11-19,698671.221,705163.9060624583
ensemble,2024,2024-11-20,707107.296,710044.5908649518
ensemble,2024,2024-11-21,723249.489,711757.1306721778
ensemble,2024,2024-11-22,708584.877,707845.6876884248
ensemble,2024,2024-11-23,627903.578,635531.6428159095
ensemble,2024,2024-11-24,588974.226,591345.5586117001
ensemble,2024,2024-11-25,698078.343,701795.6400622084
ensemble,2024,2024-11-26,720149.567,738530.6059604356
ensemble,2024,2024-11-27,724324.978,741876.6124421974
ensemble,2024,2024-11-28,730708.457,736308.38879034
ensemble,2024,2024-11-29,718561.576,729969.0072329867
ensemble,2024,2024-11-30,635729.236,652049.3639755854
ensemble,2024,2024-12-01,603031.577,620579.3973142345
ensemble,2024,2024-12-02,706645.856,733926.5841601836
ensemble,2024,2024-12-03,723815.781,750977.0322521277
ensemble,2024,2024-12-04,733823.736,717938.8978918145
ensemble,2024,2024-12-05,728678.452,732610.504596826
ensemble,2024,2024-12-06,634732.969,638565.364775298
ensemble,2024,2024-12-07,626204.107,646780.5973594974
ensemble,2024,2024-12-08,618579.423,616148.5770503433
ensemble,2024,2024-12-09,727630.736,741314.4247339236
ensemble,2024,2024-12-10,781334.031,766887.6929514133
ensemble,2024,2024-12-11,809721.081,767437.8932860601
ensemble,2024,2024-12-12,805169.012,766318.8729162827
ensemble,2024,2024-12-13,785137.193,754716.5918925736
ensemble,2024,2024-12-14,704828.445,682105.1831753225
ensemble,2024,2024-12-15,672362.256,645370.1699053181
ensemble,2024,2024-12-16,782975.415,767230.1991649163
ensemble,2024,2024-12-17,796202.148,776197.2946088667
ensemble,2024,2024-12-18,781895.5,778513.7899903622
ensemble,2024,2024-12-19,769610.762,746691.5997837447
ensemble,2024,2024-12-20,744247.659,734666.8507889906
ensemble,2024,2024-12-21,674505.332,664891.4978832336
ensemble,2024,2024-12-22,642593.443,599872.6445382404
ensemble,2024,2024-12-23,690633.09,635585.5663691116
ensemble,2024,2024-12-24,642852.982,677878.98217631
ensemble,2024,2024-12-25,547482.617,601924.3905728846
ensemble,2024,2024-12-26,643051.101,700523.9094506456
ensemble,2024,2024-12-27,676247.896,705568.2987465508
ensemble,2024,2024-12-28,642095.784,642861.0194129645
ensemble,2024,2024-12-29,619712.688,609323.9087780231
ensemble,2024,2024-12-30,691924.592,653348.2941283263
ensemble,2024,2024-12-31,666906.666,723634.592034293
naive_semanal,2025,2025-01-01,585942.98,721647.165
naive_semanal,2025,2025-01-02,714746.165,726021.564
naive_semanal,2025,2025-01-03,743131.902,697927.044
naive_semanal,2025,2025-01-04,672654.205,614433.071
naive_semanal,2025,2025-01-05,637473.016,637873.153
naive_semanal,2025,2025-01-06,612375.246,784344.305
naive_semanal,2025,2025-01-07,761126.956,811334.555
naive_semanal,2025,2025-01-08,785457.969,818554.39
naive_semanal,2025,2025-01-09,766861.319,808748.333
naive_semanal,2025,2025-01-10,758349.049,805039.453
naive_semanal,2025,2025-01-11,670140.941,717299.596
naive_semanal,2025,2025-01-12,627798.603,660467.647
naive_semanal,2025,2025-01-13,770960.273,770268.23
naive_semanal,2025,2025-01-14,811334.506,770386.472
naive_semanal,2025,2025-01-15,825272.872,759854.347
naive_semanal,2025,2025-01-16,837533.046,742783.492
naive_semanal,2025,2025-01-17,823171.174,776526.605
naive_semanal,2025,2025-01-18,721462.081,683033.933
naive_semanal,2025,2025-01-19,686072.784,640605.651
naive_semanal,2025,2025-01-20,814665.825,756819.433
naive_semanal,2025,2025-01-21,816068.543,753138.609
naive_semanal,2025,2025-01-22,786025.216,740425.099
naive_semanal,2025,2025-01-23,763306.352,731835.908
naive_semanal,2025,2025-01-24,754465.345,723523.058
naive_semanal,2025,2025-01-25,677659.658,637219.431
naive_semanal,2025,2025-01-26,639514.665,600542.109
naive_semanal,2025,2025-01-27,745544.984,722022.961
naive_semanal,2025,2025-01-28,776292.423,739056.741
naive_semanal,2025,2025-01-29,797240.69,743579.224
naive_semanal,2025,2025-01-30,783496.217,742360.015
naive_semanal,2025,2025-01-31,772257.643,732137.756
naive_semanal,2025,2025-02-01,695742.806,645683.778
naive_semanal,2025,2025-02-02,659166.289,603124.588
naive_semanal,2025,2025-02-03,768751.535,723751.094
naive_semanal,2025,2025-02-04,782615.522,737643.259
naive_semanal,2025,2025-02-05,782147.842,749239.087
naive_semanal,2025,2025-02-06,786399.816,753771.808
naive_semanal,2025,2025-02-07,796255.651,755078.183
naive_semanal,2025,2025-02-08,689583.624,663286.901
naive_semanal,2025,2025-02-09,647247.053,637388.013
naive_semanal,2025,2025-02-10,757836.189,714805.293
naive_semanal,2025,2025-02-11,765437.268,711774.274
naive_semanal,2025,2025-02-12,773734.442,720159.286
naive_semanal,2025,2025-02-13,757461.905,729110.689
naive_semanal,2025,2025-02-14,735597.658,717799.65
naive_semanal,2025,2025-02-15,663818.4,624221.905
naive_semanal,2025,2025-02-16,612138.615,584974.522
naive_semanal,2025,2025-02-17,714984.452,689633.162
naive_semanal,2025,2025-02-18,741638.655,701883.264
naive_semanal,2025,2025-02-19,729534.345,717459.193
naive_semanal,2025,2025-02-20,730459.658,727081.55
naive_semanal,2025,2025-02-21,739860.672,724628.099
naive_semanal,2025,2025-02-22,654390.89,657800.038
naive_semanal,2025,2025-02-23,607511.781,626143.633
naive_semanal,2025,2025-02-24,721880.389,730573.86
naive_semanal,2025,2025-02-25,746983.888,746142.904
naive_semanal,2025,2025-02-26,730095.38,732016.128
naive_semanal,2025,2025-02-27,744246.435,735852.499
naive_semanal,2025,2025-02-28,728757.572,729467.223
naive_semanal,2025,2025-03-01,674291.083,666467.109
naive_semanal,2025,2025-03-02,650355.572,621709.846
naive_semanal,2025,2025-03-03,754992.978,737435.932
naive_semanal,2025,2025-03-04,744701.905,723424.215
naive_semanal,2025,2025-03-05,752590.785,729789.252
naive_semanal,2025,2025-03-06,749727.851,746093.475
naive_semanal,2025,2025-03-07,753102.249,749031.934
naive_semanal,2025,2025-03-08,671410.611,692419.871
naive_semanal,2025,2025-03-09,620610.269,627303.729
naive_semanal,2025,2025-03-10,734548.538,717439.261
naive_semanal,2025,2025-03-11,747118.253,716317.541
naive_semanal,2025,2025-03-12,739764.977,716865.216
naive_semanal,2025,2025-03-13,763441.839,717487.516
naive_semanal,2025,2025-03-14,768965.713,698375.264
naive_semanal,2025,2025-03-15,670593.774,619190.554
naive_semanal,2025,2025-03-16,639750.189,571959.711
naive_semanal,2025,2025-03-17,762507.034,656466.182
naive_semanal,2025,2025-03-18,770388.213,650942.94
naive_semanal,2025,2025-03-19,732948.831,677715.876
naive_semanal,2025,2025-03-20,748489.404,684131.084
naive_semanal,2025,2025-03-21,741574.845,675156.316
naive_semanal,2025,2025-03-22,655240.105,603767.889
naive_semanal,2025,2025-03-23,623984.664,563702.618
naive_semanal,2025,2025-03-24,731931.312,685192.419
naive_semanal,2025,2025-03-25,733633.334,699802.428
naive_semanal,2025,2025-03-26,717710.69,695408.52
naive_semanal,2025,2025-03-27,709253.992,617996.902
naive_semanal,2025,2025-03-28,690335.115,573029.121
naive_semanal,2025,2025-03-29,611762.084,588708.264
naive_semanal,2025,2025-03-30,545041.522,561847.85
naive_semanal,2025,2025-03-31,662374.383,623303.276
naive_semanal,2025,2025-04-01,675970.718,694646.131
naive_semanal,2025,2025-04-02,703596.661,688565.412
naive_semanal,2025,2025-04-03,718753.316,677501.897
naive_semanal,2025,2025-04-04,708149.497,671728.963
naive_semanal,2025,2025-04-05,613267.03,604539.804
naive_semanal,2025,2025-04-06,563258.408,561830.999
naive_semanal,2025,2025-04-07,658503.168,657510.236
naive_semanal,2025,2025-04-08,665345.094,668332.691
naive_semanal,2025,2025-04-09,665082.802,668277.546
naive_semanal,2025,2025-04-10,669485.926,666051.0
naive_semanal,2025,2025-04-11,681170.848,664534.289
naive_semanal,2025,2025-04-12,615576.921,585627.137
naive_semanal,2025,2025-04-13,566161.185,543795.772
naive_semanal,2025,2025-04-14,662868.148,648467.3
naive_semanal,2025,2025-04-15,681884.426,666104.149
naive_semanal,2025,2025-04-16,673293.59,661868.183
naive_semanal,2025,2025-04-17,592381.044,666332.603
naive_semanal,2025,2025-04-18,552534.757,663124.782
naive_semanal,2025,2025-04-19,567411.461,589557.074
naive_semanal,2025,2025-04-20,545602.352,546008.854
naive_semanal,2025,2025-04-21,595976.349,651354.591
naive_semanal,2025,2025-04-22,666864.958,667541.496
naive_semanal,2025,2025-04-23,653356.505,675674.227
naive_semanal,2025,2025-04-24,654811.42,691514.386
naive_semanal,2025,2025-04-25,657751.21,675506.739
naive_semanal,2025,2025-04-26,586878.013,611988.992
naive_semanal,2025,2025-04-27,541776.286,568776.214
naive_semanal,2025,2025-04-28,403207.036,672239.614
naive_semanal,2025,2025-04-29,589642.502,665002.708
naive_semanal,2025,2025-04-30,643781.367,568495.068
naive_semanal,2025,2025-05-01,545263.484,635501.984
naive_semanal,2025,2025-05-02,591365.627,652238.521
naive_semanal,2025,2025-05-03,560793.506,593627.948
naive_semanal,2025,2025-05-04,533549.476,555852.311
naive_semanal,2025,2025-05-05,648639.197,648228.123
naive_semanal,2025,2025-05-06,657786.189,652583.945
naive_semanal,2025,2025-05-07,659535.192,658873.053
naive_semanal,2025,2025-05-08,668893.553,655891.305
naive_semanal,2025,2025-05-09,666485.073,645699.657
naive_semanal,2025,2025-05-10,590369.102,580019.888
naive_semanal,2025,2025-05-11,545248.668,541009.031
naive_semanal,2025,2025-05-12,643297.354,646028.397
naive_semanal,2025,2025-05-13,660055.296,665540.527
naive_semanal,2025,2025-05-14,672274.468,655349.807
naive_semanal,2025,2025-05-15,658394.862,661439.853
naive_semanal,2025,2025-05-16,648923.956,652048.475
naive_semanal,2025,2025-05-17,571024.884,584137.337
naive_semanal,2025,2025-05-18,535072.434,545024.052
naive_semanal,2025,2025-05-19,643248.447,632021.971
naive_semanal,2025,2025-05-20,652858.323,656109.774
naive_semanal,2025,2025-05-21,664126.551,659114.186
naive_semanal,2025,2025-05-22,668934.761,657885.535
naive_semanal,2025,2025-05-23,662370.423,652663.71
naive_semanal,2025,2025-05-24,576278.854,584566.506
naive_semanal,2025,2025-05-25,541833.367,543898.242
naive_semanal,2025,2025-05-26,656907.772,656440.291
naive_semanal,2025,2025-05-27,673937.417,665817.233
naive_semanal,2025,2025-05-28,690657.01,678938.262
naive_semanal,2025,2025-05-29,705618.351,684233.4
naive_semanal,2025,2025-05-30,715806.08,672026.119
naive_semanal,2025,2025-05-31,642661.771,605685.889
naive_semanal,2025,2025-06-01,601403.207,560792.014
naive_semanal,2025,2025-06-02,708803.44,664249.663
naive_semanal,2025,2025-06-03,702262.944,676223.208
naive_semanal,2025,2025-06-04,695659.883,690706.326
naive_semanal,2025,2025-06-05,699779.839,709405.629
naive_semanal,2025,2025-06-06,702444.921,709081.52
naive_semanal,2025,2025-06-07,629746.725,625017.26
naive_semanal,2025,2025-06-08,597725.404,564689.066
naive_semanal,2025,2025-06-09,710918.962,667360.68
naive_semanal,2025,2025-06-10,754696.984,675023.098
naive_semanal,2025,2025-06-11,752899.496,669532.698
naive_semanal,2025,2025-06-12,735130.474,656769.75
naive_semanal,2025,2025-06-13,741270.425,674206.766
naive_semanal,2025,2025-06-14,662642.834,601068.708
naive_semanal,2025,2025-06-15,627012.243,561514.511
naive_semanal,2025,2025-06-16,755796.389,681820.916
naive_semanal,2025,2025-06-17,789539.344,699419.396
naive_semanal,2025,2025-06-18,798771.575,690884.271
naive_semanal,2025,2025-06-19,800371.54,684434.641
naive_semanal,2025,2025-06-20,799043.803,669689.165
naive_semanal,2025,2025-06-21,716688.135,608838.516
naive_semanal,2025,2025-06-22,668192.776,569494.463
naive_semanal,2025,2025-06-23,768928.351,649416.806
naive_semanal,2025,2025-06-24,756417.62,712922.105
naive_semanal,2025,2025-06-25,779196.977,717892.384
naive_semanal,2025,2025-06-26,789344.14,721054.708
naive_semanal,2025,2025-06-27,805524.442,715511.219
naive_semanal,2025,2025-06-28,735838.704,630142.827
naive_semanal,2025,2025-06-29,706151.373,584627.364
naive_semanal,2025,2025-06-30,836439.201,681409.249
naive_semanal,2025,2025-07-01,855802.483,703491.606
naive_semanal,2025,2025-07-02,859922.841,721171.089
naive_semanal,2025,2025-07-03,856473.621,741981.107
naive_semanal,2025,2025-07-04,840845.187,744021.161
naive_semanal,2025,2025-07-05,745107.989,655275.862
naive_semanal,2025,2025-07-06,687730.918,592880.387
naive_semanal,2025,2025-07-07,801641.548,704684.064
naive_semanal,2025,2025-07-08,793529.934,735322.24
naive_semanal,2025,2025-07-09,808754.42,756032.335
naive_semanal,2025,2025-07-10,803389.452,784406.465
naive_semanal,2025,2025-07-11,786953.002,774064.671
naive_semanal,2025,2025-07-12,670387.31,669619.273
naive_semanal,2025,2025-07-13,613937.491,619815.61
naive_semanal,2025,2025-07-14,761045.663,746760.75
naive_semanal,2025,2025-07-15,795849.912,761435.351
naive_semanal,2025,2025-07-16,815078.448,769574.128
naive_semanal,2025,2025-07-17,838007.023,788334.388
naive_semanal,2025,2025-07-18,819513.995,798658.134
naive_semanal,2025,2025-07-19,710737.397,713125.299
naive_semanal,2025,2025-07-20,658769.157,642305.943
naive_semanal,2025,2025-07-21,757112.828,742688.427
naive_semanal,2025,2025-07-22,774126.042,783735.147
naive_semanal,2025,2025-07-23,788231.74,806576.408
naive_semanal,2025,2025-07-24,748388.251,773955.13
naive_semanal,2025,2025-07-25,690451.027,773590.842
naive_semanal,2025,2025-07-26,643741.119,703718.397
naive_semanal,2025,2025-07-27,620654.224,669515.361
naive_semanal,2025,2025-07-28,735074.432,795661.898
naive_semanal,2025,2025-07-29,729341.445,814439.123
naive_semanal,2025,2025-07-30,736753.706,808446.346
naive_semanal,2025,2025-07-31,736861.508,822334.593
naive_semanal,2025,2025-08-01,738032.959,796742.399
naive_semanal,2025,2025-08-02,669897.493,700122.36
naive_semanal,2025,2025-08-03,632149.078,664411.431
naive_semanal,2025,2025-08-04,736161.938,759002.69
naive_semanal,2025,2025-08-05,735478.609,771423.581
naive_semanal,2025,2025-08-06,738187.733,772073.249
naive_semanal,2025,2025-08-07,756224.724,772401.538
naive_semanal,2025,2025-08-08,754852.392,772935.824
naive_semanal,2025,2025-08-09,694991.226,713464.803
naive_semanal,2025,2025-08-10,664339.049,671701.722
naive_semanal,2025,2025-08-11,769184.367,750014.535
naive_semanal,2025,2025-08-12,788507.462,737828.997
naive_semanal,2025,2025-08-13,783296.53,702725.921
naive_semanal,2025,2025-08-14,767851.607,617541.371
naive_semanal,2025,2025-08-15,694235.587,655090.386
naive_semanal,2025,2025-08-16,711386.957,647929.123
naive_semanal,2025,2025-08-17,697739.998,628945.697
naive_semanal,2025,2025-08-18,789797.366,712297.821
naive_semanal,2025,2025-08-19,764038.242,732700.795
naive_semanal,2025,2025-08-20,727302.506,742774.409
naive_semanal,2025,2025-08-21,709967.667,749146.713
naive_semanal,2025,2025-08-22,699921.002,743446.72
naive_semanal,2025,2025-08-23,648399.471,688878.926
naive_semanal,2025,2025-08-24,620629.644,647915.767
naive_semanal,2025,2025-08-25,736788.448,738601.944
naive_semanal,2025,2025-08-26,767732.905,765981.401
naive_semanal,2025,2025-08-27,775098.237,777702.507
naive_semanal,2025,2025-08-28,738249.775,767391.885
naive_semanal,2025,2025-08-29,707675.068,754877.136
naive_semanal,2025,2025-08-30,644586.186,679489.19
naive_semanal,2025,2025-08-31,612448.377,635520.797
naive_semanal,2025,2025-09-01,694089.649,747148.328
naive_semanal,2025,2025-09-02,707902.838,749492.829
naive_semanal,2025,2025-09-03,723012.406,724877.568
naive_semanal,2025,2025-09-04,738710.824,711286.885
naive_semanal,2025,2025-09-05,731984.419,713336.528
naive_semanal,2025,2025-09-06,660824.664,627865.294
naive_semanal,2025,2025-09-07,636818.691,586439.281
naive_semanal,2025,2025-09-08,733515.375,678959.577
naive_semanal,2025,2025-09-09,728201.825,702676.435
naive_semanal,2025,2025-09-10,719712.346,690262.905
naive_semanal,2025,2025-09-11,706372.633,712003.62
naive_semanal,2025,2025-09-12,717767.587,684372.294
naive_semanal,2025,2025-09-13,647954.104,603145.351
naive_semanal,2025,2025-09-14,609034.799,565914.59
naive_semanal,2025,2025-09-15,732596.126,677158.157
naive_semanal,2025,2025-09-16,760997.274,693667.015
naive_semanal,2025,2025-09-17,770717.862,697682.109
naive_semanal,2025,2025-09-18,775937.633,695367.747
naive_semanal,2025,2025-09-19,772904.075,686311.435
naive_semanal,2025,2025-09-20,681176.671,612520.092
naive_semanal,2025,2025-09-21,618932.462,563714.064
naive_semanal,2025,2025-09-22,672340.723,658402.489
naive_semanal,2025,2025-09-23,681459.84,666549.893
naive_semanal,2025,2025-09-24,678532.483,690170.306
naive_semanal,2025,2025-09-25,686554.906,709563.671
naive_semanal,2025,2025-09-26,677959.732,681451.804
naive_semanal,2025,2025-09-27,606269.866,586411.756
naive_semanal,2025,2025-09-28,576712.041,547130.07
naive_semanal,2025,2025-09-29,667557.816,651718.723
naive_semanal,2025,2025-09-30,723309.727,684612.618
naive_semanal,2025,2025-10-01,681009.588,704137.965
naive_semanal,2025,2025-10-02,685852.105,693438.927
naive_semanal,2025,2025-10-03,690940.843,675767.86
naive_semanal,2025,2025-10-04,616041.663,606869.229
naive_semanal,2025,2025-10-05,571392.384,577173.06
naive_semanal,2025,2025-10-06,675818.609,690070.631
naive_semanal,2025,2025-10-07,684438.63,690974.941
naive_semanal,2025,2025-10-08,693547.224,688394.281
naive_semanal,2025,2025-10-09,686617.038,674602.585
naive_semanal,2025,2025-10-10,673868.817,664565.584
naive_semanal,2025,2025-10-11,596845.899,589272.325
naive_semanal,2025,2025-10-12,556396.905,549390.403
naive_semanal,2025,2025-10-13,642757.0,668027.312
naive_semanal,2025,2025-10-14,684248.408,693335.616
naive_semanal,2025,2025-10-15,684880.144,696267.98
naive_semanal,2025,2025-10-16,692389.074,689262.671
naive_semanal,2025,2025-10-17,685129.648,672083.364
naive_semanal,2025,2025-10-18,598733.523,592622.751
naive_semanal,2025,2025-10-19,568967.866,556263.258
naive_semanal,2025,2025-10-20,678055.657,652929.134
naive_semanal,2025,2025-10-21,699792.792,677075.735
naive_semanal,2025,2025-10-22,701838.787,675029.303
naive_semanal,2025,2025-10-23,697161.249,675732.064
naive_semanal,2025,2025-10-24,682287.305,680753.442
naive_semanal,2025,2025-10-25,611012.908,600259.491
naive_semanal,2025,2025-10-26,596622.432,592818.011
naive_semanal,2025,2025-10-27,664331.731,674874.49
naive_semanal,2025,2025-10-28,685277.73,700574.099
naive_semanal,2025,2025-10-29,701261.002,687653.302
naive_semanal,2025,2025-10-30,690241.726,666086.577
naive_semanal,2025,2025-10-31,682048.175,576955.641
naive_semanal,2025,2025-11-01,592218.16,573530.388
naive_semanal,2025,2025-11-02,565102.7,554206.328
naive_semanal,2025,2025-11-03,667465.389,651653.41
naive_semanal,2025,2025-11-04,692255.798,671008.768
naive_semanal,2025,2025-11-05,710081.755,674763.53
naive_semanal,2025,2025-11-06,707774.547,675631.479
naive_semanal,2025,2025-11-07,710010.435,682336.02
naive_semanal,2025,2025-11-08,629295.303,603689.931
naive_semanal,2025,2025-11-09,588460.828,564790.043
naive_semanal,2025,2025-11-10,692492.149,667031.681
naive_semanal,2025,2025-11-11,716585.649,698667.79
naive_semanal,2025,2025-11-12,717439.4,729582.134
naive_semanal,2025,2025-11-13,736843.768,713120.292
naive_semanal,2025,2025-11-14,725427.537,704955.638
naive_semanal,2025,2025-11-15,644784.497,622878.804
naive_semanal,2025,2025-11-16,595975.014,578882.985
naive_semanal,2025,2025-11-17,708860.945,682827.51
naive_semanal,2025,2025-11-18,728135.481,698671.221
naive_semanal,2025,2025-11-19,747024.24,707107.296
naive_semanal,2025,2025-11-20,765048.633,723249.489
naive_semanal,2025,2025-11-21,778694.38,708584.877
naive_semanal,2025,2025-11-22,701389.461,627903.578
naive_semanal,2025,2025-11-23,663179.63,588974.226
naive_semanal,2025,2025-11-24,777474.48,698078.343
naive_semanal,2025,2025-11-25,781772.966,720149.567
naive_semanal,2025,2025-11-26,789853.38,724324.978
naive_semanal,2025,2025-11-27,798378.217,730708.457
naive_semanal,2025,2025-11-28,789168.18,718561.576
naive_semanal,2025,2025-11-29,703816.13,635729.236
naive_semanal,2025,2025-11-30,673953.514,603031.577
naive_semanal,2025,2025-12-01,789066.537,706645.856
naive_semanal,2025,2025-12-02,809822.821,723815.781
naive_semanal,2025,2025-12-03,811028.566,733823.736
naive_semanal,2025,2025-12-04,836398.776,728678.452
naive_semanal,2025,2025-12-05,802278.757,634732.969
naive_semanal,2025,2025-12-06,678158.423,626204.107
naive_semanal,2025,2025-12-07,629514.903,618579.423
naive_semanal,2025,2025-12-08,649618.368,727630.736
naive_semanal,2025,2025-12-09,763644.913,781334.031
naive_semanal,2025,2025-12-10,792569.325,809721.081
naive_semanal,2025,2025-12-11,785807.398,805169.012
naive_semanal,2025,2025-12-12,785077.434,785137.193
naive_semanal,2025,2025-12-13,684962.919,704828.445
naive_semanal,2025,2025-12-14,656653.19,672362.256
naive_semanal,2025,2025-12-15,770607.252,782975.415
naive_semanal,2025,2025-12-16,801065.078,796202.148
naive_semanal,2025,2025-12-17,780541.299,781895.5
naive_semanal,2025,2025-12-18,778194.582,769610.762
naive_semanal,2025,2025-12-19,773959.293,744247.659
naive_semanal,2025,2025-12-20,690773.012,674505.332
naive_semanal,2025,2025-12-21,668189.045,642593.443
naive_semanal,2025,2025-12-22,769646.169,690633.09
naive_semanal,2025,2025-12-23,776888.763,642852.982
naive_semanal,2025,2025-12-24,685228.032,547482.617
naive_semanal,2025,2025-12-25,609939.918,643051.101
naive_semanal,2025,2025-12-26,683677.621,676247.896
naive_semanal,2025,2025-12-27,677314.364,642095.784
naive_semanal,2025,2025-12-28,639401.264,619712.688
naive_semanal,2025,2025-12-29,713389.21,691924.592
naive_semanal,2025,2025-12-30,721915.539,666906.666
naive_semanal,2025,2025-12-31,682120.965,585942.98
naive_trend,2025,2025-01-01,585942.98,727771.5548518681
naive_trend,2025,2025-01-02,714746.165,732183.0779841907
naive_trend,2025,2025-01-03,743131.902,703850.1287329912
naive_trend,2025,2025-01-04,672654.205,619647.5689530052
naive_trend,2025,2025-01-05,637473.016,643286.5794700012
naive_trend,2025,2025-01-06,612375.246,791000.7855280051
naive_trend,2025,2025-01-07,761126.956,818220.0931911075
naive_trend,2025,2025-01-08,785457.969,825501.2006333073
naive_trend,2025,2025-01-09,766861.319,815611.9227479628
naive_trend,2025,2025-01-10,758349.049,811871.5666636166
naive_trend,2025,2025-01-11,670140.941,723387.089417218
naive_trend,2025,2025-01-12,627798.603,666072.8257507181
naive_trend,2025,2025-01-13,770960.273,776805.2513586696
naive_trend,2025,2025-01-14,811334.506,776924.4968408975
naive_trend,2025,2025-01-15,825272.872,766302.9890474812
naive_trend,2025,2025-01-16,837533.046,749087.2591332637
naive_trend,2025,2025-01-17,823171.174,783116.7391957985
naive_trend,2025,2025-01-18,721462.081,688830.6246391153
naive_trend,2025,2025-01-19,686072.784,646042.2673110109
naive_trend,2025,2025-01-20,814665.825,763242.3186981123
naive_trend,2025,2025-01-21,816068.543,759530.2567161103
naive_trend,2025,2025-01-22,786025.216,746708.851202344
naive_trend,2025,2025-01-23,763306.352,738046.766471519
naive_trend,2025,2025-01-24,754465.345,729663.3679588255
naive_trend,2025,2025-01-25,677659.658,642627.3095394099
naive_trend,2025,2025-01-26,639514.665,605638.7187787956
naive_trend,2025,2025-01-27,745544.984,728150.540112937
naive_trend,2025,2025-01-28,776292.423,745328.8803834273
naive_trend,2025,2025-01-29,797240.69,749889.7442575356
naive_trend,2025,2025-01-30,783496.217,748660.1882187206
naive_trend,2025,2025-01-31,772257.643,738351.176159443
naive_trend,2025,2025-02-01,695742.806,651163.4907589341
naive_trend,2025,2025-02-02,659166.289,608243.1144562901
naive_trend,2025,2025-02-03,768751.535,729893.3392277936
naive_trend,2025,2025-02-04,782615.522,743903.4026114815
naive_trend,2025,2025-02-05,782147.842,755597.6407137747
naive_trend,2025,2025-02-06,786399.816,760168.829474531
naive_trend,2025,2025-02-07,796255.651,761486.2912634505
naive_trend,2025,2025-02-08,689583.624,668916.005862293
naive_trend,2025,2025-02-09,647247.053,642797.3222411991
naive_trend,2025,2025-02-10,757836.189,720871.6180613764
naive_trend,2025,2025-02-11,765437.268,717814.875767633
naive_trend,2025,2025-02-12,773734.442,726271.0486962574
naive_trend,2025,2025-02-13,757461.905,735298.419405066
naive_trend,2025,2025-02-14,735597.658,723891.3872163923
naive_trend,2025,2025-02-15,663818.4,629519.4776722294
naive_trend,2025,2025-02-16,612138.615,589939.0146217346
naive_trend,2025,2025-02-17,714984.452,695485.859195678
naive_trend,2025,2025-02-18,741638.655,707839.9239132106
naive_trend,2025,2025-02-19,729534.345,723548.040866171
naive_trend,2025,2025-02-20,730459.658,733252.0597480714
naive_trend,2025,2025-02-21,739860.672,730777.7870901542
naive_trend,2025,2025-02-22,654390.89,663382.5776020029
naive_trend,2025,2025-02-23,607511.781,631457.5147662465
naive_trend,2025,2025-02-24,721880.389,736774.007871743
naive_trend,2025,2025-02-25,746983.888,752475.1813938993
naive_trend,2025,2025-02-26,730095.38,738228.5159413106
naive_trend,2025,2025-02-27,744246.435,742097.4450012045
naive_trend,2025,2025-02-28,728757.572,735657.9791956702
naive_trend,2025,2025-03-01,674291.083,672123.2032756056
naive_trend,2025,2025-03-02,650355.572,626986.099626866
naive_trend,2025,2025-03-03,754992.978,743694.3160932066
naive_trend,2025,2025-03-04,744701.905,729563.6861097377
naive_trend,2025,2025-03-05,752590.785,735982.7411533194
naive_trend,2025,2025-03-06,749727.851,752425.3329057052
naive_trend,2025,2025-03-07,753102.249,755388.7296721825
naive_trend,2025,2025-03-08,671410.611,698296.2181081942
naive_trend,2025,2025-03-09,620610.269,632627.456131841
naive_trend,2025,2025-03-10,734548.538,723527.9397096297
naive_trend,2025,2025-03-11,747118.253,722396.7000289356
naive_trend,2025,2025-03-12,739764.977,722949.0229723833
naive_trend,2025,2025-03-13,763441.839,723576.6042344593
naive_trend,2025,2025-03-14,768965.713,704302.1526335018
naive_trend,2025,2025-03-15,670593.774,624445.4271973334
naive_trend,2025,2025-03-16,639750.189,576813.7510622592
naive_trend,2025,2025-03-17,762507.034,662037.4015905813
naive_trend,2025,2025-03-18,770388.213,656467.2855932944
naive_trend,2025,2025-03-19,732948.831,683467.434981631
naive_trend,2025,2025-03-20,748489.404,689937.0868105247
naive_trend,2025,2025-03-21,741574.845,680886.1528103962
naive_trend,2025,2025-03-22,655240.105,608891.8749471705
naive_trend,2025,2025-03-23,623984.664,568486.5827414823
naive_trend,2025,2025-03-24,731931.312,691007.4290229391
naive_trend,2025,2025-03-25,733633.334,705741.4285202277
naive_trend,2025,2025-03-26,717710.69,701310.2308212302
naive_trend,2025,2025-03-27,709253.992,623241.645052645
naive_trend,2025,2025-03-28,690335.115,577892.2368046292
naive_trend,2025,2025-03-29,611762.084,593704.4437019634
naive_trend,2025,2025-03-30,545041.522,566616.0739156775
naive_trend,2025,2025-03-31,662374.383,628593.052560226
naive_trend,2025,2025-04-01,675970.718,700541.3716683893
naive_trend,2025,2025-04-02,703596.661,694409.0475412
naive_trend,2025,2025-04-03,718753.316,683251.6400099489
naive_trend,2025,2025-04-04,708149.497,677429.7129561134
naive_trend,2025,2025-04-05,613267.03,609670.3409441421
naive_trend,2025,2025-04-06,563258.408,566599.0799066027
naive_trend,2025,2025-04-07,658503.168,663090.3161446478
naive_trend,2025,2025-04-08,665345.094,674004.6178763871
naive_trend,2025,2025-04-09,665082.802,673949.00487832
naive_trend,2025,2025-04-10,669485.926,671703.5628909338
naive_trend,2025,2025-04-11,681170.848,670173.980047314
naive_trend,2025,2025-04-12,615576.921,590597.168157569
naive_trend,2025,2025-04-13,566161.185,548410.7936740969
naive_trend,2025,2025-04-14,662868.148,653970.6356243952
naive_trend,2025,2025-04-15,681884.426,671757.1629495841
naive_trend,2025,2025-04-16,673293.59,667485.2476540814
naive_trend,2025,2025-04-17,592381.044,671987.555765985
naive_trend,2025,2025-04-18,552534.757,668752.5110099283
naive_trend,2025,2025-04-19,567411.461,594560.4572823312
naive_trend,2025,2025-04-20,545602.352,550642.6573967995
naive_trend,2025,2025-04-21,595976.349,656882.4301443388
naive_trend,2025,2025-04-22,666864.958,673206.7082561908
naive_trend,2025,2025-04-23,653356.505,681408.4591562471
naive_trend,2025,2025-04-24,654811.42,697383.0485451362
naive_trend,2025,2025-04-25,657751.21,681239.5497388879
naive_trend,2025,2025-04-26,586878.013,617182.7478322699
naive_trend,2025,2025-04-27,541776.286,573603.2367362503
naive_trend,2025,2025-04-28,403207.036,677944.6976886545
naive_trend,2025,2025-04-29,589642.502,670646.3743703099
naive_trend,2025,2025-04-30,643781.367,573319.7047396125
naive_trend,2025,2025-05-01,545263.484,640895.287113235
naive_trend,2025,2025-05-02,591365.627,657773.8617769707
naive_trend,2025,2025-05-03,560793.506,598665.8794945641
naive_trend,2025,2025-05-04,533549.476,560569.6526840428
naive_trend,2025,2025-05-05,648639.197,653729.4288053054
naive_trend,2025,2025-05-06,657786.189,658122.2172805403
naive_trend,2025,2025-05-07,659535.192,664464.6989388606
naive_trend,2025,2025-05-08,668893.553,661457.6457924156
naive_trend,2025,2025-05-09,666485.073,651179.5045189541
naive_trend,2025,2025-05-10,590369.102,584942.3322196055
naive_trend,2025,2025-05-11,545248.668,545600.402490007
naive_trend,2025,2025-05-12,643297.354,651511.0344307248
naive_trend,2025,2025-05-13,660055.296,671188.757669022
naive_trend,2025,2025-05-14,672274.468,660911.5522712013
naive_trend,2025,2025-05-15,658394.862,667053.2825536716
naive_trend,2025,2025-05-16,648923.956,657582.2029170438
naive_trend,2025,2025-05-17,571024.884,589094.7246990427
naive_trend,2025,2025-05-18,535072.434,549649.4976956022
naive_trend,2025,2025-05-19,643248.447,637385.7403502892
naive_trend,2025,2025-05-20,652858.323,661677.9688692988
naive_trend,2025,2025-05-21,664126.551,664707.8783579
naive_trend,2025,2025-05-22,668934.761,663468.8001878357
naive_trend,2025,2025-05-23,662370.423,658202.6592207131
naive_trend,2025,2025-05-24,576278.854,589527.5359197786
naive_trend,2025,2025-05-25,541833.367,548514.1333043795
naive_trend,2025,2025-05-26,656907.772,662011.290861903
naive_trend,2025,2025-05-27,673937.417,671467.8119847925
naive_trend,2025,2025-05-28,690657.01,684700.1949826339
naive_trend,2025,2025-05-29,705618.351,690040.2711338584
naive_trend,2025,2025-05-30,715806.08,677729.3908245264
naive_trend,2025,2025-05-31,642661.771,610826.152402838
naive_trend,2025,2025-06-01,601403.207,565551.2773715262
naive_trend,2025,2025-06-02,708803.44,669886.9385170236
naive_trend,2025,2025-06-03,702262.944,681962.0991833013
naive_trend,2025,2025-06-04,695659.883,696568.1307970514
naive_trend,2025,2025-06-05,699779.839,715426.1288312515
naive_trend,2025,2025-06-06,702444.921,715099.2692213043
naive_trend,2025,2025-06-07,629746.725,630321.5825970221
naive_trend,2025,2025-06-08,597725.404,569481.4024117577
naive_trend,2025,2025-06-09,710918.962,673024.3577283367
naive_trend,2025,2025-06-10,754696.984,680751.8042316219
naive_trend,2025,2025-06-11,752899.496,675214.8089539383
naive_trend,2025,2025-06-12,735130.474,662343.545875598
naive_trend,2025,2025-06-13,741270.425,679928.5442817053
naive_trend,2025,2025-06-14,662642.834,606169.7868569379
naive_trend,2025,2025-06-15,627012.243,566279.9059736574
naive_trend,2025,2025-06-16,755796.389,687607.313149834
naive_trend,2025,2025-06-17,789539.344,705355.1458495294
naive_trend,2025,2025-06-18,798771.575,696747.5859596418
naive_trend,2025,2025-06-19,800371.54,690243.2200021878
naive_trend,2025,2025-06-20,799043.803,675372.6038395775
naive_trend,2025,2025-06-21,716688.135,614005.5347449802
naive_trend,2025,2025-06-22,668192.776,574327.5812869571
naive_trend,2025,2025-06-23,768928.351,654928.1997796721
naive_trend,2025,2025-06-24,756417.62,718972.4480440753
naive_trend,2025,2025-06-25,779196.977,723984.9082203411
naive_trend,2025,2025-06-26,789344.14,727174.0698578366
naive_trend,2025,2025-06-27,805524.442,721583.5350307038
naive_trend,2025,2025-06-28,735838.704,635490.6486531292
naive_trend,2025,2025-06-29,706151.373,589588.9104022587
naive_trend,2025,2025-06-30,836439.201,687192.1524630027
naive_trend,2025,2025-07-01,855802.483,709461.9153999694
naive_trend,2025,2025-07-02,859922.841,727291.4385463496
naive_trend,2025,2025-07-03,856473.621,748278.064547098
naive_trend,2025,2025-07-04,840845.187,750335.4318362244
naive_trend,2025,2025-07-05,745107.989,660836.9797235164
naive_trend,2025,2025-07-06,687730.918,597911.9741822408
naive_trend,2025,2025-07-07,801641.548,710664.4934115598
naive_trend,2025,2025-07-08,793529.934,741562.6858618069
naive_trend,2025,2025-07-09,808754.42,762448.540847851
naive_trend,2025,2025-07-10,803389.452,791063.4730601449
naive_trend,2025,2025-07-11,786953.002,780633.9115453599
naive_trend,2025,2025-07-12,670387.31,675302.1186884141
naive_trend,2025,2025-07-13,613937.491,625075.7878487045
naive_trend,2025,2025-07-14,761045.663,753098.2708562947
naive_trend,2025,2025-07-15,795849.912,767897.4105253334
naive_trend,2025,2025-07-16,815078.448,776105.2587358679
naive_trend,2025,2025-07-17,838007.023,795024.73109273
naive_trend,2025,2025-07-18,819513.995,805436.091439882
naive_trend,2025,2025-07-19,710737.397,719177.3664868943
naive_trend,2025,2025-07-20,658769.157,647756.9891481599
naive_trend,2025,2025-07-21,757112.828,748991.3873468597
naive_trend,2025,2025-07-22,774126.042,790386.457797901
naive_trend,2025,2025-07-23,788231.74,813421.5653116226
naive_trend,2025,2025-07-24,748388.251,780523.4409057503
naive_trend,2025,2025-07-25,690451.027,780156.0613094154
naive_trend,2025,2025-07-26,643741.119,709690.6311030185
naive_trend,2025,2025-07-27,620654.224,675197.3248203363
naive_trend,2025,2025-07-28,735074.432,802414.4273383912
naive_trend,2025,2025-07-29,729341.445,821351.0086718097
naive_trend,2025,2025-07-30,736753.706,815307.37288039
naive_trend,2025,2025-07-31,736861.508,829313.4850132586
naive_trend,2025,2025-08-01,738032.959,803504.0982065487
naive_trend,2025,2025-08-02,669897.493,706064.0756813051
naive_trend,2025,2025-08-03,632149.078,670050.079390563
naive_trend,2025,2025-08-04,736161.938,765444.1043055305
naive_trend,2025,2025-08-05,735478.609,777970.407454959
naive_trend,2025,2025-08-06,738187.733,778625.5889805421
naive_trend,2025,2025-08-07,756224.724,778956.6640648193
naive_trend,2025,2025-08-08,754852.392,779495.4843800847
naive_trend,2025,2025-08-09,694991.226,719519.7517493077
naive_trend,2025,2025-08-10,664339.049,677402.2407704147
naive_trend,2025,2025-08-11,769184.367,756379.669694193
naive_trend,2025,2025-08-12,788507.462,744090.7169107832
naive_trend,2025,2025-08-13,783296.53,708689.7322750253
naive_trend,2025,2025-08-14,767851.607,622782.248106004
naive_trend,2025,2025-08-15,694235.587,660649.9296477254
naive_trend,2025,2025-08-16,711386.957,653427.8912874511
naive_trend,2025,2025-08-17,697739.998,634283.3589917615
naive_trend,2025,2025-08-18,789797.366,718342.8659444225
naive_trend,2025,2025-08-19,764038.242,738918.9934922697
naive_trend,2025,2025-08-20,727302.506,749078.099048733
naive_trend,2025,2025-08-21,709967.667,755504.4827650313
naive_trend,2025,2025-08-22,699921.002,749756.115738252
naive_trend,2025,2025-08-23,648399.471,694725.2222347537
naive_trend,2025,2025-08-24,620629.644,653414.4219393291
naive_trend,2025,2025-08-25,736788.448,744870.2236660105
naive_trend,2025,2025-08-26,767732.905,772482.0414050712
naive_trend,2025,2025-08-27,775098.237,784302.6207018853
naive_trend,2025,2025-08-28,738249.775,773904.4957339449
naive_trend,2025,2025-08-29,707675.068,761283.5380415374
naive_trend,2025,2025-08-30,644586.186,685255.7985332574
naive_trend,2025,2025-08-31,612448.377,640914.2597731794
naive_trend,2025,2025-09-01,694089.649,753489.1381074482
naive_trend,2025,2025-09-02,707902.838,755853.5361413847
naive_trend,2025,2025-09-03,723012.406,731029.373254173
naive_trend,2025,2025-09-04,738710.824,717323.3504522835
naive_trend,2025,2025-09-05,731984.419,719390.3881202016
naive_trend,2025,2025-09-06,660824.664,633193.7869552987
naive_trend,2025,2025-09-07,636818.691,591416.2045652622
naive_trend,2025,2025-09-08,733515.375,684721.6908762562
naive_trend,2025,2025-09-09,728201.825,708639.8263030904
naive_trend,2025,2025-09-10,719712.346,696120.9466241266
naive_trend,2025,2025-09-11,706372.633,718046.1681541542
naive_trend,2025,2025-09-12,717767.587,690180.3438830385
naive_trend,2025,2025-09-13,647954.104,608264.0536652642
naive_trend,2025,2025-09-14,609034.799,570717.3270439681
naive_trend,2025,2025-09-15,732596.126,682904.9827979514
naive_trend,2025,2025-09-16,760997.274,699553.9462224647
naive_trend,2025,2025-09-17,770717.862,703603.1150475878
naive_trend,2025,2025-09-18,775937.633,701269.1117937537
naive_trend,2025,2025-09-19,772904.075,692135.9417556457
naive_trend,2025,2025-09-20,681176.671,617718.3551089669
naive_trend,2025,2025-09-21,618932.462,568498.1258800421
naive_trend,2025,2025-09-22,672340.723,663990.1414119322
naive_trend,2025,2025-09-23,681459.84,672206.6898370706
naive_trend,2025,2025-09-24,678532.483,696027.5617658799
naive_trend,2025,2025-09-25,686554.906,715585.5120834146
naive_trend,2025,2025-09-26,677959.732,687235.0686137462
naive_trend,2025,2025-09-27,606269.866,591388.4459693461
naive_trend,2025,2025-09-28,576712.041,551773.388800206
naive_trend,2025,2025-09-29,667557.816,657249.6524167513
naive_trend,2025,2025-09-30,723309.727,690422.7074363523
naive_trend,2025,2025-10-01,681009.588,710113.7598431226
naive_trend,2025,2025-10-02,685852.105,699323.9225121893
naive_trend,2025,2025-10-03,690940.843,681502.886789723
naive_trend,2025,2025-10-04,616041.663,612019.535032864
naive_trend,2025,2025-10-05,571392.384,582071.344096267
naive_trend,2025,2025-10-06,675818.609,695927.0408558728
naive_trend,2025,2025-10-07,684438.63,696839.0254470796
naive_trend,2025,2025-10-08,693547.224,694236.464206859
naive_trend,2025,2025-10-09,686617.038,680327.7224716035
naive_trend,2025,2025-10-10,673868.817,670205.5406380205
naive_trend,2025,2025-10-11,596845.899,594273.2917081789
naive_trend,2025,2025-10-12,556396.905,554052.9045271098
naive_trend,2025,2025-10-13,642757.0,673696.6472219897
naive_trend,2025,2025-10-14,684248.408,699219.7347446072
naive_trend,2025,2025-10-15,684880.144,702176.9847847589
naive_trend,2025,2025-10-16,692389.074,695112.2239564561
naive_trend,2025,2025-10-17,685129.648,677787.1216446253
naive_trend,2025,2025-10-18,598733.523,597652.151707492
naive_trend,2025,2025-10-19,568967.866,560984.0872604632
naive_trend,2025,2025-10-20,678055.657,658470.3357897397
naive_trend,2025,2025-10-21,699792.792,682821.8613086651
naive_trend,2025,2025-10-22,701838.787,680758.0618914823
naive_trend,2025,2025-10-23,697161.249,681466.7870004617
naive_trend,2025,2025-10-24,682287.305,686530.7798376802
naive_trend,2025,2025-10-25,611012.908,605353.7022897622
naive_trend,2025,2025-10-26,596622.432,597849.0688169778
naive_trend,2025,2025-10-27,664331.731,680601.9350428148
naive_trend,2025,2025-10-28,685277.73,706519.6484464491
naive_trend,2025,2025-10-29,701261.002,693489.1967538752
naive_trend,2025,2025-10-30,690241.726,671739.4418216118
naive_trend,2025,2025-10-31,682048.175,581852.0799303994
naive_trend,2025,2025-11-01,592218.16,578397.7578981485
naive_trend,2025,2025-11-02,565102.7,558909.700750095
naive_trend,2025,2025-11-03,667465.389,657183.7851261037
naive_trend,2025,2025-11-04,692255.798,676703.4058903238
naive_trend,2025,2025-11-05,710081.755,680490.0333606038
naive_trend,2025,2025-11-06,707774.547,681365.3483675742
naive_trend,2025,2025-11-07,710010.435,688126.7886735692
naive_trend,2025,2025-11-08,629295.303,608813.2553424317
naive_trend,2025,2025-11-09,588460.828,569583.2363714245
naive_trend,2025,2025-11-10,692492.149,672692.5666185154
naive_trend,2025,2025-11-11,716585.649,704597.1612085783
naive_trend,2025,2025-11-12,717439.4,735773.865408761
naive_trend,2025,2025-11-13,736843.768,719172.3169940787
naive_trend,2025,2025-11-14,725427.537,710938.3721736795
naive_trend,2025,2025-11-15,644784.497,628164.9782014345
naive_trend,2025,2025-11-16,595975.014,583795.7806856217
naive_trend,2025,2025-11-17,708860.945,688622.4497928008
naive_trend,2025,2025-11-18,728135.481,704600.6213263834
naive_trend,2025,2025-11-19,747024.24,713108.29061044
naive_trend,2025,2025-11-20,765048.633,729387.4772657758
naive_trend,2025,2025-11-21,778694.38,714598.4113702015
naive_trend,2025,2025-11-22,701389.461,633232.3958594243
naive_trend,2025,2025-11-23,663179.63,593972.6628368249
naive_trend,2025,2025-11-24,777474.48,704002.7117594589
naive_trend,2025,2025-11-25,781772.966,726261.2472141972
naive_trend,2025,2025-11-26,789853.38,730472.0935986843
naive_trend,2025,2025-11-27,798378.217,736909.7471536516
naive_trend,2025,2025-11-28,789168.18,724659.7794398995
naive_trend,2025,2025-11-29,703816.13,641124.4677286444
naive_trend,2025,2025-11-30,673953.514,608149.3141015306
naive_trend,2025,2025-12-01,789066.537,712642.9345159961
naive_trend,2025,2025-12-02,809822.821,729958.5752057784
naive_trend,2025,2025-12-03,811028.566,740051.4645352024
naive_trend,2025,2025-12-04,836398.776,734862.5141471904
naive_trend,2025,2025-12-05,802278.757,640119.7457276405
naive_trend,2025,2025-12-06,678158.423,631518.5019898409
naive_trend,2025,2025-12-07,629514.903,623829.1097230063
naive_trend,2025,2025-12-08,649618.368,733805.9065148953
naive_trend,2025,2025-12-09,763644.913,787964.9642904752
naive_trend,2025,2025-12-10,792569.325,816592.9261506977
naive_trend,2025,2025-12-11,785807.398,812002.2251896221
naive_trend,2025,2025-12-12,785077.434,791800.4025161538
naive_trend,2025,2025-12-13,684962.919,710810.0997271629
naive_trend,2025,2025-12-14,656653.19,678068.3805122824
naive_trend,2025,2025-12-15,770607.252,789620.2781941736
naive_trend,2025,2025-12-16,801065.078,802959.2622682266
naive_trend,2025,2025-12-17,780541.299,788531.1982992116
naive_trend,2025,2025-12-18,778194.582,776142.2036369685
naive_trend,2025,2025-12-19,773959.293,750563.8520526758
naive_trend,2025,2025-12-20,690773.012,680229.6441163397
naive_trend,2025,2025-12-21,668189.045,648046.9290691736
naive_trend,2025,2025-12-22,769646.169,696494.273266424
naive_trend,2025,2025-12-23,776888.763,648308.670694078
naive_trend,2025,2025-12-24,685228.032,552128.92775441
naive_trend,2025,2025-12-25,609939.918,648508.471066987
naive_trend,2025,2025-12-26,683677.621,681986.9967025012
naive_trend,2025,2025-12-27,677314.364,647545.0465956022
naive_trend,2025,2025-12-28,639401.264,624971.9923824416
naive_trend,2025,2025-12-29,713389.21,697796.7358329252
naive_trend,2025,2025-12-30,721915.539,672566.4906559917
naive_trend,2025,2025-12-31,682120.965,590915.6916166047
sarimax_d,2025,2025-01-01,585942.98,650401.4475125703
sarimax_d,2025,2025-01-02,714746.165,699803.6283649632
sarimax_d,2025,2025-01-03,743131.902,690637.0663135847
sarimax_d,2025,2025-01-04,672654.205,631098.053859884
sarimax_d,2025,2025-01-05,637473.016,599788.057461308
sarimax_d,2025,2025-01-06,612375.246,677632.0274906863
sarimax_d,2025,2025-01-07,761126.956,682964.8014362967
sarimax_d,2025,2025-01-08,785457.969,647908.4357586002
sarimax_d,2025,2025-01-09,766861.319,677481.3925072916
sarimax_d,2025,2025-01-10,758349.049,676968.8878784227
sarimax_d,2025,2025-01-11,670140.941,607437.4593879028
sarimax_d,2025,2025-01-12,627798.603,604281.4215783841
sarimax_d,2025,2025-01-13,770960.273,714279.4896274784
sarimax_d,2025,2025-01-14,811334.506,712623.1118396798
sarimax_d,2025,2025-01-15,825272.872,698566.6155715997
sarimax_d,2025,2025-01-16,837533.046,727076.0577022672
sarimax_d,2025,2025-01-17,823171.174,707968.1730957329
sarimax_d,2025,2025-01-18,721462.081,659596.0709694435
sarimax_d,2025,2025-01-19,686072.784,636641.5276010124
sarimax_d,2025,2025-01-20,814665.825,707898.4948075261
sarimax_d,2025,2025-01-21,816068.543,683503.7798129441
sarimax_d,2025,2025-01-22,786025.216,652207.9290021876
sarimax_d,2025,2025-01-23,763306.352,687364.2031749719
sarimax_d,2025,2025-01-24,754465.345,677843.3605475549
sarimax_d,2025,2025-01-25,677659.658,624798.2942737269
sarimax_d,2025,2025-01-26,639514.665,604043.7408157269
sarimax_d,2025,2025-01-27,745544.984,663459.4638920509
sarimax_d,2025,2025-01-28,776292.423,678521.1000448555
sarimax_d,2025,2025-01-29,797240.69,666830.9811963531
sarimax_d,2025,2025-01-30,783496.217,707039.8845176698
sarimax_d,2025,2025-01-31,772257.643,705171.7625122356
sarimax_d,2025,2025-02-01,695742.806,651194.6670969133
sarimax_d,2025,2025-02-02,659166.289,624814.8792936326
sarimax_d,2025,2025-02-03,768751.535,703988.1333983759
sarimax_d,2025,2025-02-04,782615.522,695744.8108168015
sarimax_d,2025,2025-02-05,782147.842,674248.8399165706
sarimax_d,2025,2025-02-06,786399.816,716635.0506432502
sarimax_d,2025,2025-02-07,796255.651,708467.0526983336
sarimax_d,2025,2025-02-08,689583.624,640775.5626954827
sarimax_d,2025,2025-02-09,647247.053,618387.4927607217
sarimax_d,2025,2025-02-10,757836.189,692697.2000747595
sarimax_d,2025,2025-02-11,765437.268,677263.5680522043
sarimax_d,2025,2025-02-12,773734.442,656854.7377388634
sarimax_d,2025,2025-02-13,757461.905,697718.1015158519
sarimax_d,2025,2025-02-14,735597.658,685731.7159152685
sarimax_d,2025,2025-02-15,663818.4,629147.3252651563
sarimax_d,2025,2025-02-16,612138.615,600299.4588812699
sarimax_d,2025,2025-02-17,714984.452,685527.7620835768
sarimax_d,2025,2025-02-18,741638.655,672182.112328578
sarimax_d,2025,2025-02-19,729534.345,647955.3217469406
sarimax_d,2025,2025-02-20,730459.658,687673.8607870148
sarimax_d,2025,2025-02-21,739860.672,675681.1038889228
sarimax_d,2025,2025-02-22,654390.89,624254.1671882096
sarimax_d,2025,2025-02-23,607511.781,604488.5134446302
sarimax_d,2025,2025-02-24,721880.389,686496.479093387
sarimax_d,2025,2025-02-25,746983.888,670616.0725593255
sarimax_d,2025,2025-02-26,730095.38,664453.1456944654
sarimax_d,2025,2025-02-27,744246.435,703291.1178327686
sarimax_d,2025,2025-02-28,728757.572,689480.6394583469
sarimax_d,2025,2025-03-01,674291.083,638670.0799217923
sarimax_d,2025,2025-03-02,650355.572,623401.521525625
sarimax_d,2025,2025-03-03,754992.978,692113.1552462222
sarimax_d,2025,2025-03-04,744701.905,670521.739778234
sarimax_d,2025,2025-03-05,752590.785,650490.1246893075
sarimax_d,2025,2025-03-06,749727.851,687818.5778475206
sarimax_d,2025,2025-03-07,753102.249,679781.9994392366
sarimax_d,2025,2025-03-08,671410.611,624166.143588064
sarimax_d,2025,2025-03-09,620610.269,610778.1905406035
sarimax_d,2025,2025-03-10,734548.538,693717.0190816394
sarimax_d,2025,2025-03-11,747118.253,676496.9120408559
sarimax_d,2025,2025-03-12,739764.977,657087.9722021915
sarimax_d,2025,2025-03-13,763441.839,703385.4705120929
sarimax_d,2025,2025-03-14,768965.713,702254.9310815647
sarimax_d,2025,2025-03-15,670593.774,649312.1776605012
sarimax_d,2025,2025-03-16,639750.189,624288.3660496897
sarimax_d,2025,2025-03-17,762507.034,703201.8164367398
sarimax_d,2025,2025-03-18,770388.213,680258.1249023088
sarimax_d,2025,2025-03-19,732948.831,645684.8311308543
sarimax_d,2025,2025-03-20,748489.404,678270.8854123617
sarimax_d,2025,2025-03-21,741574.845,675385.5327038802
sarimax_d,2025,2025-03-22,655240.105,631883.548715047
sarimax_d,2025,2025-03-23,623984.664,614086.5486151985
sarimax_d,2025,2025-03-24,731931.312,694956.0811336152
sarimax_d,2025,2025-03-25,733633.334,674773.5473441806
sarimax_d,2025,2025-03-26,717710.69,654175.8629819286
sarimax_d,2025,2025-03-27,709253.992,692888.0394769884
sarimax_d,2025,2025-03-28,690335.115,678480.0420951709
sarimax_d,2025,2025-03-29,611762.084,618492.8770567868
sarimax_d,2025,2025-03-30,545041.522,597683.1330697525
sarimax_d,2025,2025-03-31,662374.383,667432.5587226127
sarimax_d,2025,2025-04-01,675970.718,655395.125829841
sarimax_d,2025,2025-04-02,703596.661,637816.4750039536
sarimax_d,2025,2025-04-03,718753.316,684013.3388100154
sarimax_d,2025,2025-04-04,708149.497,666837.8940180473
sarimax_d,2025,2025-04-05,613267.03,609555.279856552
sarimax_d,2025,2025-04-06,563258.408,577807.8289485803
sarimax_d,2025,2025-04-07,658503.168,658696.2304241788
sarimax_d,2025,2025-04-08,665345.094,644526.6050952588
sarimax_d,2025,2025-04-09,665082.802,623985.5276104434
sarimax_d,2025,2025-04-10,669485.926,663219.7453203218
sarimax_d,2025,2025-04-11,681170.848,662906.8607662974
sarimax_d,2025,2025-04-12,615576.921,605756.3293219958
sarimax_d,2025,2025-04-13,566161.185,578619.1942119846
sarimax_d,2025,2025-04-14,662868.148,664683.9802738546
sarimax_d,2025,2025-04-15,681884.426,668829.8250729074
sarimax_d,2025,2025-04-16,673293.59,658119.475544823
sarimax_d,2025,2025-04-17,592381.044,680679.8226127377
sarimax_d,2025,2025-04-18,552534.757,663359.7157969795
sarimax_d,2025,2025-04-19,567411.461,614524.1058874279
sarimax_d,2025,2025-04-20,545602.352,595223.8786687187
sarimax_d,2025,2025-04-21,595976.349,667822.51722232
sarimax_d,2025,2025-04-22,666864.958,652250.2992290268
sarimax_d,2025,2025-04-23,653356.505,629759.4292511604
sarimax_d,2025,2025-04-24,654811.42,657231.9954708486
sarimax_d,2025,2025-04-25,657751.21,643358.6186104962
sarimax_d,2025,2025-04-26,586878.013,589271.1482761885
sarimax_d,2025,2025-04-27,541776.286,570807.4449335169
sarimax_d,2025,2025-04-28,403207.036,649727.1849564324
sarimax_d,2025,2025-04-29,589642.502,638117.4484812168
sarimax_d,2025,2025-04-30,643781.367,621375.3215311648
sarimax_d,2025,2025-05-01,545263.484,655797.9545404976
sarimax_d,2025,2025-05-02,591365.627,648704.823833301
sarimax_d,2025,2025-05-03,560793.506,591151.7545839755
sarimax_d,2025,2025-05-04,533549.476,569593.5418652807
sarimax_d,2025,2025-05-05,648639.197,658620.7545858971
sarimax_d,2025,2025-05-06,657786.189,657112.2011551792
sarimax_d,2025,2025-05-07,659535.192,634822.6000798176
sarimax_d,2025,2025-05-08,668893.553,672572.4596336953
sarimax_d,2025,2025-05-09,666485.073,660699.1924919917
sarimax_d,2025,2025-05-10,590369.102,601819.0064167702
sarimax_d,2025,2025-05-11,545248.668,575008.933273321
sarimax_d,2025,2025-05-12,643297.354,659035.8716973148
sarimax_d,2025,2025-05-13,660055.296,645526.659954703
sarimax_d,2025,2025-05-14,672274.468,623715.0725227922
sarimax_d,2025,2025-05-15,658394.862,661433.4838106534
sarimax_d,2025,2025-05-16,648923.956,643956.1356648107
sarimax_d,2025,2025-05-17,571024.884,584113.6326494844
sarimax_d,2025,2025-05-18,535072.434,558756.4693959972
sarimax_d,2025,2025-05-19,643248.447,641921.7253311392
sarimax_d,2025,2025-05-20,652858.323,631356.0712876711
sarimax_d,2025,2025-05-21,664126.551,611355.9039783103
sarimax_d,2025,2025-05-22,668934.761,650502.0665433203
sarimax_d,2025,2025-05-23,662370.423,641440.2743834911
sarimax_d,2025,2025-05-24,576278.854,584113.6326494844
sarimax_d,2025,2025-05-25,541833.367,558756.4693959972
sarimax_d,2025,2025-05-26,656907.772,641921.7253311392
sarimax_d,2025,2025-05-27,673937.417,636186.3575873345
sarimax_d,2025,2025-05-28,690657.01,637866.3125066954
sarimax_d,2025,2025-05-29,705618.351,697513.108785393
sarimax_d,2025,2025-05-30,715806.08,701594.1886502292
sarimax_d,2025,2025-05-31,642661.771,639563.6343860271
sarimax_d,2025,2025-06-01,601403.207,611608.7880934768
sarimax_d,2025,2025-06-02,708803.44,664233.7164072006
sarimax_d,2025,2025-06-03,702262.944,631356.0712876711
sarimax_d,2025,2025-06-04,695659.883,611355.9039783103
sarimax_d,2025,2025-06-05,699779.839,655528.934262156
sarimax_d,2025,2025-06-06,702444.921,664384.1343068922
sarimax_d,2025,2025-06-07,629746.725,614682.0433307844
sarimax_d,2025,2025-06-08,597725.404,600445.7717904757
sarimax_d,2025,2025-06-09,710918.962,688483.4386151036
sarimax_d,2025,2025-06-10,754696.984,692296.3112310986
sarimax_d,2025,2025-06-11,752899.496,646670.3517796283
sarimax_d,2025,2025-06-12,735130.474,671732.8598139337
sarimax_d,2025,2025-06-13,741270.425,678874.9932058824
sarimax_d,2025,2025-06-14,662642.834,639086.2223680372
sarimax_d,2025,2025-06-15,627012.243,619780.9585190701
sarimax_d,2025,2025-06-16,755796.389,705150.7346549304
sarimax_d,2025,2025-06-17,789539.344,715184.0050347361
sarimax_d,2025,2025-06-18,798771.575,696981.1535578083
sarimax_d,2025,2025-06-19,800371.54,737854.4243055468
sarimax_d,2025,2025-06-20,799043.803,738790.2014636255
sarimax_d,2025,2025-06-21,716688.135,684370.1564273813
sarimax_d,2025,2025-06-22,668192.776,647260.232613376
sarimax_d,2025,2025-06-23,768928.351,730762.4852670991
sarimax_d,2025,2025-06-24,756417.62,718511.8476307252
sarimax_d,2025,2025-06-25,779196.977,664053.7658464401
sarimax_d,2025,2025-06-26,789344.14,712340.9644029643
sarimax_d,2025,2025-06-27,805524.442,726953.1917234621
sarimax_d,2025,2025-06-28,735838.704,694494.0995147573
sarimax_d,2025,2025-06-29,706151.373,684540.4946064175
sarimax_d,2025,2025-06-30,836439.201,765964.6008288901
sarimax_d,2025,2025-07-01,855802.483,747339.1085993558
sarimax_d,2025,2025-07-02,859922.841,718282.1544781261
sarimax_d,2025,2025-07-03,856473.621,745478.9750634456
sarimax_d,2025,2025-07-04,840845.187,732710.2189992237
sarimax_d,2025,2025-07-05,745107.989,674864.0406574043
sarimax_d,2025,2025-07-06,687730.918,636406.1299690743
sarimax_d,2025,2025-07-07,801641.548,708633.0340802692
sarimax_d,2025,2025-07-08,793529.934,675895.8042601486
sarimax_d,2025,2025-07-09,808754.42,683585.5339942069
sarimax_d,2025,2025-07-10,803389.452,727561.9828588803
sarimax_d,2025,2025-07-11,786953.002,701973.3099586332
sarimax_d,2025,2025-07-12,670387.31,608307.188737624
sarimax_d,2025,2025-07-13,613937.491,600754.6854491751
sarimax_d,2025,2025-07-14,761045.663,709307.0275174315
sarimax_d,2025,2025-07-15,795849.912,710971.5460524716
sarimax_d,2025,2025-07-16,815078.448,703566.6311000818
sarimax_d,2025,2025-07-17,838007.023,756726.240546092
sarimax_d,2025,2025-07-18,819513.995,728062.4725887917
sarimax_d,2025,2025-07-19,710737.397,648016.6354104381
sarimax_d,2025,2025-07-20,658769.157,621564.2328215621
sarimax_d,2025,2025-07-21,757112.828,691825.3227410335
sarimax_d,2025,2025-07-22,774126.042,688519.1396770014
sarimax_d,2025,2025-07-23,788231.74,669965.2499515514
sarimax_d,2025,2025-07-24,748388.251,669710.8795024467
sarimax_d,2025,2025-07-25,690451.027,656647.2513094663
sarimax_d,2025,2025-07-26,643741.119,618950.6684328124
sarimax_d,2025,2025-07-27,620654.224,613995.8481834268
sarimax_d,2025,2025-07-28,735074.432,695841.2003041258
sarimax_d,2025,2025-07-29,729341.445,658371.9748939279
sarimax_d,2025,2025-07-30,736753.706,652160.5899865131
sarimax_d,2025,2025-07-31,736861.508,706892.8507859021
sarimax_d,2025,2025-08-01,738032.959,695949.4936139948
sarimax_d,2025,2025-08-02,669897.493,642835.3108622526
sarimax_d,2025,2025-08-03,632149.078,629904.9016064459
sarimax_d,2025,2025-08-04,736161.938,725581.1607189137
sarimax_d,2025,2025-08-05,735478.609,727610.7590324167
sarimax_d,2025,2025-08-06,738187.733,698455.5142016008
sarimax_d,2025,2025-08-07,756224.724,741757.9696291119
sarimax_d,2025,2025-08-08,754852.392,734142.4550531936
sarimax_d,2025,2025-08-09,694991.226,683317.0416818152
sarimax_d,2025,2025-08-10,664339.049,672843.9001656629
sarimax_d,2025,2025-08-11,769184.367,767242.3800535103
sarimax_d,2025,2025-08-12,788507.462,755806.1511537076
sarimax_d,2025,2025-08-13,783296.53,719882.8888913867
sarimax_d,2025,2025-08-14,767851.607,759099.2591061011
sarimax_d,2025,2025-08-15,694235.587,762702.9269529474
sarimax_d,2025,2025-08-16,711386.957,714096.0753122284
sarimax_d,2025,2025-08-17,697739.998,691799.9655858534
sarimax_d,2025,2025-08-18,789797.366,756360.1943493269
sarimax_d,2025,2025-08-19,764038.242,701844.5515908983
sarimax_d,2025,2025-08-20,727302.506,651809.5517379912
sarimax_d,2025,2025-08-21,709967.667,678992.3307933697
sarimax_d,2025,2025-08-22,699921.002,673848.1254870467
sarimax_d,2025,2025-08-23,648399.471,626561.1776607705
sarimax_d,2025,2025-08-24,620629.644,618980.5913124398
sarimax_d,2025,2025-08-25,736788.448,709868.6887150668
sarimax_d,2025,2025-08-26,767732.905,707390.9559175468
sarimax_d,2025,2025-08-27,775098.237,676171.6061854212
sarimax_d,2025,2025-08-28,738249.775,676647.3952932424
sarimax_d,2025,2025-08-29,707675.068,663724.1823996707
sarimax_d,2025,2025-08-30,644586.186,625901.225753549
sarimax_d,2025,2025-08-31,612448.377,595025.7412332953
sarimax_d,2025,2025-09-01,694089.649,642399.1373491292
sarimax_d,2025,2025-09-02,707902.838,633883.5466770298
sarimax_d,2025,2025-09-03,723012.406,637852.2709767545
sarimax_d,2025,2025-09-04,738710.824,685591.8498655843
sarimax_d,2025,2025-09-05,731984.419,666729.0698070194
sarimax_d,2025,2025-09-06,660824.664,625802.9350439629
sarimax_d,2025,2025-09-07,636818.691,599912.1936527222
sarimax_d,2025,2025-09-08,733515.375,671100.0245482918
sarimax_d,2025,2025-09-09,728201.825,632058.1477847152
sarimax_d,2025,2025-09-10,719712.346,616621.4777061411
sarimax_d,2025,2025-09-11,706372.633,667815.2729604277
sarimax_d,2025,2025-09-12,717767.587,667150.315705246
sarimax_d,2025,2025-09-13,647954.104,612940.893618115
sarimax_d,2025,2025-09-14,609034.799,589100.215598243
sarimax_d,2025,2025-09-15,732596.126,680802.7217374413
sarimax_d,2025,2025-09-16,760997.274,670602.1474724361
sarimax_d,2025,2025-09-17,770717.862,658142.2817413289
sarimax_d,2025,2025-09-18,775937.633,703887.9633785534
sarimax_d,2025,2025-09-19,772904.075,695429.9570061822
sarimax_d,2025,2025-09-20,681176.671,625479.9798553226
sarimax_d,2025,2025-09-21,618932.462,561297.9863152968
sarimax_d,2025,2025-09-22,672340.723,641921.7253311392
sarimax_d,2025,2025-09-23,681459.84,633947.4084074302
sarimax_d,2025,2025-09-24,678532.483,616651.7919754877
sarimax_d,2025,2025-09-25,686554.906,650502.0665433203
sarimax_d,2025,2025-09-26,677959.732,641440.2743834911
sarimax_d,2025,2025-09-27,606269.866,584113.6326494844
sarimax_d,2025,2025-09-28,576712.041,558756.4693959972
sarimax_d,2025,2025-09-29,667557.816,641921.7253311392
sarimax_d,2025,2025-09-30,723309.727,631356.0712876711
sarimax_d,2025,2025-10-01,681009.588,611355.9039783103
sarimax_d,2025,2025-10-02,685852.105,650502.0665433203
sarimax_d,2025,2025-10-03,690940.843,641440.2743834911
sarimax_d,2025,2025-10-04,616041.663,584113.6326494844
sarimax_d,2025,2025-10-05,571392.384,558756.4693959972
sarimax_d,2025,2025-10-06,675818.609,641921.7253311392
sarimax_d,2025,2025-10-07,684438.63,631356.0712876711
sarimax_d,2025,2025-10-08,693547.224,611355.9039783103
sarimax_d,2025,2025-10-09,686617.038,650502.0665433203
sarimax_d,2025,2025-10-10,673868.817,641440.2743834911
sarimax_d,2025,2025-10-11,596845.899,584113.6326494844
sarimax_d,2025,2025-10-12,556396.905,558756.4693959972
sarimax_d,2025,2025-10-13,642757.0,641921.7253311392
sarimax_d,2025,2025-10-14,684248.408,631356.0712876711
sarimax_d,2025,2025-10-15,684880.144,611355.9039783103
sarimax_d,2025,2025-10-16,692389.074,650502.0665433203
sarimax_d,2025,2025-10-17,685129.648,641440.2743834911
sarimax_d,2025,2025-10-18,598733.523,584113.6326494844
sarimax_d,2025,2025-10-19,568967.866,558756.4693959972
sarimax_d,2025,2025-10-20,678055.657,641921.7253311392
sarimax_d,2025,2025-10-21,699792.792,631356.0712876711
sarimax_d,2025,2025-10-22,701838.787,611355.9039783103
sarimax_d,2025,2025-10-23,697161.249,650502.0665433203
sarimax_d,2025,2025-10-24,682287.305,641440.2743834911
sarimax_d,2025,2025-10-25,611012.908,584113.6326494844
sarimax_d,2025,2025-10-26,596622.432,571109.3482872758
sarimax_d,2025,2025-10-27,664331.731,669369.7719103346
sarimax_d,2025,2025-10-28,685277.73,655489.470628728
sarimax_d,2025,2025-10-29,701261.002,629960.6981536677
sarimax_d,2025,2025-10-30,690241.726,662603.3593064669
sarimax_d,2025,2025-10-31,682048.175,655321.5390031713
sarimax_d,2025,2025-11-01,592218.16,595120.5257552571
sarimax_d,2025,2025-11-02,565102.7,569411.1419223852
sarimax_d,2025,2025-11-03,667465.389,666589.7451944766
sarimax_d,2025,2025-11-04,692255.798,656112.1462958546
sarimax_d,2025,2025-11-05,710081.755,627394.5196467219
sarimax_d,2025,2025-11-06,707774.547,676843.1341587352
sarimax_d,2025,2025-11-07,710010.435,673964.0710977486
sarimax_d,2025,2025-11-08,629295.303,614813.4299347852
sarimax_d,2025,2025-11-09,588460.828,599903.3806519771
sarimax_d,2025,2025-11-10,692492.149,682150.3472194374
sarimax_d,2025,2025-11-11,716585.649,665295.0399726707
sarimax_d,2025,2025-11-12,717439.4,634143.3175338614
sarimax_d,2025,2025-11-13,736843.768,666943.220016743
sarimax_d,2025,2025-11-14,725427.537,658837.4551438153
sarimax_d,2025,2025-11-15,644784.497,608045.7630880359
sarimax_d,2025,2025-11-16,595975.014,584430.8337718623
sarimax_d,2025,2025-11-17,708860.945,677584.0589938426
sarimax_d,2025,2025-11-18,728135.481,675157.216195443
sarimax_d,2025,2025-11-19,747024.24,668717.5411923941
sarimax_d,2025,2025-11-20,765048.633,712241.3023869
sarimax_d,2025,2025-11-21,778694.38,706984.7504150665
sarimax_d,2025,2025-11-22,701389.461,654639.5140180724
sarimax_d,2025,2025-11-23,663179.63,613489.0315711022
sarimax_d,2025,2025-11-24,777474.48,676665.769626161
sarimax_d,2025,2025-11-25,781772.966,674232.6371745581
sarimax_d,2025,2025-11-26,789853.38,669396.8237383503
sarimax_d,2025,2025-11-27,798378.217,715235.1773116702
sarimax_d,2025,2025-11-28,789168.18,703594.6273384886
sarimax_d,2025,2025-11-29,703816.13,645947.2132911136
sarimax_d,2025,2025-11-30,673953.514,612570.7422034206
sarimax_d,2025,2025-12-01,789066.537,704459.7471315378
sarimax_d,2025,2025-12-02,809822.821,692321.679787245
sarimax_d,2025,2025-12-03,811028.566,674088.9050280112
sarimax_d,2025,2025-12-04,836398.776,706303.8697629861
sarimax_d,2025,2025-12-05,802278.757,688694.438899874
sarimax_d,2025,2025-12-06,678158.423,612536.5754751911
sarimax_d,2025,2025-12-07,629514.903,590707.9076687545
sarimax_d,2025,2025-12-08,649618.368,687974.566085692
sarimax_d,2025,2025-12-09,763644.913,680622.9248291096
sarimax_d,2025,2025-12-10,792569.325,655999.8624153242
sarimax_d,2025,2025-12-11,785807.398,699737.4718187422
sarimax_d,2025,2025-12-12,785077.434,690084.452257803
sarimax_d,2025,2025-12-13,684962.919,626002.7229834535
sarimax_d,2025,2025-12-14,656653.19,611482.6321992499
sarimax_d,2025,2025-12-15,770607.252,690886.6755188192
sarimax_d,2025,2025-12-16,801065.078,682138.7312511045
sarimax_d,2025,2025-12-17,780541.299,658163.5031172589
sarimax_d,2025,2025-12-18,778194.582,700945.0852337755
sarimax_d,2025,2025-12-19,773959.293,692336.148104584
sarimax_d,2025,2025-12-20,690773.012,635493.8096672313
sarimax_d,2025,2025-12-21,668189.045,620168.6432730054
sarimax_d,2025,2025-12-22,769646.169,718913.3701927181
sarimax_d,2025,2025-12-23,776888.763,702844.2695963637
sarimax_d,2025,2025-12-24,685228.032,678699.2208260291
sarimax_d,2025,2025-12-25,609939.918,723380.2782099419
sarimax_d,2025,2025-12-26,683677.621,709274.1841810672
sarimax_d,2025,2025-12-27,677314.364,647349.8059554492
sarimax_d,2025,2025-12-28,639401.264,613520.4798371186
sarimax_d,2025,2025-12-29,713389.21,700604.1897179157
sarimax_d,2025,2025-12-30,721915.539,698095.5814278732
sarimax_d,2025,2025-12-31,682120.965,684624.0741435364
prophet,2025,2025-01-01,585942.98,582277.8920933275
prophet,2025,2025-01-02,714746.165,736159.1629465959
prophet,2025,2025-01-03,743131.902,725486.0467236461
prophet,2025,2025-01-04,672654.205,647608.2514117348
prophet,2025,2025-01-05,637473.016,593961.2954386234
prophet,2025,2025-01-06,612375.246,582705.9212079468
prophet,2025,2025-01-07,761126.956,738397.6751520291
prophet,2025,2025-01-08,785457.969,728022.4000851961
prophet,2025,2025-01-09,766861.319,717091.716124876
prophet,2025,2025-01-10,758349.049,725808.689565437
prophet,2025,2025-01-11,670140.941,642770.4439586962
prophet,2025,2025-01-12,627798.603,624668.6368590324
prophet,2025,2025-01-13,770960.273,765777.8800115389
prophet,2025,2025-01-14,811334.506,799039.052725194
prophet,2025,2025-01-15,825272.872,813206.767940943
prophet,2025,2025-01-16,837533.046,801536.6010616315
prophet,2025,2025-01-17,823171.174,788698.5394617696
prophet,2025,2025-01-18,721462.081,728319.1503117916
prophet,2025,2025-01-19,686072.784,685759.1728159423
prophet,2025,2025-01-20,814665.825,780355.4583082709
prophet,2025,2025-01-21,816068.543,784840.162456706
prophet,2025,2025-01-22,786025.216,776280.0785927357
prophet,2025,2025-01-23,763306.352,768793.1925260068
prophet,2025,2025-01-24,754465.345,763338.2441333847
prophet,2025,2025-01-25,677659.658,694129.4834945701
prophet,2025,2025-01-26,639514.665,650569.0649312338
prophet,2025,2025-01-27,745544.984,728362.4029739407
prophet,2025,2025-01-28,776292.423,774382.2705311925
prophet,2025,2025-01-29,797240.69,785114.7419988893
prophet,2025,2025-01-30,783496.217,780730.018019483
prophet,2025,2025-01-31,772257.643,781670.1448033663
prophet,2025,2025-02-01,695742.806,709504.0881897007
prophet,2025,2025-02-02,659166.289,658068.9761493028
prophet,2025,2025-02-03,768751.535,757176.2820814118
prophet,2025,2025-02-04,782615.522,776114.8579590513
prophet,2025,2025-02-05,782147.842,775480.3751233986
prophet,2025,2025-02-06,786399.816,773707.4581778185
prophet,2025,2025-02-07,796255.651,768019.2231572558
prophet,2025,2025-02-08,689583.624,681155.8688339348
prophet,2025,2025-02-09,647247.053,635390.2399605509
prophet,2025,2025-02-10,757836.189,730379.0529838433
prophet,2025,2025-02-11,765437.268,742761.6464951362
prophet,2025,2025-02-12,773734.442,745101.3691620348
prophet,2025,2025-02-13,757461.905,743436.786814933
prophet,2025,2025-02-14,735597.658,735292.9310003617
prophet,2025,2025-02-15,663818.4,662877.9174353973
prophet,2025,2025-02-16,612138.615,611581.7652453835
prophet,2025,2025-02-17,714984.452,720627.0629736771
prophet,2025,2025-02-18,741638.655,736901.5667232153
prophet,2025,2025-02-19,729534.345,736247.6880716099
prophet,2025,2025-02-20,730459.658,734399.1703813177
prophet,2025,2025-02-21,739860.672,727118.6575233402
prophet,2025,2025-02-22,654390.89,661161.9240084097
prophet,2025,2025-02-23,607511.781,620506.5725097357
prophet,2025,2025-02-24,721880.389,725980.0770466718
prophet,2025,2025-02-25,746983.888,739199.8194226276
prophet,2025,2025-02-26,730095.38,758594.385947788
prophet,2025,2025-02-27,744246.435,755092.5184021827
prophet,2025,2025-02-28,728757.572,744894.1861695782
prophet,2025,2025-03-01,674291.083,678606.0902762909
prophet,2025,2025-03-02,650355.572,641878.5618886957
prophet,2025,2025-03-03,754992.978,731005.3992331574
prophet,2025,2025-03-04,744701.905,736409.1713052379
prophet,2025,2025-03-05,752590.785,738709.8391279163
prophet,2025,2025-03-06,749727.851,732129.6647086092
prophet,2025,2025-03-07,753102.249,727149.5894918363
prophet,2025,2025-03-08,671410.611,654159.9562949117
prophet,2025,2025-03-09,620610.269,618410.8536478473
prophet,2025,2025-03-10,734548.538,722637.4322151252
prophet,2025,2025-03-11,747118.253,732114.3442953493
prophet,2025,2025-03-12,739764.977,734399.5595642491
prophet,2025,2025-03-13,763441.839,737435.667373957
prophet,2025,2025-03-14,768965.713,739908.5496107548
prophet,2025,2025-03-15,670593.774,669748.2987311954
prophet,2025,2025-03-16,639750.189,620777.812696271
prophet,2025,2025-03-17,762507.034,720569.4736786748
prophet,2025,2025-03-18,770388.213,723832.1108488246
prophet,2025,2025-03-19,732948.831,709329.8146328074
prophet,2025,2025-03-20,748489.404,697334.0076973417
prophet,2025,2025-03-21,741574.845,698415.4557364492
prophet,2025,2025-03-22,655240.105,639618.6788183548
prophet,2025,2025-03-23,623984.664,599542.8010064265
prophet,2025,2025-03-24,731931.312,702272.4075001646
prophet,2025,2025-03-25,733633.334,709382.0757314811
prophet,2025,2025-03-26,717710.69,711415.8811425077
prophet,2025,2025-03-27,709253.992,707017.7875939702
prophet,2025,2025-03-28,690335.115,695636.1186573221
prophet,2025,2025-03-29,611762.084,618685.0245559128
prophet,2025,2025-03-30,545041.522,575653.3876605699
prophet,2025,2025-03-31,662374.383,666159.9296347811
prophet,2025,2025-04-01,675970.718,682807.6893767602
prophet,2025,2025-04-02,703596.661,688495.1216027379
prophet,2025,2025-04-03,718753.316,692745.7696563522
prophet,2025,2025-04-04,708149.497,678334.0923676832
prophet,2025,2025-04-05,613267.03,604510.7278650649
prophet,2025,2025-04-06,563258.408,549111.4576098446
prophet,2025,2025-04-07,658503.168,652260.2025800853
prophet,2025,2025-04-08,665345.094,666507.1781891914
prophet,2025,2025-04-09,665082.802,668869.7472682212
prophet,2025,2025-04-10,669485.926,665293.828762065
prophet,2025,2025-04-11,681170.848,670110.3662035317
prophet,2025,2025-04-12,615576.921,596610.3770543888
prophet,2025,2025-04-13,566161.185,546681.6697953705
prophet,2025,2025-04-14,662868.148,656021.4056213244
prophet,2025,2025-04-15,681884.426,691437.0537393083
prophet,2025,2025-04-16,673293.59,705435.7048478922
prophet,2025,2025-04-17,592381.044,683535.0157358464
prophet,2025,2025-04-18,552534.757,541183.1154347451
prophet,2025,2025-04-19,567411.461,606379.1082561003
prophet,2025,2025-04-20,545602.352,566119.5665119697
prophet,2025,2025-04-21,595976.349,661026.1388381227
prophet,2025,2025-04-22,666864.958,674951.8604080955
prophet,2025,2025-04-23,653356.505,676470.9358203668
prophet,2025,2025-04-24,654811.42,661006.942242308
prophet,2025,2025-04-25,657751.21,651950.0192392982
prophet,2025,2025-04-26,586878.013,583447.0152531981
prophet,2025,2025-04-27,541776.286,544872.2692371535
prophet,2025,2025-04-28,403207.036,647601.4108953525
prophet,2025,2025-04-29,589642.502,666581.7786812955
prophet,2025,2025-04-30,643781.367,675073.603413655
prophet,2025,2025-05-01,545263.484,556984.0591104856
prophet,2025,2025-05-02,591365.627,666674.0610687502
prophet,2025,2025-05-03,560793.506,594334.4912788771
prophet,2025,2025-05-04,533549.476,552219.2913451941
prophet,2025,2025-05-05,648639.197,666253.2291515783
prophet,2025,2025-05-06,657786.189,696419.2805099478
prophet,2025,2025-05-07,659535.192,698257.4540991228
prophet,2025,2025-05-08,668893.553,694331.926289192
prophet,2025,2025-05-09,666485.073,687239.0224066487
prophet,2025,2025-05-10,590369.102,612824.516253044
prophet,2025,2025-05-11,545248.668,564156.0070066048
prophet,2025,2025-05-12,643297.354,671913.8759326355
prophet,2025,2025-05-13,660055.296,687882.2008467063
prophet,2025,2025-05-14,672274.468,689702.9360114639
prophet,2025,2025-05-15,658394.862,685237.4067526421
prophet,2025,2025-05-16,648923.956,671360.7362174599
prophet,2025,2025-05-17,571024.884,595513.1986980293
prophet,2025,2025-05-18,535072.434,548251.3768521731
prophet,2025,2025-05-19,643248.447,654903.6453940861
prophet,2025,2025-05-20,652858.323,674197.1542634163
prophet,2025,2025-05-21,664126.551,678178.9552805993
prophet,2025,2025-05-22,668934.761,675556.7209009472
prophet,2025,2025-05-23,662370.423,671555.5232461485
prophet,2025,2025-05-24,576278.854,598996.8948771736
prophet,2025,2025-05-25,541833.367,552259.6974533559
prophet,2025,2025-05-26,656907.772,659507.49441994
prophet,2025,2025-05-27,673937.417,684381.474743324
prophet,2025,2025-05-28,690657.01,711183.4052310272
prophet,2025,2025-05-29,705618.351,730183.660967405
prophet,2025,2025-05-30,715806.08,740273.4009681303
prophet,2025,2025-05-31,642661.771,663537.4428806016
prophet,2025,2025-06-01,601403.207,614710.8082668855
prophet,2025,2025-06-02,708803.44,691245.0590590977
prophet,2025,2025-06-03,702262.944,688772.1143372739
prophet,2025,2025-06-04,695659.883,693685.5469289953
prophet,2025,2025-06-05,699779.839,697002.877411354
prophet,2025,2025-06-06,702444.921,711947.6034091971
prophet,2025,2025-06-07,629746.725,647635.1555655248
prophet,2025,2025-06-08,597725.404,612504.4145664001
prophet,2025,2025-06-09,710918.962,724748.9135428083
prophet,2025,2025-06-10,754696.984,759157.1046828484
prophet,2025,2025-06-11,752899.496,737183.7380586975
prophet,2025,2025-06-12,735130.474,720165.1699291517
prophet,2025,2025-06-13,741270.425,732460.4890608876
prophet,2025,2025-06-14,662642.834,677314.9179915346
prophet,2025,2025-06-15,627012.243,636016.9349468878
prophet,2025,2025-06-16,755796.389,744542.8900332643
prophet,2025,2025-06-17,789539.344,784335.996067985
prophet,2025,2025-06-18,798771.575,789457.4400774883
prophet,2025,2025-06-19,800371.54,787755.9449045077
prophet,2025,2025-06-20,799043.803,792990.0824448753
prophet,2025,2025-06-21,716688.135,722311.4230102038
prophet,2025,2025-06-22,668192.776,662392.6841363668
prophet,2025,2025-06-23,768928.351,768745.3840557891
prophet,2025,2025-06-24,756417.62,785694.8427751818
prophet,2025,2025-06-25,779196.977,753891.8225143692
prophet,2025,2025-06-26,789344.14,760057.907851631
prophet,2025,2025-06-27,805524.442,779742.1420037781
prophet,2025,2025-06-28,735838.704,732151.5688527544
prophet,2025,2025-06-29,706151.373,700788.6495650392
prophet,2025,2025-06-30,836439.201,805979.5028354469
prophet,2025,2025-07-01,855802.483,817494.6749749659
prophet,2025,2025-07-02,859922.841,812798.7119748775
prophet,2025,2025-07-03,856473.621,798641.6534075114
prophet,2025,2025-07-04,840845.187,791596.6010577045
prophet,2025,2025-07-05,745107.989,719294.9577459879
prophet,2025,2025-07-06,687730.918,659981.0915944274
prophet,2025,2025-07-07,801641.548,756846.7076767484
prophet,2025,2025-07-08,793529.934,754887.1082049059
prophet,2025,2025-07-09,808754.42,788496.6873786057
prophet,2025,2025-07-10,803389.452,792056.6196535899
prophet,2025,2025-07-11,786953.002,772274.9568500195
prophet,2025,2025-07-12,670387.31,663501.5480328992
prophet,2025,2025-07-13,613937.491,635605.7194750329
prophet,2025,2025-07-14,761045.663,769154.290145576
prophet,2025,2025-07-15,795849.912,801638.055716189
prophet,2025,2025-07-16,815078.448,818865.5124359388
prophet,2025,2025-07-17,838007.023,830576.8833109164
prophet,2025,2025-07-18,819513.995,806179.9702112939
prophet,2025,2025-07-19,710737.397,709618.8900792443
prophet,2025,2025-07-20,658769.157,660524.6196088272
prophet,2025,2025-07-21,757112.828,752906.618016499
prophet,2025,2025-07-22,774126.042,778131.1880663243
prophet,2025,2025-07-23,788231.74,781706.1252731124
prophet,2025,2025-07-24,748388.251,736558.6006329185
prophet,2025,2025-07-25,690451.027,725797.8353186047
prophet,2025,2025-07-26,643741.119,670246.9404428246
prophet,2025,2025-07-27,620654.224,640965.6598549102
prophet,2025,2025-07-28,735074.432,743179.8590751074
prophet,2025,2025-07-29,729341.445,731698.4749800046
prophet,2025,2025-07-30,736753.706,746290.418601032
prophet,2025,2025-07-31,736861.508,755972.7157493006
prophet,2025,2025-08-01,738032.959,746332.9612641224
prophet,2025,2025-08-02,669897.493,674299.7114290099
prophet,2025,2025-08-03,632149.078,636462.1241697487
prophet,2025,2025-08-04,736161.938,752726.615715691
prophet,2025,2025-08-05,735478.609,781848.3605165993
prophet,2025,2025-08-06,738187.733,773599.4814610489
prophet,2025,2025-08-07,756224.724,772521.6332163824
prophet,2025,2025-08-08,754852.392,767497.3365474102
prophet,2025,2025-08-09,694991.226,699297.1245477945
prophet,2025,2025-08-10,664339.049,665714.1158555642
prophet,2025,2025-08-11,769184.367,782633.7194508183
prophet,2025,2025-08-12,788507.462,800139.6156097123
prophet,2025,2025-08-13,783296.53,787252.1291568747
prophet,2025,2025-08-14,767851.607,784368.3048648018
prophet,2025,2025-08-15,694235.587,718412.2350426323
prophet,2025,2025-08-16,711386.957,729707.4528310758
prophet,2025,2025-08-17,697739.998,686433.4255713437
prophet,2025,2025-08-18,789797.366,775183.0116948631
prophet,2025,2025-08-19,764038.242,750877.402754102
prophet,2025,2025-08-20,727302.506,725612.0339787086
prophet,2025,2025-08-21,709967.667,712289.254312386
prophet,2025,2025-08-22,699921.002,713847.5710323643
prophet,2025,2025-08-23,648399.471,653094.2486619876
prophet,2025,2025-08-24,620629.644,626013.8304433988
prophet,2025,2025-08-25,736788.448,742560.1886845855
prophet,2025,2025-08-26,767732.905,772048.4619938064
prophet,2025,2025-08-27,775098.237,766383.8717484563
prophet,2025,2025-08-28,738249.775,725911.3908876819
prophet,2025,2025-08-29,707675.068,719406.8781476921
prophet,2025,2025-08-30,644586.186,667971.2953212254
prophet,2025,2025-08-31,612448.377,616537.8837486471
prophet,2025,2025-09-01,694089.649,687888.80341023
prophet,2025,2025-09-02,707902.838,710291.7686946644
prophet,2025,2025-09-03,723012.406,739506.692834874
prophet,2025,2025-09-04,738710.824,746132.3873855578
prophet,2025,2025-09-05,731984.419,732298.4912283557
prophet,2025,2025-09-06,660824.664,676368.9526008777
prophet,2025,2025-09-07,636818.691,628666.2773656177
prophet,2025,2025-09-08,733515.375,722967.8867330512
prophet,2025,2025-09-09,728201.825,712830.7066075434
prophet,2025,2025-09-10,719712.346,720894.0000873167
prophet,2025,2025-09-11,706372.633,729763.1832652632
prophet,2025,2025-09-12,717767.587,733292.976038254
prophet,2025,2025-09-13,647954.104,662646.9906520644
prophet,2025,2025-09-14,609034.799,615970.4870903096
prophet,2025,2025-09-15,732596.126,730244.775598743
prophet,2025,2025-09-16,760997.274,748675.4037110907
prophet,2025,2025-09-17,770717.862,758981.0400540513
prophet,2025,2025-09-18,775937.633,761577.6307780655
prophet,2025,2025-09-19,772904.075,756526.4433115469
prophet,2025,2025-09-20,681176.671,669264.1665017902
prophet,2025,2025-09-21,618932.462,580921.4064541602
prophet,2025,2025-09-22,672340.723,683486.5573674666
prophet,2025,2025-09-23,681459.84,704150.8697925728
prophet,2025,2025-09-24,678532.483,709546.2223480493
prophet,2025,2025-09-25,686554.906,699174.0991712093
prophet,2025,2025-09-26,677959.732,693325.0413213563
prophet,2025,2025-09-27,606269.866,618813.235276691
prophet,2025,2025-09-28,576712.041,570016.5535747805
prophet,2025,2025-09-29,667557.816,675101.0626620026
prophet,2025,2025-09-30,723309.727,692780.7428225589
prophet,2025,2025-10-01,681009.588,695091.1774580689
prophet,2025,2025-10-02,685852.105,690730.8698744032
prophet,2025,2025-10-03,690940.843,684918.5251521757
prophet,2025,2025-10-04,616041.663,610472.5016394097
prophet,2025,2025-10-05,571392.384,561771.945272122
prophet,2025,2025-10-06,675818.609,666984.2942839813
prophet,2025,2025-10-07,684438.63,684824.7618887742
prophet,2025,2025-10-08,693547.224,687329.7940391606
prophet,2025,2025-10-09,686617.038,683198.1720505645
prophet,2025,2025-10-10,673868.817,677648.1085288309
prophet,2025,2025-10-11,596845.899,603496.5508568009
prophet,2025,2025-10-12,556396.905,555120.2136064343
prophet,2025,2025-10-13,642757.0,660683.0337295322
prophet,2025,2025-10-14,684248.408,678895.6602733777
prophet,2025,2025-10-15,684880.144,681788.977573325
prophet,2025,2025-10-16,692389.074,678055.3311369782
prophet,2025,2025-10-17,685129.648,672905.801661078
prophet,2025,2025-10-18,598733.523,599149.736066914
prophet,2025,2025-10-19,568967.866,551156.049356594
prophet,2025,2025-10-20,678055.657,657080.9816048853
prophet,2025,2025-10-21,699792.792,675627.9106497013
prophet,2025,2025-10-22,701838.787,678821.2069710415
prophet,2025,2025-10-23,697161.249,675347.7866646493
prophet,2025,2025-10-24,682287.305,670414.6942709605
prophet,2025,2025-10-25,611012.908,596828.9107728438
prophet,2025,2025-10-26,596622.432,562961.6662936144
prophet,2025,2025-10-27,664331.731,686076.5963783083
prophet,2025,2025-10-28,685277.73,700903.6165411904
prophet,2025,2025-10-29,701261.002,697832.158057496
prophet,2025,2025-10-30,690241.726,686961.8851115493
prophet,2025,2025-10-31,682048.175,684005.028380384
prophet,2025,2025-11-01,592218.16,503135.3390354726
prophet,2025,2025-11-02,565102.7,558808.1823477552
prophet,2025,2025-11-03,667465.389,680683.0832732158
prophet,2025,2025-11-04,692255.798,699392.5827034487
prophet,2025,2025-11-05,710081.755,692786.2866791841
prophet,2025,2025-11-06,707774.547,701116.4750087635
prophet,2025,2025-11-07,710010.435,703384.5159002068
prophet,2025,2025-11-08,629295.303,628016.1150318634
prophet,2025,2025-11-09,588460.828,592390.288224878
prophet,2025,2025-11-10,692492.149,697894.2317895003
prophet,2025,2025-11-11,716585.649,710050.1638233322
prophet,2025,2025-11-12,717439.4,701483.0223459556
prophet,2025,2025-11-13,736843.768,691859.0693357831
prophet,2025,2025-11-14,725427.537,689233.748228528
prophet,2025,2025-11-15,644784.497,624474.3886357282
prophet,2025,2025-11-16,595975.014,580201.5188862772
prophet,2025,2025-11-17,708860.945,699356.1886856909
prophet,2025,2025-11-18,728135.481,729199.2267980707
prophet,2025,2025-11-19,747024.24,749992.8628256745
prophet,2025,2025-11-20,765048.633,753859.4885609252
prophet,2025,2025-11-21,778694.38,755751.9007397117
prophet,2025,2025-11-22,701389.461,690438.5581490049
prophet,2025,2025-11-23,663179.63,627378.7755980258
prophet,2025,2025-11-24,777474.48,713492.2353601267
prophet,2025,2025-11-25,781772.966,744081.0362377259
prophet,2025,2025-11-26,789853.38,767226.9388211367
prophet,2025,2025-11-27,798378.217,774003.1416369377
prophet,2025,2025-11-28,789168.18,768670.5830149819
prophet,2025,2025-11-29,703816.13,697063.4031702923
prophet,2025,2025-11-30,673953.514,642221.8299204626
prophet,2025,2025-12-01,789066.537,759968.5094826249
prophet,2025,2025-12-02,809822.821,778320.0010821421
prophet,2025,2025-12-03,811028.566,784726.2339988349
prophet,2025,2025-12-04,836398.776,774201.3980013169
prophet,2025,2025-12-05,802278.757,759960.1218915695
prophet,2025,2025-12-06,678158.423,565768.7762365467
prophet,2025,2025-12-07,629514.903,620597.7749349916
prophet,2025,2025-12-08,649618.368,642896.0989986109
prophet,2025,2025-12-09,763644.913,762481.0367029988
prophet,2025,2025-12-10,792569.325,758628.8638076964
prophet,2025,2025-12-11,785807.398,758128.0818301023
prophet,2025,2025-12-12,785077.434,749905.2612411259
prophet,2025,2025-12-13,684962.919,665702.8597006168
prophet,2025,2025-12-14,656653.19,626873.3495955823
prophet,2025,2025-12-15,770607.252,725145.9376042277
prophet,2025,2025-12-16,801065.078,742166.1885482891
prophet,2025,2025-12-17,780541.299,737143.7087143802
prophet,2025,2025-12-18,778194.582,734038.8046783644
prophet,2025,2025-12-19,773959.293,725906.3045577472
prophet,2025,2025-12-20,690773.012,649279.473402665
prophet,2025,2025-12-21,668189.045,609395.7302678747
prophet,2025,2025-12-22,769646.169,729956.8963787192
prophet,2025,2025-12-23,776888.763,739556.2543055157
prophet,2025,2025-12-24,685228.032,735729.484010346
prophet,2025,2025-12-25,609939.918,577560.5373503412
prophet,2025,2025-12-26,683677.621,724654.399920554
prophet,2025,2025-12-27,677314.364,645060.0150232303
prophet,2025,2025-12-28,639401.264,587386.8174797508
prophet,2025,2025-12-29,713389.21,698255.6197052508
prophet,2025,2025-12-30,721915.539,727032.0242073949
prophet,2025,2025-12-31,682120.965,739321.7029846569
lightgbm,2025,2025-01-01,585942.98,583305.2434622037
lightgbm,2025,2025-01-02,714746.165,754039.1225876082
lightgbm,2025,2025-01-03,743131.902,768097.4199623681
lightgbm,2025,2025-01-04,672654.205,669992.2382755926
lightgbm,2025,2025-01-05,637473.016,639468.1922545698
lightgbm,2025,2025-01-06,612375.246,695666.9107456385
lightgbm,2025,2025-01-07,761126.956,817090.4929764137
lightgbm,2025,2025-01-08,785457.969,815171.0534657924
lightgbm,2025,2025-01-09,766861.319,777217.9507801968
lightgbm,2025,2025-01-10,758349.049,773012.8259849015
lightgbm,2025,2025-01-11,670140.941,691078.4391797461
lightgbm,2025,2025-01-12,627798.603,645343.7999495569
lightgbm,2025,2025-01-13,770960.273,779139.1780376283
lightgbm,2025,2025-01-14,811334.506,805678.6817556735
lightgbm,2025,2025-01-15,825272.872,800671.751746732
lightgbm,2025,2025-01-16,837533.046,803417.6852421697
lightgbm,2025,2025-01-17,823171.174,808311.7954099159
lightgbm,2025,2025-01-18,721462.081,712943.1502439938
lightgbm,2025,2025-01-19,686072.784,685171.9629253623
lightgbm,2025,2025-01-20,814665.825,782536.7307419631
lightgbm,2025,2025-01-21,816068.543,781131.255860476
lightgbm,2025,2025-01-22,786025.216,741305.5290515566
lightgbm,2025,2025-01-23,763306.352,725390.3929902931
lightgbm,2025,2025-01-24,754465.345,725094.2313153356
lightgbm,2025,2025-01-25,677659.658,643691.3664298921
lightgbm,2025,2025-01-26,639514.665,614042.0976941956
lightgbm,2025,2025-01-27,745544.984,702331.2981230167
lightgbm,2025,2025-01-28,776292.423,754411.6491691602
lightgbm,2025,2025-01-29,797240.69,766732.501843675
lightgbm,2025,2025-01-30,783496.217,761024.2611482431
lightgbm,2025,2025-01-31,772257.643,765335.5033483997
lightgbm,2025,2025-02-01,695742.806,672192.8069208661
lightgbm,2025,2025-02-02,659166.289,627582.096786914
lightgbm,2025,2025-02-03,768751.535,747883.4066496457
lightgbm,2025,2025-02-04,782615.522,785139.7078164917
lightgbm,2025,2025-02-05,782147.842,791675.423781634
lightgbm,2025,2025-02-06,786399.816,789520.84229186
lightgbm,2025,2025-02-07,796255.651,791593.9740660284
lightgbm,2025,2025-02-08,689583.624,673077.3601619703
lightgbm,2025,2025-02-09,647247.053,654474.5991529938
lightgbm,2025,2025-02-10,757836.189,749204.8643867797
lightgbm,2025,2025-02-11,765437.268,744756.0068327558
lightgbm,2025,2025-02-12,773734.442,742609.0222279313
lightgbm,2025,2025-02-13,757461.905,747268.1562233133
lightgbm,2025,2025-02-14,735597.658,729998.7276046888
lightgbm,2025,2025-02-15,663818.4,636401.0100268287
lightgbm,2025,2025-02-16,612138.615,614232.1498813179
lightgbm,2025,2025-02-17,714984.452,718721.1078519096
lightgbm,2025,2025-02-18,741638.655,735928.4877112642
lightgbm,2025,2025-02-19,729534.345,724432.2480897896
lightgbm,2025,2025-02-20,730459.658,728400.5471931067
lightgbm,2025,2025-02-21,739860.672,724034.0165134983
lightgbm,2025,2025-02-22,654390.89,650224.9424694964
lightgbm,2025,2025-02-23,607511.781,619165.1248753237
lightgbm,2025,2025-02-24,721880.389,718066.2960289505
lightgbm,2025,2025-02-25,746983.888,729988.5118595744
lightgbm,2025,2025-02-26,730095.38,751185.4058620008
lightgbm,2025,2025-02-27,744246.435,753614.0509534577
lightgbm,2025,2025-02-28,728757.572,737340.6828941602
lightgbm,2025,2025-03-01,674291.083,670338.1405640591
lightgbm,2025,2025-03-02,650355.572,637715.9894795063
lightgbm,2025,2025-03-03,754992.978,744411.805261185
lightgbm,2025,2025-03-04,744701.905,734026.1807999191
lightgbm,2025,2025-03-05,752590.785,736389.963326819
lightgbm,2025,2025-03-06,749727.851,727081.9516986276
lightgbm,2025,2025-03-07,753102.249,732075.207670474
lightgbm,2025,2025-03-08,671410.611,667457.9358434965
lightgbm,2025,2025-03-09,620610.269,636567.6269041048
lightgbm,2025,2025-03-10,734548.538,737873.3779816723
lightgbm,2025,2025-03-11,747118.253,735910.8979702975
lightgbm,2025,2025-03-12,739764.977,734920.9748013405
lightgbm,2025,2025-03-13,763441.839,741249.2647212864
lightgbm,2025,2025-03-14,768965.713,748026.9665030966
lightgbm,2025,2025-03-15,670593.774,680063.1559690499
lightgbm,2025,2025-03-16,639750.189,624184.8016491964
lightgbm,2025,2025-03-17,762507.034,766550.0045225552
lightgbm,2025,2025-03-18,770388.213,752413.1704368069
lightgbm,2025,2025-03-19,732948.831,733446.1930396174
lightgbm,2025,2025-03-20,748489.404,731319.05876849
lightgbm,2025,2025-03-21,741574.845,739026.103258795
lightgbm,2025,2025-03-22,655240.105,652328.8873076622
lightgbm,2025,2025-03-23,623984.664,620539.8558632624
lightgbm,2025,2025-03-24,731931.312,740620.6674449916
lightgbm,2025,2025-03-25,733633.334,726794.108328475
lightgbm,2025,2025-03-26,717710.69,733848.8005912885
lightgbm,2025,2025-03-27,709253.992,745594.4324742893
lightgbm,2025,2025-03-28,690335.115,728055.5760334561
lightgbm,2025,2025-03-29,611762.084,627706.198166943
lightgbm,2025,2025-03-30,545041.522,582730.1097718554
lightgbm,2025,2025-03-31,662374.383,675640.6363301913
lightgbm,2025,2025-04-01,675970.718,707249.7092664032
lightgbm,2025,2025-04-02,703596.661,698765.119559462
lightgbm,2025,2025-04-03,718753.316,714127.1487050178
lightgbm,2025,2025-04-04,708149.497,699698.289379277
lightgbm,2025,2025-04-05,613267.03,617861.2897127462
lightgbm,2025,2025-04-06,563258.408,579007.8243303602
lightgbm,2025,2025-04-07,658503.168,638304.8757400123
lightgbm,2025,2025-04-08,665345.094,652274.8770173518
lightgbm,2025,2025-04-09,665082.802,624160.1315713518
lightgbm,2025,2025-04-10,669485.926,627731.25341267
lightgbm,2025,2025-04-11,681170.848,637772.9519472303
lightgbm,2025,2025-04-12,615576.921,596532.2425746595
lightgbm,2025,2025-04-13,566161.185,556706.3564473906
lightgbm,2025,2025-04-14,662868.148,630304.1922135595
lightgbm,2025,2025-04-15,681884.426,675539.8145309084
lightgbm,2025,2025-04-16,673293.59,691275.6416148747
lightgbm,2025,2025-04-17,592381.044,715144.4766789606
lightgbm,2025,2025-04-18,552534.757,575000.4769742971
lightgbm,2025,2025-04-19,567411.461,632159.0372366244
lightgbm,2025,2025-04-20,545602.352,572483.0562859876
lightgbm,2025,2025-04-21,595976.349,679025.3695834855
lightgbm,2025,2025-04-22,666864.958,685052.8348305469
lightgbm,2025,2025-04-23,653356.505,678341.9603027053
lightgbm,2025,2025-04-24,654811.42,701341.6549978692
lightgbm,2025,2025-04-25,657751.21,663085.7447464764
lightgbm,2025,2025-04-26,586878.013,600989.499532986
lightgbm,2025,2025-04-27,541776.286,569487.2084601648
lightgbm,2025,2025-04-28,403207.036,658855.4888456551
lightgbm,2025,2025-04-29,589642.502,671610.2626914637
lightgbm,2025,2025-04-30,643781.367,670807.7808080874
lightgbm,2025,2025-05-01,545263.484,562474.2640991446
lightgbm,2025,2025-05-02,591365.627,645487.8965694807
lightgbm,2025,2025-05-03,560793.506,592629.5033570119
lightgbm,2025,2025-05-04,533549.476,554789.2358160992
lightgbm,2025,2025-05-05,648639.197,658718.1177313649
lightgbm,2025,2025-05-06,657786.189,665717.6769841968
lightgbm,2025,2025-05-07,659535.192,670029.7444239655
lightgbm,2025,2025-05-08,668893.553,664836.6614273539
lightgbm,2025,2025-05-09,666485.073,667503.1909425578
lightgbm,2025,2025-05-10,590369.102,603892.7783738794
lightgbm,2025,2025-05-11,545248.668,558023.7342937993
lightgbm,2025,2025-05-12,643297.354,643842.4613385095
lightgbm,2025,2025-05-13,660055.296,657119.2568233942
lightgbm,2025,2025-05-14,672274.468,668071.322004937
lightgbm,2025,2025-05-15,658394.862,666945.6605769988
lightgbm,2025,2025-05-16,648923.956,676930.9904259266
lightgbm,2025,2025-05-17,571024.884,614214.4500738818
lightgbm,2025,2025-05-18,535072.434,560772.6886192963
lightgbm,2025,2025-05-19,643248.447,656741.2874607916
lightgbm,2025,2025-05-20,652858.323,684487.9519985687
lightgbm,2025,2025-05-21,664126.551,679951.6675220263
lightgbm,2025,2025-05-22,668934.761,689038.3286075877
lightgbm,2025,2025-05-23,662370.423,677400.5672237412
lightgbm,2025,2025-05-24,576278.854,618162.9307220697
lightgbm,2025,2025-05-25,541833.367,569973.4502890926
lightgbm,2025,2025-05-26,656907.772,674314.558049842
lightgbm,2025,2025-05-27,673937.417,686080.0028414862
lightgbm,2025,2025-05-28,690657.01,708030.6956253502
lightgbm,2025,2025-05-29,705618.351,714624.4593767496
lightgbm,2025,2025-05-30,715806.08,714769.6677297307
lightgbm,2025,2025-05-31,642661.771,643320.8573846371
lightgbm,2025,2025-06-01,601403.207,623428.6125306671
lightgbm,2025,2025-06-02,708803.44,723819.6726564765
lightgbm,2025,2025-06-03,702262.944,730435.8365640022
lightgbm,2025,2025-06-04,695659.883,731656.6494549052
lightgbm,2025,2025-06-05,699779.839,759597.3024340733
lightgbm,2025,2025-06-06,702444.921,757215.2022872369
lightgbm,2025,2025-06-07,629746.725,663313.8488170642
lightgbm,2025,2025-06-08,597725.404,626380.1588013242
lightgbm,2025,2025-06-09,710918.962,706711.7833490097
lightgbm,2025,2025-06-10,754696.984,744024.3840694656
lightgbm,2025,2025-06-11,752899.496,736672.5991608724
lightgbm,2025,2025-06-12,735130.474,728344.9057986119
lightgbm,2025,2025-06-13,741270.425,739836.8737237812
lightgbm,2025,2025-06-14,662642.834,672259.8313764222
lightgbm,2025,2025-06-15,627012.243,635109.6760060227
lightgbm,2025,2025-06-16,755796.389,741131.1556937405
lightgbm,2025,2025-06-17,789539.344,790257.1600150478
lightgbm,2025,2025-06-18,798771.575,776503.7748418569
lightgbm,2025,2025-06-19,800371.54,766606.7794785728
lightgbm,2025,2025-06-20,799043.803,783483.7311781702
lightgbm,2025,2025-06-21,716688.135,727267.5473699706
lightgbm,2025,2025-06-22,668192.776,655243.9087781478
lightgbm,2025,2025-06-23,768928.351,755466.6537895243
lightgbm,2025,2025-06-24,756417.62,822440.1513157438
lightgbm,2025,2025-06-25,779196.977,789380.9346007812
lightgbm,2025,2025-06-26,789344.14,796129.8156512908
lightgbm,2025,2025-06-27,805524.442,812901.6372385266
lightgbm,2025,2025-06-28,735838.704,713296.389902432
lightgbm,2025,2025-06-29,706151.373,667949.600997893
lightgbm,2025,2025-06-30,836439.201,766207.4919049393
lightgbm,2025,2025-07-01,855802.483,804437.417446513
lightgbm,2025,2025-07-02,859922.841,801876.3836136747
lightgbm,2025,2025-07-03,856473.621,819013.8539309003
lightgbm,2025,2025-07-04,840845.187,807857.5560982084
lightgbm,2025,2025-07-05,745107.989,717056.9293725728
lightgbm,2025,2025-07-06,687730.918,658403.9762151412
lightgbm,2025,2025-07-07,801641.548,760122.8674092386
lightgbm,2025,2025-07-08,793529.934,735948.5309174075
lightgbm,2025,2025-07-09,808754.42,799105.3492201105
lightgbm,2025,2025-07-10,803389.452,776630.4243315018
lightgbm,2025,2025-07-11,786953.002,740689.0771570522
lightgbm,2025,2025-07-12,670387.31,648785.23919137
lightgbm,2025,2025-07-13,613937.491,626092.5100882396
lightgbm,2025,2025-07-14,761045.663,738384.9990391145
lightgbm,2025,2025-07-15,795849.912,761314.7546747694
lightgbm,2025,2025-07-16,815078.448,763220.2550063842
lightgbm,2025,2025-07-17,838007.023,784317.7300623787
lightgbm,2025,2025-07-18,819513.995,757920.4160031278
lightgbm,2025,2025-07-19,710737.397,657679.8646789785
lightgbm,2025,2025-07-20,658769.157,627912.6780427692
lightgbm,2025,2025-07-21,757112.828,711789.414718944
lightgbm,2025,2025-07-22,774126.042,742353.1599309264
lightgbm,2025,2025-07-23,788231.74,770266.1459685116
lightgbm,2025,2025-07-24,748388.251,717581.4814699573
lightgbm,2025,2025-07-25,690451.027,704918.3633879003
lightgbm,2025,2025-07-26,643741.119,657596.755970924
lightgbm,2025,2025-07-27,620654.224,608069.936463771
lightgbm,2025,2025-07-28,735074.432,720332.7288924111
lightgbm,2025,2025-07-29,729341.445,730008.2971692472
lightgbm,2025,2025-07-30,736753.706,735239.973060976
lightgbm,2025,2025-07-31,736861.508,776177.1766508991
lightgbm,2025,2025-08-01,738032.959,753312.2699732124
lightgbm,2025,2025-08-02,669897.493,684103.5484048551
lightgbm,2025,2025-08-03,632149.078,647801.4586919326
lightgbm,2025,2025-08-04,736161.938,773803.1525857992
lightgbm,2025,2025-08-05,735478.609,794921.30618182
lightgbm,2025,2025-08-06,738187.733,805011.5104224203
lightgbm,2025,2025-08-07,756224.724,807626.4305060183
lightgbm,2025,2025-08-08,754852.392,796035.344381507
lightgbm,2025,2025-08-09,694991.226,747622.161783914
lightgbm,2025,2025-08-10,664339.049,696428.855879651
lightgbm,2025,2025-08-11,769184.367,779422.352432855
lightgbm,2025,2025-08-12,788507.462,795687.977581386
lightgbm,2025,2025-08-13,783296.53,790663.0327501723
lightgbm,2025,2025-08-14,767851.607,757999.8140767519
lightgbm,2025,2025-08-15,694235.587,641601.4950625211
lightgbm,2025,2025-08-16,711386.957,715519.8123177474
lightgbm,2025,2025-08-17,697739.998,668931.1790115393
lightgbm,2025,2025-08-18,789797.366,779830.7795548411
lightgbm,2025,2025-08-19,764038.242,760295.9831916135
lightgbm,2025,2025-08-20,727302.506,714656.3167767506
lightgbm,2025,2025-08-21,709967.667,708821.399202476
lightgbm,2025,2025-08-22,699921.002,703622.7316385651
lightgbm,2025,2025-08-23,648399.471,660434.8367526385
lightgbm,2025,2025-08-24,620629.644,636535.5032663303
lightgbm,2025,2025-08-25,736788.448,725599.6018440361
lightgbm,2025,2025-08-26,767732.905,758846.2570561543
lightgbm,2025,2025-08-27,775098.237,744100.1432765488
lightgbm,2025,2025-08-28,738249.775,718084.27318606
lightgbm,2025,2025-08-29,707675.068,707796.1499873794
lightgbm,2025,2025-08-30,644586.186,662898.9605892702
lightgbm,2025,2025-08-31,612448.377,621448.7897259727
lightgbm,2025,2025-09-01,694089.649,683925.39708353
lightgbm,2025,2025-09-02,707902.838,689777.1112325841
lightgbm,2025,2025-09-03,723012.406,701177.7071917084
lightgbm,2025,2025-09-04,738710.824,726765.0052974744
lightgbm,2025,2025-09-05,731984.419,710681.030816264
lightgbm,2025,2025-09-06,660824.664,642127.8658390145
lightgbm,2025,2025-09-07,636818.691,624918.6469406976
lightgbm,2025,2025-09-08,733515.375,722165.864525874
lightgbm,2025,2025-09-09,728201.825,723308.2182949311
lightgbm,2025,2025-09-10,719712.346,717815.9817653312
lightgbm,2025,2025-09-11,706372.633,733533.4661493901
lightgbm,2025,2025-09-12,717767.587,718859.1529676465
lightgbm,2025,2025-09-13,647954.104,639393.8546783942
lightgbm,2025,2025-09-14,609034.799,616544.0125438079
lightgbm,2025,2025-09-15,732596.126,735137.8655762239
lightgbm,2025,2025-09-16,760997.274,773204.067179304
lightgbm,2025,2025-09-17,770717.862,765264.2694672238
lightgbm,2025,2025-09-18,775937.633,759885.0956865435
lightgbm,2025,2025-09-19,772904.075,754604.2430009076
lightgbm,2025,2025-09-20,681176.671,681324.1689145387
lightgbm,2025,2025-09-21,618932.462,597142.7349516909
lightgbm,2025,2025-09-22,672340.723,687425.2557539253
lightgbm,2025,2025-09-23,681459.84,691529.050047667
lightgbm,2025,2025-09-24,678532.483,680044.1744285518
lightgbm,2025,2025-09-25,686554.906,701147.5030036512
lightgbm,2025,2025-09-26,677959.732,663175.659897912
lightgbm,2025,2025-09-27,606269.866,606229.6285775116
lightgbm,2025,2025-09-28,576712.041,540831.5604588074
lightgbm,2025,2025-09-29,667557.816,639514.3354740761
lightgbm,2025,2025-09-30,723309.727,660827.3971663275
lightgbm,2025,2025-10-01,681009.588,682600.713916908
lightgbm,2025,2025-10-02,685852.105,698807.1359377924
lightgbm,2025,2025-10-03,690940.843,698445.0825357669
lightgbm,2025,2025-10-04,616041.663,635480.6242293066
lightgbm,2025,2025-10-05,571392.384,577721.362803403
lightgbm,2025,2025-10-06,675818.609,694053.3915337191
lightgbm,2025,2025-10-07,684438.63,705690.4262062017
lightgbm,2025,2025-10-08,693547.224,710503.9648073921
lightgbm,2025,2025-10-09,686617.038,704868.995691326
lightgbm,2025,2025-10-10,673868.817,689706.0002359683
lightgbm,2025,2025-10-11,596845.899,622238.3474501537
lightgbm,2025,2025-10-12,556396.905,549948.7378278087
lightgbm,2025,2025-10-13,642757.0,647645.5106097534
lightgbm,2025,2025-10-14,684248.408,688665.3230029672
lightgbm,2025,2025-10-15,684880.144,682053.6822352575
lightgbm,2025,2025-10-16,692389.074,675564.3154453892
lightgbm,2025,2025-10-17,685129.648,655385.5161389334
lightgbm,2025,2025-10-18,598733.523,588870.5648764059
lightgbm,2025,2025-10-19,568967.866,539347.1515316739
lightgbm,2025,2025-10-20,678055.657,642653.8531545412
lightgbm,2025,2025-10-21,699792.792,657606.1847359703
lightgbm,2025,2025-10-22,701838.787,660742.5179015284
lightgbm,2025,2025-10-23,697161.249,665717.31369629
lightgbm,2025,2025-10-24,682287.305,652561.9469947199
lightgbm,2025,2025-10-25,611012.908,579006.9297645026
lightgbm,2025,2025-10-26,596622.432,571347.5522825131
lightgbm,2025,2025-10-27,664331.731,645622.6368880436
lightgbm,2025,2025-10-28,685277.73,685745.7261959291
lightgbm,2025,2025-10-29,701261.002,690070.0977724934
lightgbm,2025,2025-10-30,690241.726,696423.0797719697
lightgbm,2025,2025-10-31,682048.175,698911.5639882678
lightgbm,2025,2025-11-01,592218.16,590767.0041242273
lightgbm,2025,2025-11-02,565102.7,568782.7275403343
lightgbm,2025,2025-11-03,667465.389,646672.836781205
lightgbm,2025,2025-11-04,692255.798,671919.6928545638
lightgbm,2025,2025-11-05,710081.755,677777.6970042333
lightgbm,2025,2025-11-06,707774.547,679396.0492598801
lightgbm,2025,2025-11-07,710010.435,680035.9113293885
lightgbm,2025,2025-11-08,629295.303,587613.1077360843
lightgbm,2025,2025-11-09,588460.828,586215.3837688146
lightgbm,2025,2025-11-10,692492.149,682776.0704302376
lightgbm,2025,2025-11-11,716585.649,700310.3566227005
lightgbm,2025,2025-11-12,717439.4,713958.5590484247
lightgbm,2025,2025-11-13,736843.768,706241.975327612
lightgbm,2025,2025-11-14,725427.537,691550.1744306702
lightgbm,2025,2025-11-15,644784.497,616804.3576144113
lightgbm,2025,2025-11-16,595975.014,576223.4704052368
lightgbm,2025,2025-11-17,708860.945,696337.8671576777
lightgbm,2025,2025-11-18,728135.481,702918.0680701218
lightgbm,2025,2025-11-19,747024.24,732268.1406976343
lightgbm,2025,2025-11-20,765048.633,751204.8457707574
lightgbm,2025,2025-11-21,778694.38,761710.8278082721
lightgbm,2025,2025-11-22,701389.461,692325.9141135073
lightgbm,2025,2025-11-23,663179.63,639906.465243284
lightgbm,2025,2025-11-24,777474.48,722254.8709422991
lightgbm,2025,2025-11-25,781772.966,742450.5977791002
lightgbm,2025,2025-11-26,789853.38,754491.9450496391
lightgbm,2025,2025-11-27,798378.217,774014.6585344594
lightgbm,2025,2025-11-28,789168.18,751170.1738514771
lightgbm,2025,2025-11-29,703816.13,689397.4557798032
lightgbm,2025,2025-11-30,673953.514,640390.5795589908
lightgbm,2025,2025-12-01,789066.537,761645.1518056708
lightgbm,2025,2025-12-02,809822.821,763242.4816657455
lightgbm,2025,2025-12-03,811028.566,807428.4657114446
lightgbm,2025,2025-12-04,836398.776,759724.1303623763
lightgbm,2025,2025-12-05,802278.757,722680.9071988005
lightgbm,2025,2025-12-06,678158.423,637754.7524433648
lightgbm,2025,2025-12-07,629514.903,631446.9115889961
lightgbm,2025,2025-12-08,649618.368,639778.5907991177
lightgbm,2025,2025-12-09,763644.913,741171.092462481
lightgbm,2025,2025-12-10,792569.325,763863.604354327
lightgbm,2025,2025-12-11,785807.398,778702.3185085533
lightgbm,2025,2025-12-12,785077.434,767499.5455331965
lightgbm,2025,2025-12-13,684962.919,692033.398223335
lightgbm,2025,2025-12-14,656653.19,652418.1663676547
lightgbm,2025,2025-12-15,770607.252,769439.2343349113
lightgbm,2025,2025-12-16,801065.078,786557.4069271171
lightgbm,2025,2025-12-17,780541.299,774191.1850406368
lightgbm,2025,2025-12-18,778194.582,774960.1829036344
lightgbm,2025,2025-12-19,773959.293,763969.4933974546
lightgbm,2025,2025-12-20,690773.012,693300.9260270244
lightgbm,2025,2025-12-21,668189.045,659766.8847780247
lightgbm,2025,2025-12-22,769646.169,787238.5396422494
lightgbm,2025,2025-12-23,776888.763,791841.6313578013
lightgbm,2025,2025-12-24,685228.032,738194.1344292116
lightgbm,2025,2025-12-25,609939.918,585584.9785529342
lightgbm,2025,2025-12-26,683677.621,664591.6853821832
lightgbm,2025,2025-12-27,677314.364,642606.9573241016
lightgbm,2025,2025-12-28,639401.264,618755.7522656005
lightgbm,2025,2025-12-29,713389.21,672055.1753224366
lightgbm,2025,2025-12-30,721915.539,705368.3258645852
lightgbm,2025,2025-12-31,682120.965,714935.7323935606
ensemble,2025,2025-01-01,585942.98,631118.2301357997
ensemble,2025,2025-01-02,714746.165,740793.7878394648
ensemble,2025,2025-01-03,743131.902,732477.8651396685
ensemble,2025,2025-01-04,672654.205,645749.352880111
ensemble,2025,2025-01-05,637473.016,625572.0223877315
ensemble,2025,2025-01-06,612375.246,689791.2058271967
ensemble,2025,2025-01-07,761126.956,791236.0871065167
ensemble,2025,2025-01-08,785457.969,789564.8847280986
ensemble,2025,2025-01-09,766861.319,769973.8632176785
ensemble,2025,2025-01-10,758349.049,770231.0274046516
ensemble,2025,2025-01-11,670140.941,685745.3241852201
ensemble,2025,2025-01-12,627798.603,645361.754186436
ensemble,2025,2025-01-13,770960.273,773907.4364692789
ensemble,2025,2025-01-14,811334.506,793880.7437739217
ensemble,2025,2025-01-15,825272.872,793393.8362450522
ensemble,2025,2025-01-16,837533.046,784680.5151456883
ensemble,2025,2025-01-17,823171.174,793375.6913558281
ensemble,2025,2025-01-18,721462.081,710030.9750649668
ensemble,2025,2025-01-19,686072.784,672324.4676841052
ensemble,2025,2025-01-20,814665.825,775378.1692494488
ensemble,2025,2025-01-21,816068.543,775167.2250110976
ensemble,2025,2025-01-22,786025.216,754764.8196155456
ensemble,2025,2025-01-23,763306.352,744076.7839959395
ensemble,2025,2025-01-24,754465.345,739365.2811358486
ensemble,2025,2025-01-25,677659.658,660149.3864879574
ensemble,2025,2025-01-26,639514.665,623416.6271347416
ensemble,2025,2025-01-27,745544.984,719614.7470699648
ensemble,2025,2025-01-28,776292.423,758040.9333612599
ensemble,2025,2025-01-29,797240.69,767245.6627000333
ensemble,2025,2025-01-30,783496.217,763471.4891288156
ensemble,2025,2025-01-31,772257.643,761785.6081037363
ensemble,2025,2025-02-01,695742.806,677620.1286231669
ensemble,2025,2025-02-02,659166.289,631298.0624641689
ensemble,2025,2025-02-03,768751.535,744984.3426529504
ensemble,2025,2025-02-04,782615.522,768385.9894623415
ensemble,2025,2025-02-05,782147.842,774251.1465396024
ensemble,2025,2025-02-06,786399.816,774465.7099814032
ensemble,2025,2025-02-07,796255.651,773699.8294955782
ensemble,2025,2025-02-08,689583.624,674383.0782860661
ensemble,2025,2025-02-09,647247.053,644220.7204515813
ensemble,2025,2025-02-10,757836.189,733485.178477333
ensemble,2025,2025-02-11,765437.268,735110.8430318417
ensemble,2025,2025-02-12,773734.442,737993.8133620746
ensemble,2025,2025-02-13,757461.905,742001.1208144374
ensemble,2025,2025-02-14,735597.658,729727.6819404811
ensemble,2025,2025-02-15,663818.4,642932.8017114851
ensemble,2025,2025-02-16,612138.615,605250.976582812
ensemble,2025,2025-02-17,714984.452,711611.3433404216
ensemble,2025,2025-02-18,741638.655,726889.9927825634
ensemble,2025,2025-02-19,729534.345,728075.9923425236
ensemble,2025,2025-02-20,730459.658,732017.2591074986
ensemble,2025,2025-02-21,739860.672,727310.1537089975
ensemble,2025,2025-02-22,654390.89,658256.4813599697
ensemble,2025,2025-02-23,607511.781,623709.7373837688
ensemble,2025,2025-02-24,721880.389,726940.1269824551
ensemble,2025,2025-02-25,746983.888,740554.5042253671
ensemble,2025,2025-02-26,730095.38,749336.1025836999
ensemble,2025,2025-02-27,744246.435,750268.004785615
ensemble,2025,2025-02-28,728757.572,739297.6160864695
ensemble,2025,2025-03-01,674291.083,673689.1447053185
ensemble,2025,2025-03-02,650355.572,635526.8836650228
ensemble,2025,2025-03-03,754992.978,739703.8401958497
ensemble,2025,2025-03-04,744701.905,733333.0127382983
ensemble,2025,2025-03-05,752590.785,737027.5145360181
ensemble,2025,2025-03-06,749727.851,737212.3164376473
ensemble,2025,2025-03-07,753102.249,738204.5089448309
ensemble,2025,2025-03-08,671410.611,673304.7034155341
ensemble,2025,2025-03-09,620610.269,629201.9788945977
ensemble,2025,2025-03-10,734548.538,728012.9166354757
ensemble,2025,2025-03-11,747118.253,730140.6474315274
ensemble,2025,2025-03-12,739764.977,730756.5191126576
ensemble,2025,2025-03-13,763441.839,734087.1787765677
ensemble,2025,2025-03-14,768965.713,730745.8895824511
ensemble,2025,2025-03-15,670593.774,658085.6272991928
ensemble,2025,2025-03-16,639750.189,607258.7884692423
ensemble,2025,2025-03-17,762507.034,716385.6265972704
ensemble,2025,2025-03-18,770388.213,710904.188959642
ensemble,2025,2025-03-19,732948.831,708747.8142180187
ensemble,2025,2025-03-20,748489.404,706196.7177587855
ensemble,2025,2025-03-21,741574.845,706109.2372685467
ensemble,2025,2025-03-22,655240.105,633613.1470243959
ensemble,2025,2025-03-23,623984.664,596189.7465370571
ensemble,2025,2025-03-24,731931.312,711300.1679893652
ensemble,2025,2025-03-25,733633.334,713972.537526728
ensemble,2025,2025-03-26,717710.69,715524.9708516755
ensemble,2025,2025-03-27,709253.992,691951.2883736348
ensemble,2025,2025-03-28,690335.115,667194.6438318025
ensemble,2025,2025-03-29,611762.084,613365.2221416064
ensemble,2025,2025-03-30,545041.522,574999.8571160343
ensemble,2025,2025-03-31,662374.383,656797.8728417328
ensemble,2025,2025-04-01,675970.718,696866.2567705176
ensemble,2025,2025-04-02,703596.661,693889.7629011333
ensemble,2025,2025-04-03,718753.316,696708.186123773
ensemble,2025,2025-04-04,708149.497,685154.0315676912
ensemble,2025,2025-04-05,613267.03,610680.7861739844
ensemble,2025,2025-04-06,563258.408,564906.1206156025
ensemble,2025,2025-04-07,658503.168,651218.4648215817
ensemble,2025,2025-04-08,665345.094,664262.2243609767
ensemble,2025,2025-04-09,665082.802,655659.6279059643
ensemble,2025,2025-04-10,669485.926,654909.548355223
ensemble,2025,2025-04-11,681170.848,659352.432732692
ensemble,2025,2025-04-12,615576.921,594579.9292622058
ensemble,2025,2025-04-13,566161.185,550599.6066389527
ensemble,2025,2025-04-14,662868.148,646765.4111530931
ensemble,2025,2025-04-15,681884.426,679578.0104066002
ensemble,2025,2025-04-16,673293.59,688065.5313722828
ensemble,2025,2025-04-17,592381.044,690222.3493935973
ensemble,2025,2025-04-18,552534.757,594978.7011396568
ensemble,2025,2025-04-19,567411.461,611032.8675916853
ensemble,2025,2025-04-20,545602.352,563081.7600649189
ensemble,2025,2025-04-21,595976.349,665644.646188649
ensemble,2025,2025-04-22,666864.958,677737.1344982777
ensemble,2025,2025-04-23,653356.505,678740.4517597732
ensemble,2025,2025-04-24,654811.42,686577.2152617711
ensemble,2025,2025-04-25,657751.21,665425.1045748875
ensemble,2025,2025-04-26,586878.013,600539.7542061514
ensemble,2025,2025-04-27,541776.286,562654.2381445229
ensemble,2025,2025-04-28,403207.036,661467.1991432207
ensemble,2025,2025-04-29,589642.502,669612.8052476897
ensemble,2025,2025-04-30,643781.367,639733.6963204517
ensemble,2025,2025-05-01,545263.484,586784.5367742884
ensemble,2025,2025-05-02,591365.627,656645.2731384005
ensemble,2025,2025-05-03,560793.506,595209.9580434844
ensemble,2025,2025-05-04,533549.476,555859.3932817787
ensemble,2025,2025-05-05,648639.197,659566.9252294162
ensemble,2025,2025-05-06,657786.189,673419.7249248949
ensemble,2025,2025-05-07,659535.192,677583.9658206496
ensemble,2025,2025-05-08,668893.553,673542.0778363206
ensemble,2025,2025-05-09,666485.073,668640.5726227203
ensemble,2025,2025-05-10,590369.102,600553.208948843
ensemble,2025,2025-05-11,545248.668,555926.7145968038
ensemble,2025,2025-05-12,643297.354,655755.7905672899
ensemble,2025,2025-05-13,660055.296,672063.4051130408
ensemble,2025,2025-05-14,672274.468,672895.2700958675
ensemble,2025,2025-05-15,658394.862,673078.7832944375
ensemble,2025,2025-05-16,648923.956,668624.6431868101
ensemble,2025,2025-05-17,571024.884,599607.4578236513
ensemble,2025,2025-05-18,535072.434,552891.1877223572
ensemble,2025,2025-05-19,643248.447,649676.8910683889
ensemble,2025,2025-05-20,652858.323,673454.3583770945
ensemble,2025,2025-05-21,664126.551,674279.500386842
ensemble,2025,2025-05-22,668934.761,676021.2832321236
ensemble,2025,2025-05-23,662370.423,669052.9165635343
ensemble,2025,2025-05-24,576278.854,602229.1205063406
ensemble,2025,2025-05-25,541833.367,556915.7603489426
ensemble,2025,2025-05-26,656907.772,665277.7811105617
ensemble,2025,2025-05-27,673937.417,680643.096523201
ensemble,2025,2025-05-28,690657.01,701304.7652796704
ensemble,2025,2025-05-29,705618.351,711616.1304926709
ensemble,2025,2025-05-30,715806.08,710924.1531741292
ensemble,2025,2025-05-31,642661.771,639228.150889359
ensemble,2025,2025-06-01,601403.207,601230.2327230263
ensemble,2025,2025-06-02,708803.44,694983.8900775326
ensemble,2025,2025-06-03,702262.944,700390.0166948591
ensemble,2025,2025-06-04,695659.883,707303.4423936507
ensemble,2025,2025-06-05,699779.839,724008.7695588929
ensemble,2025,2025-06-06,702444.921,728087.3583059128
ensemble,2025,2025-06-07,629746.725,647090.1956598704
ensemble,2025,2025-06-08,597725.404,602788.6585931607
ensemble,2025,2025-06-09,710918.962,701495.0182067183
ensemble,2025,2025-06-10,754696.984,727977.7643279787
ensemble,2025,2025-06-11,752899.496,716357.0487245028
ensemble,2025,2025-06-12,735130.474,703617.8738677871
ensemble,2025,2025-06-13,741270.425,717408.6356887914
ensemble,2025,2025-06-14,662642.834,651914.8454082982
ensemble,2025,2025-06-15,627012.243,612468.8389755227
ensemble,2025,2025-06-16,755796.389,724427.119625613
ensemble,2025,2025-06-17,789539.344,759982.767310854
ensemble,2025,2025-06-18,798771.575,754236.2669596622
ensemble,2025,2025-06-19,800371.54,748201.981461756
ensemble,2025,2025-06-20,799043.803,750615.4724875409
ensemble,2025,2025-06-21,716688.135,687861.5017083847
ensemble,2025,2025-06-22,668192.776,630654.7247338239
ensemble,2025,2025-06-23,768928.351,726380.0792083285
ensemble,2025,2025-06-24,756417.62,775702.4807116669
ensemble,2025,2025-06-25,779196.977,755752.5551118305
ensemble,2025,2025-06-26,789344.14,761120.5977869196
ensemble,2025,2025-06-27,805524.442,771409.1047576695
ensemble,2025,2025-06-28,735838.704,693646.2024694385
ensemble,2025,2025-06-29,706151.373,652775.7203217304
ensemble,2025,2025-06-30,836439.201,753126.3824011296
ensemble,2025,2025-07-01,855802.483,777131.3359404827
ensemble,2025,2025-07-02,859922.841,780655.5113783007
ensemble,2025,2025-07-03,856473.621,788644.5239618366
ensemble,2025,2025-07-04,840845.187,783263.1963307125
ensemble,2025,2025-07-05,745107.989,699062.9556140257
ensemble,2025,2025-07-06,687730.918,638765.6806639364
ensemble,2025,2025-07-07,801641.548,742544.6894991823
ensemble,2025,2025-07-08,793529.934,744132.7749947067
ensemble,2025,2025-07-09,808754.42,783350.1924821892
ensemble,2025,2025-07-10,803389.452,786583.5056817456
ensemble,2025,2025-07-11,786953.002,764532.6485174772
ensemble,2025,2025-07-12,670387.31,662529.6353042278
ensemble,2025,2025-07-13,613937.491,628924.6724706589
ensemble,2025,2025-07-14,761045.663,753545.8533469951
ensemble,2025,2025-07-15,795849.912,776950.0736387639
ensemble,2025,2025-07-16,815078.448,786063.6753927303
ensemble,2025,2025-07-17,838007.023,803306.4481553417
ensemble,2025,2025-07-18,819513.995,789845.4925514344
ensemble,2025,2025-07-19,710737.397,695492.0404150389
ensemble,2025,2025-07-20,658769.157,645398.0955999187
ensemble,2025,2025-07-21,757112.828,737895.806694101
ensemble,2025,2025-07-22,774126.042,770290.2685983839
ensemble,2025,2025-07-23,788231.74,788464.6121844156
ensemble,2025,2025-07-24,748388.251,744887.8410028754
ensemble,2025,2025-07-25,690451.027,736957.4200053067
ensemble,2025,2025-07-26,643741.119,679178.1091722557
ensemble,2025,2025-07-27,620654.224,641410.9737130059
ensemble,2025,2025-07-28,735074.432,755309.0051019699
ensemble,2025,2025-07-29,729341.445,761019.2602736872
ensemble,2025,2025-07-30,736753.706,765612.5881807994
ensemble,2025,2025-07-31,736861.508,787154.4591378194
ensemble,2025,2025-08-01,738032.959,767716.4431479612
ensemble,2025,2025-08-02,669897.493,688155.7785050567
ensemble,2025,2025-08-03,632149.078,651437.8874174148
ensemble,2025,2025-08-04,736161.938,763991.2908690069
ensemble,2025,2025-08-05,735478.609,784913.358051126
ensemble,2025,2025-08-06,738187.733,785745.5269546704
ensemble,2025,2025-08-07,756224.724,786368.24259574
ensemble,2025,2025-08-08,754852.392,781009.3884363339
ensemble,2025,2025-08-09,694991.226,722146.3460270055
ensemble,2025,2025-08-10,664339.049,679848.4041685433
ensemble,2025,2025-08-11,769184.367,772811.9138592888
ensemble,2025,2025-08-12,788507.462,779972.7700339606
ensemble,2025,2025-08-13,783296.53,762201.631394024
ensemble,2025,2025-08-14,767851.607,721716.7890158525
ensemble,2025,2025-08-15,694235.587,673554.5532509596
ensemble,2025,2025-08-16,711386.957,699551.7188120914
ensemble,2025,2025-08-17,697739.998,663215.9878582148
ensemble,2025,2025-08-18,789797.366,757785.5523980423
ensemble,2025,2025-08-19,764038.242,750030.7931459951
ensemble,2025,2025-08-20,727302.506,729782.1499347308
ensemble,2025,2025-08-21,709967.667,725538.3787599644
ensemble,2025,2025-08-22,699921.002,722408.8061363938
ensemble,2025,2025-08-23,648399.471,669418.1025497933
ensemble,2025,2025-08-24,620629.644,638654.5852163527
ensemble,2025,2025-08-25,736788.448,737676.6713982107
ensemble,2025,2025-08-26,767732.905,767792.2534850106
ensemble,2025,2025-08-27,775098.237,764928.8785756301
ensemble,2025,2025-08-28,738249.775,739300.0532692289
ensemble,2025,2025-08-29,707675.068,729495.5220588697
ensemble,2025,2025-08-30,644586.186,672042.0181479176
ensemble,2025,2025-08-31,612448.377,626300.3110825997
ensemble,2025,2025-09-01,694089.649,708434.4462004028
ensemble,2025,2025-09-02,707902.838,718640.805356211
ensemble,2025,2025-09-03,723012.406,723904.5910935852
ensemble,2025,2025-09-04,738710.824,730073.5810451052
ensemble,2025,2025-09-05,731984.419,720789.9700549404
ensemble,2025,2025-09-06,660824.664,650563.5351317304
ensemble,2025,2025-09-07,636818.691,615000.3762905258
ensemble,2025,2025-09-08,733515.375,709951.8140450604
ensemble,2025,2025-09-09,728201.825,714926.250401855
ensemble,2025,2025-09-10,719712.346,711610.3094922582
ensemble,2025,2025-09-11,706372.633,727114.2725229358
ensemble,2025,2025-09-12,717767.587,714110.824296313
ensemble,2025,2025-09-13,647954.104,636768.2996652409
ensemble,2025,2025-09-14,609034.799,601077.2755593619
ensemble,2025,2025-09-15,732596.126,716095.8746576394
ensemble,2025,2025-09-16,760997.274,740477.8057042864
ensemble,2025,2025-09-17,770717.862,742616.1415229543
ensemble,2025,2025-09-18,775937.633,740910.6127527874
ensemble,2025,2025-09-19,772904.075,734422.2093560334
ensemble,2025,2025-09-20,681176.671,656102.2301750985
ensemble,2025,2025-09-21,618932.462,582187.4224286311
ensemble,2025,2025-09-22,672340.723,678300.651511108
ensemble,2025,2025-09-23,681459.84,689295.5365591034
ensemble,2025,2025-09-24,678532.483,695205.986180827
ensemble,2025,2025-09-25,686554.906,705302.371419425
ensemble,2025,2025-09-26,677959.732,681245.2566110048
ensemble,2025,2025-09-27,606269.866,605477.1032745163
ensemble,2025,2025-09-28,576712.041,554207.1676112646
ensemble,2025,2025-09-29,667557.816,657288.3501842767
ensemble,2025,2025-09-30,723309.727,681343.6158084129
ensemble,2025,2025-10-01,681009.588,695935.2170726998
ensemble,2025,2025-10-02,685852.105,696287.3094414616
ensemble,2025,2025-10-03,690940.843,688288.8314925552
ensemble,2025,2025-10-04,616041.663,619324.2203005267
ensemble,2025,2025-10-05,571392.384,573854.8840572641
ensemble,2025,2025-10-06,675818.609,685654.9088911911
ensemble,2025,2025-10-07,684438.63,695784.7378473518
ensemble,2025,2025-10-08,693547.224,697356.7410178039
ensemble,2025,2025-10-09,686617.038,689464.9634044981
ensemble,2025,2025-10-10,673868.817,679186.5498009399
ensemble,2025,2025-10-11,596845.899,606669.3966717111
ensemble,2025,2025-10-12,556396.905,553040.6186537842
ensemble,2025,2025-10-13,642757.0,660675.0638537584
ensemble,2025,2025-10-14,684248.408,688926.906006984
ensemble,2025,2025-10-15,684880.144,688673.2148644471
ensemble,2025,2025-10-16,692389.074,682910.6235129411
ensemble,2025,2025-10-17,685129.648,668692.8131482123
ensemble,2025,2025-10-18,598733.523,595224.150883604
ensemble,2025,2025-10-19,568967.866,550495.7627162436
ensemble,2025,2025-10-20,678055.657,652735.056849722
ensemble,2025,2025-10-21,699792.792,672018.6522314457
ensemble,2025,2025-10-22,701838.787,673440.5955880174
ensemble,2025,2025-10-23,697161.249,674177.2957871336
ensemble,2025,2025-10-24,682287.305,669835.8070344535
ensemble,2025,2025-10-25,611012.908,593729.8476090361
ensemble,2025,2025-10-26,596622.432,577386.0957977017
ensemble,2025,2025-10-27,664331.731,670767.0561030555
ensemble,2025,2025-10-28,685277.73,697722.9970611896
ensemble,2025,2025-10-29,701261.002,693797.1508612883
ensemble,2025,2025-10-30,690241.726,685041.4689017102
ensemble,2025,2025-10-31,682048.175,654922.8907663504
ensemble,2025,2025-11-01,592218.16,557433.3670192828
ensemble,2025,2025-11-02,565102.7,562166.8702127282
ensemble,2025,2025-11-03,667465.389,661513.2350601748
ensemble,2025,2025-11-04,692255.798,682671.8938161121
ensemble,2025,2025-11-05,710081.755,683684.672348007
ensemble,2025,2025-11-06,707774.547,687292.6242120726
ensemble,2025,2025-11-07,710010.435,690515.7386343881
ensemble,2025,2025-11-08,629295.303,608147.4927034598
ensemble,2025,2025-11-09,588460.828,582729.6361217058
ensemble,2025,2025-11-10,692492.149,684454.2896127511
ensemble,2025,2025-11-11,716585.649,704985.8938848703
ensemble,2025,2025-11-12,717439.4,717071.8156010471
ensemble,2025,2025-11-13,736843.768,705757.7872191579
ensemble,2025,2025-11-14,725427.537,697240.7649442926
ensemble,2025,2025-11-15,644784.497,623147.9081505246
ensemble,2025,2025-11-16,595975.014,580073.5899923785
ensemble,2025,2025-11-17,708860.945,694772.1685453898
ensemble,2025,2025-11-18,728135.481,712239.3053981919
ensemble,2025,2025-11-19,747024.24,731789.7647112496
ensemble,2025,2025-11-20,765048.633,744817.270532486
ensemble,2025,2025-11-21,778694.38,744020.3799727284
ensemble,2025,2025-11-22,701389.461,671998.9560406455
ensemble,2025,2025-11-23,663179.63,620419.3012260449
ensemble,2025,2025-11-24,777474.48,713249.9393539616
ensemble,2025,2025-11-25,781772.966,737597.6270770078
ensemble,2025,2025-11-26,789853.38,750730.3258231534
ensemble,2025,2025-11-27,798378.217,761642.5157750162
ensemble,2025,2025-11-28,789168.18,748166.8454354528
ensemble,2025,2025-11-29,703816.13,675861.77555958
ensemble,2025,2025-11-30,673953.514,630253.907860328
ensemble,2025,2025-12-01,789066.537,744752.1986014306
ensemble,2025,2025-12-02,809822.821,757173.6859845553
ensemble,2025,2025-12-03,811028.566,777402.0547484938
ensemble,2025,2025-12-04,836398.776,756262.6808369613
ensemble,2025,2025-12-05,802278.757,707586.9249393368
ensemble,2025,2025-12-06,678158.423,611680.6768899175
ensemble,2025,2025-12-07,629514.903,625291.2654156646
ensemble,2025,2025-12-08,649618.368,672160.1987708745
ensemble,2025,2025-12-09,763644.913,763872.3644853183
ensemble,2025,2025-12-10,792569.325,779695.1314375737
ensemble,2025,2025-12-11,785807.398,782944.208509426
ensemble,2025,2025-12-12,785077.434,769735.069763492
ensemble,2025,2025-12-13,684962.919,689515.4525503715
ensemble,2025,2025-12-14,656653.19,652453.2988251732
ensemble,2025,2025-12-15,770607.252,761401.8167111041
ensemble,2025,2025-12-16,801065.078,777227.6192478776
ensemble,2025,2025-12-17,780541.299,766622.030684743
ensemble,2025,2025-12-18,778194.582,761713.7304063225
ensemble,2025,2025-12-19,773959.293,746813.2166692925
ensemble,2025,2025-12-20,690773.012,674270.014515343
ensemble,2025,2025-12-21,668189.045,639069.8480383577
ensemble,2025,2025-12-22,769646.169,737896.5697624641
ensemble,2025,2025-12-23,776888.763,726568.8521191316
ensemble,2025,2025-12-24,685228.032,675350.8487313226
ensemble,2025,2025-12-25,609939.918,603884.6623234209
ensemble,2025,2025-12-26,683677.621,690411.0273350795
ensemble,2025,2025-12-27,677314.364,645070.672980978
ensemble,2025,2025-12-28,639401.264,610371.5207092643
ensemble,2025,2025-12-29,713389.21,689369.1769535375
ensemble,2025,2025-12-30,721915.539,701655.6135759907
ensemble,2025,2025-12-31,682120.965,681724.3756649407
