ano_test,fecha,real,pred_ens_actual,pred_chronos2,pred_50_50
2020,2020-01-01,574776.72,654001.4676325306,586837.625,620419.5463162654
2020,2020-01-02,723522.375,776345.5958971897,765955.0,771150.2979485949
2020,2020-01-03,754645.342,789156.6300827047,769111.6875,779134.1587913523
2020,2020-01-04,702390.878,707109.3425640374,690876.6875,698993.0150320188
2020,2020-01-05,651967.486,654691.2932300298,644833.625,649762.4591150149
2020,2020-01-06,630259.532,690511.5443598024,654393.8125,672452.6784299011
2020,2020-01-07,789031.621,804993.1705313971,789810.6875,797401.9290156986
2020,2020-01-08,820143.678,816304.3344685148,805213.75,810759.0422342573
2020,2020-01-09,820769.614,823295.5912405591,819232.5625,821264.0768702796
2020,2020-01-10,814759.827,821061.1828298027,805142.0625,813101.6226649014
2020,2020-01-11,732531.725,750862.3653582237,737386.1875,744124.2764291118
2020,2020-01-12,693449.101,704507.8316454428,703010.875,703759.3533227213
2020,2020-01-13,829157.906,829252.6359906906,816717.5,822985.0679953452
2020,2020-01-14,844416.079,841214.7029979544,833304.875,837259.7889989773
2020,2020-01-15,832910.293,830455.2799380529,839098.5,834776.8899690264
2020,2020-01-16,822827.255,825165.8757321391,832828.625,828997.2503660696
2020,2020-01-17,807653.787,819897.047121943,819468.625,819682.8360609715
2020,2020-01-18,729673.024,740157.6078757797,736459.625,738308.6164378899
2020,2020-01-19,689820.886,699389.1550688284,682582.0,690985.5775344141
2020,2020-01-20,846106.888,825620.1775679806,818222.6875,821921.4325339904
2020,2020-01-21,862132.604,843717.6440099148,824995.625,834356.6345049574
2020,2020-01-22,841706.187,835479.125523036,829126.0,832302.5627615179
2020,2020-01-23,829427.103,830630.5224880371,826498.25,828564.3862440186
2020,2020-01-24,821136.183,821453.8992008033,817921.375,819687.6371004016
2020,2020-01-25,734265.345,733635.5648035706,733777.3125,733706.4386517853
2020,2020-01-26,676369.262,684287.6956441541,675107.75,679697.7228220771
2020,2020-01-27,807615.701,809279.886430868,791489.625,800384.755715434
2020,2020-01-28,807001.677,815929.0977794649,788221.375,802075.2363897325
2020,2020-01-29,792162.501,814158.6768169281,788312.4375,801235.5571584641
2020,2020-01-30,778203.546,808687.2911492982,781567.0625,795127.1768246491
2020,2020-01-31,765448.598,790047.3020423991,761565.5,775806.4010211995
2020,2020-02-01,681471.943,711374.9609796078,675974.75,693674.855489804
2020,2020-02-02,625016.468,660963.080572488,630904.8125,645933.946536244
2020,2020-02-03,729329.082,775974.6495147137,741370.75,758672.6997573569
2020,2020-02-04,747892.827,790680.0406532194,764706.0625,777693.0515766097
2020,2020-02-05,758987.788,792776.9006561491,779620.9375,786198.9190780746
2020,2020-02-06,769754.643,799917.0601629777,783171.875,791544.4675814889
2020,2020-02-07,772488.589,790996.2301058756,776361.5625,783678.8963029378
2020,2020-02-08,698199.59,708490.0605361474,706177.3125,707333.6865180738
2020,2020-02-09,646787.156,658747.4825656977,653191.0,655969.2412828489
2020,2020-02-10,749504.414,760236.6905935458,750421.875,755329.2827967729
2020,2020-02-11,761008.347,779835.4294629353,770236.625,775036.0272314677
2020,2020-02-12,766558.356,779616.3048913522,773161.0,776388.652445676
2020,2020-02-13,759532.177,772351.9649016819,767951.9375,770151.951200841
2020,2020-02-14,753954.141,774414.8641859087,764382.0,769398.4320929544
2020,2020-02-15,675832.097,692421.522861303,692030.9375,692226.2301806514
2020,2020-02-16,625453.407,643912.789907473,636476.25,640194.5199537366
2020,2020-02-17,739797.699,756578.0742727686,743127.5,749852.7871363843
2020,2020-02-18,766371.869,772600.4887570668,767639.1875,770119.8381285334
2020,2020-02-19,764941.248,775268.0104326667,771285.8125,773276.9114663333
2020,2020-02-20,763651.659,776411.5377797423,769437.6875,772924.6126398712
2020,2020-02-21,753744.734,768373.2973670904,757952.125,763162.7111835452
2020,2020-02-22,672072.47,685931.2070280245,684658.375,685294.7910140122
2020,2020-02-23,620872.08,636931.6208919933,629104.25,633017.9354459967
2020,2020-02-24,730827.761,753487.3807572104,736063.0625,744775.2216286052
2020,2020-02-25,743820.753,761272.7388011139,753950.3125,757611.5256505569
2020,2020-02-26,753405.313,760687.1886350987,755691.8125,758189.5005675494
2020,2020-02-27,751137.432,749859.0420081563,753164.0,751511.5210040782
2020,2020-02-28,728292.593,745735.6391959703,747566.125,746650.8820979851
2020,2020-02-29,670263.321,670352.3069054439,672843.5,671597.9034527219
2020,2020-03-01,626873.694,620154.6151604994,617214.375,618684.4950802496
2020,2020-03-02,741296.331,731836.4850595692,732034.5625,731935.5237797846
2020,2020-03-03,769321.188,757181.5491464221,750774.75,753978.1495732111
2020,2020-03-04,759058.244,752301.0296175802,750758.3125,751529.6710587901
2020,2020-03-05,754365.164,749024.5560389111,750971.875,749998.2155194555
2020,2020-03-06,757995.483,758755.9846609072,748996.0,753875.9923304536
2020,2020-03-07,683532.439,674037.2212590511,670133.1875,672085.2043795255
2020,2020-03-08,630442.877,626025.2366739237,622512.625,624268.9308369618
2020,2020-03-09,740417.533,726967.4794576372,718065.75,722516.6147288186
2020,2020-03-10,747566.521,739550.0106247527,737097.5,738323.7553123764
2020,2020-03-11,742561.392,739409.7260208419,736962.375,738186.0505104209
2020,2020-03-12,738088.907,736537.050825341,737504.75,737020.9004126706
2020,2020-03-13,729774.542,732445.7495912154,733842.5625,733144.1560456078
2020,2020-03-14,646497.547,649725.1119553879,652277.875,651001.493477694
2020,2020-03-15,600435.811,602569.0440899194,611546.25,607057.6470449597
2020,2020-03-16,704124.264,718181.4150542683,728672.8125,723427.1137771341
2020,2020-03-17,706050.583,721099.9369127414,742406.9375,731753.4372063708
2020,2020-03-18,684799.07,729895.1867071101,747380.0,738637.5933535551
2020,2020-03-19,641992.028,729379.36303502,746024.0,737701.68151751
2020,2020-03-20,647058.248,732399.6098082397,742453.6875,737426.6486541198
2020,2020-03-21,612492.101,665703.5886543324,666468.125,666085.8568271662
2020,2020-03-22,583510.909,616031.1370109098,625219.125,620625.1310054549
2020,2020-03-23,653558.582,728441.1110011629,734842.5625,731641.8367505814
2020,2020-03-24,663819.764,735281.6782766326,754541.25,744911.4641383162
2020,2020-03-25,664643.791,739260.5120526273,762733.75,750997.1310263136
2020,2020-03-26,661338.324,740264.6537760965,768877.125,754570.8893880483
2020,2020-03-27,667335.755,751688.7731152881,763108.25,757398.511557644
2020,2020-03-28,605617.221,661198.6529039402,693661.375,677430.01395197
2020,2020-03-29,540515.04,607241.0183388927,641964.0,624602.5091694463
2020,2020-03-30,610996.075,742188.2707521751,757875.25,750031.7603760876
2020,2020-03-31,610653.934,764477.5945775645,776834.1875,770655.8910387822
2020,2020-04-01,599875.958,749803.9683233615,779592.3125,764698.1404116808
2020,2020-04-02,599323.162,746607.7311653526,778067.625,762337.6780826764
2020,2020-04-03,584683.694,741446.9687826555,766582.375,754014.6718913277
2020,2020-04-04,542996.041,671904.2961494672,679600.5625,675752.4293247336
2020,2020-04-05,519594.376,619594.7162141538,625352.6875,622473.701857077
2020,2020-04-06,568143.84,731502.7316079832,720189.125,725845.9283039917
2020,2020-04-07,567082.621,744117.1971137704,736556.125,740336.6610568853
2020,2020-04-08,555027.089,740478.3967185341,732989.4375,736733.9171092671
2020,2020-04-09,529824.736,735367.9289196433,718807.75,727087.8394598216
2020,2020-04-10,510435.49,650562.5530308915,610409.375,630485.9640154457
2020,2020-04-11,518229.908,643386.0444889357,648203.9375,645794.9909944679
2020,2020-04-12,501615.48,589905.6362474002,568824.875,579365.2556237001
2020,2020-04-13,537818.991,693096.6900701256,686651.375,689874.0325350629
2020,2020-04-14,584017.243,706422.1133469394,712547.5625,709484.8379234697
2020,2020-04-15,604347.185,706993.5813879858,716865.6875,711929.634443993
2020,2020-04-16,604521.525,680744.5659161751,710738.0625,695741.3142080875
2020,2020-04-17,598697.568,663999.602070035,705881.0625,684940.3322850175
2020,2020-04-18,552914.776,616819.8995305919,631572.75,624196.324765296
2020,2020-04-19,520123.268,576280.6387271298,578594.875,577437.756863565
2020,2020-04-20,585331.059,662911.370452172,684010.25,673460.8102260861
2020,2020-04-21,608880.705,696914.7237671587,709740.4375,703327.5806335793
2020,2020-04-22,608023.375,713922.2792169069,714377.75,714150.0146084535
2020,2020-04-23,599598.011,711870.2260026386,713203.6875,712536.9567513193
2020,2020-04-24,594661.984,705810.6634638204,696390.6875,701100.6754819101
2020,2020-04-25,556038.735,633540.4546269561,629834.0625,631687.258563478
2020,2020-04-26,522374.953,577071.2723541516,570524.0625,573797.6674270758
2020,2020-04-27,590579.965,676906.4614325641,676380.25,676643.355716282
2020,2020-04-28,601203.105,698681.7162206516,692984.0625,695832.8893603259
2020,2020-04-29,600234.68,659785.554215497,701256.5,680521.0271077484
2020,2020-04-30,594712.471,686438.9735108269,704702.4375,695570.7055054135
2020,2020-05-01,525344.189,619674.5090025923,631381.625,625528.0670012962
2020,2020-05-02,529331.136,627926.5913646681,633100.25,630513.4206823341
2020,2020-05-03,509365.967,577150.7566027314,553041.5,565096.1283013658
2020,2020-05-04,585884.404,685033.8025018843,676864.0,680948.9012509421
2020,2020-05-05,607115.027,709610.3440317045,696161.8125,702886.0782658523
2020,2020-05-06,610199.36,713573.2918320444,700503.6875,707038.4896660221
2020,2020-05-07,604624.142,713183.8923298944,702143.375,707663.6336649472
2020,2020-05-08,597179.788,708672.822750838,698589.3125,703631.067625419
2020,2020-05-09,547084.706,636980.1803765147,626924.1875,631952.1839382574
2020,2020-05-10,513399.456,585719.5909746155,577499.8125,581609.7017373077
2020,2020-05-11,591350.652,692670.6347238146,681555.875,687113.2548619073
2020,2020-05-12,617479.021,715491.4480291718,706820.625,711156.0365145858
2020,2020-05-13,617401.116,716344.570702049,715703.4375,716024.0041010245
2020,2020-05-14,620557.901,725064.5605781035,716372.4375,720718.4990390518
2020,2020-05-15,608952.25,717959.2564123987,712875.25,715417.2532061993
2020,2020-05-16,555670.934,639614.4090230659,643005.0,641309.704511533
2020,2020-05-17,519597.946,585868.7728810554,589766.8125,587817.7926905276
2020,2020-05-18,596670.207,690478.7242335406,687087.875,688783.2996167704
2020,2020-05-19,615052.604,710749.0582619226,707707.25,709228.1541309613
2020,2020-05-20,622450.073,718274.5214857385,712023.9375,715149.2294928692
2020,2020-05-21,630168.002,725267.5667013383,722135.8125,723701.6896006691
2020,2020-05-22,634355.264,727022.107473415,723020.75,725021.4287367074
2020,2020-05-23,582895.641,650770.2033206854,647809.4375,649289.8204103427
2020,2020-05-24,542170.641,587703.4787431479,589731.3125,588717.395621574
2020,2020-05-25,627466.111,703823.6250242431,698724.75,701274.1875121216
2020,2020-05-26,642990.536,722912.6514613588,709427.125,716169.8882306793
2020,2020-05-27,644707.726,726669.2542605373,709091.375,717880.3146302686
2020,2020-05-28,642005.868,723577.739020254,709594.3125,716586.025760127
2020,2020-05-29,641570.31,727841.1319581503,711440.8125,719640.9722290752
2020,2020-05-30,583380.433,656154.4030903203,639248.5625,647701.4827951601
2020,2020-05-31,541662.429,600249.0403888106,595398.5,597823.7701944052
2020,2020-06-01,627334.741,712973.8706880728,695201.375,704087.6228440364
2020,2020-06-02,653396.5,731327.9600414145,711368.1875,721348.0737707072
2020,2020-06-03,662452.407,730099.8868713059,711667.875,720883.8809356529
2020,2020-06-04,651301.681,719507.4651791962,710163.8125,714835.638839598
2020,2020-06-05,640912.088,715352.3096928298,706167.125,710759.7173464149
2020,2020-06-06,582674.188,648400.0206152982,630171.3125,639285.6665576492
2020,2020-06-07,540393.818,595016.235256722,587480.0,591248.117628361
2020,2020-06-08,625763.383,699803.06906018,695408.25,697605.6595300899
2020,2020-06-09,643604.721,717966.355479662,708126.3125,713046.3339898309
2020,2020-06-10,653728.489,721592.6223884294,709824.3125,715708.4674442147
2020,2020-06-11,653624.408,721766.136786007,708222.8125,714994.4746430034
2020,2020-06-12,645918.049,717509.8568985298,697988.875,707749.365949265
2020,2020-06-13,581088.713,646774.70682041,623706.875,635240.790910205
2020,2020-06-14,543304.621,595848.3940203515,586133.0,590990.6970101758
2020,2020-06-15,644001.077,707821.5223350408,693028.5,700425.0111675204
2020,2020-06-16,656823.463,729272.5940583606,711739.9375,720506.2657791802
2020,2020-06-17,661145.578,733581.47902844,715432.8125,724507.14576422
2020,2020-06-18,662011.432,728971.2826281311,714973.0,721972.1413140655
2020,2020-06-19,657676.183,726518.8409824646,712809.875,719664.3579912323
2020,2020-06-20,608254.976,668891.822205056,655367.125,662129.473602528
2020,2020-06-21,572807.006,628604.5485966237,623456.625,626030.5867983119
2020,2020-06-22,682963.291,728260.460147602,738430.3125,733345.386323801
2020,2020-06-23,706613.83,772550.0428206957,765688.75,769119.3964103479
2020,2020-06-24,668203.326,784047.6610248407,770989.875,777518.7680124203
2020,2020-06-25,711838.827,787577.9521904156,777252.125,782415.0385952077
2020,2020-06-26,702221.428,784500.6094087918,759602.875,772051.7422043958
2020,2020-06-27,638125.491,714835.8849613187,692013.8125,703424.8487306593
2020,2020-06-28,604144.564,667106.8510892565,668874.125,667990.4880446282
2020,2020-06-29,723951.102,782954.1367704276,783125.0,783039.5683852138
2020,2020-06-30,752302.735,803393.5954570974,807758.0,805575.7977285488
2020,2020-07-01,763359.011,809510.1781076897,812604.8125,811057.4953038448
2020,2020-07-02,765790.102,797629.0373909688,804715.9375,801172.4874454844
2020,2020-07-03,735357.247,780862.638261488,766877.6875,773870.1628807441
2020,2020-07-04,660713.186,715149.8397304346,699618.1875,707384.0136152173
2020,2020-07-05,626327.165,678139.0314787868,674966.6875,676552.8594893934
2020,2020-07-06,757299.096,784932.2775361184,796331.5,790631.8887680592
2020,2020-07-07,780525.085,802288.5105695035,816484.875,809386.6927847518
2020,2020-07-08,784566.99,804165.3856323874,818463.375,811314.3803161937
2020,2020-07-09,771125.891,805376.6113189295,799830.4375,802603.5244094648
2020,2020-07-10,758878.105,802793.1695152848,792390.8125,797591.9910076424
2020,2020-07-11,690697.734,731411.8211354883,727170.1875,729291.0043177442
2020,2020-07-12,633135.072,668641.1407994969,662628.75,665634.9453997484
2020,2020-07-13,752649.491,787437.2300523939,791838.125,789637.6775261969
2020,2020-07-14,760459.038,800115.3856299311,792429.6875,796272.5365649655
2020,2020-07-15,756753.738,793181.2562403573,784123.6875,788652.4718701786
2020,2020-07-16,763067.312,800782.7305562532,792626.5625,796704.6465281267
2020,2020-07-17,760177.205,805400.438523199,786572.25,795986.3442615995
2020,2020-07-18,688716.516,729362.5066202589,707736.625,718549.5658101295
2020,2020-07-19,644522.223,691115.3745515607,675074.4375,683094.9060257804
2020,2020-07-20,769330.38,812539.431543257,801411.4375,806975.4345216285
2020,2020-07-21,785563.684,828227.5951016041,812450.8125,820339.2038008021
2020,2020-07-22,776667.953,825700.8876204536,814275.6875,819988.2875602269
2020,2020-07-23,789634.51,828313.6495953016,824458.875,826386.2622976508
2020,2020-07-24,789089.65,817120.0965355538,824115.875,820617.9857677768
2020,2020-07-25,704273.245,729527.0601265229,737585.75,733556.4050632615
2020,2020-07-26,664179.618,679691.5562847448,705885.1875,692788.3718923724
2020,2020-07-27,794291.764,807276.6808457524,832154.0625,819715.3716728762
2020,2020-07-28,814337.543,815040.666406054,833828.75,824434.708203027
2020,2020-07-29,817487.547,808709.764793154,839604.25,824157.0073965769
2020,2020-07-30,825275.946,819138.8797189742,849338.8125,834238.8461094871
2020,2020-07-31,810169.058,814978.0860282375,841943.0625,828460.5742641187
2020,2020-08-01,738269.153,737720.5528159961,779535.4375,758627.995157998
2020,2020-08-02,673895.707,676756.5612086494,708418.875,692587.7181043248
2020,2020-08-03,747511.864,766566.8989364235,785737.4375,776152.1682182117
2020,2020-08-04,751123.76,781386.8758191311,788400.875,784893.8754095656
2020,2020-08-05,764126.717,790843.0517269155,813972.1875,802407.6196134577
2020,2020-08-06,776466.924,806071.0923657125,828998.5,817534.7961828562
2020,2020-08-07,775393.905,809400.7076870291,825635.875,817518.2913435146
2020,2020-08-08,700782.169,732133.1152944466,752742.0625,742437.5888972234
2020,2020-08-09,657269.503,680917.205812516,714912.75,697914.9779062581
2020,2020-08-10,738068.961,755483.5747052967,769056.625,762270.0998526483
2020,2020-08-11,734500.01,741725.6345286006,752868.5625,747297.0985143003
2020,2020-08-12,712418.386,741354.670170939,741521.9375,741438.3038354695
2020,2020-08-13,716219.241,719058.5651117815,744451.6875,731755.1263058907
2020,2020-08-14,710586.003,733169.3645882845,741111.3125,737140.3385441422
2020,2020-08-15,631293.617,642811.1955013294,603386.125,623098.6602506647
2020,2020-08-16,591662.6,623759.640390788,620921.75,622340.695195394
2020,2020-08-17,683923.907,733107.8340283536,703751.8125,718429.8232641767
2020,2020-08-18,708888.916,750515.7244028846,752985.25,751750.4872014422
2020,2020-08-19,725675.863,759710.5908614442,779704.0625,769707.3266807222
2020,2020-08-20,729676.986,757319.7768007856,780075.1875,768697.4821503928
2020,2020-08-21,739080.574,758840.8631179025,782052.8125,770446.8378089513
2020,2020-08-22,676812.548,697261.5388987091,718890.4375,708075.9881993546
2020,2020-08-23,625384.861,641573.8244590366,663751.5,652662.6622295183
2020,2020-08-24,733320.649,752815.5425540108,751031.5,751923.5212770053
2020,2020-08-25,772384.724,773566.527183767,792975.6875,783271.1073418835
2020,2020-08-26,791658.289,789762.322180818,800415.375,795088.8485904089
2020,2020-08-27,797890.754,801380.1145319082,803528.875,802454.4947659541
2020,2020-08-28,773438.841,784644.966723126,797440.625,791042.795861563
2020,2020-08-29,635866.109,674390.0819519162,657661.625,666025.8534759581
2020,2020-08-30,572310.898,628690.0125952685,612907.75,620798.8812976342
2020,2020-08-31,679208.909,739867.744371567,709590.8125,724729.2784357835
2020,2020-09-01,700209.044,760050.8550778235,732906.6875,746478.7712889118
2020,2020-09-02,711095.786,765812.124625855,740317.75,753064.9373129276
2020,2020-09-03,719005.12,770406.729478316,753729.0,762067.864739158
2020,2020-09-04,724580.748,766912.323392639,758381.25,762646.7866963195
2020,2020-09-05,653584.402,684948.4599237178,682090.5625,683519.5112118588
2020,2020-09-06,604081.335,631758.6045401084,631680.375,631719.4897700541
2020,2020-09-07,696258.312,721165.4540021238,706399.25,713782.3520010619
2020,2020-09-08,698100.318,732154.467561938,726558.25,729356.3587809689
2020,2020-09-09,718084.935,720607.7577883853,726711.25,723659.5038941926
2020,2020-09-10,721372.797,741187.0205116281,753703.875,747445.4477558141
2020,2020-09-11,698312.958,743749.741480214,755913.625,749831.683240107
2020,2020-09-12,649165.551,676080.569322952,696555.4375,686318.003411476
2020,2020-09-13,605491.558,631153.0907486334,652609.625,641881.3578743166
2020,2020-09-14,718980.488,745519.3363826089,763205.1875,754362.2619413044
2020,2020-09-15,740288.273,766225.1827054435,767925.4375,767075.3101027217
2020,2020-09-16,751556.717,766262.4574205006,767536.8125,766899.6349602502
2020,2020-09-17,740760.783,759775.5966242078,759543.6875,759659.6420621038
2020,2020-09-18,713829.456,737985.0308384657,733757.125,735871.0779192329
2020,2020-09-19,627328.408,657630.1561835207,658087.5,657858.8280917604
2020,2020-09-20,574171.087,606753.3773984414,615585.625,611169.5011992208
2020,2020-09-21,683416.711,712445.9005014937,720375.625,716410.7627507469
2020,2020-09-22,703840.984,732292.6223001406,734693.875,733493.2486500703
2020,2020-09-23,712811.873,736831.6878983247,739454.875,738143.2814491624
2020,2020-09-24,712997.199,735914.9875466474,734333.25,735124.1187733237
2020,2020-09-25,691789.689,728792.3237134052,720002.9375,724397.6306067025
2020,2020-09-26,614309.972,652719.2439569978,650621.5625,651670.4032284989
2020,2020-09-27,568766.565,597618.4435262401,602726.1875,600172.31551312
2020,2020-09-28,666559.06,710283.9353651298,716172.0625,713227.9989325649
2020,2020-09-29,686797.043,729063.6430496596,716227.9375,722645.7902748298
2020,2020-09-30,690962.671,727486.108833538,721076.6875,724281.398166769
2020,2020-10-01,700916.732,722485.4954463743,720001.0,721243.2477231871
2020,2020-10-02,698403.756,721625.6959860254,715873.75,718749.7229930128
2020,2020-10-03,612169.05,647755.5183502659,647195.0,647475.259175133
2020,2020-10-04,571636.922,598712.8014049984,597699.6875,598206.2444524992
2020,2020-10-05,673482.22,708057.2120421586,701468.0,704762.6060210792
2020,2020-10-06,690894.896,720428.4769105447,712308.4375,716368.4572052723
2020,2020-10-07,699613.798,717335.2292915625,717301.0625,717318.1458957812
2020,2020-10-08,699215.554,715458.9883464304,715500.4375,715479.7129232152
2020,2020-10-09,679813.517,710389.0852766043,700014.6875,705201.8863883021
2020,2020-10-10,614331.962,629217.3628887439,618597.125,623907.2439443719
2020,2020-10-11,563490.862,590073.5602230582,575118.8125,582596.1863615292
2020,2020-10-12,570701.026,648669.9034811897,617299.0,632984.4517405948
2020,2020-10-13,673784.687,709364.3990958611,709542.3125,709453.3557979306
2020,2020-10-14,703005.757,713015.6977848628,705040.8125,709028.2551424315
2020,2020-10-15,709578.141,721045.0537086027,712578.25,716811.6518543013
2020,2020-10-16,704019.681,719919.9360107143,711828.5625,715874.2492553571
2020,2020-10-17,631928.375,644579.6325076479,642836.8125,643708.2225038239
2020,2020-10-18,583351.177,589701.9887069608,601903.375,595802.6818534804
2020,2020-10-19,687152.413,693712.7957484941,696843.3125,695278.054124247
2020,2020-10-20,711714.9,713176.6043165625,710262.875,711719.7396582812
2020,2020-10-21,707162.568,714323.1063729348,714887.125,714605.1156864674
2020,2020-10-22,710357.203,713930.5441293233,724664.5625,719297.5533146616
2020,2020-10-23,696843.426,714312.3813214625,715412.875,714862.6281607312
2020,2020-10-24,625382.417,641763.6491678694,643972.6875,642868.1683339346
2020,2020-10-25,606307.969,602176.7898783658,606266.625,604221.7074391829
2020,2020-10-26,689553.095,705761.0752352773,717054.625,711407.8501176387
2020,2020-10-27,714662.582,730199.1191060817,732146.75,731172.9345530409
2020,2020-10-28,715705.336,719793.4351050714,734006.3125,726899.8738025357
2020,2020-10-29,715284.16,718577.3761953553,728514.75,723546.0630976777
2020,2020-10-30,704726.127,680507.530157338,723878.3125,702192.921328669
2020,2020-10-31,628294.896,627366.8095441223,643826.375,635596.5922720612
2020,2020-11-01,575075.028,583900.5517690865,602297.1875,593098.8696345433
2020,2020-11-02,647094.468,692118.5747068343,708775.5,700447.0373534171
2020,2020-11-03,706154.584,718453.8632669203,728737.75,723595.8066334601
2020,2020-11-04,728814.878,732223.06540089,744589.0625,738406.063950445
2020,2020-11-05,724766.756,729112.3543418761,746756.5,737934.4271709381
2020,2020-11-06,710624.719,723978.1383836387,725732.6875,724855.4129418193
2020,2020-11-07,635069.873,651696.9072379377,658656.9375,655176.9223689688
2020,2020-11-08,585653.269,611040.0286503719,619429.75,615234.8893251859
2020,2020-11-09,688061.521,729545.0467679786,722074.6875,725809.8671339892
2020,2020-11-10,711586.135,749682.2010356024,747797.625,748739.9130178012
2020,2020-11-11,718173.294,758207.6056517628,757323.9375,757765.7715758814
2020,2020-11-12,717880.631,764452.5202563935,757796.875,761124.6976281968
2020,2020-11-13,713264.969,762031.3022403358,749285.5,755658.4011201679
2020,2020-11-14,641465.596,680746.207997726,668144.25,674445.228998863
2020,2020-11-15,585947.032,632163.2353868054,622036.875,627100.0551934027
2020,2020-11-16,693236.68,738597.7036705409,721229.125,729913.4143352704
2020,2020-11-17,712862.51,767595.3962294216,758466.0,763030.6981147109
2020,2020-11-18,718214.566,773550.3732774841,766507.875,770029.124138742
2020,2020-11-19,718299.945,770494.0657398492,767245.4375,768869.7516199246
2020,2020-11-20,716666.871,775574.5238303683,767209.75,771392.1369151841
2020,2020-11-21,645094.568,692713.0877746689,700503.3125,696608.2001373344
2020,2020-11-22,605990.942,648205.9312857698,654107.875,651156.9031428848
2020,2020-11-23,728188.952,768467.077792152,770192.875,769329.9763960759
2020,2020-11-24,757498.853,785436.3363506645,789658.125,787547.2306753322
2020,2020-11-25,765268.18,776932.7769438644,787725.375,782329.0759719322
2020,2020-11-26,766690.677,770999.5877361414,781181.9375,776090.7626180707
2020,2020-11-27,751489.82,765406.1732738623,778424.8125,771915.4928869312
2020,2020-11-28,667627.721,690200.3538960115,699483.0625,694841.7081980058
2020,2020-11-29,624731.773,649713.5319434969,657338.1875,653525.8597217484
2020,2020-11-30,737071.712,769906.5410831453,762949.75,766428.1455415727
2020,2020-12-01,753620.849,790199.5095794167,785406.125,787802.8172897084
2020,2020-12-02,768634.956,798107.7946389656,783659.1875,790883.4910694829
2020,2020-12-03,784315.168,806088.7360916858,793763.25,799925.993045843
2020,2020-12-04,790382.104,757914.3981624962,777032.875,767473.6365812481
2020,2020-12-05,723627.58,714808.1358386589,715957.1875,715382.6616693295
2020,2020-12-06,676303.0,674541.4377004611,659085.125,666813.2813502306
2020,2020-12-07,712656.602,751411.9189220326,762085.8125,756748.8657110163
2020,2020-12-08,693433.293,742352.3208323062,740908.125,741630.222916153
2020,2020-12-09,804018.806,811655.9260350399,808548.3125,810102.11926752
2020,2020-12-10,807771.695,804388.8565402068,782008.875,793198.8657701034
2020,2020-12-11,783766.293,780288.1901287539,774285.625,777286.907564377
2020,2020-12-12,686510.161,697603.4206198716,701105.0,699354.2103099357
2020,2020-12-13,644286.586,649701.0045486243,655702.0,652701.5022743121
2020,2020-12-14,759517.717,755286.7259727552,765952.375,760619.5504863777
2020,2020-12-15,766794.634,771867.3658955562,776591.75,774229.5579477781
2020,2020-12-16,780348.751,786022.8671662282,784755.375,785389.1210831141
2020,2020-12-17,778470.844,776260.1187644248,774946.125,775603.1218822123
2020,2020-12-18,776174.524,763120.780538078,752665.625,757893.202769039
2020,2020-12-19,697945.808,673787.426901566,665657.875,669722.6509507829
2020,2020-12-20,646840.581,621612.9046906928,620716.0625,621164.4835953463
2020,2020-12-21,750406.82,704249.4156408148,681653.625,692951.5203204073
2020,2020-12-22,750081.066,698907.1263959386,694517.75,696712.4381979692
2020,2020-12-23,727706.624,645075.1118850337,690888.4375,667981.7746925168
2020,2020-12-24,643648.623,664391.294093497,686588.25,675489.7720467485
2020,2020-12-25,570771.924,601346.5494283641,580738.875,591042.7122141821
2020,2020-12-26,635755.792,669683.5698898094,642372.4375,656028.0036949047
2020,2020-12-27,646699.546,627582.8391863513,617749.1875,622666.0133431756
2020,2020-12-28,724357.078,691851.4443411554,703504.875,697678.1596705776
2020,2020-12-29,732115.459,708806.1429716562,722200.0,715503.0714858281
2020,2020-12-30,734283.124,681504.2916648146,725385.1875,703444.7395824073
2020,2020-12-31,687715.588,736600.8062905567,742932.9375,739766.8718952783
2021,2021-01-01,608715.931,648904.3696418359,596731.25,622817.8098209179
2021,2021-01-02,680432.407,686499.0333954933,672130.3125,679314.6729477467
2021,2021-01-03,684489.215,648738.2648208217,660913.125,654825.6949104108
2021,2021-01-04,793625.993,705139.9131516797,764256.5625,734698.2378258398
2021,2021-01-05,806588.156,776607.1212399891,774582.4375,775594.7793699945
2021,2021-01-06,700144.564,727504.771078502,714920.9375,721212.8542892509
2021,2021-01-07,854323.166,801757.2113721841,816822.875,809290.043186092
2021,2021-01-08,872357.353,811744.6307106647,836113.875,823929.2528553323
2021,2021-01-09,773296.979,731331.9342705471,780957.3125,756144.6233852736
2021,2021-01-10,735647.962,684361.7045827472,714531.375,699446.5397913735
2021,2021-01-11,851740.825,815875.3854738387,801491.3125,808683.3489869193
2021,2021-01-12,875118.684,835896.5466626544,836783.25,836339.8983313271
2021,2021-01-13,874914.272,832385.5359154219,844123.8125,838254.6742077109
2021,2021-01-14,873577.23,829735.9266761182,853744.375,841740.1508380591
2021,2021-01-15,859355.795,820445.9215155848,846458.125,833452.0232577925
2021,2021-01-16,765002.342,733967.7116975924,778035.0625,756001.3870987962
2021,2021-01-17,708974.301,690884.1412565816,712613.9375,701749.0393782908
2021,2021-01-18,827619.581,826197.5092705331,818795.9375,822496.7233852665
2021,2021-01-19,846116.609,847058.1631127071,838056.75,842557.4565563535
2021,2021-01-20,850299.079,830888.6874926314,830519.5625,830704.1249963157
2021,2021-01-21,817647.661,811912.5733614434,817429.875,814671.2241807217
2021,2021-01-22,794514.658,804358.9472689013,799274.5625,801816.7548844507
2021,2021-01-23,719510.829,725438.5266043232,724389.1875,724913.8570521616
2021,2021-01-24,655028.547,659028.43616857,653395.4375,656211.936834285
2021,2021-01-25,775155.263,778547.5397912273,749674.5625,764111.0511456137
2021,2021-01-26,770796.102,788948.8022999023,770653.5,779801.1511499512
2021,2021-01-27,753321.62,769769.0581044744,767723.9375,768746.4978022373
2021,2021-01-28,744101.186,762741.4962629434,763660.25,763200.8731314717
2021,2021-01-29,733183.947,755392.1555597928,748829.8125,752110.9840298963
2021,2021-01-30,672206.563,676631.654152567,684120.125,680375.8895762835
2021,2021-01-31,631678.074,628395.5639553539,630551.75,629473.656977677
2021,2021-02-01,725308.41,723066.8454226189,729210.75,726138.7977113095
2021,2021-02-02,742016.165,746824.5939829728,754600.5625,750712.5782414863
2021,2021-02-03,744032.692,754255.9595220415,760895.875,757575.9172610207
2021,2021-02-04,742410.917,754445.4954088583,761792.875,758119.1852044291
2021,2021-02-05,742180.511,755164.2995849397,753166.75,754165.5247924698
2021,2021-02-06,673202.889,681342.4558489097,685059.875,683201.1654244548
2021,2021-02-07,635184.428,636528.4324720142,641791.4375,639159.9349860072
2021,2021-02-08,757811.118,740618.8513351273,748729.75,744674.3006675637
2021,2021-02-09,789357.66,752990.436216263,765345.125,759167.7806081316
2021,2021-02-10,767889.956,753814.9776655599,764820.375,759317.6763327799
2021,2021-02-11,757949.224,746373.7815955044,760805.375,753589.5782977522
2021,2021-02-12,744944.86,739279.6432718927,746083.6875,742681.6653859464
2021,2021-02-13,664031.439,668430.5294726515,674075.3125,671252.9209863257
2021,2021-02-14,627377.64,623614.310983816,632351.625,627982.9679919081
2021,2021-02-15,743811.335,738146.8848160174,737955.125,738051.0049080087
2021,2021-02-16,751446.91,750665.7199371736,758472.625,754569.1724685868
2021,2021-02-17,752695.056,749315.2360226972,759307.875,754311.5555113486
2021,2021-02-18,754962.027,749917.8067912664,755714.625,752816.2158956332
2021,2021-02-19,749031.191,743505.0614984726,747947.375,745726.2182492362
2021,2021-02-20,667785.4,666353.082871447,676631.125,671492.1039357234
2021,2021-02-21,636820.402,618649.3250579223,627649.5625,623149.4437789612
2021,2021-02-22,743317.962,734704.2201354988,735289.9375,734997.0788177494
2021,2021-02-23,750925.914,745735.6983129649,753453.0625,749594.3804064824
2021,2021-02-24,747390.312,747491.4550139935,759706.6875,753599.0712569968
2021,2021-02-25,744810.272,745360.0005611175,759644.5625,752502.2815305588
2021,2021-02-26,740017.479,735418.509423823,743890.0625,739654.2859619115
2021,2021-02-27,664275.565,664212.5942225334,674798.5625,669505.5783612668
2021,2021-02-28,621167.542,623990.2444576422,630648.9375,627319.590978821
2021,2021-03-01,730802.101,735668.0306387354,734093.4375,734880.7340693676
2021,2021-03-02,749835.836,747816.9264542129,750163.625,748990.2757271065
2021,2021-03-03,744167.225,747715.5487122409,756888.625,752302.0868561205
2021,2021-03-04,740268.037,745677.2125201727,752779.3125,749228.2625100864
2021,2021-03-05,735724.58,742540.7291782824,742259.5,742400.1145891412
2021,2021-03-06,658451.851,666593.127423177,665365.5625,665979.3449615885
2021,2021-03-07,622685.66,618207.9580850848,618506.9375,618357.4477925424
2021,2021-03-08,742936.38,736937.7980891472,734961.375,735949.5865445735
2021,2021-03-09,758352.519,749681.901998785,753341.6875,751511.7947493924
2021,2021-03-10,750796.647,752297.4828000193,759898.0625,756097.7726500097
2021,2021-03-11,739481.269,731672.307213606,756344.625,744008.4661068029
2021,2021-03-12,729092.448,726452.4268033635,742665.4375,734558.9321516817
2021,2021-03-13,646301.497,652312.1855879918,672044.9375,662178.561543996
2021,2021-03-14,606540.412,605457.566806872,617885.6875,611671.627153436
2021,2021-03-15,719293.522,720493.9146042699,728816.0625,724654.988552135
2021,2021-03-16,732005.026,727731.574321811,746036.5625,736884.0684109055
2021,2021-03-17,729775.728,716102.2748617354,751770.0625,733936.1686808676
2021,2021-03-18,741473.221,711966.100274066,752719.0,732342.550137033
2021,2021-03-19,706043.651,709878.5174661432,748328.25,729103.3837330716
2021,2021-03-20,670497.641,647424.2854463104,676875.375,662149.8302231552
2021,2021-03-21,630102.703,599064.5289644492,624058.5,611561.5144822246
2021,2021-03-22,735080.366,702304.0540208734,726355.125,714329.5895104366
2021,2021-03-23,739437.425,706440.6314908738,742757.0,724598.8157454368
2021,2021-03-24,731621.692,701905.5883994419,738690.8125,720298.200449721
2021,2021-03-25,726346.417,688146.3484307387,728856.5625,708501.4554653694
2021,2021-03-26,719331.777,685730.4574409426,713610.3125,699670.3849704713
2021,2021-03-27,648466.535,613283.1166402559,650913.125,632098.1208201279
2021,2021-03-28,571635.074,557674.9165736729,585211.625,571443.2707868365
2021,2021-03-29,691559.272,654682.7614107021,683517.4375,669100.099455351
2021,2021-03-30,695256.722,664529.5499142484,706162.625,685346.0874571241
2021,2021-03-31,679687.653,661627.5638013502,702472.1875,682049.875650675
2021,2021-04-01,603780.936,655775.7874816674,689713.6875,672744.7374908337
2021,2021-04-02,558137.662,576311.2443624617,593727.25,585019.2471812309
2021,2021-04-03,577877.662,585242.934425572,627986.25,606614.592212786
2021,2021-04-04,551346.366,548409.6663051635,562339.5625,555374.6144025817
2021,2021-04-05,604043.925,636612.0443046958,679239.75,657925.897152348
2021,2021-04-06,678937.062,655216.3964218274,698264.25,676740.3232109137
2021,2021-04-07,706832.348,654208.6771521602,701868.375,678038.52607608
2021,2021-04-08,711274.992,644988.8628406074,705431.125,675209.9939203036
2021,2021-04-09,713789.777,636341.4700662451,705859.5625,671100.5162831226
2021,2021-04-10,641313.52,581090.2929746927,646981.625,614035.9589873464
2021,2021-04-11,594071.686,541760.8343494671,590874.375,566317.6046747335
2021,2021-04-12,692941.728,634094.4237247261,693197.5625,663645.993112363
2021,2021-04-13,717396.928,661129.8107816564,711996.9375,686563.3741408281
2021,2021-04-14,716654.185,667809.1922938578,717573.125,692691.1586469288
2021,2021-04-15,722238.709,661354.6852718926,715130.875,688242.7801359463
2021,2021-04-16,713583.273,661567.2799338583,710247.75,685907.5149669291
2021,2021-04-17,642865.34,604542.1075147525,643930.25,624236.1787573763
2021,2021-04-18,593293.117,557648.8733950062,592793.0,575220.9366975031
2021,2021-04-19,697833.818,638100.157576128,686713.6875,662406.922538064
2021,2021-04-20,709788.735,659487.9302528189,704927.5,682207.7151264094
2021,2021-04-21,710848.815,664100.9989507407,708896.375,686498.6869753704
2021,2021-04-22,713242.666,662785.9029176332,708022.3125,685404.1077088166
2021,2021-04-23,685398.678,657385.4103092329,695735.875,676560.6426546164
2021,2021-04-24,620321.236,591758.0533410897,628638.0,610198.0266705449
2021,2021-04-25,584849.257,548895.9495383304,582798.3125,565847.1310191653
2021,2021-04-26,689249.537,634944.3146214633,679714.4375,657329.3760607317
2021,2021-04-27,703092.56,659166.2594425542,702004.8125,680585.5359712772
2021,2021-04-28,698342.061,661068.592046091,707349.875,684209.2335230454
2021,2021-04-29,697918.72,658279.5885583739,707948.375,683113.981779187
2021,2021-04-30,688956.526,632344.1199132154,702538.3125,667441.2162066076
2021,2021-05-01,577472.256,535627.4338343042,562199.125,548913.279417152
2021,2021-05-02,559173.805,544999.875016747,601079.75,573039.8125083735
2021,2021-05-03,667365.198,632777.8261332,676063.0,654420.4130666
2021,2021-05-04,689998.019,658021.2179302647,706232.625,682126.9214651324
2021,2021-05-05,690651.1,660743.5300189633,706876.875,683810.2025094817
2021,2021-05-06,689028.329,656556.6210456621,707319.1875,681937.904272831
2021,2021-05-07,681399.427,648094.1964689957,697655.625,672874.9107344978
2021,2021-05-08,612800.041,583912.3430354627,616490.1875,600201.2652677314
2021,2021-05-09,573950.672,540703.4458931739,573974.4375,557338.941696587
2021,2021-05-10,672517.486,642628.442125125,677246.1875,659937.3148125624
2021,2021-05-11,690260.839,669938.4248828827,701331.25,685634.8374414414
2021,2021-05-12,696396.062,667530.8149553615,704097.4375,685814.1262276808
2021,2021-05-13,695282.254,666244.681970439,702082.4375,684163.5597352195
2021,2021-05-14,688397.416,657753.5786350557,694214.625,675984.1018175278
2021,2021-05-15,622863.597,586623.2850803105,626094.6875,606358.9862901552
2021,2021-05-16,580577.79,545505.2278583276,579849.0,562677.1139291638
2021,2021-05-17,668878.06,638919.5378241728,674672.1875,656795.8626620864
2021,2021-05-18,696787.021,660638.695673505,695174.9375,677906.8165867524
2021,2021-05-19,698169.314,664809.6009636425,701725.3125,683267.4567318212
2021,2021-05-20,697758.698,667407.4966426934,701599.9375,684503.7170713467
2021,2021-05-21,691966.356,665440.0118372045,693014.9375,679227.4746686022
2021,2021-05-22,621633.202,598766.1872664093,620755.25,609760.7186332047
2021,2021-05-23,574180.28,556162.3602161933,581583.0,568872.6801080967
2021,2021-05-24,659025.584,655150.4415457067,680453.875,667802.1582728534
2021,2021-05-25,687452.59,671071.1961020204,692884.25,681977.7230510102
2021,2021-05-26,692338.143,674073.1821063305,697470.5,685771.8410531653
2021,2021-05-27,694593.137,672651.8129842142,694754.75,683703.2814921071
2021,2021-05-28,687217.66,670372.8481643599,687596.0,678984.42408218
2021,2021-05-29,625581.869,605472.0254815231,614395.5625,609933.7939907615
2021,2021-05-30,579605.519,560263.8103087068,580415.5,570339.6551543535
2021,2021-05-31,683327.24,661523.2260028749,682657.6875,672090.4567514374
2021,2021-06-01,696048.627,678345.0983967343,698504.8125,688424.9554483672
2021,2021-06-02,700505.017,684029.5466392894,705739.75,694884.6483196446
2021,2021-06-03,698600.649,681555.5664628964,702548.4375,692052.0019814481
2021,2021-06-04,692965.661,673538.2914267281,694520.0625,684029.176963364
2021,2021-06-05,622988.965,605444.5926674615,625223.75,615334.1713337307
2021,2021-06-06,576739.713,557790.261765041,580528.75,569159.5058825205
2021,2021-06-07,687687.127,661956.6219154997,691365.1875,676660.9047077498
2021,2021-06-08,719311.181,692279.2129730526,726411.0625,709345.1377365263
2021,2021-06-09,727998.479,705247.9582656417,737773.4375,721510.6978828209
2021,2021-06-10,739161.249,704929.4947324609,740024.875,722477.1848662305
2021,2021-06-11,732773.334,692780.7506118127,728180.75,710480.7503059064
2021,2021-06-12,663407.333,628237.6480428623,661579.1875,644908.4177714312
2021,2021-06-13,616205.06,592129.3995890822,639082.25,615605.8247945411
2021,2021-06-14,737903.439,703550.8658256322,731238.9375,717394.9016628161
2021,2021-06-15,759440.415,722788.753075793,760792.1875,741790.4702878965
2021,2021-06-16,755302.693,717936.9029628356,758051.3125,737994.1077314178
2021,2021-06-17,732968.196,691964.517521222,714800.875,703382.6962606111
2021,2021-06-18,720620.28,686485.5153159691,700885.75,693685.6326579845
2021,2021-06-19,646908.276,620165.1326952275,628646.0625,624405.5975976137
2021,2021-06-20,594444.33,575510.0638432812,592343.0,583926.5319216406
2021,2021-06-21,695310.81,674172.3499401585,683787.3125,678979.8312200792
2021,2021-06-22,710395.742,693933.104440651,700995.125,697464.1147203255
2021,2021-06-23,701339.201,687158.0755765374,705491.875,696324.9752882686
2021,2021-06-24,667378.472,700227.4184722663,697949.4375,699088.4279861331
2021,2021-06-25,694493.443,702070.6330382433,704875.5,703473.0665191216
2021,2021-06-26,651121.08,645205.6724982102,650132.4375,647669.0549991052
2021,2021-06-27,606935.474,599062.4681881582,604139.8125,601601.1403440791
2021,2021-06-28,706509.225,698500.7239819941,696293.4375,697397.0807409971
2021,2021-06-29,727913.028,725126.6313651763,722940.375,724033.5031825881
2021,2021-06-30,744980.042,739282.4799267681,737309.625,738296.0524633841
2021,2021-07-01,745646.823,744824.8968286178,752771.1875,748798.042164309
2021,2021-07-02,751071.94,745034.04127756,754344.375,749689.20813878
2021,2021-07-03,686746.086,673841.8434773717,694705.625,684273.7342386858
2021,2021-07-04,645197.787,630902.3805494881,648558.5,639730.4402747441
2021,2021-07-05,756482.667,744259.8348867283,764554.5625,754407.1986933642
2021,2021-07-06,765521.607,764178.3419880333,768897.3125,766537.8272440166
2021,2021-07-07,749498.243,753984.3913523802,757680.125,755832.2581761901
2021,2021-07-08,743139.951,743815.6061262091,757647.25,750731.4280631046
2021,2021-07-09,749361.516,748709.1065733493,767024.5,757866.8032866747
2021,2021-07-10,698499.464,697320.9798472022,708900.0625,703110.521173601
2021,2021-07-11,662579.088,647269.2237324102,665122.0625,656195.6431162051
2021,2021-07-12,763113.617,747770.7117246656,766006.4375,756888.5746123327
2021,2021-07-13,739886.353,737546.9705906244,741522.0,739534.4852953122
2021,2021-07-14,742631.422,739292.8769321878,744449.9375,741871.407216094
2021,2021-07-15,749381.936,746697.8900276953,751318.8125,749008.3512638477
2021,2021-07-16,755786.802,756215.2337163793,757113.0625,756664.1481081897
2021,2021-07-17,703589.58,702987.3494860656,708405.4375,705696.3934930328
2021,2021-07-18,657129.066,652145.8467984629,673614.4375,662880.1421492314
2021,2021-07-19,770181.187,777010.3317690911,783464.3125,780237.3221345455
2021,2021-07-20,786064.039,788903.2217918135,799668.375,794285.7983959068
2021,2021-07-21,796392.983,790540.1952267621,813740.9375,802140.566363381
2021,2021-07-22,807661.031,801869.1852552146,817341.125,809605.1551276073
2021,2021-07-23,801290.966,796212.8406756517,800226.3125,798219.5765878258
2021,2021-07-24,708875.188,697907.1865130692,717323.1875,707615.1870065345
2021,2021-07-25,647414.033,642826.5146173524,662937.1875,652881.8510586761
2021,2021-07-26,741788.852,760054.1413238556,750632.5,755343.3206619278
2021,2021-07-27,764664.988,777978.2013773468,785241.3125,781609.7569386733
2021,2021-07-28,777471.567,780866.1583977978,784254.0,782560.079198899
2021,2021-07-29,786049.111,786744.0033464575,783658.9375,785201.4704232288
2021,2021-07-30,780535.725,777420.6224551625,778761.75,778091.1862275812
2021,2021-07-31,688602.143,678001.1771809668,672610.0625,675305.6198404834
2021,2021-08-01,610030.071,605410.3792834163,599383.125,602396.7521417082
2021,2021-08-02,692296.539,715469.5906896209,699798.9375,707634.2640948105
2021,2021-08-03,716478.894,729769.7041006461,738280.25,734024.977050323
2021,2021-08-04,726929.59,747800.6074634959,761336.1875,754568.3974817479
2021,2021-08-05,737222.091,752314.2890371872,763818.125,758066.2070185936
2021,2021-08-06,733401.456,748372.9191662992,757647.625,753010.2720831495
2021,2021-08-07,676412.684,665659.1110542718,683238.1875,674448.649277136
2021,2021-08-08,615001.22,609747.9376293044,616508.375,613128.1563146522
2021,2021-08-09,688277.519,721841.6708660376,724404.375,723123.0229330189
2021,2021-08-10,712411.101,743037.0046965823,763107.5,753072.2523482912
2021,2021-08-11,735965.665,752394.7215709899,787895.0625,770144.892035495
2021,2021-08-12,755611.095,757756.9122411028,796514.875,777135.8936205513
2021,2021-08-13,762760.446,760155.3246892495,803622.8125,781889.0685946248
2021,2021-08-14,734160.936,685518.1367308743,760682.625,723100.3808654372
2021,2021-08-15,692750.878,633388.1304912667,710426.25,671907.1902456334
2021,2021-08-16,734676.191,724448.8756562745,783654.6875,754051.7815781373
2021,2021-08-17,734157.383,724673.8094903007,766954.625,745814.2172451504
2021,2021-08-18,729662.489,730872.3271315716,774589.0625,752730.6948157859
2021,2021-08-19,723091.039,729226.215918823,773814.1875,751520.2017094116
2021,2021-08-20,723168.05,733696.4014258954,771955.8125,752826.1069629476
2021,2021-08-21,680177.885,673603.0824392199,707536.0625,690569.57246961
2021,2021-08-22,642547.886,626550.4015054418,665030.75,645790.5757527209
2021,2021-08-23,740216.309,735999.4603594625,767901.3125,751950.3864297313
2021,2021-08-24,749610.14,749564.9355396199,754435.9375,752000.43651981
2021,2021-08-25,738207.487,756855.379665495,756268.1875,756561.7835827474
2021,2021-08-26,746460.103,764929.3757554619,775989.75,770459.5628777309
2021,2021-08-27,752000.087,763293.2005712582,776977.625,770135.412785629
2021,2021-08-28,680131.728,657274.955361608,687058.875,672166.915180804
2021,2021-08-29,625714.882,594082.8652114641,618071.0625,606076.963855732
2021,2021-08-30,722450.384,702232.0678820041,721567.6875,711899.8776910021
2021,2021-08-31,747811.051,722569.3390711175,748010.625,735289.9820355587
2021,2021-09-01,746405.192,714163.216751798,730777.5,722470.358375899
2021,2021-09-02,733294.828,709093.721688965,719682.625,714388.1733444824
2021,2021-09-03,731068.102,715640.2227733792,712973.9375,714307.0801366896
2021,2021-09-04,661105.572,650848.1096727396,650445.125,650646.6173363698
2021,2021-09-05,625947.506,604011.0765017046,626219.5,615115.2882508524
2021,2021-09-06,750941.319,706731.3299362821,735423.125,721077.2274681411
2021,2021-09-07,778331.589,723681.9934698398,755771.125,739726.55923492
2021,2021-09-08,758832.979,727948.766038333,750393.8125,739171.2892691665
2021,2021-09-09,759765.067,725564.493269979,749770.8125,737667.6528849895
2021,2021-09-10,743109.71,714036.6389669944,737900.6875,725968.6632334972
2021,2021-09-11,664034.519,650539.736184283,652281.0,651410.3680921416
2021,2021-09-12,624471.173,605481.2636750231,626997.75,616239.5068375116
2021,2021-09-13,730599.845,723660.9372750986,731402.4375,727531.6873875493
2021,2021-09-14,744889.97,723620.7377413813,728035.4375,725828.0876206907
2021,2021-09-15,740655.596,722272.0493949658,732451.25,727361.6496974828
2021,2021-09-16,726396.632,709633.1195088793,729485.1875,719559.1535044396
2021,2021-09-17,714163.921,705894.7752630956,718368.75,712131.7626315479
2021,2021-09-18,639492.9,625161.5927026178,639521.625,632341.6088513089
2021,2021-09-19,588068.278,571042.2363437986,594117.9375,582580.0869218993
2021,2021-09-20,692113.328,682520.832728909,702732.25,692626.5413644544
2021,2021-09-21,696775.737,698603.180453014,720603.3125,709603.246476507
2021,2021-09-22,701743.975,700786.512189798,726503.25,713644.881094899
2021,2021-09-23,704545.814,699553.8180894634,725795.3125,712674.5652947316
2021,2021-09-24,697179.551,687828.0500591187,715390.5625,701609.3062795594
2021,2021-09-25,631054.818,611132.068348087,635803.25,623467.6591740435
2021,2021-09-26,582860.409,565252.5818305342,594401.0,579826.7909152671
2021,2021-09-27,686152.044,671201.154273254,702289.5,686745.3271366269
2021,2021-09-28,706305.455,686293.6640552419,719435.125,702864.3945276209
2021,2021-09-29,710112.398,689387.4166625008,724009.25,706698.3333312504
2021,2021-09-30,702537.831,688620.8822256007,712757.625,700689.2536128003
2021,2021-10-01,692944.543,684005.6711790365,710338.6875,697172.1793395183
2021,2021-10-02,630287.998,607202.8428472943,640644.5625,623923.7026736471
2021,2021-10-03,585692.62,562734.2251606138,591123.75,576928.9875803068
2021,2021-10-04,665592.111,669581.7917324781,694827.6875,682204.739616239
2021,2021-10-05,681284.754,682392.9677136051,713861.625,698127.2963568026
2021,2021-10-06,695359.374,683547.0919907001,721968.1875,702757.63974535
2021,2021-10-07,689344.379,680955.9926631599,718530.0625,699743.02758158
2021,2021-10-08,685109.813,669623.9429498395,707405.75,688514.8464749197
2021,2021-10-09,612730.729,600672.8639033135,635834.625,618253.7444516567
2021,2021-10-10,568730.598,553152.1879588199,586326.5,569739.3439794099
2021,2021-10-11,615641.185,627111.7872689052,698274.875,662693.3311344526
2021,2021-10-12,577417.811,622328.6522740725,667155.25,644741.9511370363
2021,2021-10-13,668727.443,682914.7971832509,731477.125,707195.9610916255
2021,2021-10-14,682596.759,684322.3731826833,711617.6875,697970.0303413416
2021,2021-10-15,681763.233,678746.6982367908,709680.8125,694213.7553683955
2021,2021-10-16,616067.047,610057.6743419167,621023.875,615540.7746709583
2021,2021-10-17,573616.151,559729.7938387385,584564.0,572146.8969193692
2021,2021-10-18,675467.776,666804.042963874,693657.25,680230.646481937
2021,2021-10-19,692280.722,688700.5841587484,713441.875,701071.2295793742
2021,2021-10-20,693103.655,687597.6420254015,719102.4375,703350.0397627007
2021,2021-10-21,688480.315,687390.69676824,712869.8125,700130.25463412
2021,2021-10-22,682264.745,680611.7739583874,706137.9375,693374.8557291937
2021,2021-10-23,612018.709,617155.2728120646,637652.0625,627403.6676560324
2021,2021-10-24,571138.872,579737.6365660485,594277.9375,587007.7870330242
2021,2021-10-25,670783.825,674365.1483729348,707037.125,690701.1366864673
2021,2021-10-26,692319.42,694595.3842999549,723809.6875,709202.5358999774
2021,2021-10-27,689359.293,698064.4160736507,730198.25,714131.3330368253
2021,2021-10-28,691147.265,695110.2896758746,730726.5,712918.3948379373
2021,2021-10-29,692264.935,685223.6779304853,719862.5,702543.0889652427
2021,2021-10-30,626694.705,608241.7766901043,637733.0625,622987.4195950521
2021,2021-10-31,597247.186,557748.7250899706,597390.375,577569.5500449853
2021,2021-11-01,576367.744,591719.5663661401,598414.3125,595066.9394330701
2021,2021-11-02,674854.716,689287.9756566008,736936.125,713112.0503283003
2021,2021-11-03,695235.266,711214.7901346687,735137.6875,723176.2388173344
2021,2021-11-04,705890.141,726177.0703873747,754067.6875,740122.3789436873
2021,2021-11-05,717193.16,720784.6481466731,742872.875,731828.7615733366
2021,2021-11-06,655441.422,639850.7184134306,678474.3125,659162.5154567154
2021,2021-11-07,616104.014,587911.3344853264,636794.25,612352.7922426632
2021,2021-11-08,716917.625,692949.4862148905,739953.375,716451.4306074453
2021,2021-11-09,728003.134,718765.9030479206,764665.6875,741715.7952739603
2021,2021-11-10,737414.445,722561.4520643866,766270.0625,744415.7572821933
2021,2021-11-11,738439.482,719739.6246379307,771214.0,745476.8123189653
2021,2021-11-12,731746.944,710481.1172645803,763592.8125,737036.9648822902
2021,2021-11-13,652720.566,636181.7626812143,694860.875,665521.3188406071
2021,2021-11-14,612965.856,586580.4103508325,647031.6875,616806.0489254163
2021,2021-11-15,725702.68,686329.1021018481,750576.6875,718452.894800924
2021,2021-11-16,748837.812,725135.0267559673,773062.6875,749098.8571279836
2021,2021-11-17,753689.107,725418.5335755685,777110.125,751264.3292877842
2021,2021-11-18,755571.919,728258.1661490612,781076.875,754667.5205745306
2021,2021-11-19,746448.912,720896.908366073,777125.125,749011.0166830365
2021,2021-11-20,674480.947,646839.4923995192,698129.125,672484.3086997597
2021,2021-11-21,622504.567,601331.4903331705,647749.5,624540.4951665853
2021,2021-11-22,744436.995,722454.1942609791,756935.6875,739694.9408804895
2021,2021-11-23,774690.327,759425.3420824748,787574.375,773499.8585412374
2021,2021-11-24,786755.043,766415.4806148139,799247.75,782831.615307407
2021,2021-11-25,787163.875,763502.2037077605,793579.375,778540.7893538803
2021,2021-11-26,781000.985,760367.8702036388,790009.375,775188.6226018195
2021,2021-11-27,716586.063,679040.839775239,721406.625,700223.7323876196
2021,2021-11-28,685695.321,641274.6776892097,675230.5625,658252.6200946048
2021,2021-11-29,782127.955,737898.424524459,777462.5,757680.4622622295
2021,2021-11-30,788505.669,765833.5390711798,796509.1875,781171.36328559
2021,2021-12-01,797141.836,776156.8504956173,803537.25,789847.0502478087
2021,2021-12-02,800194.435,775676.1874985391,799963.25,787819.7187492696
2021,2021-12-03,790811.497,779048.0081219665,790214.375,784631.1915609832
2021,2021-12-04,711448.518,698818.5470148702,704168.6875,701493.6172574351
2021,2021-12-05,660580.665,652546.6854844614,666437.125,659491.9052422307
2021,2021-12-06,667195.846,651314.4213896949,715808.5,683561.4606948474
2021,2021-12-07,710588.895,731998.0269093587,802244.25,767121.1384546794
2021,2021-12-08,684008.281,720166.7446654184,742085.0,731125.8723327091
2021,2021-12-09,782066.188,771615.6410670901,810604.375,791110.008033545
2021,2021-12-10,776257.295,747738.3855084884,771734.75,759736.5677542442
2021,2021-12-11,692242.959,667950.2420211965,698186.0625,683068.1522605983
2021,2021-12-12,644678.964,628003.518484036,655363.9375,641683.727992018
2021,2021-12-13,758492.556,744256.9099358115,769787.25,757022.0799679058
2021,2021-12-14,783341.736,760117.3794211615,790236.625,775177.0022105807
2021,2021-12-15,787193.874,761197.5003439685,796343.375,778770.4376719843
2021,2021-12-16,792100.159,763512.3109824458,809170.8125,786341.5617412229
2021,2021-12-17,783162.446,759428.6510553103,791869.0,775648.8255276552
2021,2021-12-18,706205.51,681820.3194909332,711254.875,696537.5972454667
2021,2021-12-19,660628.862,627372.2419184833,673331.6875,650351.9647092416
2021,2021-12-20,771478.461,742361.5221423734,765018.9375,753690.2298211867
2021,2021-12-21,772523.695,746162.28203145,765472.0,755817.141015725
2021,2021-12-22,757320.524,730243.6437043198,764507.8125,747375.7281021599
2021,2021-12-23,729089.502,684173.7042401425,739325.625,711749.6646200712
2021,2021-12-24,637631.538,647271.1229601133,711073.625,679172.3739800567
2021,2021-12-25,547513.015,548204.5399404326,571425.0,559814.7699702163
2021,2021-12-26,582595.459,594796.6572981696,625847.75,610322.2036490848
2021,2021-12-27,657559.283,667425.8228940982,691837.125,679631.4739470491
2021,2021-12-28,663701.614,694478.0309480279,709945.5625,702211.796724014
2021,2021-12-29,657200.732,695054.9603406427,728199.25,711627.1051703214
2021,2021-12-30,653602.373,668684.2682210671,708491.375,688587.8216105336
2021,2021-12-31,611387.919,640536.1199553668,693235.25,666885.6849776835
2022,2022-01-01,535144.786,585284.1536190575,498322.375,541803.2643095287
2022,2022-01-02,578855.186,630795.1228419613,600602.5,615698.8114209806
2022,2022-01-03,691970.774,747692.2936081662,699528.25,723610.2718040831
2022,2022-01-04,718047.874,757667.3734228904,717933.75,737800.5617114452
2022,2022-01-05,715070.234,720705.1887410666,708287.8125,714496.5006205332
2022,2022-01-06,617936.351,720716.0120089714,638592.25,679654.1310044858
2022,2022-01-07,703004.57,806234.2871558423,754407.625,780320.9560779212
2022,2022-01-08,686615.314,733568.803676604,723135.75,728352.2768383019
2022,2022-01-09,657099.904,684291.8905751256,677344.625,680818.2577875628
2022,2022-01-10,756621.212,783130.3761298739,752716.5625,767923.469314937
2022,2022-01-11,771711.078,806923.0518780117,780554.6875,793738.8696890059
2022,2022-01-12,777310.213,823248.171326159,777955.8125,800601.9919130795
2022,2022-01-13,788572.283,833844.5248225536,789777.8125,811811.1686612768
2022,2022-01-14,796150.956,833707.528363687,808156.9375,820932.2329318435
2022,2022-01-15,717164.143,754622.179273723,760718.75,757670.4646368616
2022,2022-01-16,672381.068,701590.9655094454,728084.6875,714837.8265047227
2022,2022-01-17,790794.183,822820.5790885435,816616.9375,819718.7582942718
2022,2022-01-18,809453.033,843684.0563382424,833406.25,838545.1531691211
2022,2022-01-19,813885.767,843042.7335663332,840755.625,841899.1792831665
2022,2022-01-20,813841.104,825047.0850485988,838764.0,831905.5425242994
2022,2022-01-21,812933.383,816460.6991086212,835246.75,825853.7245543106
2022,2022-01-22,728531.886,739047.9675675025,777229.25,758138.6087837513
2022,2022-01-23,681487.178,687991.9125448113,714089.4375,701040.6750224056
2022,2022-01-24,800222.601,795385.0024695237,811232.0,803308.5012347619
2022,2022-01-25,803957.158,801735.5073928038,826083.1875,813909.3474464018
2022,2022-01-26,800205.701,803207.4375477188,834006.0625,818606.7500238593
2022,2022-01-27,794878.473,795460.9207795059,824632.1875,810046.5541397529
2022,2022-01-28,786143.822,790336.0226945569,816773.5625,803554.7925972785
2022,2022-01-29,698969.016,714785.7806486934,742996.8125,728891.2965743467
2022,2022-01-30,648503.898,666146.528949888,687294.3125,676720.420724944
2022,2022-01-31,761832.783,762966.1216079401,780300.25,771633.1858039701
2022,2022-02-01,774260.763,770441.1670398604,789007.5,779724.3335199303
2022,2022-02-02,762494.554,770440.0000780144,785862.5625,778151.2812890073
2022,2022-02-03,760780.897,767388.4077956205,781905.625,774647.0163978103
2022,2022-02-04,756896.641,760054.268375723,771159.875,765607.0716878616
2022,2022-02-05,682674.839,684966.6325030532,697488.875,691227.7537515266
2022,2022-02-06,635247.08,647289.3682027914,658385.5,652837.4341013958
2022,2022-02-07,746724.421,764509.6588306557,757692.375,761101.0169153279
2022,2022-02-08,756678.724,778225.0207925308,772429.875,775327.4478962654
2022,2022-02-09,755748.252,776808.351321,776635.3125,776721.8319105001
2022,2022-02-10,762082.393,773077.7696651578,775272.0625,774174.916082579
2022,2022-02-11,754633.793,760567.5588006158,765536.9375,763052.2481503079
2022,2022-02-12,679947.691,683922.3776087275,694465.4375,689193.9075543638
2022,2022-02-13,635776.528,641507.042982956,643084.0,642295.521491478
2022,2022-02-14,741719.03,751538.5351622653,746513.0625,749025.7988311327
2022,2022-02-15,759124.039,769041.3452722756,767449.5625,768245.4538861378
2022,2022-02-16,758265.98,764702.1503135293,763615.75,764158.9501567646
2022,2022-02-17,744050.02,755279.996789263,765316.9375,760298.4671446315
2022,2022-02-18,735427.048,747100.4600630403,750019.4375,748559.9487815201
2022,2022-02-19,677992.558,675579.820781108,676617.75,676098.785390554
2022,2022-02-20,628491.111,640057.6417918153,631519.5625,635788.6021459077
2022,2022-02-21,726597.17,745761.1383396564,741568.5,743664.8191698282
2022,2022-02-22,734120.281,754170.4798042751,756057.125,755113.8024021375
2022,2022-02-23,732237.567,758072.579693629,758216.75,758144.6648468145
2022,2022-02-24,736907.737,755525.5974939357,756948.5625,756237.0799969679
2022,2022-02-25,742820.885,752746.5460058773,752411.75,752579.1480029386
2022,2022-02-26,670693.047,675386.0224255408,681431.25,678408.6362127704
2022,2022-02-27,618013.898,629801.3668297175,631541.625,630671.4959148588
2022,2022-02-28,697748.424,739470.0850923666,741275.6875,740372.8862961833
2022,2022-03-01,722629.686,753792.5248783265,756307.0,755049.7624391632
2022,2022-03-02,735689.298,748898.9891889683,758790.1875,753844.5883444841
2022,2022-03-03,742779.369,753732.2496531444,761673.6875,757702.9685765721
2022,2022-03-04,743386.909,751688.8649271717,753155.875,752422.3699635859
2022,2022-03-05,660787.324,673388.0690254398,685220.75,679304.4095127198
2022,2022-03-06,620251.472,639801.9492289298,634685.25,637243.5996144649
2022,2022-03-07,732493.133,750989.9587512704,750285.125,750637.5418756353
2022,2022-03-08,735113.962,768276.7805702304,763218.8125,765747.7965351152
2022,2022-03-09,726757.341,764288.825030522,763342.5,763815.662515261
2022,2022-03-10,722215.252,755596.5030026208,760905.1875,758250.8452513104
2022,2022-03-11,731329.705,748937.8722598889,751949.25,750443.5611299444
2022,2022-03-12,642182.296,664073.5614359848,679618.4375,671845.9994679925
2022,2022-03-13,593322.595,619433.7042844248,626065.625,622749.6646422124
2022,2022-03-14,726364.443,729820.4203950566,734269.5625,732044.9914475284
2022,2022-03-15,727251.646,730680.8892936154,741525.375,736103.1321468076
2022,2022-03-16,728889.512,730121.0941591343,745792.0,737956.5470795671
2022,2022-03-17,726425.305,733345.753830359,738941.75,736143.7519151794
2022,2022-03-18,704833.012,723804.0527588027,730229.4375,727016.7451294013
2022,2022-03-19,624061.488,660036.3793001593,660979.625,660508.0021500797
2022,2022-03-20,591749.465,617020.4502514548,609332.75,613176.6001257275
2022,2022-03-21,698550.305,720616.760240265,716433.125,718524.9426201326
2022,2022-03-22,717641.0,740600.3225857174,725967.75,733284.0362928587
2022,2022-03-23,719548.211,737928.4371581795,731819.4375,734873.9373290897
2022,2022-03-24,725071.963,727788.2117101979,727405.3125,727596.7621050989
2022,2022-03-25,706766.452,719422.6521566609,715238.25,717330.4510783304
2022,2022-03-26,631663.488,650712.1042453593,656152.625,653432.3646226797
2022,2022-03-27,554056.158,582915.987725779,608578.375,595747.1813628895
2022,2022-03-28,677673.545,694893.491167511,702931.0625,698912.2768337554
2022,2022-03-29,692972.303,706925.2301470912,723227.625,715076.4275735456
2022,2022-03-30,707690.926,708015.4985026544,733956.6875,720986.0930013272
2022,2022-03-31,705601.198,679985.6222172235,741826.6875,710906.1548586118
2022,2022-04-01,710892.602,677130.0959823217,742486.9375,709808.5167411608
2022,2022-04-02,645549.332,640776.799447227,693941.6875,667359.2434736135
2022,2022-04-03,613758.289,601410.8383168472,659369.375,630390.1066584236
2022,2022-04-04,744100.153,697020.4394215826,756706.125,726863.2822107913
2022,2022-04-05,762729.139,735076.1056132851,774057.9375,754567.0215566426
2022,2022-04-06,744533.256,735020.6910561221,775273.3125,755147.001778061
2022,2022-04-07,722876.934,720775.1526918734,748707.125,734741.1388459366
2022,2022-04-08,707077.849,713925.3616234952,735805.4375,724865.3995617477
2022,2022-04-09,621527.143,638715.9016168342,654442.5,646579.200808417
2022,2022-04-10,574809.756,585038.2384185629,602151.375,593594.8067092814
2022,2022-04-11,667783.117,687566.3374517859,685306.125,686436.2312258929
2022,2022-04-12,687251.619,716788.505954349,695980.1875,706384.3467271745
2022,2022-04-13,685363.179,708981.6789755631,695419.4375,702200.5582377815
2022,2022-04-14,585210.51,692246.8422265371,675924.75,684085.7961132685
2022,2022-04-15,536448.535,605518.6546662253,592896.875,599207.7648331127
2022,2022-04-16,551086.712,616845.5119285526,604885.625,610865.5684642764
2022,2022-04-17,527257.849,570331.6924291215,535629.6875,552980.6899645608
2022,2022-04-18,580335.76,669386.4856236535,638991.1875,654188.8365618268
2022,2022-04-19,657825.815,705674.5005891747,669102.375,687388.4377945873
2022,2022-04-20,698469.112,717033.1641972555,692924.0,704978.5820986277
2022,2022-04-21,697710.847,712691.5935309421,704859.875,708775.7342654711
2022,2022-04-22,695637.89,707106.2204838115,701841.6875,704473.9539919058
2022,2022-04-23,628779.932,633680.170293125,649339.0,641509.5851465624
2022,2022-04-24,571994.039,585814.5918261126,598778.5625,592296.5771630562
2022,2022-04-25,654714.455,692029.3306337935,702970.875,697500.1028168967
2022,2022-04-26,677540.715,705166.09438687,713449.3125,709307.703443435
2022,2022-04-27,687613.611,705732.3066361281,719023.4375,712377.872068064
2022,2022-04-28,688510.063,703312.281756742,717118.4375,710215.359628371
2022,2022-04-29,669022.367,692849.0936132752,707036.1875,699942.6405566377
2022,2022-04-30,592600.643,600693.0066168084,637424.75,619058.8783084042
2022,2022-05-01,528390.929,561062.42676495,583412.4375,572237.4321324751
2022,2022-05-02,614138.744,670229.8311281073,687171.125,678700.4780640537
2022,2022-05-03,677392.499,697481.6122600908,706449.5625,701965.5873800453
2022,2022-05-04,687315.435,700692.0291821206,711317.3125,706004.6708410603
2022,2022-05-05,680762.673,696997.9995258098,708976.1875,702987.0935129048
2022,2022-05-06,668597.638,690783.2124880463,700573.875,695678.5437440232
2022,2022-05-07,596496.276,618366.0365446806,624315.4375,621340.7370223403
2022,2022-05-08,550457.934,570056.2996081183,573975.875,572016.0873040592
2022,2022-05-09,650598.557,674331.8925919145,668918.1875,671625.0400459573
2022,2022-05-10,673774.152,695600.4556654425,692110.0,693855.2278327213
2022,2022-05-11,678560.086,699051.3525340324,697705.0,698378.1762670162
2022,2022-05-12,683981.303,698396.4007827452,696734.5,697565.4503913727
2022,2022-05-13,678906.624,692592.4183493447,689026.6875,690809.5529246724
2022,2022-05-14,613471.345,622088.7414614063,627373.4375,624731.0894807032
2022,2022-05-15,565340.711,574943.2537324504,580219.0625,577581.1581162252
2022,2022-05-16,658606.234,678081.2421568059,678084.375,678082.808578403
2022,2022-05-17,689159.568,702499.8940806125,697211.8125,699855.8532903062
2022,2022-05-18,701701.58,712543.8000844041,713225.6875,712884.7437922021
2022,2022-05-19,716668.676,715641.8656446798,717270.3125,716456.0890723399
2022,2022-05-20,714896.579,715288.6263671018,711744.625,713516.625683551
2022,2022-05-21,645687.218,646252.627651464,657139.0625,651695.845075732
2022,2022-05-22,591016.568,590173.3192444355,595439.4375,592806.3783722178
2022,2022-05-23,692293.672,680736.7444491538,682239.0,681487.8722245769
2022,2022-05-24,699490.143,699277.799516054,705699.875,702488.8372580269
2022,2022-05-25,683203.914,702582.8178648493,707243.5,704913.1589324246
2022,2022-05-26,688924.599,700691.450989549,706487.625,703589.5379947745
2022,2022-05-27,691167.658,702421.3192409667,696397.5625,699409.4408704834
2022,2022-05-28,628739.734,641856.0285454025,647627.0,644741.5142727012
2022,2022-05-29,579504.708,586696.8054872201,586520.5,586608.6527436101
2022,2022-05-30,672096.948,689744.7553750762,689181.8125,689463.283937538
2022,2022-05-31,699889.965,708825.6460335475,707740.4375,708283.0417667737
2022,2022-06-01,709660.649,720760.8279462674,717443.25,719102.0389731338
2022,2022-06-02,714096.111,713639.7656683191,710361.0,712000.3828341595
2022,2022-06-03,711460.499,714876.2671963844,706984.6875,710930.4773481921
2022,2022-06-04,632752.836,637948.1823506483,633041.125,635494.6536753242
2022,2022-06-05,583681.514,590709.1389938762,585325.25,588017.194496938
2022,2022-06-06,671690.704,704895.9238866549,700016.625,702456.2744433274
2022,2022-06-07,720817.352,735985.2063561842,722811.5625,729398.384428092
2022,2022-06-08,734652.173,742104.278213261,730344.0625,736224.1703566306
2022,2022-06-09,740426.075,746496.4162544146,737409.375,741952.8956272074
2022,2022-06-10,740712.627,749734.3472857181,738713.0,744223.6736428591
2022,2022-06-11,678773.887,689367.6484197173,691382.5,690375.0742098587
2022,2022-06-12,633281.978,648623.6376480873,657948.375,653286.0063240437
2022,2022-06-13,758638.075,773053.2193278172,765891.8125,769472.5159139086
2022,2022-06-14,798691.052,800770.0836715869,796540.875,798655.4793357935
2022,2022-06-15,816499.073,807613.686682016,809010.0,808311.8433410081
2022,2022-06-16,810374.883,799016.7406763103,810436.125,804726.4328381552
2022,2022-06-17,807731.237,791363.2622074313,809145.4375,800254.3498537156
2022,2022-06-18,721874.37,712681.7457362207,746201.1875,729441.4666181104
2022,2022-06-19,639567.443,629934.042003817,651482.0,640708.0210019085
2022,2022-06-20,746482.216,733967.6144016256,740535.125,737251.3697008127
2022,2022-06-21,754336.941,738089.9923793176,735419.3125,736754.6524396588
2022,2022-06-22,735366.573,726967.1691851098,722815.5,724891.334592555
2022,2022-06-23,712244.518,711224.5418100646,713300.5625,712262.5521550323
2022,2022-06-24,658105.271,715096.4403421391,700204.875,707650.6576710695
2022,2022-06-25,634796.661,656241.6724094817,632894.9375,644568.3049547409
2022,2022-06-26,597120.111,605811.5410361583,598042.25,601926.8955180792
2022,2022-06-27,697550.971,702834.8784377966,691899.6875,697367.2829688983
2022,2022-06-28,717423.769,730449.2593977749,719427.625,724938.4421988875
2022,2022-06-29,727046.257,746671.7541955245,736379.1875,741525.4708477622
2022,2022-06-30,724490.783,742782.9606011455,728220.4375,735501.6990505727
2022,2022-07-01,714296.439,742172.8170799975,717216.75,729694.7835399988
2022,2022-07-02,664621.873,690089.0695851423,686154.4375,688121.7535425711
2022,2022-07-03,628386.931,647083.4885333286,648738.3125,647910.9005166644
2022,2022-07-04,734811.021,761717.4964322839,749122.6875,755420.091966142
2022,2022-07-05,766576.117,783633.5429204357,777477.125,780555.3339602179
2022,2022-07-06,763815.16,758830.0962725024,764239.4375,761534.7668862513
2022,2022-07-07,756028.699,757653.7192453829,766428.9375,762041.3283726915
2022,2022-07-08,760229.022,764527.3381492043,769729.5625,767128.4503246022
2022,2022-07-09,692390.322,722357.7451745212,723641.0625,722999.4038372606
2022,2022-07-10,652462.732,678222.1784307993,693593.25,685907.7142153997
2022,2022-07-11,781323.554,794434.1860304627,797747.125,796090.6555152314
2022,2022-07-12,811270.388,797827.8006170477,831119.3125,814473.5565585238
2022,2022-07-13,827870.215,810273.8150506638,843959.375,827116.595025332
2022,2022-07-14,836258.259,816397.3935467898,853348.375,834872.884273395
2022,2022-07-15,831856.371,819523.0996473333,841315.75,830419.4248236667
2022,2022-07-16,748679.261,749942.6858534088,784888.1875,767415.4366767043
2022,2022-07-17,698666.051,698700.2817639426,755234.9375,726967.6096319712
2022,2022-07-18,822023.508,810758.6001476865,838443.5625,824601.0813238432
2022,2022-07-19,823558.586,819362.4966918128,830477.4375,824919.9670959064
2022,2022-07-20,823283.426,818348.6192121669,829016.25,823682.4346060834
2022,2022-07-21,836727.903,827894.0273882168,840343.0,834118.5136941085
2022,2022-07-22,831424.411,830731.0167200015,833912.8125,832321.9146100008
2022,2022-07-23,735091.226,729822.796567866,746667.0,738244.898283933
2022,2022-07-24,687821.417,683509.5365762039,735882.5625,709696.049538102
2022,2022-07-25,787876.394,782309.7597978009,822434.0625,802371.9111489004
2022,2022-07-26,824187.447,789697.6734568332,816045.375,802871.5242284166
2022,2022-07-27,806232.992,791292.1897180987,811962.5,801627.3448590494
2022,2022-07-28,800376.722,789928.7596917799,805418.375,797673.56734589
2022,2022-07-29,793992.235,787324.2670778226,797326.5,792325.3835389114
2022,2022-07-30,718385.467,706840.2367615266,722606.25,714723.2433807633
2022,2022-07-31,675415.017,647176.952440948,705403.25,676290.101220474
2022,2022-08-01,782866.189,751712.9215168549,804973.8125,778343.3670084274
2022,2022-08-02,800030.828,769414.4101173199,822842.625,796128.5175586599
2022,2022-08-03,795863.729,772018.0337274503,830619.1875,801318.6106137251
2022,2022-08-04,789564.733,769434.6072480142,823341.875,796388.2411240072
2022,2022-08-05,772886.414,760620.2989355922,805348.5,782984.3994677961
2022,2022-08-06,699119.098,696189.1561249729,744930.8125,720559.9843124864
2022,2022-08-07,647889.366,646125.9603407852,707164.125,676645.0426703927
2022,2022-08-08,727811.301,733876.1871160615,786644.375,760260.2810580307
2022,2022-08-09,745979.959,756892.3181226357,812210.3125,784551.3153113178
2022,2022-08-10,754636.552,765367.9808476744,824968.75,795168.3654238372
2022,2022-08-11,750843.942,775000.0262664012,812127.0,793563.5131332006
2022,2022-08-12,750786.746,775970.7801585275,819041.125,797505.9525792638
2022,2022-08-13,698246.392,719893.1392236847,729212.6875,724552.9133618423
2022,2022-08-14,629884.456,664700.0184072176,683047.625,673873.8217036088
2022,2022-08-15,622660.016,679574.7830345838,704018.4375,691796.6102672919
2022,2022-08-16,680755.938,734716.1073078541,776162.25,755439.178653927
2022,2022-08-17,677139.664,717042.095638418,726468.3125,721755.204069209
2022,2022-08-18,659330.261,714623.4159662296,717032.3125,715827.8642331148
2022,2022-08-19,661916.618,720214.2107161591,720476.625,720345.4178580795
2022,2022-08-20,633699.219,676120.3397507324,671433.875,673777.1073753661
2022,2022-08-21,602791.839,643206.1598822012,653352.0,648279.0799411007
2022,2022-08-22,703153.961,733735.6201592867,744937.1875,739336.4038296433
2022,2022-08-23,730634.865,760202.7098823749,773977.0,767089.8549411874
2022,2022-08-24,738558.459,760725.5117745806,780625.75,770675.6308872902
2022,2022-08-25,736603.211,755235.6235527792,774312.8125,764774.2180263896
2022,2022-08-26,725562.063,748869.7341909272,763911.5625,756390.6483454637
2022,2022-08-27,656630.131,674279.6090807704,674956.5,674618.0545403853
2022,2022-08-28,615465.721,642064.4553615592,676700.8125,659382.6339307795
2022,2022-08-29,727200.545,740526.0634652367,759520.625,750023.3442326183
2022,2022-08-30,750924.467,766201.4788074134,787044.375,776622.9269037067
2022,2022-08-31,740231.753,769557.8467159462,787039.75,778298.7983579731
2022,2022-09-01,731641.339,752291.869021172,768753.75,760522.8095105861
2022,2022-09-02,732227.67,751210.618574747,763684.1875,757447.4030373734
2022,2022-09-03,642236.01,671910.3015764,668232.5625,670071.4320382
2022,2022-09-04,596575.601,629755.3468497259,632749.4375,631252.392174863
2022,2022-09-05,711057.502,748907.6185281888,736576.5,742742.0592640943
2022,2022-09-06,727527.085,773021.6970103261,754369.5625,763695.6297551631
2022,2022-09-07,731678.0,764095.8647967215,753246.0625,758670.9636483607
2022,2022-09-08,715619.573,760253.8344180626,757806.0,759029.9172090313
2022,2022-09-09,721661.277,759037.4670715512,749623.5625,754330.5147857757
2022,2022-09-10,653804.812,687430.4536007539,684661.4375,686045.945550377
2022,2022-09-11,619822.057,646751.4358799229,664408.125,655579.7804399615
2022,2022-09-12,743105.948,757583.0648170345,755841.75,756712.4074085173
2022,2022-09-13,746416.15,758100.910717629,748720.3125,753410.6116088144
2022,2022-09-14,722541.723,741893.951419441,733431.25,737662.6007097205
2022,2022-09-15,713473.613,735016.8636907589,729430.9375,732223.9005953795
2022,2022-09-16,708799.082,726221.6679311696,717947.3125,722084.4902155849
2022,2022-09-17,619334.834,652257.5756612346,638293.5,645275.5378306173
2022,2022-09-18,574254.188,603512.2258183799,599693.3125,601602.7691591899
2022,2022-09-19,685476.662,707431.8060296272,698475.9375,702953.8717648135
2022,2022-09-20,704300.231,720297.4501921757,716855.6875,718576.5688460879
2022,2022-09-21,700070.02,725269.3810978275,721002.25,723135.8155489138
2022,2022-09-22,695597.389,724060.1493049,719538.375,721799.2621524499
2022,2022-09-23,689988.523,715343.1456981635,711411.875,713377.5103490818
2022,2022-09-24,602468.746,639487.5464658007,636655.5,638071.5232329003
2022,2022-09-25,547492.934,587428.9080030583,595379.375,591404.1415015291
2022,2022-09-26,638740.351,688103.04922044,697083.25,692593.14961022
2022,2022-09-27,659456.712,708812.537509411,708557.0625,708684.8000047056
2022,2022-09-28,663780.704,713203.5117973188,710620.8125,711912.1621486594
2022,2022-09-29,663785.856,703548.5306111336,713298.5,708423.5153055668
2022,2022-09-30,649024.388,697542.9854484177,700525.1875,699034.0864742089
2022,2022-10-01,576530.486,626102.8311271574,635030.125,630566.4780635787
2022,2022-10-02,536105.027,583044.4579926932,587358.875,585201.6664963466
2022,2022-10-03,644976.653,674152.1350242194,685794.5,679973.3175121096
2022,2022-10-04,667812.384,695442.9669338496,699678.1875,697560.5772169249
2022,2022-10-05,669204.132,702314.5675904624,704866.75,703590.6587952313
2022,2022-10-06,675127.531,701182.3000859842,703009.9375,702096.1187929921
2022,2022-10-07,666351.834,694241.9688766112,693025.5,693633.7344383056
2022,2022-10-08,589542.598,624655.1398233915,632062.4375,628358.7886616958
2022,2022-10-09,540796.45,575502.7539068987,581406.0,578454.3769534493
2022,2022-10-10,644622.826,664034.2075823944,672786.375,668410.2912911972
2022,2022-10-11,654510.421,657178.9137818626,687435.3125,672307.1131409314
2022,2022-10-12,557942.649,632690.1291737165,657551.625,645120.8770868583
2022,2022-10-13,641378.909,689321.8028922916,710381.5,699851.6514461457
2022,2022-10-14,654335.366,684825.5535557688,684015.75,684420.6517778845
2022,2022-10-15,579414.681,618347.411070196,624266.0,621306.705535098
2022,2022-10-16,540243.248,572136.3976381614,573220.9375,572678.6675690807
2022,2022-10-17,645458.789,678242.8516369468,675799.125,677020.9883184733
2022,2022-10-18,666698.644,697741.8650991637,694073.75,695907.8075495819
2022,2022-10-19,678778.124,696251.9145354041,696056.8125,696154.3635177021
2022,2022-10-20,683996.794,692718.5144801675,693048.6875,692883.6009900838
2022,2022-10-21,672847.573,685623.3819350307,684884.125,685253.7534675153
2022,2022-10-22,586790.797,616327.5674130778,621571.625,618949.5962065388
2022,2022-10-23,551003.213,569850.2072294872,579782.9375,574816.5723647436
2022,2022-10-24,646287.207,674248.2038871193,672772.375,673510.2894435597
2022,2022-10-25,663966.837,695526.7114913501,693891.0625,694708.886995675
2022,2022-10-26,669571.962,695609.3295472491,700192.9375,697901.1335236246
2022,2022-10-27,664276.72,693985.3073206963,693908.0,693946.6536603482
2022,2022-10-28,653085.719,692241.462390305,685591.875,688916.6686951525
2022,2022-10-29,573082.907,625671.3663104111,612441.875,619056.6206552056
2022,2022-10-30,547874.045,587723.9181066687,578229.75,582976.8340533343
2022,2022-10-31,587498.589,640757.4859606598,677973.8125,659365.6492303299
2022,2022-11-01,538630.845,624472.8570055343,623703.375,624088.1160027671
2022,2022-11-02,634187.151,696267.8284463756,717749.8125,707008.8204731878
2022,2022-11-03,656532.768,701415.0062905322,705015.8125,703215.4093952661
2022,2022-11-04,653078.471,713481.7086935382,705669.8125,709575.7605967692
2022,2022-11-05,571841.348,652581.8117771725,637807.4375,645194.6246385863
2022,2022-11-06,532238.943,608163.8970833566,600757.625,604460.7610416783
2022,2022-11-07,612953.806,701745.434527951,702550.8125,702148.1235139754
2022,2022-11-08,666701.201,713738.580372899,720213.5625,716976.0714364494
2022,2022-11-09,661163.333,718059.6908448823,726798.5,722429.0954224411
2022,2022-11-10,664449.942,722818.9130184661,723373.0,723095.956509233
2022,2022-11-11,664653.882,721227.6538347643,720179.125,720703.3894173822
2022,2022-11-12,588358.835,638296.6971019382,645450.375,641873.536050969
2022,2022-11-13,542933.157,597758.3243001425,605314.625,601536.4746500712
2022,2022-11-14,652741.12,700321.4332908932,706902.0625,703611.7478954466
2022,2022-11-15,651544.301,721817.5062346418,724169.25,722993.3781173208
2022,2022-11-16,681393.885,729786.4427599987,732054.5,730920.4713799993
2022,2022-11-17,679641.411,727033.2716215464,725059.0625,726046.1670607731
2022,2022-11-18,675636.087,730680.5084929393,724934.0,727807.2542464696
2022,2022-11-19,603900.284,669942.9645700755,660137.0625,665040.0135350378
2022,2022-11-20,560680.142,619095.8337435302,631441.625,625268.7293717652
2022,2022-11-21,686937.943,721946.2727981893,733027.8125,727487.0426490947
2022,2022-11-22,715617.289,759305.7043620823,750651.5,754978.6021810411
2022,2022-11-23,701571.613,750219.0366549026,748757.75,749488.3933274513
2022,2022-11-24,698309.438,753924.8961306289,747381.8125,750653.3543153144
2022,2022-11-25,682256.747,752460.9720812072,738092.75,745276.8610406036
2022,2022-11-26,614741.775,695512.2650950461,681049.1875,688280.7262975231
2022,2022-11-27,582620.008,659697.2441437468,654440.9375,657069.0908218734
2022,2022-11-28,688907.474,753799.7726042488,749021.75,751410.7613021245
2022,2022-11-29,712802.199,779658.97737229,773742.625,776700.801186145
2022,2022-11-30,724740.32,785152.2636241573,783813.125,784482.6943120786
2022,2022-12-01,730613.079,786156.6311146984,786371.75,786264.1905573492
2022,2022-12-02,731618.823,790908.0078165581,783868.3125,787388.1601582791
2022,2022-12-03,659861.394,719477.8468231942,713819.25,716648.548411597
2022,2022-12-04,616327.939,669643.6489601302,668723.6875,669183.6682300651
2022,2022-12-05,707473.451,728499.6834565013,774316.6875,751408.1854782507
2022,2022-12-06,645078.436,675476.7896056332,732418.6875,703947.7385528167
2022,2022-12-07,693711.869,732838.8056150619,806261.1875,769549.996557531
2022,2022-12-08,632319.537,719566.8214039268,736321.9375,727944.3794519634
2022,2022-12-09,671091.448,764638.7549905399,797503.4375,781071.09624527
2022,2022-12-10,623146.186,690194.714473174,687321.0625,688757.888486587
2022,2022-12-11,606821.364,645045.8805834617,664306.875,654676.3777917309
2022,2022-12-12,728180.46,749134.9359403184,753768.875,751451.9054701591
2022,2022-12-13,732934.204,759763.5850200373,770148.3125,764955.9487600187
2022,2022-12-14,717540.301,765017.1488138246,768549.25,766783.1994069123
2022,2022-12-15,712548.603,766600.6831031205,768786.5625,767693.6228015602
2022,2022-12-16,713514.912,762519.7428788203,772090.625,767305.1839394101
2022,2022-12-17,629703.175,694193.9277389055,685222.625,689708.2763694527
2022,2022-12-18,591386.911,643212.2665796581,658898.4375,651055.3520398291
2022,2022-12-19,708990.929,755305.0705494288,749411.0625,752358.0665247145
2022,2022-12-20,724156.043,752257.8222386884,749346.5625,750802.1923693442
2022,2022-12-21,711189.579,741986.548973686,738114.3125,740050.430736843
2022,2022-12-22,694814.032,714613.9132115263,724457.1875,719535.5503557632
2022,2022-12-23,657996.045,679239.3967869328,694654.5,686946.9483934664
2022,2022-12-24,562091.314,609789.0704476372,636884.0,623336.5352238186
2022,2022-12-25,489067.621,580133.2802194211,600000.3125,590066.7963597106
2022,2022-12-26,532343.828,659993.9000487432,675400.1875,667697.0437743716
2022,2022-12-27,612141.492,672539.880289364,697195.625,684867.7526446821
2022,2022-12-28,629989.307,678020.186019048,715914.0625,696967.124259524
2022,2022-12-29,637184.984,672442.7142239693,729929.0625,701185.8883619846
2022,2022-12-30,624064.594,647777.1291326679,710400.5,679088.814566334
2022,2022-12-31,559754.852,596283.765160014,648238.6875,622261.226330007
2023,2023-01-01,506425.906,553282.1604866418,521457.3125,537369.7364933209
2023,2023-01-02,621645.824,660335.5193916187,613182.0,636758.7596958093
2023,2023-01-03,677052.137,689417.442134888,652547.125,670982.283567444
2023,2023-01-04,689160.95,697217.4181016162,662424.625,679821.0215508081
2023,2023-01-05,671291.045,671050.4263312967,664631.6875,667841.0569156483
2023,2023-01-06,580299.936,610395.1137049875,624109.0625,617252.0881024937
2023,2023-01-07,626064.221,652000.1689639792,620913.5,636456.8344819896
2023,2023-01-08,614482.321,604878.0875666166,568744.125,586811.1062833082
2023,2023-01-09,702001.315,707602.3426184239,683224.875,695413.608809212
2023,2023-01-10,731661.44,734716.8472690256,704713.25,719715.0486345128
2023,2023-01-11,738957.782,734504.3740287336,712670.25,723587.3120143667
2023,2023-01-12,743091.787,751346.8940342128,722377.875,736862.3845171065
2023,2023-01-13,737961.141,753347.4313897582,726137.625,739742.5281948792
2023,2023-01-14,663062.596,683683.743957539,667371.5625,675527.6532287695
2023,2023-01-15,615888.197,632082.3853650716,613127.375,622604.8801825359
2023,2023-01-16,755509.285,748113.9146415023,711834.125,729974.0198207512
2023,2023-01-17,758739.977,756220.8647106489,737243.6875,746732.2761053245
2023,2023-01-18,780321.606,780705.5362241374,754243.1875,767474.3618620688
2023,2023-01-19,790062.795,780315.5076718031,759387.3125,769851.4100859016
2023,2023-01-20,757426.586,762821.1069351799,752832.0,757826.5534675899
2023,2023-01-21,676924.309,698226.1340367382,689974.75,694100.4420183691
2023,2023-01-22,649293.321,664225.8740012347,649969.8125,657097.8432506174
2023,2023-01-23,787526.211,782936.7598146303,752300.9375,767618.8486573151
2023,2023-01-24,825630.213,795699.7775656668,773984.3125,784842.0450328335
2023,2023-01-25,816153.242,792964.0819101565,785467.875,789215.9784550783
2023,2023-01-26,817260.311,783914.4855163381,785771.25,784842.8677581691
2023,2023-01-27,806430.869,778242.9042748458,780385.25,779314.077137423
2023,2023-01-28,718692.953,698652.7064718553,711093.375,704873.0407359276
2023,2023-01-29,675983.757,660901.0691144766,671790.5,666345.7845572382
2023,2023-01-30,795325.338,773964.8732251172,763911.125,768937.9991125586
2023,2023-01-31,803698.92,781794.1608979515,778899.875,780347.0179489758
2023,2023-02-01,801662.332,771427.6131975572,789089.625,780258.6190987786
2023,2023-02-02,790975.567,766759.4488814468,768464.875,767612.1619407234
2023,2023-02-03,775632.369,758727.754508052,758902.1875,758814.971004026
2023,2023-02-04,684167.496,681861.4625327409,675117.0625,678489.2625163705
2023,2023-02-05,638690.856,628502.6537759793,624035.5625,626269.1081379896
2023,2023-02-06,775399.85,742800.9329660157,731669.0625,737234.9977330079
2023,2023-02-07,808031.458,760384.8227453576,748517.25,754451.0363726788
2023,2023-02-08,805426.932,755574.6813467272,752171.375,753873.0281733635
2023,2023-02-09,795325.55,760090.5816543802,750203.8125,755147.19707719
2023,2023-02-10,791833.872,758795.6365428073,746316.0625,752555.8495214037
2023,2023-02-11,696716.754,685307.5941842984,669592.4375,677450.0158421493
2023,2023-02-12,648805.368,638157.3204354562,616738.0,627447.6602177281
2023,2023-02-13,763941.892,740568.4687691095,719903.0,730235.7343845547
2023,2023-02-14,776349.758,754156.3873896693,734950.0,744553.1936948346
2023,2023-02-15,765234.644,750755.494281513,739214.4375,744984.9658907566
2023,2023-02-16,756184.773,738916.8337021513,727022.625,732969.7293510756
2023,2023-02-17,745841.242,732749.7028419459,715778.9375,724264.320170973
2023,2023-02-18,656958.729,659938.348354675,633495.0625,646716.7054273374
2023,2023-02-19,604243.142,611842.0426166602,580067.0625,595954.5525583301
2023,2023-02-20,703843.757,708952.9404691238,677270.25,693111.595234562
2023,2023-02-21,718542.25,720790.7854046525,697683.125,709236.9552023262
2023,2023-02-22,723179.886,719494.3023404855,705428.625,712461.4636702428
2023,2023-02-23,744746.598,729519.0599239407,712372.75,720945.9049619704
2023,2023-02-24,741153.705,742268.3183669284,709702.0625,725985.1904334642
2023,2023-02-25,670495.14,675763.9233163773,646911.6875,661337.8054081886
2023,2023-02-26,633054.625,620490.4750234477,606951.1875,613720.8312617238
2023,2023-02-27,769247.838,733408.9936654499,719925.0,726666.9968327249
2023,2023-02-28,774548.797,746952.0708896014,735774.3125,741363.1916948007
2023,2023-03-01,790626.199,769883.2406570347,745280.6875,757581.9640785174
2023,2023-03-02,796204.01,762785.3929318908,747967.8125,755376.6027159453
2023,2023-03-03,772937.401,755158.326916783,738649.875,746904.1009583916
2023,2023-03-04,674017.739,670072.0313580945,653156.25,661614.1406790472
2023,2023-03-05,635805.655,622508.9422883455,605120.6875,613814.8148941728
2023,2023-03-06,739440.9,728938.6405462143,707821.8125,718380.2265231072
2023,2023-03-07,736668.395,721686.7759354938,705230.1875,713458.4817177469
2023,2023-03-08,726365.685,708306.7874225904,690889.3125,699598.0499612952
2023,2023-03-09,716452.857,699826.9439065751,672229.6875,686028.3157032875
2023,2023-03-10,689273.37,696978.9408104295,651670.9375,674324.9391552147
2023,2023-03-11,608584.638,614041.3026819743,564573.25,589307.2763409871
2023,2023-03-12,557439.954,560402.324821679,524547.9375,542475.1311608395
2023,2023-03-13,658906.077,667411.9611281444,604676.25,636044.1055640723
2023,2023-03-14,669720.805,683176.1698414907,634914.0,659045.0849207453
2023,2023-03-15,669686.9,680279.2949810433,649042.625,664660.9599905217
2023,2023-03-16,671404.492,674053.1993743982,649522.375,661787.7871871991
2023,2023-03-17,669898.72,664981.112108169,647108.5,656044.8060540846
2023,2023-03-18,603233.37,592684.2167870561,589831.125,591257.670893528
2023,2023-03-19,551700.834,550696.6445936428,557101.1875,553898.9160468214
2023,2023-03-20,641384.343,653567.9613277434,646093.1875,649830.5744138716
2023,2023-03-21,667437.684,672068.5575864426,668765.375,670416.9662932213
2023,2023-03-22,665415.519,675279.2426331672,665356.5625,670317.9025665836
2023,2023-03-23,664773.196,655278.2406623206,663831.125,659554.6828311603
2023,2023-03-24,664920.294,651714.0918495432,654211.4375,652962.7646747716
2023,2023-03-25,595900.869,584154.7466800216,580895.125,582524.9358400109
2023,2023-03-26,525933.283,524841.5544013738,535128.6875,529985.120950687
2023,2023-03-27,642067.363,642483.7064039087,626473.4375,634478.5719519544
2023,2023-03-28,655229.932,663576.3965061338,641415.25,652495.823253067
2023,2023-03-29,657287.875,666852.9293327308,646327.25,656590.0896663654
2023,2023-03-30,660755.927,653097.041973114,648261.5625,650679.302236557
2023,2023-03-31,660236.946,653024.3819420072,636156.5,644590.4409710036
2023,2023-04-01,592046.555,597188.7001630199,569358.125,583273.4125815099
2023,2023-04-02,548874.924,561347.7242672215,527953.375,544650.5496336108
2023,2023-04-03,639072.811,675327.7192837421,635084.9375,655206.3283918711
2023,2023-04-04,652016.035,688885.174105417,658380.125,673632.6495527085
2023,2023-04-05,639631.827,687088.4491932037,662706.8125,674897.6308466019
2023,2023-04-06,564889.452,666417.7507542704,661057.625,663737.6878771351
2023,2023-04-07,518549.539,580277.1657678949,589206.75,584741.9578839475
2023,2023-04-08,531339.729,585345.1180518969,584678.5,585011.8090259484
2023,2023-04-09,508947.86,535293.8860789683,510166.03125,522729.95866448415
2023,2023-04-10,562915.862,623617.6243580518,612906.25,618261.937179026
2023,2023-04-11,631802.137,644967.2037276948,630561.125,637764.1643638473
2023,2023-04-12,660115.2,646880.5411563013,636190.625,641535.5830781506
2023,2023-04-13,658532.314,616369.6200895007,635100.375,625734.9975447503
2023,2023-04-14,664022.635,593814.7783949679,625964.4375,609889.6079474839
2023,2023-04-15,592441.566,552829.2719647753,574348.0,563588.6359823877
2023,2023-04-16,547231.264,519370.9857118332,518064.5625,518717.7741059166
2023,2023-04-17,634831.145,596850.7173791281,609700.1875,603275.452439564
2023,2023-04-18,654865.618,637326.2579659341,639442.4375,638384.347732967
2023,2023-04-19,654950.573,655932.9128143586,649739.3125,652836.1126571794
2023,2023-04-20,656653.518,648182.7683448569,652004.25,650093.5091724284
2023,2023-04-21,650980.32,649574.870060362,641087.5,645331.185030181
2023,2023-04-22,590495.8,591539.9014161192,572095.0625,581817.4819580596
2023,2023-04-23,544376.883,536342.9454868905,521867.8125,529105.3789934453
2023,2023-04-24,633779.346,629562.936719274,614237.0625,621899.9996096371
2023,2023-04-25,659059.16,651310.64285876,635868.25,643589.44642938
2023,2023-04-26,661852.956,655700.4174054718,638558.625,647129.5212027358
2023,2023-04-27,666829.312,654466.0935869443,641037.3125,647751.7030434721
2023,2023-04-28,661354.264,644665.009963971,635195.0625,639930.0362319855
2023,2023-04-29,592081.712,575749.7293461476,563680.5,569715.1146730739
2023,2023-04-30,542193.983,519684.7037378761,517795.375,518740.0393689381
2023,2023-05-01,523889.313,545400.5491189131,567837.4375,556618.9933094566
2023,2023-05-02,622434.735,647338.6309657207,651588.5,649463.5654828604
2023,2023-05-03,660714.847,653025.9460324452,640410.625,646718.2855162226
2023,2023-05-04,665290.908,650055.195830664,651502.3125,650778.7541653321
2023,2023-05-05,659616.923,643540.6479013114,640618.8125,642079.7302006558
2023,2023-05-06,590485.791,575592.1586726625,571887.375,573739.7668363312
2023,2023-05-07,548502.085,528271.9151198097,525993.125,527132.5200599048
2023,2023-05-08,642369.829,631103.2776592053,622360.9375,626732.1075796026
2023,2023-05-09,668097.149,650066.3046865199,647721.4375,648893.8710932599
2023,2023-05-10,663531.114,653445.274134928,652080.75,652763.012067464
2023,2023-05-11,657135.64,651781.7073333452,653162.9375,652472.3224166726
2023,2023-05-12,656184.255,655859.9283829181,645118.875,650489.4016914591
2023,2023-05-13,585306.083,590461.3103094847,581859.875,586160.5926547423
2023,2023-05-14,542358.512,540259.8916608222,544939.9375,542599.914580411
2023,2023-05-15,631619.964,638382.4423336015,639172.375,638777.4086668007
2023,2023-05-16,651749.949,661797.8732024861,660166.1875,660982.030351243
2023,2023-05-17,643132.606,669532.3880509214,667738.875,668635.6315254606
2023,2023-05-18,651137.81,678759.0454095454,667068.9375,672913.9914547727
2023,2023-05-19,646534.241,679153.9826820994,659727.5625,669440.7725910498
2023,2023-05-20,576238.824,608466.3277556872,596480.0,602473.1638778436
2023,2023-05-21,535466.982,556534.7070047818,548565.8125,552550.2597523909
2023,2023-05-22,639422.481,652387.6993436132,644744.6875,648566.1934218067
2023,2023-05-23,654198.935,667986.3244931159,663464.5625,665725.4434965579
2023,2023-05-24,650279.581,659703.2663156061,666664.875,663184.070657803
2023,2023-05-25,651724.712,662001.1743735758,658325.625,660163.399686788
2023,2023-05-26,638249.622,661047.2439949375,652120.75,656583.9969974688
2023,2023-05-27,566548.508,594640.1205287621,584735.5625,589687.8415143811
2023,2023-05-28,521285.615,549268.0167049076,546027.0625,547647.5396024538
2023,2023-05-29,621366.375,641496.3882835462,639725.9375,640611.162891773
2023,2023-05-30,638434.329,669698.4504989405,657100.625,663399.5377494702
2023,2023-05-31,640059.655,676634.1043967089,662492.8125,669563.4584483544
2023,2023-06-01,649942.676,677243.5430755062,661857.0,669550.271537753
2023,2023-06-02,642678.488,674782.4096675246,656099.375,665440.8923337623
2023,2023-06-03,571764.741,601336.8364559883,587552.75,594444.7932279941
2023,2023-06-04,529995.247,553550.3958551926,549074.375,551312.3854275963
2023,2023-06-05,632165.698,646755.4137411542,637337.6875,642046.5506205771
2023,2023-06-06,660649.668,688763.6881358273,660111.625,674437.6565679137
2023,2023-06-07,675239.156,691837.3299530467,666416.75,679127.0399765234
2023,2023-06-08,666873.185,692216.8753223423,663081.125,677649.0001611712
2023,2023-06-09,657431.943,690010.0860977474,660031.0,675020.5430488738
2023,2023-06-10,585434.217,626672.2590488879,584280.0,605476.129524444
2023,2023-06-11,546386.353,579437.8651278421,543378.375,561408.120063921
2023,2023-06-12,654286.647,693419.5697453956,631846.25,662632.9098726978
2023,2023-06-13,671548.429,714136.0035431972,652620.4375,683378.2205215986
2023,2023-06-14,675031.725,723662.7527917341,661823.75,692743.251395867
2023,2023-06-15,685681.558,736193.3147142474,677148.875,706671.0948571237
2023,2023-06-16,695921.152,742958.5266586334,677596.9375,710277.7320793166
2023,2023-06-17,627665.321,674991.9506197813,630391.875,652691.9128098907
2023,2023-06-18,577954.372,594987.2557880102,569851.75,582419.502894005
2023,2023-06-19,684896.351,707016.8167048423,674302.8125,690659.8146024211
2023,2023-06-20,704703.371,717249.2087163132,691240.375,704244.7918581567
2023,2023-06-21,714975.961,712276.6365458105,695080.9375,703678.7870229052
2023,2023-06-22,709422.083,698972.4879509716,705417.4375,702194.9627254858
2023,2023-06-23,705413.541,692321.7335576136,711023.0,701672.3667788068
2023,2023-06-24,628176.282,642351.8246781634,650423.625,646387.7248390818
2023,2023-06-25,616012.038,615439.4693409438,619064.4375,617251.9534204719
2023,2023-06-26,753018.153,707921.5737611977,745318.0,726619.7868805989
2023,2023-06-27,772286.006,731029.6021853714,754141.8125,742585.7073426857
2023,2023-06-28,777596.436,736355.5392904459,751602.125,743978.8321452229
2023,2023-06-29,771072.346,731293.5855159251,743565.25,737429.4177579626
2023,2023-06-30,729157.132,702529.600125546,697656.4375,700093.018812773
2023,2023-07-01,646254.981,648717.1256706533,641365.6875,645041.4065853267
2023,2023-07-02,615130.595,614837.4689639992,611526.5625,613182.0157319997
2023,2023-07-03,741756.166,718310.3544930002,717983.75,718147.0522465
2023,2023-07-04,754074.66,736696.7642495007,738228.6875,737462.7258747504
2023,2023-07-05,756329.156,733853.8219700409,734150.25,734002.0359850205
2023,2023-07-06,760166.347,735244.515569665,740564.0625,737904.2890348325
2023,2023-07-07,752018.825,731921.8068227436,731464.5625,731693.1846613719
2023,2023-07-08,665130.797,670794.4982365415,673070.8125,671932.6553682708
2023,2023-07-09,628912.612,627881.1445336438,639483.375,633682.259766822
2023,2023-07-10,778800.77,755721.20641175,749160.6875,752440.946955875
2023,2023-07-11,820243.486,791537.176379249,777653.875,784595.5256896245
2023,2023-07-12,813329.123,792546.7950172416,769032.3125,780789.5537586208
2023,2023-07-13,799787.648,795082.4225771948,770266.375,782674.3987885974
2023,2023-07-14,800527.393,795947.5697198448,774022.25,784984.9098599225
2023,2023-07-15,698753.666,711052.719367398,690878.75,700965.734683699
2023,2023-07-16,639880.119,653416.7305112052,645540.625,649478.6777556026
2023,2023-07-17,781395.496,780301.2210659113,754776.5,767538.8605329557
2023,2023-07-18,824598.568,807139.4850534984,789257.125,798198.3050267491
2023,2023-07-19,837501.706,807185.7424151449,800293.625,803739.6837075725
2023,2023-07-20,818438.549,797322.4191013466,786676.0625,791999.2408006734
2023,2023-07-21,780090.042,780979.2602642514,767539.3125,774259.2863821257
2023,2023-07-22,681943.561,684723.5303193472,681974.75,683349.1401596735
2023,2023-07-23,646041.839,647606.5465118636,652020.125,649813.3357559318
2023,2023-07-24,752105.434,755253.4818052457,742648.8125,748951.1471526229
2023,2023-07-25,721372.938,763768.0768442312,744567.9375,754168.0071721156
2023,2023-07-26,733046.018,756261.2797808527,741591.0,748926.1398904263
2023,2023-07-27,748428.535,755885.107013092,754541.9375,755213.522256546
2023,2023-07-28,740713.259,750289.3620845572,739731.5,745010.4310422787
2023,2023-07-29,680851.05,686464.3312189761,682856.4375,684660.384359488
2023,2023-07-30,645350.877,641061.1424337233,647769.5625,644415.3524668617
2023,2023-07-31,736624.838,751768.1834576451,739691.8125,745729.9979788226
2023,2023-08-01,754106.067,771777.3620765446,756825.3125,764301.3372882723
2023,2023-08-02,767572.867,770350.297166908,760206.0,765278.1485834541
2023,2023-08-03,743787.712,746233.997616359,741737.625,743985.8113081795
2023,2023-08-04,689678.817,711369.7119237669,702841.0625,707105.3872118834
2023,2023-08-05,616704.903,647627.2117561178,645313.8125,646470.5121280588
2023,2023-08-06,594272.852,611607.3504867373,614236.6875,612922.0189933686
2023,2023-08-07,677200.493,694419.2222490533,699840.125,697129.6736245267
2023,2023-08-08,710098.443,726693.4679052308,739406.5,733049.9839526154
2023,2023-08-09,730621.532,735526.4090597878,761744.375,748635.3920298938
2023,2023-08-10,746766.603,733442.9394254792,769761.5,751602.2197127396
2023,2023-08-11,739105.889,726429.4367715138,753006.5625,739717.999635757
2023,2023-08-12,680130.564,666779.1302608735,687204.25,676991.6901304368
2023,2023-08-13,633561.647,609799.6856718743,649386.5625,629593.1240859372
2023,2023-08-14,679049.268,660431.9106439837,712091.0,686261.4553219918
2023,2023-08-15,632371.277,633642.5244499588,702428.375,668035.4497249795
2023,2023-08-16,697609.563,687247.362119971,753365.125,720306.2435599854
2023,2023-08-17,705886.436,682640.6806283662,734829.9375,708735.3090641832
2023,2023-08-18,708620.632,687326.8989703654,743391.0,715358.9494851828
2023,2023-08-19,669852.416,634941.013716092,684530.6875,659735.8506080459
2023,2023-08-20,650595.656,611405.093424276,665347.5625,638376.327962138
2023,2023-08-21,769909.688,722429.9525068281,762178.25,742304.1012534141
2023,2023-08-22,791908.796,738633.8140330991,785781.25,762207.5320165495
2023,2023-08-23,805114.493,741424.7090212681,792748.5,767086.604510634
2023,2023-08-24,806257.924,737890.7561544405,783916.3125,760903.5343272202
2023,2023-08-25,795777.497,728209.6821296578,769606.125,748907.9035648289
2023,2023-08-26,704096.731,645936.9320469928,694270.75,670103.8410234964
2023,2023-08-27,589812.346,566227.8568651726,583204.0625,574715.9596825864
2023,2023-08-28,666251.744,669502.5772513523,672448.25,670975.4136256762
2023,2023-08-29,684519.165,694520.6722891965,698198.875,696359.7736445982
2023,2023-08-30,691690.676,687525.3115208565,693600.125,690562.7182604282
2023,2023-08-31,696633.256,693903.9021471537,703203.0625,698553.4823235769
2023,2023-09-01,707897.142,695778.2046826942,703042.5625,699410.3835913471
2023,2023-09-02,617334.231,606545.6671076071,603912.25,605228.9585538036
2023,2023-09-03,567635.528,561103.6719303493,571482.25,566292.9609651747
2023,2023-09-04,680749.198,674550.6037605113,676348.3125,675449.4581302556
2023,2023-09-05,702074.366,696970.8407303632,694926.4375,695948.6391151815
2023,2023-09-06,713455.091,703508.0112109451,705635.125,704571.5681054725
2023,2023-09-07,718709.335,698227.0436695431,708600.25,703413.6468347716
2023,2023-09-08,696807.158,697473.3218392633,700237.4375,698855.3796696316
2023,2023-09-09,623814.065,629020.2730629857,623396.6875,626208.4802814929
2023,2023-09-10,582350.336,581279.6040291624,582354.5,581817.0520145812
2023,2023-09-11,670861.718,688752.0948769605,673086.8125,680919.4536884802
2023,2023-09-12,705037.939,698186.9533523474,688187.4375,693187.1954261737
2023,2023-09-13,705471.848,692329.9990361845,695479.375,693904.6870180923
2023,2023-09-14,712650.088,693242.364169102,691224.875,692233.6195845511
2023,2023-09-15,704741.902,683294.1542804645,680667.8125,681980.9833902323
2023,2023-09-16,610152.639,601010.8728483102,611785.4375,606398.155174155
2023,2023-09-17,573642.626,551033.5030083713,569961.25,560497.3765041856
2023,2023-09-18,665858.082,655382.0381486345,669627.875,662504.9565743173
2023,2023-09-19,683286.703,677297.5302153236,679704.8125,678501.1713576617
2023,2023-09-20,680363.13,677349.2221670981,682241.0,679795.111083549
2023,2023-09-21,682301.958,670811.664926556,678133.5,674472.582463278
2023,2023-09-22,657786.885,662927.9432527372,671242.125,667085.0341263686
2023,2023-09-23,577386.642,586816.6554991341,602776.0,594796.3277495671
2023,2023-09-24,541155.475,541081.364918785,561722.125,551401.7449593926
2023,2023-09-25,644344.176,639655.4972017697,655401.875,647528.6861008848
2023,2023-09-26,673007.777,658190.8997229888,673443.3125,665817.1061114944
2023,2023-09-27,684381.179,659625.7701418089,678825.0,669225.3850709044
2023,2023-09-28,688482.194,658097.6832616531,673605.875,665851.7791308265
2023,2023-09-29,682620.495,655119.442424121,674613.0,664866.2212120604
2023,2023-09-30,608394.984,584484.9508629863,600290.75,592387.8504314931
2023,2023-10-01,568592.41,544281.6539003383,562429.5,553355.5769501692
2023,2023-10-02,677907.782,645880.1990652368,654510.1875,650195.1932826184
2023,2023-10-03,694129.802,661084.6689388313,665979.25,663531.9594694157
2023,2023-10-04,697359.162,664630.4041799415,669021.5625,666825.9833399707
2023,2023-10-05,698683.251,666389.168731973,663155.125,664772.1468659865
2023,2023-10-06,699421.954,662900.2138766726,658991.0625,660945.6381883363
2023,2023-10-07,618380.502,592335.4381350878,589693.75,591014.594067544
2023,2023-10-08,572203.065,534641.6174772955,549254.5,541948.0587386477
2023,2023-10-09,661444.716,637470.5043026962,641963.0625,639716.7834013482
2023,2023-10-10,682328.873,655001.895330224,648733.5,651867.697665112
2023,2023-10-11,676631.446,621136.1953747679,654232.5,637684.3476873839
2023,2023-10-12,575504.945,590279.7751675682,610981.9375,600630.8563337841
2023,2023-10-13,615394.793,647502.9707925472,667596.5,657549.7353962737
2023,2023-10-14,578579.097,572845.0561281187,565324.6875,569084.8718140593
2023,2023-10-15,541876.33,528820.9692060626,544745.75,536783.3596030313
2023,2023-10-16,656582.378,634846.1057245397,628097.3125,631471.7091122698
2023,2023-10-17,685735.457,647011.892337538,646828.9375,646920.4149187689
2023,2023-10-18,691544.263,651033.7339773056,657832.625,654433.1794886529
2023,2023-10-19,695588.62,648830.1595987548,655430.6875,652130.4235493774
2023,2023-10-20,670024.187,650103.3639632423,651902.125,651002.7444816211
2023,2023-10-21,578655.968,579460.2116230098,588325.0625,583892.6370615049
2023,2023-10-22,547584.426,539577.0592832555,556729.625,548153.3421416278
2023,2023-10-23,652396.01,636766.6168431338,649846.625,643306.6209215668
2023,2023-10-24,668310.627,652135.7509155915,668098.5,660117.1254577958
2023,2023-10-25,680986.583,650863.8700916138,669409.1875,660136.5287958069
2023,2023-10-26,695519.318,649288.4281736354,666777.0,658032.7140868177
2023,2023-10-27,681696.979,650099.4524732275,654587.25,652343.3512366137
2023,2023-10-28,600928.081,565826.0630761683,591871.0625,578848.5627880841
2023,2023-10-29,584792.106,536402.3638831158,550031.4375,543216.9006915579
2023,2023-10-30,663807.745,620340.3448127019,634686.5625,627513.453656351
2023,2023-10-31,677491.268,616845.9755614047,665148.875,640997.4252807023
2023,2023-11-01,595447.394,580245.5155289323,616680.875,598463.1952644661
2023,2023-11-02,681524.046,641668.7971849288,677876.375,659772.5860924644
2023,2023-11-03,688910.052,642850.4059470604,654256.75,648553.5779735302
2023,2023-11-04,621381.226,566625.6077193257,596249.75,581437.6788596628
2023,2023-11-05,573801.32,531300.4503024378,554148.5625,542724.5064012189
2023,2023-11-06,677205.414,627732.1351524555,656863.1875,642297.6613262277
2023,2023-11-07,699291.04,679072.8507993012,672033.1875,675553.0191496506
2023,2023-11-08,713708.037,676995.2208668613,682477.9375,679736.5791834306
2023,2023-11-09,703993.269,660548.2348226288,690138.375,675343.3049113144
2023,2023-11-10,703513.302,653320.235145362,676532.8125,664926.523822681
2023,2023-11-11,628504.13,580698.4170979016,599970.125,590334.2710489507
2023,2023-11-12,573478.299,526710.710550707,555483.0625,541096.8865253534
2023,2023-11-13,672700.842,620627.1819116258,656447.75,638537.465955813
2023,2023-11-14,682941.124,633649.6913145824,681438.9375,657544.3144072911
2023,2023-11-15,690217.89,645121.490682135,684220.875,664671.1828410674
2023,2023-11-16,694399.37,643640.419045972,688478.5625,666059.4907729861
2023,2023-11-17,681979.844,646274.3723156917,674362.0,660318.1861578459
2023,2023-11-18,604200.644,579276.9260037885,604019.4375,591648.1817518943
2023,2023-11-19,560129.864,539145.9171563865,572379.1875,555762.5523281933
2023,2023-11-20,674097.163,650856.6565983549,666079.0625,658467.8595491775
2023,2023-11-21,697706.662,678309.9980569419,690302.6875,684306.342778471
2023,2023-11-22,709139.885,685467.9855100708,697639.9375,691553.9615050354
2023,2023-11-23,713863.707,691919.4207612886,700802.6875,696361.0541306443
2023,2023-11-24,715114.11,679386.3191703921,696612.5,687999.4095851961
2023,2023-11-25,635313.081,608310.1242983182,629638.875,618974.4996491591
2023,2023-11-26,602380.968,577644.3310559096,589927.875,583786.1030279548
2023,2023-11-27,720961.771,692350.7014144313,684095.6875,688223.1944572157
2023,2023-11-28,737005.018,694878.1403545947,704927.75,699902.9451772973
2023,2023-11-29,735891.426,688742.072763431,709034.625,698888.3488817154
2023,2023-11-30,724390.897,686967.5646488079,712222.625,699595.094824404
2023,2023-12-01,721843.711,699422.272437557,703735.6875,701578.9799687786
2023,2023-12-02,646520.006,637153.7358493361,640361.625,638757.6804246681
2023,2023-12-03,624482.267,599314.8284862431,608058.375,603686.6017431216
2023,2023-12-04,743449.538,699000.7658677292,695012.1875,697006.4766838646
2023,2023-12-05,751522.63,694401.7065788923,727329.6875,710865.6970394461
2023,2023-12-06,674816.633,648649.2402709477,690749.0625,669699.1513854738
2023,2023-12-07,701438.509,675524.5328261735,736084.6875,705804.6101630868
2023,2023-12-08,638304.87,615242.0827649231,656880.0625,636061.0726324616
2023,2023-12-09,633897.78,604326.4624938294,648454.75,626390.6062469147
2023,2023-12-10,604532.257,569705.7091665493,565157.0,567431.3545832746
2023,2023-12-11,712662.101,679478.9991841981,679237.125,679358.0620920991
2023,2023-12-12,734744.889,687547.9325026621,683803.625,685675.778751331
2023,2023-12-13,741549.886,685893.8039292678,698307.0,692100.401964634
2023,2023-12-14,745172.248,693947.7165442563,719172.6875,706560.2020221282
2023,2023-12-15,739184.562,690059.0296637538,717306.0625,703682.5460818768
2023,2023-12-16,662260.256,627142.5932773055,664127.625,645635.1091386527
2023,2023-12-17,636365.322,586884.0227793362,620076.875,603480.4488896681
2023,2023-12-18,758212.531,701484.6781570589,717472.9375,709478.8078285295
2023,2023-12-19,774315.347,716339.9883214715,738843.0,727591.4941607357
2023,2023-12-20,781442.119,712759.8690807136,733602.3125,723181.0907903567
2023,2023-12-21,758822.16,707754.754852706,724867.375,716311.064926353
2023,2023-12-22,721413.251,688231.0150950208,708012.3125,698121.6637975103
2023,2023-12-23,640883.947,604153.4348951528,625497.5,614825.4674475763
2023,2023-12-24,596118.636,547513.0163506335,600209.8125,573861.4144253167
2023,2023-12-25,553617.338,529911.6862552062,636851.1875,583381.4368776032
2023,2023-12-26,654679.567,649977.6275905209,737868.125,693922.8762952604
2023,2023-12-27,703161.901,668933.0334091879,728697.0625,698815.047954594
2023,2023-12-28,710999.762,674471.2491927758,740747.4375,707609.3433463878
2023,2023-12-29,698783.477,670218.0279510772,721832.8125,696025.4202255385
2023,2023-12-30,630400.595,584689.3254012194,657005.125,620847.2252006098
2023,2023-12-31,606791.929,537392.1299283874,624571.5625,580981.8462141936
2024,2024-01-01,555244.867,575439.7288037738,587634.9375,581537.3331518869
2024,2024-01-02,703015.288,709731.5475700316,727219.75,718475.6487850158
2024,2024-01-03,721647.165,709855.6131206391,730218.4375,720037.0253103196
2024,2024-01-04,726021.564,709404.1625583662,736819.3125,723111.737529183
2024,2024-01-05,697927.044,676648.9706635334,707420.125,692034.5478317668
2024,2024-01-06,614433.071,595721.2573999595,586458.5,591089.8786999797
2024,2024-01-07,637873.153,624895.2863477154,634589.4375,629742.3619238577
2024,2024-01-08,784344.305,746739.2668061577,746022.0,746380.6334030789
2024,2024-01-09,811334.555,762569.2617499308,772279.6875,767424.4746249653
2024,2024-01-10,818554.39,761167.7478298567,770905.1875,766036.4676649284
2024,2024-01-11,808748.333,764600.4039249499,772219.5,768409.951962475
2024,2024-01-12,805039.453,771952.068752665,767018.6875,769485.3781263325
2024,2024-01-13,717299.596,694905.7396305966,704992.125,699948.9323152984
2024,2024-01-14,660467.647,630805.0116227529,665431.375,648118.1933113765
2024,2024-01-15,770268.23,752634.9394380408,752474.75,752554.8447190204
2024,2024-01-16,770386.472,758136.3849362396,759062.25,758599.3174681198
2024,2024-01-17,759854.347,773565.84227299,756086.8125,764826.327386495
2024,2024-01-18,742783.492,774060.171664496,749936.8125,761998.492082248
2024,2024-01-19,776526.605,768140.2859616218,748164.6875,758152.486730811
2024,2024-01-20,683033.933,699716.5125947213,683776.5625,691746.5375473606
2024,2024-01-21,640605.651,663692.625720718,639419.875,651556.250360359
2024,2024-01-22,756819.433,794268.8267100787,752748.125,773508.4758550394
2024,2024-01-23,753138.609,805284.6744163227,764118.3125,784701.4934581614
2024,2024-01-24,740425.099,795022.195053773,765391.875,780207.0350268865
2024,2024-01-25,731835.908,796840.883626646,754971.9375,775906.410563323
2024,2024-01-26,723523.058,787770.0498468946,740009.875,763889.9624234473
2024,2024-01-27,637219.431,709780.0177774526,679304.4375,694542.2276387264
2024,2024-01-28,600542.109,663442.210251429,637218.0625,650330.1363757146
2024,2024-01-29,722022.961,773717.3681564574,734835.375,754276.3715782287
2024,2024-01-30,739056.741,789262.3300742963,755199.0,772230.6650371482
2024,2024-01-31,743579.224,799850.0228053419,762119.9375,780984.980152671
2024,2024-02-01,742360.015,784169.710537691,764191.5,774180.6052688456
2024,2024-02-02,732137.756,772151.0423450241,755394.6875,763772.8649225121
2024,2024-02-03,645683.778,689700.5822726412,674783.9375,682242.2598863207
2024,2024-02-04,603124.588,641115.8163691149,622163.0,631639.4081845575
2024,2024-02-05,723751.094,761864.7278769795,743845.4375,752855.0826884897
2024,2024-02-06,737643.259,781370.8368876012,760196.3125,770783.5746938006
2024,2024-02-07,749239.087,778172.1102029579,759881.4375,769026.7738514789
2024,2024-02-08,753771.808,769212.0837939517,755099.375,762155.7293969758
2024,2024-02-09,755078.183,764638.1357719762,743609.6875,754123.9116359882
2024,2024-02-10,663286.901,685015.8039163359,661803.0,673409.401958168
2024,2024-02-11,637388.013,648571.8572891615,612060.5,630316.1786445808
2024,2024-02-12,714805.293,745160.0898307109,713085.1875,729122.6386653555
2024,2024-02-13,711774.274,758177.9110962342,731376.5,744777.2055481172
2024,2024-02-14,720159.286,752250.7785336329,730718.5625,741484.6705168164
2024,2024-02-15,729110.689,747264.1173089789,732019.75,739641.9336544895
2024,2024-02-16,717799.65,738816.0425671679,723067.75,730941.896283584
2024,2024-02-17,624221.905,660791.1749196714,649832.0,655311.5874598357
2024,2024-02-18,584974.522,614559.6879982905,599084.875,606822.2814991453
2024,2024-02-19,689633.162,716721.8931457326,697960.0,707340.9465728663
2024,2024-02-20,701883.264,732147.1454248171,724770.5,728458.8227124086
2024,2024-02-21,717459.193,736049.1360121621,733046.25,734547.693006081
2024,2024-02-22,727081.55,739380.168341858,732422.9375,735901.5529209289
2024,2024-02-23,724628.099,746557.4715953167,727737.875,737147.6732976583
2024,2024-02-24,657800.038,678190.3941983659,653488.0625,665839.228349183
2024,2024-02-25,626143.633,625830.5871463973,601843.875,613837.2310731986
2024,2024-02-26,730573.86,748840.2940898103,707622.875,728231.5845449052
2024,2024-02-27,746142.904,771449.5424736192,729548.5625,750499.0524868097
2024,2024-02-28,732016.128,775131.69067251,739046.375,757089.0328362549
2024,2024-02-29,735852.499,774854.4130745096,743067.5625,758960.9877872549
2024,2024-03-01,729467.223,759738.069710379,736724.9375,748231.5036051895
2024,2024-03-02,666467.109,672724.012671418,658155.8125,665439.912585709
2024,2024-03-03,621709.846,640831.0672392774,614075.5,627453.2836196388
2024,2024-03-04,737435.932,737701.2964389166,718120.0,727910.6482194583
2024,2024-03-05,723424.215,746514.8375504086,743130.125,744822.4812752043
2024,2024-03-06,729789.252,744994.5504492125,749598.875,747296.7127246063
2024,2024-03-07,746093.475,733813.490241801,744752.0,739282.7451209005
2024,2024-03-08,749031.934,720903.527310974,729371.5,725137.513655487
2024,2024-03-09,692419.871,641170.3181103315,660119.625,650644.9715551657
2024,2024-03-10,627303.729,591696.9251011404,618765.625,605231.2750505703
2024,2024-03-11,717439.261,697074.7222157457,712865.5625,704970.1423578728
2024,2024-03-12,716317.541,711350.577240785,732600.0625,721975.3198703926
2024,2024-03-13,716865.216,711104.7914130957,731098.4375,721101.6144565479
2024,2024-03-14,717487.516,710559.9518604008,724279.4375,717419.6946802004
2024,2024-03-15,698375.264,701419.4351974012,707968.1875,704693.8113487007
2024,2024-03-16,619190.554,619472.3307047192,622704.0625,621088.1966023596
2024,2024-03-17,571959.711,561840.7826545507,569689.5,565765.1413272754
2024,2024-03-18,656466.182,659572.1973878333,659177.0,659374.5986939166
2024,2024-03-19,650942.94,674339.1524484633,679893.5625,677116.3574742316
2024,2024-03-20,677715.876,673203.2407158777,690790.25,681996.7453579388
2024,2024-03-21,684131.084,662576.7672765773,677298.625,669937.6961382886
2024,2024-03-22,675156.316,657186.9257029715,666652.6875,661919.8066014857
2024,2024-03-23,603767.889,590997.4763086839,599380.375,595188.9256543419
2024,2024-03-24,563702.618,544243.3568671154,564940.75,554592.0534335577
2024,2024-03-25,685192.419,657967.1192691461,661177.0,659572.0596345731
2024,2024-03-26,699802.428,695438.964350803,691449.375,693444.1696754015
2024,2024-03-27,695408.52,688910.8281775407,701522.5625,695216.6953387703
2024,2024-03-28,617996.902,674925.5090851727,701172.8125,688049.1607925864
2024,2024-03-29,573029.121,607187.7230590478,650731.25,628959.486529524
2024,2024-03-30,588708.264,628269.9247613162,633637.0625,630953.4936306581
2024,2024-03-31,561847.85,583817.4661240053,577764.25,580790.8580620026
2024,2024-04-01,623303.276,679489.3066525714,693258.75,686374.0283262858
2024,2024-04-02,694646.131,699287.4366340643,709329.5625,704308.4995670321
2024,2024-04-03,688565.412,682748.5170598972,718512.875,700630.6960299485
2024,2024-04-04,677501.897,643952.66962953,710909.875,677431.272314765
2024,2024-04-05,671728.963,624240.1915061274,684884.1875,654562.1895030637
2024,2024-04-06,604539.804,571045.1499062692,615113.4375,593079.2937031346
2024,2024-04-07,561830.999,525083.6403581826,563137.125,544110.3826790913
2024,2024-04-08,657510.236,607505.0209922268,651621.75,629563.3854961134
2024,2024-04-09,668332.691,665477.3936772303,673349.25,669413.3218386152
2024,2024-04-10,668277.546,676777.7431456536,680825.75,678801.7465728268
2024,2024-04-11,666051.0,653689.4257655158,676253.1875,664971.3066327579
2024,2024-04-12,664534.289,646475.418260251,662538.5625,654506.9903801256
2024,2024-04-13,585627.137,575647.4872281983,584816.0,580231.7436140992
2024,2024-04-14,543795.772,536338.5907224029,544480.125,540409.3578612015
2024,2024-04-15,648467.3,624910.7005200248,629959.375,627435.0377600123
2024,2024-04-16,666104.149,650204.3191896289,661976.0,656090.1595948145
2024,2024-04-17,661868.183,660823.4500057156,669956.8125,665390.1312528579
2024,2024-04-18,666332.603,665174.5878569968,668693.875,666934.2314284984
2024,2024-04-19,663124.782,666747.9489345291,662137.25,664442.5994672645
2024,2024-04-20,589557.074,600353.5438490888,589562.8125,594958.1781745444
2024,2024-04-21,546008.854,554743.6721388856,557204.25,555973.9610694428
2024,2024-04-22,651354.591,655322.8117656325,654213.4375,654768.1246328163
2024,2024-04-23,667541.496,686591.998842949,689813.3125,688202.6556714745
2024,2024-04-24,675674.227,691781.4667845935,693840.375,692810.9208922968
2024,2024-04-25,691514.386,690545.0270433646,700447.6875,695496.3572716822
2024,2024-04-26,675506.739,686418.5513694517,688463.875,687441.2131847258
2024,2024-04-27,611988.992,612007.9832917653,626363.125,619185.5541458826
2024,2024-04-28,568776.214,563436.6187559454,574762.6875,569099.6531279727
2024,2024-04-29,672239.614,626176.9723240131,671761.625,648969.2986620066
2024,2024-04-30,665002.708,671194.4780124604,700236.1875,685715.3327562301
2024,2024-05-01,568495.068,605666.3511470432,663378.0625,634522.2068235215
2024,2024-05-02,635501.984,691800.6714205107,712276.125,702038.3982102554
2024,2024-05-03,652238.521,681683.3521611932,685346.8125,683515.0823305966
2024,2024-05-04,593627.948,603855.5652541328,616446.9375,610151.2513770664
2024,2024-05-05,555852.311,553224.4945315454,564600.1875,558912.3410157727
2024,2024-05-06,648228.123,650871.8076564419,654327.375,652599.5913282209
2024,2024-05-07,652583.945,674015.0899053116,681783.8125,677899.4512026558
2024,2024-05-08,658873.053,678782.7676452687,680093.0,679437.8838226344
2024,2024-05-09,655891.305,672277.0890050516,675184.4375,673730.7632525258
2024,2024-05-10,645699.657,670821.3257564342,669077.75,669949.5378782172
2024,2024-05-11,580019.888,601773.5552557234,602396.25,602084.9026278617
2024,2024-05-12,541009.031,555051.3844320931,559703.0,557377.1922160466
2024,2024-05-13,646028.397,652474.9715347295,654961.25,653718.1107673647
2024,2024-05-14,665540.527,675013.3516174617,675722.25,675367.8008087308
2024,2024-05-15,655349.807,679961.2072501282,684228.0,682094.603625064
2024,2024-05-16,661439.853,680847.907464518,684679.3125,682763.609982259
2024,2024-05-17,652048.475,672089.1150982933,675748.625,673918.8700491467
2024,2024-05-18,584137.337,596184.7834048554,606463.8125,601324.2979524278
2024,2024-05-19,545024.052,553124.0064750033,564962.3125,559043.1594875017
2024,2024-05-20,632021.971,657529.2899689404,658268.0,657898.6449844702
2024,2024-05-21,656109.774,676635.7270978099,678864.1875,677749.9572989049
2024,2024-05-22,659114.186,680120.5015226927,684794.25,682457.3757613464
2024,2024-05-23,657885.535,677276.8501412986,685080.875,681178.8625706492
2024,2024-05-24,652663.71,670144.8902498957,669535.5625,669840.2263749479
2024,2024-05-25,584566.506,594231.2998551942,595214.0,594722.649927597
2024,2024-05-26,543898.242,550774.8896851853,555270.0625,553022.4760925926
2024,2024-05-27,656440.291,650841.3012533858,651753.3125,651297.3068766929
2024,2024-05-28,665817.233,674181.1837186756,671000.6875,672590.9356093379
2024,2024-05-29,678938.262,684521.440883937,687319.75,685920.5954419684
2024,2024-05-30,684233.4,695125.051069954,687590.8125,691357.931784977
2024,2024-05-31,672026.119,676528.9894856532,668884.1875,672706.5884928266
2024,2024-06-01,605685.889,600234.0668563704,600271.4375,600252.7521781852
2024,2024-06-02,560792.014,553563.6102726978,560464.625,557014.1176363488
2024,2024-06-03,664249.663,662072.188735867,655802.0625,658937.1256179335
2024,2024-06-04,676223.208,692340.9036850786,685135.1875,688738.0455925392
2024,2024-06-05,690706.326,708744.854804003,696894.0625,702819.4586520016
2024,2024-06-06,709405.629,714837.0551758776,708476.75,711656.9025879388
2024,2024-06-07,709081.52,709087.4659069227,699147.4375,704117.4517034614
2024,2024-06-08,625017.26,618118.7655256498,612455.5625,615287.1640128249
2024,2024-06-09,564689.066,567709.7654246764,568532.375,568121.0702123381
2024,2024-06-10,667360.68,676830.9230583544,667100.875,671965.8990291771
2024,2024-06-11,675023.098,691862.6630758053,684399.75,688131.2065379026
2024,2024-06-12,669532.698,693982.0606817184,687712.75,690847.4053408592
2024,2024-06-13,656769.75,699080.9573363842,681761.9375,690421.4474181922
2024,2024-06-14,674206.766,703306.8016075095,677194.625,690250.7133037548
2024,2024-06-15,601068.708,623876.4697082605,607454.8125,615665.6411041303
2024,2024-06-16,561514.511,574243.8811370833,568029.0625,571136.4718185416
2024,2024-06-17,681820.916,691082.1608007966,673485.8125,682283.9866503982
2024,2024-06-18,699419.396,708052.2253460843,680698.8125,694375.5189230421
2024,2024-06-19,690884.271,712590.9164309514,692679.375,702635.1457154758
2024,2024-06-20,684434.641,708530.3935432514,688734.4375,698632.4155216257
2024,2024-06-21,669689.165,701251.6784080894,680438.1875,690844.9329540448
2024,2024-06-22,608838.516,622110.1970063114,612685.0625,617397.6297531556
2024,2024-06-23,569494.463,593914.4085815741,580119.0,587016.704290787
2024,2024-06-24,649416.806,722027.9457698624,689970.25,705999.0978849311
2024,2024-06-25,712922.105,751502.9623612403,714270.375,732886.6686806201
2024,2024-06-26,717892.384,755188.3372704661,715053.5,735120.9186352331
2024,2024-06-27,721054.708,751008.9554099754,715904.5625,733456.7589549876
2024,2024-06-28,715511.219,734272.4001089437,700305.3125,717288.8563044718
2024,2024-06-29,630142.827,643839.9408019133,612232.5625,628036.2516509567
2024,2024-06-30,584627.364,601846.3532043727,579892.9375,590869.6453521864
2024,2024-07-01,681409.249,719697.3910645234,674351.4375,697024.4142822616
2024,2024-07-02,703491.606,736917.2797645433,697766.25,717341.7648822716
2024,2024-07-03,721171.089,748231.3575522936,720207.75,734219.5537761468
2024,2024-07-04,741981.107,755889.672858708,733502.375,744696.023929354
2024,2024-07-05,744021.161,763103.1049250899,730735.25,746919.177462545
2024,2024-07-06,655275.862,677176.0433068983,654571.8125,665873.9279034492
2024,2024-07-07,592880.387,616032.826907427,599980.0,608006.4134537135
2024,2024-07-08,704684.064,755640.2325314344,709987.875,732814.0537657172
2024,2024-07-09,735322.24,792593.8215123158,732523.0,762558.410756158
2024,2024-07-10,756032.335,803616.2141465017,753721.5,778668.8570732509
2024,2024-07-11,784406.465,812850.1118484213,767796.1875,790323.1496742107
2024,2024-07-12,774064.671,798556.2841861914,744095.9375,771326.1108430957
2024,2024-07-13,669619.273,690360.3319028529,655853.0,673106.6659514264
2024,2024-07-14,619815.61,643546.647957683,633467.625,638507.1364788415
2024,2024-07-15,746760.75,769974.0787846182,730172.0,750073.039392309
2024,2024-07-16,761435.351,797346.5685817754,753466.875,775406.7217908876
2024,2024-07-17,769574.128,804704.587730777,761989.125,783346.8563653885
2024,2024-07-18,788334.388,809215.9392879354,780573.875,794894.9071439677
2024,2024-07-19,798658.134,806493.6520439998,780324.6875,793409.1697719998
2024,2024-07-20,713125.299,716574.6984776064,703467.875,710021.2867388031
2024,2024-07-21,642305.943,652898.8255317826,642391.0,647644.9127658913
2024,2024-07-22,742688.427,767858.2878384624,742998.1875,755428.2376692311
2024,2024-07-23,783735.147,784000.494010541,786796.1875,785398.3407552706
2024,2024-07-24,806576.408,795638.9688084092,803081.4375,799360.2031542046
2024,2024-07-25,773955.13,796870.5935475655,801140.4375,799005.5155237827
2024,2024-07-26,773590.842,778762.2026734361,786270.625,782516.4138367181
2024,2024-07-27,703718.397,713632.1700360896,710917.5625,712274.8662680448
2024,2024-07-28,669515.361,679740.9782039634,677603.9375,678672.4578519817
2024,2024-07-29,795661.898,773170.7026993824,777107.4375,775139.0700996912
2024,2024-07-30,814439.123,800440.5442216677,802824.8125,801632.6783608338
2024,2024-07-31,808446.346,807788.281054291,806628.75,807208.5155271455
2024,2024-08-01,822334.593,784108.230675591,797898.875,791003.5528377956
2024,2024-08-02,796742.399,742867.0050173131,778861.8125,760864.4087586566
2024,2024-08-03,700122.36,660479.3109681486,697585.3125,679032.3117340743
2024,2024-08-04,664411.431,633609.1815353973,668513.25,651061.2157676986
2024,2024-08-05,759002.69,727295.7709780923,762195.4375,744745.6042390461
2024,2024-08-06,771423.581,752890.6343236637,780259.4375,766575.0359118318
2024,2024-08-07,772073.249,755365.3562104733,784010.125,769687.7406052367
2024,2024-08-08,772401.538,758314.0866594953,783182.3125,770748.1995797476
2024,2024-08-09,772935.824,758215.5596091313,782681.0,770448.2798045657
2024,2024-08-10,713464.803,696905.94104191,724584.0625,710745.001770955
2024,2024-08-11,671701.722,649581.3284639999,683359.3125,666470.320482
2024,2024-08-12,750014.535,716241.7770399083,747748.0,731994.8885199542
2024,2024-08-13,737828.997,690871.8584005092,746292.9375,718582.3979502546
2024,2024-08-14,702725.921,710703.4489924627,731009.0,720856.2244962314
2024,2024-08-15,617541.371,648772.965974973,652968.0625,650870.5142374865
2024,2024-08-16,655090.386,704996.7261880772,733019.8125,719008.2693440386
2024,2024-08-17,647929.123,668280.7696828969,664490.3125,666385.5410914484
2024,2024-08-18,628945.697,630480.5116607584,637015.125,633747.8183303792
2024,2024-08-19,712297.821,739458.4918489252,708084.875,723771.6834244626
2024,2024-08-20,732700.795,768466.0528359959,736258.0625,752362.0576679979
2024,2024-08-21,742774.409,772210.5603155466,742985.4375,757597.9989077733
2024,2024-08-22,749146.713,783005.6686837627,751900.3125,767452.9905918813
2024,2024-08-23,743446.72,776145.8706373373,748431.625,762288.7478186686
2024,2024-08-24,688878.926,696885.4319980525,677873.1875,687379.3097490263
2024,2024-08-25,647915.767,610513.938389394,626516.5,618515.219194697
2024,2024-08-26,738601.944,698605.8217852394,721448.5625,710027.1921426198
2024,2024-08-27,765981.401,724710.077580627,753280.4375,738995.2575403135
2024,2024-08-28,777702.507,729566.3552398559,757507.25,743536.802619928
2024,2024-08-29,767391.885,719590.2941427194,738044.25,728817.2720713597
2024,2024-08-30,754877.136,710772.5529187206,726828.875,718800.7139593603
2024,2024-08-31,679489.19,635895.079203649,661968.75,648931.9146018245
2024,2024-09-01,635520.797,597006.428698976,615068.3125,606037.370599488
2024,2024-09-02,747148.328,706423.5861356211,712908.5625,709666.0743178106
2024,2024-09-03,749492.829,710963.619758356,714707.0,712835.309879178
2024,2024-09-04,724877.568,711870.5455408742,704302.75,708086.6477704372
2024,2024-09-05,711286.885,715585.5716936191,699537.75,707561.6608468096
2024,2024-09-06,713336.528,701807.1338790146,686156.75,693981.9419395074
2024,2024-09-07,627865.294,624298.5904003559,614651.875,619475.2327001779
2024,2024-09-08,586439.281,580714.3332282227,578558.8125,579636.5728641113
2024,2024-09-09,678959.577,674090.6289520514,667381.4375,670736.0332260258
2024,2024-09-10,702676.435,703544.5964874324,686745.5625,695145.0794937161
2024,2024-09-11,690262.905,701668.9397867857,690294.9375,695981.9386433929
2024,2024-09-12,712003.62,710496.4029803275,697043.25,703769.8264901638
2024,2024-09-13,684372.294,696170.6915394715,684697.375,690434.0332697358
2024,2024-09-14,603145.351,611477.1430674276,615649.4375,613563.2902837137
2024,2024-09-15,565914.59,573135.6179303121,570731.5,571933.5589651561
2024,2024-09-16,677158.157,672204.4813213819,668880.5,670542.4906606909
2024,2024-09-17,693667.015,687790.8652833117,687828.3125,687809.5888916559
2024,2024-09-18,697682.109,691882.771256432,693821.0,692851.885628216
2024,2024-09-19,695367.747,689678.9031317417,691290.5625,690484.7328158708
2024,2024-09-20,686311.435,676054.4449929143,678064.0625,677059.2537464572
2024,2024-09-21,612520.092,594473.5064666651,608908.5,601691.0032333325
2024,2024-09-22,563714.064,556270.6809981847,570522.875,563396.7779990924
2024,2024-09-23,658402.489,661960.5167775834,667871.375,664915.9458887917
2024,2024-09-24,666549.893,683812.2015018935,686435.9375,685124.0695009467
2024,2024-09-25,690170.306,696675.4483559636,691111.5625,693893.5054279817
2024,2024-09-26,709563.671,696936.9685877379,691856.75,694396.859293869
2024,2024-09-27,681451.804,687294.4905496892,679805.75,683550.1202748446
2024,2024-09-28,586411.756,608508.9152462028,612279.25,610394.0826231014
2024,2024-09-29,547130.07,558985.6230962081,562709.875,560847.749048104
2024,2024-09-30,651718.723,667689.4639813262,660833.125,664261.2944906631
2024,2024-10-01,684612.618,687594.4785439259,680563.125,684078.801771963
2024,2024-10-02,704137.965,693767.1874319118,685576.0,689671.593715956
2024,2024-10-03,693438.927,689722.1507380853,682335.25,686028.7003690426
2024,2024-10-04,675767.86,685657.1869914171,676067.375,680862.2809957085
2024,2024-10-05,606869.229,609445.1497210863,602985.625,606215.3873605431
2024,2024-10-06,577173.06,568701.1668201191,563394.3125,566047.7396600596
2024,2024-10-07,690070.631,662290.6337204395,658716.0625,660503.3481102197
2024,2024-10-08,690974.941,680217.5022486076,678395.75,679306.6261243038
2024,2024-10-09,688394.281,675337.0709714015,684003.625,679670.3479857007
2024,2024-10-10,674602.585,637985.7749911059,685297.625,661641.6999955529
2024,2024-10-11,664565.584,653697.2920254729,682551.6875,668124.4897627365
2024,2024-10-12,589272.325,546509.1878536949,570368.0,558438.5939268474
2024,2024-10-13,549390.403,544296.9150752554,578378.625,561337.7700376278
2024,2024-10-14,668027.312,648393.2825839092,658524.5625,653458.9225419546
2024,2024-10-15,693335.616,674137.868134491,680994.5625,677566.2153172456
2024,2024-10-16,696267.98,678184.7597974731,684495.1875,681339.9736487365
2024,2024-10-17,689262.671,686085.656245004,685739.0,685912.328122502
2024,2024-10-18,672083.364,674638.760315436,680170.4375,677404.598907718
2024,2024-10-19,592622.751,588430.9525319849,613965.5,601198.2262659925
2024,2024-10-20,556263.258,552801.9027601604,577080.1875,564941.0451300802
2024,2024-10-21,652929.134,657397.3197256603,658276.8125,657837.0661128301
2024,2024-10-22,677075.735,674179.5030451278,680913.4375,677546.4702725639
2024,2024-10-23,675029.303,685434.1755878312,685131.625,685282.9002939155
2024,2024-10-24,675732.064,692222.0924743289,687696.75,689959.4212371644
2024,2024-10-25,680753.442,686992.5473774592,683008.625,685000.5861887296
2024,2024-10-26,600259.491,615465.2743206128,625240.625,620352.9496603063
2024,2024-10-27,592818.011,590657.8119598575,587683.8125,589170.8122299288
2024,2024-10-28,674874.49,665460.5339458017,675949.1875,670704.8607229008
2024,2024-10-29,700574.099,680809.4103495692,698422.4375,689615.9239247846
2024,2024-10-30,687653.302,659760.0220590817,702870.3125,681315.1672795408
2024,2024-10-31,666086.577,678080.4468245679,691121.6875,684601.0671622839
2024,2024-11-01,576955.641,621252.6537514342,636177.6875,628715.1706257171
2024,2024-11-02,573530.388,613849.6813856772,622859.8125,618354.7469428387
2024,2024-11-03,554206.328,572714.3876763257,560553.9375,566634.1625881628
2024,2024-11-04,651653.41,667874.7423520494,673219.6875,670547.2149260247
2024,2024-11-05,671008.768,691243.6444270638,685919.1875,688581.4159635319
2024,2024-11-06,674763.53,700670.2564147465,694180.375,697425.3157073732
2024,2024-11-07,675631.479,695822.5669636369,694901.625,695362.0959818184
2024,2024-11-08,682336.02,696373.297668763,690418.6875,693395.9925843815
2024,2024-11-09,603689.931,620342.8104751806,618599.9375,619471.3739875903
2024,2024-11-10,564790.043,570594.7134049259,583054.375,576824.544202463
2024,2024-11-11,667031.681,662391.2855650409,693303.5,677847.3927825205
2024,2024-11-12,698667.79,700956.6048798179,709959.4375,705458.021189909
2024,2024-11-13,729582.134,719367.9192390852,717044.4375,718206.1783695426
2024,2024-11-14,713120.292,703567.688699612,716525.9375,710046.813099806
2024,2024-11-15,704955.638,690429.7947664196,713939.25,702184.5223832098
2024,2024-11-16,622878.804,617193.6383448066,620937.875,619065.7566724033
2024,2024-11-17,578882.985,570890.6324405203,587518.8125,579204.7224702602
2024,2024-11-18,682827.51,679427.3170598788,689015.6875,684221.5022799394
2024,2024-11-19,698671.221,705163.9060624583,713062.9375,709113.4217812291
2024,2024-11-20,707107.296,710044.5908649518,716727.5625,713386.0766824759
2024,2024-11-21,723249.489,711757.1306721778,715684.875,713721.0028360889
2024,2024-11-22,708584.877,707845.6876884248,700685.1875,704265.4375942124
2024,2024-11-23,627903.578,635531.6428159095,632633.0,634082.3214079547
2024,2024-11-24,588974.226,591345.5586117001,591684.75,591515.15430585
2024,2024-11-25,698078.343,701795.6400622084,685925.0,693860.3200311041
2024,2024-11-26,720149.567,738530.6059604356,713273.125,725901.8654802178
2024,2024-11-27,724324.978,741876.6124421974,720545.5625,731211.0874710986
2024,2024-11-28,730708.457,736308.38879034,725111.625,730710.0068951701
2024,2024-11-29,718561.576,729969.0072329867,713214.4375,721591.7223664934
2024,2024-11-30,635729.236,652049.3639755854,636885.875,644467.6194877927
2024,2024-12-01,603031.577,620579.3973142345,602790.125,611684.7611571173
2024,2024-12-02,706645.856,733926.5841601836,697341.875,715634.2295800918
2024,2024-12-03,723815.781,750977.0322521277,724117.8125,737547.4223760639
2024,2024-12-04,733823.736,717938.8978918145,726718.3125,722328.6051959072
2024,2024-12-05,728678.452,732610.504596826,735356.0,733983.2522984131
2024,2024-12-06,634732.969,638565.364775298,665473.1875,652019.2761376491
2024,2024-12-07,626204.107,646780.5973594974,666572.9375,656676.7674297488
2024,2024-12-08,618579.423,616148.5770503433,607299.0625,611723.8197751716
2024,2024-12-09,727630.736,741314.4247339236,734334.6875,737824.5561169619
2024,2024-12-10,781334.031,766887.6929514133,754620.4375,760754.0652257067
2024,2024-12-11,809721.081,767437.8932860601,760796.5625,764117.22789303
2024,2024-12-12,805169.012,766318.8729162827,764881.125,765599.9989581413
2024,2024-12-13,785137.193,754716.5918925736,762787.6875,758752.1396962868
2024,2024-12-14,704828.445,682105.1831753225,694073.25,688089.2165876613
2024,2024-12-15,672362.256,645370.1699053181,646926.625,646148.397452659
2024,2024-12-16,782975.415,767230.1991649163,748480.375,757855.2870824581
2024,2024-12-17,796202.148,776197.2946088667,767337.875,771767.5848044334
2024,2024-12-18,781895.5,778513.7899903622,778014.875,778264.3324951811
2024,2024-12-19,769610.762,746691.5997837447,751612.75,749152.1748918723
2024,2024-12-20,744247.659,734666.8507889906,737097.375,735882.1128944953
2024,2024-12-21,674505.332,664891.4978832336,659614.625,662253.0614416169
2024,2024-12-22,642593.443,599872.6445382404,629213.75,614543.1972691203
2024,2024-12-23,690633.09,635585.5663691116,701295.5,668440.5331845558
2024,2024-12-24,642852.982,677878.98217631,729559.3125,703719.147338155
2024,2024-12-25,547482.617,601924.3905728846,661442.5625,631683.4765364423
2024,2024-12-26,643051.101,700523.9094506456,758088.0,729305.9547253228
2024,2024-12-27,676247.896,705568.2987465508,714475.6875,710021.9931232755
2024,2024-12-28,642095.784,642861.0194129645,669166.9375,656013.9784564823
2024,2024-12-29,619712.688,609323.9087780231,645280.0625,627301.9856390115
2024,2024-12-30,691924.592,653348.2941283263,734289.3125,693818.8033141631
2024,2024-12-31,666906.666,723634.592034293,761141.4375,742388.0147671464
2025,2025-01-01,585942.98,631118.2301357997,608668.75,619893.4900678999
2025,2025-01-02,714746.165,740793.7878394648,731995.8125,736394.8001697324
2025,2025-01-03,743131.902,732477.8651396685,734809.125,733643.4950698342
2025,2025-01-04,672654.205,645749.352880111,663183.5625,654466.4576900555
2025,2025-01-05,637473.016,625572.0223877315,578498.1875,602035.1049438657
2025,2025-01-06,612375.246,689791.2058271967,601519.875,645655.5404135983
2025,2025-01-07,761126.956,791236.0871065167,707736.375,749486.2310532583
2025,2025-01-08,785457.969,789564.8847280986,733057.25,761311.0673640494
2025,2025-01-09,766861.319,769973.8632176785,739210.125,754591.9941088392
2025,2025-01-10,758349.049,770231.0274046516,726056.375,748143.7012023258
2025,2025-01-11,670140.941,685745.3241852201,647215.3125,666480.31834261
2025,2025-01-12,627798.603,645361.754186436,608281.0,626821.377093218
2025,2025-01-13,770960.273,773907.4364692789,729434.0,751670.7182346394
2025,2025-01-14,811334.506,793880.7437739217,778243.375,786062.0593869609
2025,2025-01-15,825272.872,793393.8362450522,787443.4375,790418.636872526
2025,2025-01-16,837533.046,784680.5151456883,783774.5625,784227.5388228442
2025,2025-01-17,823171.174,793375.6913558281,785247.0625,789311.3769279141
2025,2025-01-18,721462.081,710030.9750649668,712396.5,711213.7375324834
2025,2025-01-19,686072.784,672324.4676841052,671536.8125,671930.6400920525
2025,2025-01-20,814665.825,775378.1692494488,776434.625,775906.3971247245
2025,2025-01-21,816068.543,775167.2250110976,787503.6875,781335.4562555489
2025,2025-01-22,786025.216,754764.8196155456,780223.3125,767494.0660577728
2025,2025-01-23,763306.352,744076.7839959395,767240.625,755658.7044979697
2025,2025-01-24,754465.345,739365.2811358486,751630.0,745497.6405679244
2025,2025-01-25,677659.658,660149.3864879574,664582.1875,662365.7869939788
2025,2025-01-26,639514.665,623416.6271347416,627939.8125,625678.2198173709
2025,2025-01-27,745544.984,719614.7470699648,713584.75,716599.7485349823
2025,2025-01-28,776292.423,758040.9333612599,749350.5625,753695.7479306299
2025,2025-01-29,797240.69,767245.6627000333,755343.125,761294.3938500166
2025,2025-01-30,783496.217,763471.4891288156,764664.8125,764068.1508144077
2025,2025-01-31,772257.643,761785.6081037363,763727.0625,762756.3353018682
2025,2025-02-01,695742.806,677620.1286231669,695641.6875,686630.9080615835
2025,2025-02-02,659166.289,631298.0624641689,651178.9375,641238.4999820844
2025,2025-02-03,768751.535,744984.3426529504,756912.6875,750948.5150764752
2025,2025-02-04,782615.522,768385.9894623415,773210.4375,770798.2134811708
2025,2025-02-05,782147.842,774251.1465396024,775735.25,774993.1982698012
2025,2025-02-06,786399.816,774465.7099814032,777679.25,776072.4799907017
2025,2025-02-07,796255.651,773699.8294955782,767952.8125,770826.320997789
2025,2025-02-08,689583.624,674383.0782860661,689021.625,681702.3516430331
2025,2025-02-09,647247.053,644220.7204515813,651750.0,647985.3602257906
2025,2025-02-10,757836.189,733485.178477333,742974.5,738229.8392386665
2025,2025-02-11,765437.268,735110.8430318417,752141.4375,743626.1402659209
2025,2025-02-12,773734.442,737993.8133620746,753457.0,745725.4066810373
2025,2025-02-13,757461.905,742001.1208144374,749077.125,745539.1229072188
2025,2025-02-14,735597.658,729727.6819404811,736514.6875,733121.1847202405
2025,2025-02-15,663818.4,642932.8017114851,659722.3125,651327.5571057426
2025,2025-02-16,612138.615,605250.976582812,616775.5,611013.2382914061
2025,2025-02-17,714984.452,711611.3433404216,717820.875,714716.1091702108
2025,2025-02-18,741638.655,726889.9927825634,733131.375,730010.6838912817
2025,2025-02-19,729534.345,728075.9923425236,737078.25,732577.1211712619
2025,2025-02-20,730459.658,732017.2591074986,739517.3125,735767.2858037492
2025,2025-02-21,739860.672,727310.1537089975,723763.4375,725536.7956044988
2025,2025-02-22,654390.89,658256.4813599697,651478.5625,654867.5219299849
2025,2025-02-23,607511.781,623709.7373837688,612037.6875,617873.7124418844
2025,2025-02-24,721880.389,726940.1269824551,717122.625,722031.3759912276
2025,2025-02-25,746983.888,740554.5042253671,731084.25,735819.3771126836
2025,2025-02-26,730095.38,749336.1025836999,741636.5625,745486.3325418499
2025,2025-02-27,744246.435,750268.004785615,744169.25,747218.6273928075
2025,2025-02-28,728757.572,739297.6160864695,733276.25,736286.9330432347
2025,2025-03-01,674291.083,673689.1447053185,659273.4375,666481.2911026592
2025,2025-03-02,650355.572,635526.8836650228,627204.75,631365.8168325115
2025,2025-03-03,754992.978,739703.8401958497,727237.9375,733470.8888479248
2025,2025-03-04,744701.905,733333.0127382983,735750.0625,734541.5376191491
2025,2025-03-05,752590.785,737027.5145360181,743522.5,740275.007268009
2025,2025-03-06,749727.851,737212.3164376473,738758.3125,737985.3144688236
2025,2025-03-07,753102.249,738204.5089448309,730957.8125,734581.1607224154
2025,2025-03-08,671410.611,673304.7034155341,655217.875,664261.289207767
2025,2025-03-09,620610.269,629201.9788945977,623660.0,626430.9894472989
2025,2025-03-10,734548.538,728012.9166354757,725012.1875,726512.5520677378
2025,2025-03-11,747118.253,730140.6474315274,739173.8125,734657.2299657636
2025,2025-03-12,739764.977,730756.5191126576,744519.6875,737638.1033063289
2025,2025-03-13,763441.839,734087.1787765677,751143.375,742615.2768882839
2025,2025-03-14,768965.713,730745.8895824511,738496.0,734620.9447912255
2025,2025-03-15,670593.774,658085.6272991928,667289.8125,662687.7198995964
2025,2025-03-16,639750.189,607258.7884692423,627787.125,617522.9567346212
2025,2025-03-17,762507.034,716385.6265972704,725084.75,720735.1882986352
2025,2025-03-18,770388.213,710904.188959642,740039.3125,725471.7507298209
2025,2025-03-19,732948.831,708747.8142180187,741688.375,725218.0946090093
2025,2025-03-20,748489.404,706196.7177587855,736064.875,721130.7963793927
2025,2025-03-21,741574.845,706109.2372685467,724164.375,715136.8061342733
2025,2025-03-22,655240.105,633613.1470243959,647417.5,640515.3235121979
2025,2025-03-23,623984.664,596189.7465370571,608981.5,602585.6232685286
2025,2025-03-24,731931.312,711300.1679893652,710764.6875,711032.4277446826
2025,2025-03-25,733633.334,713972.537526728,720501.625,717237.0812633641
2025,2025-03-26,717710.69,715524.9708516755,722213.4375,718869.2041758378
2025,2025-03-27,709253.992,691951.2883736348,719510.125,705730.7066868173
2025,2025-03-28,690335.115,667194.6438318025,703493.3125,685343.9781659013
2025,2025-03-29,611762.084,613365.2221416064,636877.1875,625121.2048208031
2025,2025-03-30,545041.522,574999.8571160343,591731.0,583365.4285580171
2025,2025-03-31,662374.383,656797.8728417328,684121.125,670459.4989208664
2025,2025-04-01,675970.718,696866.2567705176,705011.875,700939.0658852588
2025,2025-04-02,703596.661,693889.7629011333,703103.375,698496.5689505667
2025,2025-04-03,718753.316,696708.186123773,705729.0625,701218.6243118865
2025,2025-04-04,708149.497,685154.0315676912,689552.9375,687353.4845338457
2025,2025-04-05,613267.03,610680.7861739844,618353.0625,614516.9243369922
2025,2025-04-06,563258.408,564906.1206156025,570106.1875,567506.1540578012
2025,2025-04-07,658503.168,651218.4648215817,662434.8125,656826.6386607909
2025,2025-04-08,665345.094,664262.2243609767,683536.625,673899.4246804884
2025,2025-04-09,665082.802,655659.6279059643,686348.0625,671003.8452029822
2025,2025-04-10,669485.926,654909.548355223,681635.9375,668272.7429276116
2025,2025-04-11,681170.848,659352.432732692,669602.5,664477.466366346
2025,2025-04-12,615576.921,594579.9292622058,609146.3125,601863.120881103
2025,2025-04-13,566161.185,550599.6066389527,560168.0625,555383.8345694763
2025,2025-04-14,662868.148,646765.4111530931,665477.6875,656121.5493265465
2025,2025-04-15,681884.426,679578.0104066002,691181.0625,685379.5364533002
2025,2025-04-16,673293.59,688065.5313722828,695913.6875,691989.6094361413
2025,2025-04-17,592381.044,690222.3493935973,690967.625,690594.9871967987
2025,2025-04-18,552534.757,594978.7011396568,626511.625,610745.1630698284
2025,2025-04-19,567411.461,611032.8675916853,628356.125,619694.4962958426
2025,2025-04-20,545602.352,563081.7600649189,555493.125,559287.4425324595
2025,2025-04-21,595976.349,665644.646188649,669510.375,667577.5105943244
2025,2025-04-22,666864.958,677737.1344982777,684137.125,680937.1297491388
2025,2025-04-23,653356.505,678740.4517597732,682945.5,680842.9758798867
2025,2025-04-24,654811.42,686577.2152617711,685383.625,685980.4201308856
2025,2025-04-25,657751.21,665425.1045748875,674886.0,670155.5522874438
2025,2025-04-26,586878.013,600539.7542061514,597723.5,599131.6271030756
2025,2025-04-27,541776.286,562654.2381445229,548160.4375,555407.3378222615
2025,2025-04-28,403207.036,661467.1991432207,658733.0,660100.0995716103
2025,2025-04-29,589642.502,669612.8052476897,672167.8125,670890.3088738448
2025,2025-04-30,643781.367,639733.6963204517,681670.75,660702.2231602259
2025,2025-05-01,545263.484,586784.5367742884,635248.6875,611016.6121371442
2025,2025-05-02,591365.627,656645.2731384005,683361.875,670003.5740692003
2025,2025-05-03,560793.506,595209.9580434844,585960.3125,590585.1352717422
2025,2025-05-04,533549.476,555859.3932817787,554355.1875,555107.2903908894
2025,2025-05-05,648639.197,659566.9252294162,660779.0,660172.9626147081
2025,2025-05-06,657786.189,673419.7249248949,680824.9375,677122.3312124475
2025,2025-05-07,659535.192,677583.9658206496,688800.875,683192.4204103248
2025,2025-05-08,668893.553,673542.0778363206,692644.5,683093.2889181604
2025,2025-05-09,666485.073,668640.5726227203,678405.3125,673522.9425613601
2025,2025-05-10,590369.102,600553.208948843,605619.3125,603086.2607244215
2025,2025-05-11,545248.668,555926.7145968038,561732.1875,558829.4510484019
2025,2025-05-12,643297.354,655755.7905672899,665768.375,660762.082783645
2025,2025-05-13,660055.296,672063.4051130408,680918.25,676490.8275565205
2025,2025-05-14,672274.468,672895.2700958675,685349.5,679122.3850479338
2025,2025-05-15,658394.862,673078.7832944375,684990.625,679034.7041472187
2025,2025-05-16,648923.956,668624.6431868101,673890.125,671257.384093405
2025,2025-05-17,571024.884,599607.4578236513,601443.0,600525.2289118257
2025,2025-05-18,535072.434,552891.1877223572,560629.0,556760.0938611786
2025,2025-05-19,643248.447,649676.8910683889,657823.125,653750.0080341945
2025,2025-05-20,652858.323,673454.3583770945,670905.9375,672180.1479385472
2025,2025-05-21,664126.551,674279.500386842,676881.6875,675580.593943421
2025,2025-05-22,668934.761,676021.2832321236,678772.4375,677396.8603660618
2025,2025-05-23,662370.423,669052.9165635343,667601.75,668327.3332817671
2025,2025-05-24,576278.854,602229.1205063406,596784.3125,599506.7165031703
2025,2025-05-25,541833.367,556915.7603489426,548439.9375,552677.8489244713
2025,2025-05-26,656907.772,665277.7811105617,647881.75,656579.7655552808
2025,2025-05-27,673937.417,680643.096523201,671576.1875,676109.6420116005
2025,2025-05-28,690657.01,701304.7652796704,692096.25,696700.5076398351
2025,2025-05-29,705618.351,711616.1304926709,708618.625,710117.3777463355
2025,2025-05-30,715806.08,710924.1531741292,711664.9375,711294.5453370647
2025,2025-05-31,642661.771,639228.150889359,649075.9375,644152.0441946795
2025,2025-06-01,601403.207,601230.2327230263,615396.8125,608313.5226115132
2025,2025-06-02,708803.44,694983.8900775326,689075.125,692029.5075387664
2025,2025-06-03,702262.944,700390.0166948591,694231.25,697310.6333474296
2025,2025-06-04,695659.883,707303.4423936507,700053.5,703678.4711968254
2025,2025-06-05,699779.839,724008.7695588929,699209.8125,711609.2910294465
2025,2025-06-06,702444.921,728087.3583059128,703800.875,715944.1166529565
2025,2025-06-07,629746.725,647090.1956598704,639743.3125,643416.7540799351
2025,2025-06-08,597725.404,602788.6585931607,606527.5625,604658.1105465803
2025,2025-06-09,710918.962,701495.0182067183,705300.125,703397.5716033592
2025,2025-06-10,754696.984,727977.7643279787,748947.625,738462.6946639894
2025,2025-06-11,752899.496,716357.0487245028,732179.4375,724268.2431122514
2025,2025-06-12,735130.474,703617.8738677871,715414.25,709516.0619338935
2025,2025-06-13,741270.425,717408.6356887914,717592.8125,717500.7240943958
2025,2025-06-14,662642.834,651914.8454082982,660692.0,656303.422704149
2025,2025-06-15,627012.243,612468.8389755227,628943.3125,620706.0757377613
2025,2025-06-16,755796.389,724427.119625613,735363.8125,729895.4660628065
2025,2025-06-17,789539.344,759982.767310854,778070.125,769026.446155427
2025,2025-06-18,798771.575,754236.2669596622,782382.25,768309.258479831
2025,2025-06-19,800371.54,748201.981461756,788491.75,768346.865730878
2025,2025-06-20,799043.803,750615.4724875409,791064.0625,770839.7674937705
2025,2025-06-21,716688.135,687861.5017083847,731415.125,709638.3133541923
2025,2025-06-22,668192.776,630654.7247338239,684267.8125,657461.268616912
2025,2025-06-23,768928.351,726380.0792083285,783162.875,754771.4771041642
2025,2025-06-24,756417.62,775702.4807116669,794731.8125,785217.1466058334
2025,2025-06-25,779196.977,755752.5551118305,780693.625,768223.0900559153
2025,2025-06-26,789344.14,761120.5977869196,788354.25,774737.4238934598
2025,2025-06-27,805524.442,771409.1047576695,791587.8125,781498.4586288347
2025,2025-06-28,735838.704,693646.2024694385,750523.25,722084.7262347193
2025,2025-06-29,706151.373,652775.7203217304,728875.3125,690825.5164108651
2025,2025-06-30,836439.201,753126.3824011296,828535.75,790831.0662005648
2025,2025-07-01,855802.483,777131.3359404827,833509.9375,805320.6367202413
2025,2025-07-02,859922.841,780655.5113783007,835659.25,808157.3806891504
2025,2025-07-03,856473.621,788644.5239618366,828167.6875,808406.1057309182
2025,2025-07-04,840845.187,783263.1963307125,806140.125,794701.6606653563
2025,2025-07-05,745107.989,699062.9556140257,734230.625,716646.7903070129
2025,2025-07-06,687730.918,638765.6806639364,679342.4375,659054.0590819682
2025,2025-07-07,801641.548,742544.6894991823,754909.25,748726.9697495911
2025,2025-07-08,793529.934,744132.7749947067,748841.8125,746487.2937473534
2025,2025-07-09,808754.42,783350.1924821892,782878.3125,783114.2524910946
2025,2025-07-10,803389.452,786583.5056817456,781783.875,784183.6903408729
2025,2025-07-11,786953.002,764532.6485174772,756695.125,760613.8867587387
2025,2025-07-12,670387.31,662529.6353042278,648534.1875,655531.911402114
2025,2025-07-13,613937.491,628924.6724706589,619123.125,624023.8987353295
2025,2025-07-14,761045.663,753545.8533469951,742821.5,748183.6766734975
2025,2025-07-15,795849.912,776950.0736387639,766737.5,771843.7868193819
2025,2025-07-16,815078.448,786063.6753927303,784878.625,785471.1501963651
2025,2025-07-17,838007.023,803306.4481553417,788069.5625,795688.0053276708
2025,2025-07-18,819513.995,789845.4925514344,775242.4375,782543.9650257172
2025,2025-07-19,710737.397,695492.0404150389,692189.625,693840.8327075194
2025,2025-07-20,658769.157,645398.0955999187,654039.8125,649718.9540499593
2025,2025-07-21,757112.828,737895.806694101,734671.1875,736283.4970970505
2025,2025-07-22,774126.042,770290.2685983839,754905.4375,762597.8530491919
2025,2025-07-23,788231.74,788464.6121844156,753323.0,770893.8060922078
2025,2025-07-24,748388.251,744887.8410028754,725137.625,735012.7330014377
2025,2025-07-25,690451.027,736957.4200053067,709463.125,723210.2725026533
2025,2025-07-26,643741.119,679178.1091722557,648878.6875,664028.3983361279
2025,2025-07-27,620654.224,641410.9737130059,628294.625,634852.799356503
2025,2025-07-28,735074.432,755309.0051019699,714000.8125,734654.908800985
2025,2025-07-29,729341.445,761019.2602736872,708271.0,734645.1301368435
2025,2025-07-30,736753.706,765612.5881807994,728548.3125,747080.4503403998
2025,2025-07-31,736861.508,787154.4591378194,741258.5625,764206.5108189096
2025,2025-08-01,738032.959,767716.4431479612,723428.125,745572.2840739805
2025,2025-08-02,669897.493,688155.7785050567,660729.0625,674442.4205025283
2025,2025-08-03,632149.078,651437.8874174148,635517.9375,643477.9124587073
2025,2025-08-04,736161.938,763991.2908690069,747008.0625,755499.6766845034
2025,2025-08-05,735478.609,784913.358051126,769745.0625,777329.210275563
2025,2025-08-06,738187.733,785745.5269546704,775072.5625,780409.0447273352
2025,2025-08-07,756224.724,786368.24259574,780683.5,783525.8712978701
2025,2025-08-08,754852.392,781009.3884363339,775264.8125,778137.1004681669
2025,2025-08-09,694991.226,722146.3460270055,723014.6875,722580.5167635027
2025,2025-08-10,664339.049,679848.4041685433,701785.3125,690816.8583342717
2025,2025-08-11,769184.367,772811.9138592888,798969.125,785890.5194296443
2025,2025-08-12,788507.462,779972.7700339606,815040.4375,797506.6037669803
2025,2025-08-13,783296.53,762201.631394024,821513.125,791857.378197012
2025,2025-08-14,767851.607,721716.7890158525,815715.375,768716.0820079262
2025,2025-08-15,694235.587,673554.5532509596,774944.125,724249.3391254798
2025,2025-08-16,711386.957,699551.7188120914,772934.0625,736242.8906560456
2025,2025-08-17,697739.998,663215.9878582148,711180.75,687198.3689291074
2025,2025-08-18,789797.366,757785.5523980423,801473.1875,779629.3699490211
2025,2025-08-19,764038.242,750030.7931459951,786130.8125,768080.8028229976
2025,2025-08-20,727302.506,729782.1499347308,765864.875,747823.5124673655
2025,2025-08-21,709967.667,725538.3787599644,745400.6875,735469.5331299822
2025,2025-08-22,699921.002,722408.8061363938,719568.75,720988.778068197
2025,2025-08-23,648399.471,669418.1025497933,653717.75,661567.9262748966
2025,2025-08-24,620629.644,638654.5852163527,623328.125,630991.3551081764
2025,2025-08-25,736788.448,737676.6713982107,733307.0,735491.8356991054
2025,2025-08-26,767732.905,767792.2534850106,767836.1875,767814.2204925052
2025,2025-08-27,775098.237,764928.8785756301,758421.75,761675.314287815
2025,2025-08-28,738249.775,739300.0532692289,726098.1875,732699.1203846144
2025,2025-08-29,707675.068,729495.5220588697,715154.5625,722325.0422794349
2025,2025-08-30,644586.186,672042.0181479176,650578.0625,661310.0403239587
2025,2025-08-31,612448.377,626300.3110825997,604671.6875,615485.9992912998
2025,2025-09-01,694089.649,708434.4462004028,685851.125,697142.7856002015
2025,2025-09-02,707902.838,718640.805356211,707796.375,713218.5901781055
2025,2025-09-03,723012.406,723904.5910935852,727054.1875,725479.3892967927
2025,2025-09-04,738710.824,730073.5810451052,733251.1875,731662.3842725526
2025,2025-09-05,731984.419,720789.9700549404,720893.625,720841.7975274702
2025,2025-09-06,660824.664,650563.5351317304,659543.25,655053.3925658652
2025,2025-09-07,636818.691,615000.3762905258,615808.9375,615404.6568952629
2025,2025-09-08,733515.375,709951.8140450604,701396.75,705674.2820225302
2025,2025-09-09,728201.825,714926.250401855,701206.4375,708066.3439509275
2025,2025-09-10,719712.346,711610.3094922582,711072.625,711341.4672461292
2025,2025-09-11,706372.633,727114.2725229358,717967.5625,722540.9175114678
2025,2025-09-12,717767.587,714110.824296313,708582.1875,711346.5058981564
2025,2025-09-13,647954.104,636768.2996652409,638501.8125,637635.0560826205
2025,2025-09-14,609034.799,601077.2755593619,606595.9375,603836.606529681
2025,2025-09-15,732596.126,716095.8746576394,715466.25,715781.0623288197
2025,2025-09-16,760997.274,740477.8057042864,731179.625,735828.7153521432
2025,2025-09-17,770717.862,742616.1415229543,739129.0625,740872.6020114771
2025,2025-09-18,775937.633,740910.6127527874,742550.5625,741730.5876263937
2025,2025-09-19,772904.075,734422.2093560334,735227.9375,734825.0734280166
2025,2025-09-20,681176.671,656102.2301750985,662422.875,659262.5525875492
2025,2025-09-21,618932.462,582187.4224286311,596572.1875,589379.8049643156
2025,2025-09-22,672340.723,678300.651511108,692203.75,685252.200755554
2025,2025-09-23,681459.84,689295.5365591034,705981.0625,697638.2995295518
2025,2025-09-24,678532.483,695205.986180827,709365.0,702285.4930904135
2025,2025-09-25,686554.906,705302.371419425,705052.875,705177.6232097126
2025,2025-09-26,677959.732,681245.2566110048,695297.1875,688271.2220555025
2025,2025-09-27,606269.866,605477.1032745163,618336.875,611906.9891372581
2025,2025-09-28,576712.041,554207.1676112646,577317.0625,565762.1150556323
2025,2025-09-29,667557.816,657288.3501842767,674567.75,665928.0500921384
2025,2025-09-30,723309.727,681343.6158084129,690005.875,685674.7454042064
2025,2025-10-01,681009.588,695935.2170726998,696007.3125,695971.2647863498
2025,2025-10-02,685852.105,696287.3094414616,694947.8125,695617.5609707308
2025,2025-10-03,690940.843,688288.8314925552,677883.9375,683086.3844962777
2025,2025-10-04,616041.663,619324.2203005267,607368.5625,613346.3914002634
2025,2025-10-05,571392.384,573854.8840572641,571934.25,572894.567028632
2025,2025-10-06,675818.609,685654.9088911911,673595.6875,679625.2981955956
2025,2025-10-07,684438.63,695784.7378473518,685398.4375,690591.587673676
2025,2025-10-08,693547.224,697356.7410178039,689756.375,693556.558008902
2025,2025-10-09,686617.038,689464.9634044981,690628.25,690046.606702249
2025,2025-10-10,673868.817,679186.5498009399,678717.5,678952.0249004699
2025,2025-10-11,596845.899,606669.3966717111,607190.0,606929.6983358555
2025,2025-10-12,556396.905,553040.6186537842,570799.25,561919.934326892
2025,2025-10-13,642757.0,660675.0638537584,673546.6875,667110.8756768792
2025,2025-10-14,684248.408,688926.906006984,685126.1875,687026.546753492
2025,2025-10-15,684880.144,688673.2148644471,692858.3125,690765.7636822236
2025,2025-10-16,692389.074,682910.6235129411,683909.9375,683410.2805064705
2025,2025-10-17,685129.648,668692.8131482123,673525.1875,671109.0003241061
2025,2025-10-18,598733.523,595224.150883604,602177.5,598700.8254418019
2025,2025-10-19,568967.866,550495.7627162436,569222.0,559858.8813581218
2025,2025-10-20,678055.657,652735.056849722,670379.125,661557.090924861
2025,2025-10-21,699792.792,672018.6522314457,683387.0625,677702.8573657228
2025,2025-10-22,701838.787,673440.5955880174,689469.5,681455.0477940086
2025,2025-10-23,697161.249,674177.2957871336,691009.5625,682593.4291435669
2025,2025-10-24,682287.305,669835.8070344535,678412.1875,674123.9972672267
2025,2025-10-25,611012.908,593729.8476090361,604862.875,599296.3613045181
2025,2025-10-26,596622.432,577386.0957977017,577219.375,577302.7353988509
2025,2025-10-27,664331.731,670767.0561030555,676908.5,673837.7780515277
2025,2025-10-28,685277.73,697722.9970611896,688215.3125,692969.1547805949
2025,2025-10-29,701261.002,693797.1508612883,694397.875,694097.5129306442
2025,2025-10-30,690241.726,685041.4689017102,696320.8125,690681.1407008551
2025,2025-10-31,682048.175,654922.8907663504,686530.125,670726.5078831753
2025,2025-11-01,592218.16,557433.3670192828,546951.6875,552192.5272596413
2025,2025-11-02,565102.7,562166.8702127282,571700.125,566933.4976063641
2025,2025-11-03,667465.389,661513.2350601748,666111.1875,663812.2112800875
2025,2025-11-04,692255.798,682671.8938161121,692917.1875,687794.540658056
2025,2025-11-05,710081.755,683684.672348007,694225.1875,688954.9299240035
2025,2025-11-06,707774.547,687292.6242120726,698917.3125,693104.9683560363
2025,2025-11-07,710010.435,690515.7386343881,682888.8125,686702.275567194
2025,2025-11-08,629295.303,608147.4927034598,615612.625,611880.0588517298
2025,2025-11-09,588460.828,582729.6361217058,589864.375,586297.0055608528
2025,2025-11-10,692492.149,684454.2896127511,687963.9375,686209.1135563755
2025,2025-11-11,716585.649,704985.8938848703,705178.9375,705082.4156924351
2025,2025-11-12,717439.4,717071.8156010471,710596.3125,713834.0640505236
2025,2025-11-13,736843.768,705757.7872191579,710446.75,708102.268609579
2025,2025-11-14,725427.537,697240.7649442926,697105.25,697173.0074721463
2025,2025-11-15,644784.497,623147.9081505246,625354.125,624251.0165752623
2025,2025-11-16,595975.014,580073.5899923785,589383.1875,584728.3887461892
2025,2025-11-17,708860.945,694772.1685453898,692849.25,693810.7092726949
2025,2025-11-18,728135.481,712239.3053981919,721212.25,716725.7776990959
2025,2025-11-19,747024.24,731789.7647112496,748073.0,739931.3823556248
2025,2025-11-20,765048.633,744817.270532486,752022.1875,748419.729016243
2025,2025-11-21,778694.38,744020.3799727284,743815.1875,743917.7837363642
2025,2025-11-22,701389.461,671998.9560406455,680208.1875,676103.5717703227
2025,2025-11-23,663179.63,620419.3012260449,637916.5625,629167.9318630225
2025,2025-11-24,777474.48,713249.9393539616,729403.1875,721326.5634269807
2025,2025-11-25,781772.966,737597.6270770078,749623.75,743610.6885385038
2025,2025-11-26,789853.38,750730.3258231534,761199.3125,755964.8191615767
2025,2025-11-27,798378.217,761642.5157750162,763085.875,762364.195387508
2025,2025-11-28,789168.18,748166.8454354528,752650.5,750408.6727177263
2025,2025-11-29,703816.13,675861.77555958,687114.625,681488.20027979
2025,2025-11-30,673953.514,630253.907860328,641047.75,635650.828930164
2025,2025-12-01,789066.537,744752.1986014306,748155.25,746453.7243007154
2025,2025-12-02,809822.821,757173.6859845553,761196.75,759185.2179922776
2025,2025-12-03,811028.566,777402.0547484938,760126.75,768764.4023742469
2025,2025-12-04,836398.776,756262.6808369613,757215.1875,756738.9341684806
2025,2025-12-05,802278.757,707586.9249393368,750752.25,729169.5874696684
2025,2025-12-06,678158.423,611680.6768899175,597659.375,604670.0259449587
2025,2025-12-07,629514.903,625291.2654156646,607738.4375,616514.8514578324
2025,2025-12-08,649618.368,672160.1987708745,662813.0,667486.5993854373
2025,2025-12-09,763644.913,763872.3644853183,745732.3125,754802.3384926592
2025,2025-12-10,792569.325,779695.1314375737,739759.4375,759727.2844687868
2025,2025-12-11,785807.398,782944.208509426,752947.6875,767945.948004713
2025,2025-12-12,785077.434,769735.069763492,739421.875,754578.4723817459
2025,2025-12-13,684962.919,689515.4525503715,648134.125,668824.7887751858
2025,2025-12-14,656653.19,652453.2988251732,616206.9375,634330.1181625866
2025,2025-12-15,770607.252,761401.8167111041,722248.75,741825.283355552
2025,2025-12-16,801065.078,777227.6192478776,746321.0,761774.3096239388
2025,2025-12-17,780541.299,766622.030684743,747493.6875,757057.8590923715
2025,2025-12-18,778194.582,761713.7304063225,752932.875,757323.3027031613
2025,2025-12-19,773959.293,746813.2166692925,714011.6875,730412.4520846463
2025,2025-12-20,690773.012,674270.014515343,640925.5,657597.7572576716
2025,2025-12-21,668189.045,639069.8480383577,621022.875,630046.3615191788
2025,2025-12-22,769646.169,737896.5697624641,733188.8125,735542.6911312321
2025,2025-12-23,776888.763,726568.8521191316,737121.4375,731845.1448095657
2025,2025-12-24,685228.032,675350.8487313226,749789.4375,712570.1431156613
2025,2025-12-25,609939.918,603884.6623234209,706974.0,655429.3311617104
2025,2025-12-26,683677.621,690411.0273350795,750519.5,720465.2636675397
2025,2025-12-27,677314.364,645070.672980978,656318.1875,650694.4302404891
2025,2025-12-28,639401.264,610371.5207092643,643209.0625,626790.2916046322
2025,2025-12-29,713389.21,689369.1769535375,738582.3125,713975.7447267687
2025,2025-12-30,721915.539,701655.6135759907,747816.1875,724735.9005379954
2025,2025-12-31,682120.965,681724.3756649407,761369.125,721546.7503324703
