fecha,temp_media_C,HDD18,CDD22
2015-01-01,5.354,12.646,0.0
2015-01-02,5.617,12.383,0.0
2015-01-03,6.714,11.286,0.0
2015-01-04,7.753,10.247,0.0
2015-01-05,6.961,11.039,0.0
2015-01-06,6.557,11.443,0.0
2015-01-07,5.931,12.069,0.0
2015-01-08,5.938,12.062,0.0
2015-01-09,7.13,10.87,0.0
2015-01-10,7.956,10.044,0.0
2015-01-11,7.793,10.207,0.0
2015-01-12,7.401,10.599,0.0
2015-01-13,8.466,9.534,0.0
2015-01-14,8.373,9.627,0.0
2015-01-15,8.603,9.397,0.0
2015-01-16,8.009,9.991,0.0
2015-01-17,5.496,12.504,0.0
2015-01-18,4.843,13.157,0.0
2015-01-19,5.701,12.299,0.0
2015-01-20,4.636,13.364,0.0
2015-01-21,4.743,13.257,0.0
2015-01-22,5.627,12.373,0.0
2015-01-23,5.641,12.359,0.0
2015-01-24,5.654,12.346,0.0
2015-01-25,7.463,10.537,0.0
2015-01-26,6.208,11.792,0.0
2015-01-27,7.079,10.921,0.0
2015-01-28,7.601,10.399,0.0
2015-01-29,8.854,9.146,0.0
2015-01-30,11.991,6.009,0.0
2015-01-31,9.419,8.581,0.0
2015-02-01,6.011,11.989,0.0
2015-02-02,5.742,12.258,0.0
2015-02-03,7.056,10.944,0.0
2015-02-04,4.214,13.786,0.0
2015-02-05,3.956,14.044,0.0
2015-02-06,3.241,14.759,0.0
2015-02-07,3.443,14.557,0.0
2015-02-08,4.487,13.513,0.0
2015-02-09,5.36,12.64,0.0
2015-02-10,5.93,12.07,0.0
2015-02-11,6.395,11.605,0.0
2015-02-12,7.132,10.868,0.0
2015-02-13,8.33,9.67,0.0
2015-02-14,9.693,8.307,0.0
2015-02-15,10.505,7.495,0.0
2015-02-16,9.745,8.255,0.0
2015-02-17,8.662,9.338,0.0
2015-02-18,8.264,9.736,0.0
2015-02-19,7.995,10.005,0.0
2015-02-20,7.419,10.581,0.0
2015-02-21,8.241,9.759,0.0
2015-02-22,8.428,9.572,0.0
2015-02-23,10.213,7.787,0.0
2015-02-24,8.635,9.365,0.0
2015-02-25,9.531,8.469,0.0
2015-02-26,11.595,6.405,0.0
2015-02-27,10.645,7.355,0.0
2015-02-28,9.784,8.216,0.0
2015-03-01,12.606,5.394,0.0
2015-03-02,14.503,3.497,0.0
2015-03-03,13.212,4.788,0.0
2015-03-04,11.163,6.837,0.0
2015-03-05,9.14,8.86,0.0
2015-03-06,9.578,8.422,0.0
2015-03-07,11.471,6.529,0.0
2015-03-08,11.531,6.469,0.0
2015-03-09,11.516,6.484,0.0
2015-03-10,12.412,5.588,0.0
2015-03-11,13.503,4.497,0.0
2015-03-12,13.942,4.058,0.0
2015-03-13,11.812,6.188,0.0
2015-03-14,9.282,8.718,0.0
2015-03-15,8.094,9.906,0.0
2015-03-16,8.155,9.845,0.0
2015-03-17,9.112,8.888,0.0
2015-03-18,9.432,8.568,0.0
2015-03-19,10.983,7.017,0.0
2015-03-20,11.419,6.581,0.0
2015-03-21,10.411,7.589,0.0
2015-03-22,10.469,7.531,0.0
2015-03-23,9.735,8.265,0.0
2015-03-24,9.967,8.033,0.0
2015-03-25,8.298,9.702,0.0
2015-03-26,9.16,8.84,0.0
2015-03-27,13.336,4.664,0.0
2015-03-28,14.501,3.499,0.0
2015-03-29,14.767,3.233,0.0
2015-03-30,16.74,1.26,0.0
2015-03-31,16.369,1.631,0.0
2015-04-01,14.517,3.483,0.0
2015-04-02,13.875,4.125,0.0
2015-04-03,14.445,3.555,0.0
2015-04-04,13.847,4.153,0.0
2015-04-05,13.74,4.26,0.0
2015-04-06,13.429,4.571,0.0
2015-04-07,12.804,5.196,0.0
2015-04-08,11.8,6.2,0.0
2015-04-09,11.068,6.932,0.0
2015-04-10,12.068,5.932,0.0
2015-04-11,13.095,4.905,0.0
2015-04-12,14.257,3.743,0.0
2015-04-13,15.471,2.529,0.0
2015-04-14,16.396,1.604,0.0
2015-04-15,15.048,2.952,0.0
2015-04-16,14.648,3.352,0.0
2015-04-17,15.12,2.88,0.0
2015-04-18,14.426,3.574,0.0
2015-04-19,13.915,4.085,0.0
2015-04-20,14.435,3.565,0.0
2015-04-21,15.897,2.103,0.0
2015-04-22,15.522,2.478,0.0
2015-04-23,16.132,1.868,0.0
2015-04-24,16.736,1.264,0.0
2015-04-25,16.603,1.397,0.0
2015-04-26,15.189,2.811,0.0
2015-04-27,14.794,3.206,0.0
2015-04-28,14.416,3.584,0.0
2015-04-29,15.429,2.571,0.0
2015-04-30,16.46,1.54,0.0
2015-05-01,18.673,0.0,0.0
2015-05-02,20.512,0.0,0.0
2015-05-03,20.987,0.0,0.0
2015-05-04,20.64,0.0,0.0
2015-05-05,18.472,0.0,0.0
2015-05-06,17.075,0.925,0.0
2015-05-07,18.667,0.0,0.0
2015-05-08,19.57,0.0,0.0
2015-05-09,20.257,0.0,0.0
2015-05-10,22.007,0.0,0.007
2015-05-11,22.182,0.0,0.182
2015-05-12,22.784,0.0,0.784
2015-05-13,24.653,0.0,2.653
2015-05-14,24.734,0.0,2.734
2015-05-15,18.723,0.0,0.0
2015-05-16,18.694,0.0,0.0
2015-05-17,19.843,0.0,0.0
2015-05-18,21.066,0.0,0.0
2015-05-19,18.385,0.0,0.0
2015-05-20,15.798,2.202,0.0
2015-05-21,15.79,2.21,0.0
2015-05-22,16.114,1.886,0.0
2015-05-23,16.913,1.087,0.0
2015-05-24,17.602,0.398,0.0
2015-05-25,18.903,0.0,0.0
2015-05-26,19.118,0.0,0.0
2015-05-27,19.835,0.0,0.0
2015-05-28,21.145,0.0,0.0
2015-05-29,20.999,0.0,0.0
2015-05-30,20.609,0.0,0.0
2015-05-31,21.286,0.0,0.0
2015-06-01,21.994,0.0,0.0
2015-06-02,22.823,0.0,0.823
2015-06-03,23.865,0.0,1.865
2015-06-04,24.38,0.0,2.38
2015-06-05,23.835,0.0,1.835
2015-06-06,24.033,0.0,2.033
2015-06-07,24.714,0.0,2.714
2015-06-08,24.919,0.0,2.919
2015-06-09,24.197,0.0,2.197
2015-06-10,22.274,0.0,0.274
2015-06-11,20.788,0.0,0.0
2015-06-12,19.872,0.0,0.0
2015-06-13,19.057,0.0,0.0
2015-06-14,18.619,0.0,0.0
2015-06-15,17.667,0.333,0.0
2015-06-16,18.839,0.0,0.0
2015-06-17,20.163,0.0,0.0
2015-06-18,21.534,0.0,0.0
2015-06-19,22.706,0.0,0.706
2015-06-20,23.635,0.0,1.635
2015-06-21,24.847,0.0,2.847
2015-06-22,25.036,0.0,3.036
2015-06-23,23.963,0.0,1.963
2015-06-24,23.078,0.0,1.078
2015-06-25,24.059,0.0,2.059
2015-06-26,26.045,0.0,4.045
2015-06-27,27.277,0.0,5.277
2015-06-28,28.093,0.0,6.093
2015-06-29,28.534,0.0,6.534
2015-06-30,28.549,0.0,6.549
2015-07-01,27.438,0.0,5.438
2015-07-02,26.734,0.0,4.734
2015-07-03,27.58,0.0,5.58
2015-07-04,28.063,0.0,6.063
2015-07-05,28.694,0.0,6.694
2015-07-06,29.287,0.0,7.287
2015-07-07,29.876,0.0,7.876
2015-07-08,28.122,0.0,6.122
2015-07-09,27.086,0.0,5.086
2015-07-10,27.622,0.0,5.622
2015-07-11,27.003,0.0,5.003
2015-07-12,27.204,0.0,5.204
2015-07-13,27.781,0.0,5.781
2015-07-14,28.286,0.0,6.286
2015-07-15,28.526,0.0,6.526
2015-07-16,28.941,0.0,6.941
2015-07-17,27.789,0.0,5.789
2015-07-18,27.083,0.0,5.083
2015-07-19,27.258,0.0,5.258
2015-07-20,28.2,0.0,6.2
2015-07-21,28.779,0.0,6.779
2015-07-22,27.899,0.0,5.899
2015-07-23,27.843,0.0,5.843
2015-07-24,28.109,0.0,6.109
2015-07-25,26.093,0.0,4.093
2015-07-26,27.061,0.0,5.061
2015-07-27,27.704,0.0,5.704
2015-07-28,27.649,0.0,5.649
2015-07-29,27.655,0.0,5.655
2015-07-30,25.809,0.0,3.809
2015-07-31,24.038,0.0,2.038
2015-08-01,23.335,0.0,1.335
2015-08-02,25.558,0.0,3.558
2015-08-03,26.775,0.0,4.775
2015-08-04,26.357,0.0,4.357
2015-08-05,27.093,0.0,5.093
2015-08-06,27.688,0.0,5.688
2015-08-07,28.09,0.0,6.09
2015-08-08,26.467,0.0,4.467
2015-08-09,24.687,0.0,2.687
2015-08-10,26.041,0.0,4.041
2015-08-11,26.877,0.0,4.877
2015-08-12,26.951,0.0,4.951
2015-08-13,25.019,0.0,3.019
2015-08-14,22.767,0.0,0.767
2015-08-15,22.174,0.0,0.174
2015-08-16,22.804,0.0,0.804
2015-08-17,23.977,0.0,1.977
2015-08-18,23.623,0.0,1.623
2015-08-19,23.704,0.0,1.704
2015-08-20,25.423,0.0,3.423
2015-08-21,26.044,0.0,4.044
2015-08-22,24.54,0.0,2.54
2015-08-23,23.443,0.0,1.443
2015-08-24,22.413,0.0,0.413
2015-08-25,22.511,0.0,0.511
2015-08-26,24.124,0.0,2.124
2015-08-27,25.042,0.0,3.042
2015-08-28,25.523,0.0,3.523
2015-08-29,26.575,0.0,4.575
2015-08-30,26.49,0.0,4.49
2015-08-31,24.809,0.0,2.809
2015-09-01,23.137,0.0,1.137
2015-09-02,22.563,0.0,0.563
2015-09-03,21.586,0.0,0.0
2015-09-04,20.061,0.0,0.0
2015-09-05,19.564,0.0,0.0
2015-09-06,20.121,0.0,0.0
2015-09-07,20.405,0.0,0.0
2015-09-08,20.65,0.0,0.0
2015-09-09,21.213,0.0,0.0
2015-09-10,21.884,0.0,0.0
2015-09-11,22.397,0.0,0.397
2015-09-12,22.425,0.0,0.425
2015-09-13,21.615,0.0,0.0
2015-09-14,20.571,0.0,0.0
2015-09-15,19.264,0.0,0.0
2015-09-16,20.213,0.0,0.0
2015-09-17,18.701,0.0,0.0
2015-09-18,17.945,0.055,0.0
2015-09-19,18.884,0.0,0.0
2015-09-20,19.81,0.0,0.0
2015-09-21,20.874,0.0,0.0
2015-09-22,21.021,0.0,0.0
2015-09-23,19.625,0.0,0.0
2015-09-24,19.725,0.0,0.0
2015-09-25,20.834,0.0,0.0
2015-09-26,20.676,0.0,0.0
2015-09-27,20.102,0.0,0.0
2015-09-28,19.203,0.0,0.0
2015-09-29,18.118,0.0,0.0
2015-09-30,17.946,0.054,0.0
2015-10-01,18.628,0.0,0.0
2015-10-02,18.676,0.0,0.0
2015-10-03,18.874,0.0,0.0
2015-10-04,19.462,0.0,0.0
2015-10-05,21.255,0.0,0.0
2015-10-06,19.855,0.0,0.0
2015-10-07,17.455,0.545,0.0
2015-10-08,16.873,1.127,0.0
2015-10-09,16.74,1.26,0.0
2015-10-10,16.941,1.059,0.0
2015-10-11,17.968,0.032,0.0
2015-10-12,18.122,0.0,0.0
2015-10-13,15.943,2.057,0.0
2015-10-14,14.547,3.453,0.0
2015-10-15,13.858,4.142,0.0
2015-10-16,14.937,3.063,0.0
2015-10-17,16.268,1.732,0.0
2015-10-18,16.945,1.055,0.0
2015-10-19,16.949,1.051,0.0
2015-10-20,16.114,1.886,0.0
2015-10-21,14.21,3.79,0.0
2015-10-22,14.004,3.996,0.0
2015-10-23,15.167,2.833,0.0
2015-10-24,15.87,2.13,0.0
2015-10-25,16.02,1.98,0.0
2015-10-26,15.426,2.574,0.0
2015-10-27,15.451,2.549,0.0
2015-10-28,14.216,3.784,0.0
2015-10-29,15.141,2.859,0.0
2015-10-30,15.68,2.32,0.0
2015-10-31,16.023,1.977,0.0
2015-11-01,16.033,1.967,0.0
2015-11-02,14.406,3.594,0.0
2015-11-03,13.741,4.259,0.0
2015-11-04,14.496,3.504,0.0
2015-11-05,15.827,2.173,0.0
2015-11-06,16.161,1.839,0.0
2015-11-07,15.787,2.213,0.0
2015-11-08,15.841,2.159,0.0
2015-11-09,15.227,2.773,0.0
2015-11-10,14.677,3.323,0.0
2015-11-11,13.928,4.072,0.0
2015-11-12,13.606,4.394,0.0
2015-11-13,13.376,4.624,0.0
2015-11-14,13.419,4.581,0.0
2015-11-15,12.766,5.234,0.0
2015-11-16,12.518,5.482,0.0
2015-11-17,12.071,5.929,0.0
2015-11-18,12.13,5.87,0.0
2015-11-19,13.128,4.872,0.0
2015-11-20,13.741,4.259,0.0
2015-11-21,12.358,5.642,0.0
2015-11-22,8.245,9.755,0.0
2015-11-23,6.835,11.165,0.0
2015-11-24,7.103,10.897,0.0
2015-11-25,10.377,7.623,0.0
2015-11-26,11.408,6.592,0.0
2015-11-27,11.469,6.531,0.0
2015-11-28,10.411,7.589,0.0
2015-11-29,9.163,8.837,0.0
2015-11-30,8.672,9.328,0.0
2015-12-01,7.998,10.002,0.0
2015-12-02,8.747,9.253,0.0
2015-12-03,9.321,8.679,0.0
2015-12-04,10.061,7.939,0.0
2015-12-05,10.599,7.401,0.0
2015-12-06,10.415,7.585,0.0
2015-12-07,10.315,7.685,0.0
2015-12-08,11.029,6.971,0.0
2015-12-09,10.755,7.245,0.0
2015-12-10,10.245,7.755,0.0
2015-12-11,10.143,7.857,0.0
2015-12-12,9.682,8.318,0.0
2015-12-13,9.22,8.78,0.0
2015-12-14,10.591,7.409,0.0
2015-12-15,11.642,6.358,0.0
2015-12-16,11.653,6.347,0.0
2015-12-17,11.063,6.937,0.0
2015-12-18,11.136,6.864,0.0
2015-12-19,10.872,7.128,0.0
2015-12-20,10.437,7.563,0.0
2015-12-21,10.344,7.656,0.0
2015-12-22,9.341,8.659,0.0
2015-12-23,9.444,8.556,0.0
2015-12-24,9.801,8.199,0.0
2015-12-25,8.616,9.384,0.0
2015-12-26,8.729,9.271,0.0
2015-12-27,9.09,8.91,0.0
2015-12-28,10.617,7.383,0.0
2015-12-29,11.056,6.944,0.0
2015-12-30,9.615,8.385,0.0
2015-12-31,11.033,6.967,0.0
2016-01-01,11.087,6.913,0.0
2016-01-02,10.889,7.111,0.0
2016-01-03,9.56,8.44,0.0
2016-01-04,12.827,5.173,0.0
2016-01-05,9.015,8.985,0.0
2016-01-06,7.448,10.552,0.0
2016-01-07,12.52,5.48,0.0
2016-01-08,13.38,4.62,0.0
2016-01-09,12.201,5.799,0.0
2016-01-10,12.198,5.802,0.0
2016-01-11,12.245,5.755,0.0
2016-01-12,8.671,9.329,0.0
2016-01-13,7.656,10.344,0.0
2016-01-14,8.657,9.343,0.0
2016-01-15,8.694,9.306,0.0
2016-01-16,6.014,11.986,0.0
2016-01-17,5.154,12.846,0.0
2016-01-18,7.183,10.817,0.0
2016-01-19,6.819,11.181,0.0
2016-01-20,7.503,10.497,0.0
2016-01-21,8.414,9.586,0.0
2016-01-22,9.797,8.203,0.0
2016-01-23,10.973,7.027,0.0
2016-01-24,10.964,7.036,0.0
2016-01-25,11.219,6.781,0.0
2016-01-26,10.079,7.921,0.0
2016-01-27,9.699,8.301,0.0
2016-01-28,9.399,8.601,0.0
2016-01-29,9.575,8.425,0.0
2016-01-30,9.298,8.702,0.0
2016-01-31,10.602,7.398,0.0
2016-02-01,11.334,6.666,0.0
2016-02-02,10.417,7.583,0.0
2016-02-03,10.157,7.843,0.0
2016-02-04,8.152,9.848,0.0
2016-02-05,8.129,9.871,0.0
2016-02-06,9.31,8.69,0.0
2016-02-07,10.229,7.771,0.0
2016-02-08,10.24,7.76,0.0
2016-02-09,11.903,6.097,0.0
2016-02-10,12.314,5.686,0.0
2016-02-11,12.652,5.348,0.0
2016-02-12,12.54,5.46,0.0
2016-02-13,14.264,3.736,0.0
2016-02-14,10.783,7.217,0.0
2016-02-15,7.764,10.236,0.0
2016-02-16,5.84,12.16,0.0
2016-02-17,4.93,13.07,0.0
2016-02-18,6.86,11.14,0.0
2016-02-19,7.064,10.936,0.0
2016-02-20,8.003,9.997,0.0
2016-02-21,8.96,9.04,0.0
2016-02-22,10.372,7.628,0.0
2016-02-23,10.584,7.416,0.0
2016-02-24,10.088,7.912,0.0
2016-02-25,10.451,7.549,0.0
2016-02-26,8.336,9.664,0.0
2016-02-27,6.735,11.265,0.0
2016-02-28,8.022,9.978,0.0
2016-02-29,8.794,9.206,0.0
2016-03-01,9.049,8.951,0.0
2016-03-02,11.221,6.779,0.0
2016-03-03,10.732,7.268,0.0
2016-03-04,10.418,7.582,0.0
2016-03-05,8.844,9.156,0.0
2016-03-06,7.782,10.218,0.0
2016-03-07,7.538,10.462,0.0
2016-03-08,7.82,10.18,0.0
2016-03-09,8.239,9.761,0.0
2016-03-10,8.232,9.768,0.0
2016-03-11,8.413,9.587,0.0
2016-03-12,8.155,9.845,0.0
2016-03-13,8.561,9.439,0.0
2016-03-14,8.729,9.271,0.0
2016-03-15,9.023,8.977,0.0
2016-03-16,9.596,8.404,0.0
2016-03-17,9.507,8.493,0.0
2016-03-18,9.804,8.196,0.0
2016-03-19,10.461,7.539,0.0
2016-03-20,10.196,7.804,0.0
2016-03-21,9.824,8.176,0.0
2016-03-22,10.639,7.361,0.0
2016-03-23,10.149,7.851,0.0
2016-03-24,10.89,7.11,0.0
2016-03-25,11.893,6.107,0.0
2016-03-26,13.046,4.954,0.0
2016-03-27,12.992,5.008,0.0
2016-03-28,12.484,5.516,0.0
2016-03-29,14.196,3.804,0.0
2016-03-30,13.895,4.105,0.0
2016-03-31,11.74,6.26,0.0
2016-04-01,10.069,7.931,0.0
2016-04-02,10.776,7.224,0.0
2016-04-03,11.706,6.294,0.0
2016-04-04,11.012,6.988,0.0
2016-04-05,11.559,6.441,0.0
2016-04-06,12.287,5.713,0.0
2016-04-07,12.489,5.511,0.0
2016-04-08,10.713,7.287,0.0
2016-04-09,11.534,6.466,0.0
2016-04-10,11.645,6.355,0.0
2016-04-11,11.339,6.661,0.0
2016-04-12,12.134,5.866,0.0
2016-04-13,12.858,5.142,0.0
2016-04-14,13.893,4.107,0.0
2016-04-15,14.398,3.602,0.0
2016-04-16,14.957,3.043,0.0
2016-04-17,14.66,3.34,0.0
2016-04-18,14.25,3.75,0.0
2016-04-19,14.063,3.937,0.0
2016-04-20,13.426,4.574,0.0
2016-04-21,13.507,4.493,0.0
2016-04-22,14.131,3.869,0.0
2016-04-23,14.061,3.939,0.0
2016-04-24,13.66,4.34,0.0
2016-04-25,13.118,4.882,0.0
2016-04-26,14.187,3.813,0.0
2016-04-27,14.586,3.414,0.0
2016-04-28,13.304,4.696,0.0
2016-04-29,13.476,4.524,0.0
2016-04-30,13.704,4.296,0.0
2016-05-01,12.645,5.355,0.0
2016-05-02,13.94,4.06,0.0
2016-05-03,16.046,1.954,0.0
2016-05-04,17.083,0.917,0.0
2016-05-05,16.182,1.818,0.0
2016-05-06,14.988,3.012,0.0
2016-05-07,14.931,3.069,0.0
2016-05-08,14.283,3.717,0.0
2016-05-09,14.177,3.823,0.0
2016-05-10,13.406,4.594,0.0
2016-05-11,13.431,4.569,0.0
2016-05-12,13.777,4.223,0.0
2016-05-13,13.92,4.08,0.0
2016-05-14,15.35,2.65,0.0
2016-05-15,16.175,1.825,0.0
2016-05-16,16.32,1.68,0.0
2016-05-17,16.838,1.162,0.0
2016-05-18,17.995,0.005,0.0
2016-05-19,17.986,0.014,0.0
2016-05-20,19.128,0.0,0.0
2016-05-21,19.429,0.0,0.0
2016-05-22,18.639,0.0,0.0
2016-05-23,16.469,1.531,0.0
2016-05-24,17.824,0.176,0.0
2016-05-25,18.195,0.0,0.0
2016-05-26,18.733,0.0,0.0
2016-05-27,19.29,0.0,0.0
2016-05-28,18.32,0.0,0.0
2016-05-29,17.747,0.253,0.0
2016-05-30,17.656,0.344,0.0
2016-05-31,18.007,0.0,0.0
2016-06-01,18.909,0.0,0.0
2016-06-02,19.917,0.0,0.0
2016-06-03,21.043,0.0,0.0
2016-06-04,20.862,0.0,0.0
2016-06-05,21.363,0.0,0.0
2016-06-06,22.064,0.0,0.064
2016-06-07,23.171,0.0,1.171
2016-06-08,24.421,0.0,2.421
2016-06-09,25.256,0.0,3.256
2016-06-10,24.033,0.0,2.033
2016-06-11,22.76,0.0,0.76
2016-06-12,23.249,0.0,1.249
2016-06-13,24.402,0.0,2.402
2016-06-14,22.555,0.0,0.555
2016-06-15,20.236,0.0,0.0
2016-06-16,18.427,0.0,0.0
2016-06-17,18.742,0.0,0.0
2016-06-18,18.978,0.0,0.0
2016-06-19,19.599,0.0,0.0
2016-06-20,21.939,0.0,0.0
2016-06-21,24.392,0.0,2.392
2016-06-22,25.314,0.0,3.314
2016-06-23,24.79,0.0,2.79
2016-06-24,24.663,0.0,2.663
2016-06-25,23.875,0.0,1.875
2016-06-26,22.78,0.0,0.78
2016-06-27,23.712,0.0,1.712
2016-06-28,25.379,0.0,3.379
2016-06-29,25.373,0.0,3.373
2016-06-30,25.202,0.0,3.202
2016-07-01,25.702,0.0,3.702
2016-07-02,25.663,0.0,3.663
2016-07-03,25.843,0.0,3.843
2016-07-04,25.891,0.0,3.891
2016-07-05,25.626,0.0,3.626
2016-07-06,26.112,0.0,4.112
2016-07-07,26.315,0.0,4.315
2016-07-08,26.769,0.0,4.769
2016-07-09,27.73,0.0,5.73
2016-07-10,28.595,0.0,6.595
2016-07-11,28.014,0.0,6.014
2016-07-12,25.844,0.0,3.844
2016-07-13,23.251,0.0,1.251
2016-07-14,22.281,0.0,0.281
2016-07-15,22.879,0.0,0.879
2016-07-16,24.744,0.0,2.744
2016-07-17,26.318,0.0,4.318
2016-07-18,27.05,0.0,5.05
2016-07-19,27.569,0.0,5.569
2016-07-20,27.842,0.0,5.842
2016-07-21,27.02,0.0,5.02
2016-07-22,25.912,0.0,3.912
2016-07-23,24.62,0.0,2.62
2016-07-24,25.256,0.0,3.256
2016-07-25,26.696,0.0,4.696
2016-07-26,27.447,0.0,5.447
2016-07-27,27.301,0.0,5.301
2016-07-28,27.372,0.0,5.372
2016-07-29,27.887,0.0,5.887
2016-07-30,27.56,0.0,5.56
2016-07-31,26.426,0.0,4.426
2016-08-01,26.013,0.0,4.013
2016-08-02,26.702,0.0,4.702
2016-08-03,27.399,0.0,5.399
2016-08-04,27.636,0.0,5.636
2016-08-05,26.017,0.0,4.017
2016-08-06,25.723,0.0,3.723
2016-08-07,26.4,0.0,4.4
2016-08-08,27.134,0.0,5.134
2016-08-09,26.094,0.0,4.094
2016-08-10,22.833,0.0,0.833
2016-08-11,23.01,0.0,1.01
2016-08-12,24.139,0.0,2.139
2016-08-13,25.335,0.0,3.335
2016-08-14,25.803,0.0,3.803
2016-08-15,25.868,0.0,3.868
2016-08-16,26.18,0.0,4.18
2016-08-17,26.153,0.0,4.153
2016-08-18,26.177,0.0,4.177
2016-08-19,26.697,0.0,4.697
2016-08-20,26.047,0.0,4.047
2016-08-21,24.747,0.0,2.747
2016-08-22,26.074,0.0,4.074
2016-08-23,26.998,0.0,4.998
2016-08-24,26.723,0.0,4.723
2016-08-25,26.207,0.0,4.207
2016-08-26,25.893,0.0,3.893
2016-08-27,26.682,0.0,4.682
2016-08-28,26.943,0.0,4.943
2016-08-29,26.061,0.0,4.061
2016-08-30,24.367,0.0,2.367
2016-08-31,24.722,0.0,2.722
2016-09-01,25.5,0.0,3.5
2016-09-02,26.104,0.0,4.104
2016-09-03,27.144,0.0,5.144
2016-09-04,28.277,0.0,6.277
2016-09-05,28.86,0.0,6.86
2016-09-06,28.673,0.0,6.673
2016-09-07,27.815,0.0,5.815
2016-09-08,25.516,0.0,3.516
2016-09-09,24.752,0.0,2.752
2016-09-10,24.727,0.0,2.727
2016-09-11,25.238,0.0,3.238
2016-09-12,25.342,0.0,3.342
2016-09-13,22.284,0.0,0.284
2016-09-14,18.957,0.0,0.0
2016-09-15,17.98,0.02,0.0
2016-09-16,19.221,0.0,0.0
2016-09-17,19.19,0.0,0.0
2016-09-18,19.093,0.0,0.0
2016-09-19,19.469,0.0,0.0
2016-09-20,20.359,0.0,0.0
2016-09-21,20.704,0.0,0.0
2016-09-22,21.275,0.0,0.0
2016-09-23,20.931,0.0,0.0
2016-09-24,20.835,0.0,0.0
2016-09-25,20.752,0.0,0.0
2016-09-26,20.933,0.0,0.0
2016-09-27,21.582,0.0,0.0
2016-09-28,20.856,0.0,0.0
2016-09-29,20.349,0.0,0.0
2016-09-30,20.448,0.0,0.0
2016-10-01,20.764,0.0,0.0
2016-10-02,20.368,0.0,0.0
2016-10-03,20.846,0.0,0.0
2016-10-04,20.814,0.0,0.0
2016-10-05,20.734,0.0,0.0
2016-10-06,20.896,0.0,0.0
2016-10-07,19.762,0.0,0.0
2016-10-08,19.694,0.0,0.0
2016-10-09,18.748,0.0,0.0
2016-10-10,17.945,0.055,0.0
2016-10-11,17.286,0.714,0.0
2016-10-12,15.508,2.492,0.0
2016-10-13,15.385,2.615,0.0
2016-10-14,15.607,2.393,0.0
2016-10-15,15.521,2.479,0.0
2016-10-16,16.389,1.611,0.0
2016-10-17,17.056,0.944,0.0
2016-10-18,17.487,0.513,0.0
2016-10-19,17.251,0.749,0.0
2016-10-20,15.896,2.104,0.0
2016-10-21,15.283,2.717,0.0
2016-10-22,15.584,2.416,0.0
2016-10-23,16.5,1.5,0.0
2016-10-24,15.893,2.107,0.0
2016-10-25,17.552,0.448,0.0
2016-10-26,18.638,0.0,0.0
2016-10-27,18.479,0.0,0.0
2016-10-28,17.747,0.253,0.0
2016-10-29,16.926,1.074,0.0
2016-10-30,15.715,2.285,0.0
2016-10-31,15.075,2.925,0.0
2016-11-01,15.286,2.714,0.0
2016-11-02,15.515,2.485,0.0
2016-11-03,15.554,2.446,0.0
2016-11-04,15.004,2.996,0.0
2016-11-05,14.895,3.105,0.0
2016-11-06,11.327,6.673,0.0
2016-11-07,8.624,9.376,0.0
2016-11-08,8.724,9.276,0.0
2016-11-09,11.497,6.503,0.0
2016-11-10,11.341,6.659,0.0
2016-11-11,11.118,6.882,0.0
2016-11-12,11.317,6.683,0.0
2016-11-13,12.539,5.461,0.0
2016-11-14,11.463,6.537,0.0
2016-11-15,10.576,7.424,0.0
2016-11-16,10.381,7.619,0.0
2016-11-17,11.029,6.971,0.0
2016-11-18,11.794,6.206,0.0
2016-11-19,10.95,7.05,0.0
2016-11-20,11.466,6.534,0.0
2016-11-21,13.332,4.668,0.0
2016-11-22,10.433,7.567,0.0
2016-11-23,9.868,8.132,0.0
2016-11-24,8.119,9.881,0.0
2016-11-25,7.584,10.416,0.0
2016-11-26,9.549,8.451,0.0
2016-11-27,10.86,7.14,0.0
2016-11-28,10.507,7.493,0.0
2016-11-29,10.308,7.692,0.0
2016-11-30,11.528,6.472,0.0
2016-12-01,10.659,7.341,0.0
2016-12-02,10.055,7.945,0.0
2016-12-03,9.674,8.326,0.0
2016-12-04,11.946,6.054,0.0
2016-12-05,12.742,5.258,0.0
2016-12-06,11.963,6.037,0.0
2016-12-07,10.019,7.981,0.0
2016-12-08,9.961,8.039,0.0
2016-12-09,10.235,7.765,0.0
2016-12-10,10.816,7.184,0.0
2016-12-11,9.465,8.535,0.0
2016-12-12,8.719,9.281,0.0
2016-12-13,8.097,9.903,0.0
2016-12-14,9.188,8.812,0.0
2016-12-15,9.403,8.597,0.0
2016-12-16,9.243,8.757,0.0
2016-12-17,10.328,7.672,0.0
2016-12-18,9.149,8.851,0.0
2016-12-19,8.136,9.864,0.0
2016-12-20,7.865,10.135,0.0
2016-12-21,8.324,9.676,0.0
2016-12-22,8.617,9.383,0.0
2016-12-23,8.708,9.292,0.0
2016-12-24,8.557,9.443,0.0
2016-12-25,8.322,9.678,0.0
2016-12-26,8.459,9.541,0.0
2016-12-27,8.149,9.851,0.0
2016-12-28,8.377,9.623,0.0
2016-12-29,7.863,10.137,0.0
2016-12-30,6.401,11.599,0.0
2016-12-31,5.792,12.208,0.0
2017-01-01,3.939,14.061,0.0
2017-01-02,4.995,13.005,0.0
2017-01-03,6.573,11.427,0.0
2017-01-04,8.114,9.886,0.0
2017-01-05,7.487,10.513,0.0
2017-01-06,6.056,11.944,0.0
2017-01-07,5.201,12.799,0.0
2017-01-08,5.222,12.778,0.0
2017-01-09,5.88,12.12,0.0
2017-01-10,7.543,10.457,0.0
2017-01-11,9.803,8.197,0.0
2017-01-12,9.398,8.602,0.0
2017-01-13,9.065,8.935,0.0
2017-01-14,5.61,12.39,0.0
2017-01-15,6.218,11.782,0.0
2017-01-16,7.858,10.142,0.0
2017-01-17,6.802,11.198,0.0
2017-01-18,2.208,15.792,0.0
2017-01-19,3.515,14.485,0.0
2017-01-20,5.442,12.558,0.0
2017-01-21,6.932,11.068,0.0
2017-01-22,6.69,11.31,0.0
2017-01-23,7.073,10.927,0.0
2017-01-24,6.527,11.473,0.0
2017-01-25,5.437,12.563,0.0
2017-01-26,5.263,12.737,0.0
2017-01-27,7.976,10.024,0.0
2017-01-28,8.265,9.735,0.0
2017-01-29,8.11,9.89,0.0
2017-01-30,10.493,7.507,0.0
2017-01-31,10.053,7.947,0.0
2017-02-01,9.666,8.334,0.0
2017-02-02,10.151,7.849,0.0
2017-02-03,10.675,7.325,0.0
2017-02-04,12.431,5.569,0.0
2017-02-05,11.025,6.975,0.0
2017-02-06,10.558,7.442,0.0
2017-02-07,11.154,6.846,0.0
2017-02-08,8.551,9.449,0.0
2017-02-09,6.959,11.041,0.0
2017-02-10,6.752,11.248,0.0
2017-02-11,8.058,9.942,0.0
2017-02-12,10.555,7.445,0.0
2017-02-13,11.451,6.549,0.0
2017-02-14,9.769,8.231,0.0
2017-02-15,10.095,7.905,0.0
2017-02-16,10.055,7.945,0.0
2017-02-17,9.29,8.71,0.0
2017-02-18,8.816,9.184,0.0
2017-02-19,9.839,8.161,0.0
2017-02-20,9.591,8.409,0.0
2017-02-21,9.882,8.118,0.0
2017-02-22,10.69,7.31,0.0
2017-02-23,11.327,6.673,0.0
2017-02-24,11.504,6.496,0.0
2017-02-25,10.156,7.844,0.0
2017-02-26,9.873,8.127,0.0
2017-02-27,10.929,7.071,0.0
2017-02-28,11.347,6.653,0.0
2017-03-01,11.202,6.798,0.0
2017-03-02,11.214,6.786,0.0
2017-03-03,9.893,8.107,0.0
2017-03-04,8.145,9.855,0.0
2017-03-05,10.786,7.214,0.0
2017-03-06,14.133,3.867,0.0
2017-03-07,13.868,4.132,0.0
2017-03-08,13.943,4.057,0.0
2017-03-09,14.593,3.407,0.0
2017-03-10,15.871,2.129,0.0
2017-03-11,15.452,2.548,0.0
2017-03-12,13.544,4.456,0.0
2017-03-13,11.2,6.8,0.0
2017-03-14,13.103,4.897,0.0
2017-03-15,13.509,4.491,0.0
2017-03-16,12.887,5.113,0.0
2017-03-17,12.695,5.305,0.0
2017-03-18,12.956,5.044,0.0
2017-03-19,14.004,3.996,0.0
2017-03-20,14.998,3.002,0.0
2017-03-21,13.225,4.775,0.0
2017-03-22,10.76,7.24,0.0
2017-03-23,7.941,10.059,0.0
2017-03-24,7.576,10.424,0.0
2017-03-25,8.374,9.626,0.0
2017-03-26,10.662,7.338,0.0
2017-03-27,11.523,6.477,0.0
2017-03-28,12.34,5.66,0.0
2017-03-29,13.583,4.417,0.0
2017-03-30,14.437,3.563,0.0
2017-03-31,13.967,4.033,0.0
2017-04-01,12.969,5.031,0.0
2017-04-02,12.645,5.355,0.0
2017-04-03,13.305,4.695,0.0
2017-04-04,14.364,3.636,0.0
2017-04-05,13.853,4.147,0.0
2017-04-06,14.332,3.668,0.0
2017-04-07,14.907,3.093,0.0
2017-04-08,15.796,2.204,0.0
2017-04-09,16.038,1.962,0.0
2017-04-10,16.392,1.608,0.0
2017-04-11,17.074,0.926,0.0
2017-04-12,17.554,0.446,0.0
2017-04-13,18.323,0.0,0.0
2017-04-14,18.351,0.0,0.0
2017-04-15,17.929,0.071,0.0
2017-04-16,17.224,0.776,0.0
2017-04-17,18.124,0.0,0.0
2017-04-18,18.234,0.0,0.0
2017-04-19,16.159,1.841,0.0
2017-04-20,14.202,3.798,0.0
2017-04-21,14.004,3.996,0.0
2017-04-22,14.39,3.61,0.0
2017-04-23,16.429,1.571,0.0
2017-04-24,16.941,1.059,0.0
2017-04-25,16.755,1.245,0.0
2017-04-26,14.674,3.326,0.0
2017-04-27,11.332,6.668,0.0
2017-04-28,10.939,7.061,0.0
2017-04-29,12.32,5.68,0.0
2017-04-30,13.447,4.553,0.0
2017-05-01,12.803,5.197,0.0
2017-05-02,15.214,2.786,0.0
2017-05-03,16.921,1.079,0.0
2017-05-04,17.765,0.235,0.0
2017-05-05,17.344,0.656,0.0
2017-05-06,17.04,0.96,0.0
2017-05-07,17.832,0.168,0.0
2017-05-08,19.291,0.0,0.0
2017-05-09,18.965,0.0,0.0
2017-05-10,18.116,0.0,0.0
2017-05-11,16.551,1.449,0.0
2017-05-12,16.559,1.441,0.0
2017-05-13,17.607,0.393,0.0
2017-05-14,18.29,0.0,0.0
2017-05-15,19.749,0.0,0.0
2017-05-16,21.388,0.0,0.0
2017-05-17,20.927,0.0,0.0
2017-05-18,17.957,0.043,0.0
2017-05-19,16.557,1.443,0.0
2017-05-20,17.733,0.267,0.0
2017-05-21,19.744,0.0,0.0
2017-05-22,20.84,0.0,0.0
2017-05-23,22.141,0.0,0.141
2017-05-24,23.596,0.0,1.596
2017-05-25,24.274,0.0,2.274
2017-05-26,23.321,0.0,1.321
2017-05-27,22.965,0.0,0.965
2017-05-28,22.283,0.0,0.283
2017-05-29,20.921,0.0,0.0
2017-05-30,20.983,0.0,0.0
2017-05-31,21.628,0.0,0.0
2017-06-01,22.921,0.0,0.921
2017-06-02,23.61,0.0,1.61
2017-06-03,22.472,0.0,0.472
2017-06-04,19.973,0.0,0.0
2017-06-05,19.862,0.0,0.0
2017-06-06,21.428,0.0,0.0
2017-06-07,22.04,0.0,0.04
2017-06-08,23.759,0.0,1.759
2017-06-09,24.042,0.0,2.042
2017-06-10,25.019,0.0,3.019
2017-06-11,26.559,0.0,4.559
2017-06-12,26.944,0.0,4.944
2017-06-13,26.806,0.0,4.806
2017-06-14,27.524,0.0,5.524
2017-06-15,27.714,0.0,5.714
2017-06-16,27.708,0.0,5.708
2017-06-17,28.705,0.0,6.705
2017-06-18,28.683,0.0,6.683
2017-06-19,27.512,0.0,5.512
2017-06-20,26.697,0.0,4.697
2017-06-21,27.629,0.0,5.629
2017-06-22,27.872,0.0,5.872
2017-06-23,27.908,0.0,5.908
2017-06-24,27.437,0.0,5.437
2017-06-25,26.33,0.0,4.33
2017-06-26,24.721,0.0,2.721
2017-06-27,24.343,0.0,2.343
2017-06-28,23.061,0.0,1.061
2017-06-29,20.818,0.0,0.0
2017-06-30,19.469,0.0,0.0
2017-07-01,19.904,0.0,0.0
2017-07-02,21.707,0.0,0.0
2017-07-03,24.361,0.0,2.361
2017-07-04,25.918,0.0,3.918
2017-07-05,25.546,0.0,3.546
2017-07-06,23.972,0.0,1.972
2017-07-07,22.613,0.0,0.613
2017-07-08,23.152,0.0,1.152
2017-07-09,24.251,0.0,2.251
2017-07-10,24.471,0.0,2.471
2017-07-11,24.893,0.0,2.893
2017-07-12,26.924,0.0,4.924
2017-07-13,27.994,0.0,5.994
2017-07-14,27.302,0.0,5.302
2017-07-15,26.677,0.0,4.677
2017-07-16,27.476,0.0,5.476
2017-07-17,27.715,0.0,5.715
2017-07-18,27.747,0.0,5.747
2017-07-19,26.508,0.0,4.508
2017-07-20,25.56,0.0,3.56
2017-07-21,24.93,0.0,2.93
2017-07-22,25.359,0.0,3.359
2017-07-23,25.708,0.0,3.708
2017-07-24,25.8,0.0,3.8
2017-07-25,24.159,0.0,2.159
2017-07-26,24.667,0.0,2.667
2017-07-27,27.223,0.0,5.223
2017-07-28,27.86,0.0,5.86
2017-07-29,27.595,0.0,5.595
2017-07-30,27.778,0.0,5.778
2017-07-31,26.776,0.0,4.776
2017-08-01,26.358,0.0,4.358
2017-08-02,27.134,0.0,5.134
2017-08-03,28.367,0.0,6.367
2017-08-04,29.484,0.0,7.484
2017-08-05,29.247,0.0,7.247
2017-08-06,27.05,0.0,5.05
2017-08-07,27.338,0.0,5.338
2017-08-08,25.426,0.0,3.426
2017-08-09,22.689,0.0,0.689
2017-08-10,21.042,0.0,0.0
2017-08-11,22.076,0.0,0.076
2017-08-12,23.573,0.0,1.573
2017-08-13,24.889,0.0,2.889
2017-08-14,26.017,0.0,4.017
2017-08-15,26.326,0.0,4.326
2017-08-16,26.385,0.0,4.385
2017-08-17,27.178,0.0,5.178
2017-08-18,27.526,0.0,5.526
2017-08-19,26.309,0.0,4.309
2017-08-20,26.19,0.0,4.19
2017-08-21,27.003,0.0,5.003
2017-08-22,27.476,0.0,5.476
2017-08-23,27.075,0.0,5.075
2017-08-24,26.683,0.0,4.683
2017-08-25,26.469,0.0,4.469
2017-08-26,26.264,0.0,4.264
2017-08-27,24.908,0.0,2.908
2017-08-28,22.717,0.0,0.717
2017-08-29,22.038,0.0,0.038
2017-08-30,21.658,0.0,0.0
2017-08-31,21.628,0.0,0.0
2017-09-01,21.497,0.0,0.0
2017-09-02,20.714,0.0,0.0
2017-09-03,22.714,0.0,0.714
2017-09-04,23.43,0.0,1.43
2017-09-05,24.072,0.0,2.072
2017-09-06,24.243,0.0,2.243
2017-09-07,22.863,0.0,0.863
2017-09-08,22.759,0.0,0.759
2017-09-09,21.005,0.0,0.0
2017-09-10,19.336,0.0,0.0
2017-09-11,22.431,0.0,0.431
2017-09-12,22.095,0.0,0.095
2017-09-13,22.706,0.0,0.706
2017-09-14,22.857,0.0,0.857
2017-09-15,18.407,0.0,0.0
2017-09-16,16.837,1.163,0.0
2017-09-17,17.729,0.271,0.0
2017-09-18,19.021,0.0,0.0
2017-09-19,19.339,0.0,0.0
2017-09-20,19.792,0.0,0.0
2017-09-21,20.713,0.0,0.0
2017-09-22,20.6,0.0,0.0
2017-09-23,20.839,0.0,0.0
2017-09-24,21.928,0.0,0.0
2017-09-25,21.71,0.0,0.0
2017-09-26,20.319,0.0,0.0
2017-09-27,20.429,0.0,0.0
2017-09-28,21.233,0.0,0.0
2017-09-29,21.42,0.0,0.0
2017-09-30,21.353,0.0,0.0
2017-10-01,21.023,0.0,0.0
2017-10-02,21.751,0.0,0.0
2017-10-03,22.194,0.0,0.194
2017-10-04,22.037,0.0,0.037
2017-10-05,22.236,0.0,0.236
2017-10-06,21.362,0.0,0.0
2017-10-07,18.971,0.0,0.0
2017-10-08,19.247,0.0,0.0
2017-10-09,19.431,0.0,0.0
2017-10-10,19.386,0.0,0.0
2017-10-11,20.083,0.0,0.0
2017-10-12,20.239,0.0,0.0
2017-10-13,21.007,0.0,0.0
2017-10-14,21.005,0.0,0.0
2017-10-15,21.723,0.0,0.0
2017-10-16,20.49,0.0,0.0
2017-10-17,18.532,0.0,0.0
2017-10-18,16.35,1.65,0.0
2017-10-19,15.148,2.852,0.0
2017-10-20,17.243,0.757,0.0
2017-10-21,18.082,0.0,0.0
2017-10-22,16.012,1.988,0.0
2017-10-23,15.264,2.736,0.0
2017-10-24,16.71,1.29,0.0
2017-10-25,17.097,0.903,0.0
2017-10-26,17.411,0.589,0.0
2017-10-27,18.194,0.0,0.0
2017-10-28,17.043,0.957,0.0
2017-10-29,15.87,2.13,0.0
2017-10-30,15.502,2.498,0.0
2017-10-31,14.386,3.614,0.0
2017-11-01,15.295,2.705,0.0
2017-11-02,15.81,2.19,0.0
2017-11-03,15.527,2.473,0.0
2017-11-04,14.692,3.308,0.0
2017-11-05,13.849,4.151,0.0
2017-11-06,11.494,6.506,0.0
2017-11-07,10.194,7.806,0.0
2017-11-08,10.86,7.14,0.0
2017-11-09,9.847,8.153,0.0
2017-11-10,10.741,7.259,0.0
2017-11-11,12.261,5.739,0.0
2017-11-12,12.339,5.661,0.0
2017-11-13,11.599,6.401,0.0
2017-11-14,9.389,8.611,0.0
2017-11-15,9.157,8.843,0.0
2017-11-16,9.706,8.294,0.0
2017-11-17,10.686,7.314,0.0
2017-11-18,11.736,6.264,0.0
2017-11-19,10.714,7.286,0.0
2017-11-20,10.348,7.652,0.0
2017-11-21,10.366,7.634,0.0
2017-11-22,10.223,7.777,0.0
2017-11-23,12.557,5.443,0.0
2017-11-24,13.334,4.666,0.0
2017-11-25,12.776,5.224,0.0
2017-11-26,9.951,8.049,0.0
2017-11-27,7.961,10.039,0.0
2017-11-28,8.03,9.97,0.0
2017-11-29,8.962,9.038,0.0
2017-11-30,6.309,11.691,0.0
2017-12-01,5.757,12.243,0.0
2017-12-02,4.877,13.123,0.0
2017-12-03,4.902,13.098,0.0
2017-12-04,5.318,12.682,0.0
2017-12-05,5.188,12.812,0.0
2017-12-06,4.816,13.184,0.0
2017-12-07,5.481,12.519,0.0
2017-12-08,8.009,9.991,0.0
2017-12-09,9.98,8.02,0.0
2017-12-10,11.652,6.348,0.0
2017-12-11,10.427,7.573,0.0
2017-12-12,6.495,11.505,0.0
2017-12-13,6.605,11.395,0.0
2017-12-14,9.891,8.109,0.0
2017-12-15,10.527,7.473,0.0
2017-12-16,6.842,11.158,0.0
2017-12-17,6.099,11.901,0.0
2017-12-18,6.199,11.801,0.0
2017-12-19,8.424,9.576,0.0
2017-12-20,6.695,11.305,0.0
2017-12-21,8.072,9.928,0.0
2017-12-22,7.787,10.213,0.0
2017-12-23,8.505,9.495,0.0
2017-12-24,7.57,10.43,0.0
2017-12-25,6.589,11.411,0.0
2017-12-26,8.324,9.676,0.0
2017-12-27,9.721,8.279,0.0
2017-12-28,9.805,8.195,0.0
2017-12-29,11.185,6.815,0.0
2017-12-30,12.482,5.518,0.0
2017-12-31,10.828,7.172,0.0
2018-01-01,9.577,8.423,0.0
2018-01-02,11.066,6.934,0.0
2018-01-03,13.363,4.637,0.0
2018-01-04,13.472,4.528,0.0
2018-01-05,11.669,6.331,0.0
2018-01-06,7.329,10.671,0.0
2018-01-07,5.991,12.009,0.0
2018-01-08,5.181,12.819,0.0
2018-01-09,5.263,12.737,0.0
2018-01-10,7.947,10.053,0.0
2018-01-11,7.487,10.513,0.0
2018-01-12,6.853,11.147,0.0
2018-01-13,5.766,12.234,0.0
2018-01-14,6.643,11.357,0.0
2018-01-15,5.769,12.231,0.0
2018-01-16,9.18,8.82,0.0
2018-01-17,10.116,7.884,0.0
2018-01-18,8.411,9.589,0.0
2018-01-19,8.723,9.277,0.0
2018-01-20,9.895,8.105,0.0
2018-01-21,12.545,5.455,0.0
2018-01-22,11.135,6.865,0.0
2018-01-23,10.244,7.756,0.0
2018-01-24,9.209,8.791,0.0
2018-01-25,8.734,9.266,0.0
2018-01-26,7.684,10.316,0.0
2018-01-27,7.568,10.432,0.0
2018-01-28,8.622,9.378,0.0
2018-01-29,8.89,9.11,0.0
2018-01-30,7.974,10.026,0.0
2018-01-31,7.691,10.309,0.0
2018-02-01,7.337,10.663,0.0
2018-02-02,5.753,12.247,0.0
2018-02-03,6.167,11.833,0.0
2018-02-04,5.675,12.325,0.0
2018-02-05,5.399,12.601,0.0
2018-02-06,5.297,12.703,0.0
2018-02-07,3.962,14.038,0.0
2018-02-08,3.6,14.4,0.0
2018-02-09,4.024,13.976,0.0
2018-02-10,6.381,11.619,0.0
2018-02-11,8.844,9.156,0.0
2018-02-12,8.177,9.823,0.0
2018-02-13,5.708,12.292,0.0
2018-02-14,9.059,8.941,0.0
2018-02-15,10.787,7.213,0.0
2018-02-16,11.29,6.71,0.0
2018-02-17,10.557,7.443,0.0
2018-02-18,9.353,8.647,0.0
2018-02-19,9.992,8.008,0.0
2018-02-20,10.722,7.278,0.0
2018-02-21,9.145,8.855,0.0
2018-02-22,5.906,12.094,0.0
2018-02-23,5.319,12.681,0.0
2018-02-24,5.595,12.405,0.0
2018-02-25,7.44,10.56,0.0
2018-02-26,8.006,9.994,0.0
2018-02-27,5.031,12.969,0.0
2018-02-28,7.666,10.334,0.0
2018-03-01,10.762,7.238,0.0
2018-03-02,9.35,8.65,0.0
2018-03-03,11.165,6.835,0.0
2018-03-04,11.175,6.825,0.0
2018-03-05,9.586,8.414,0.0
2018-03-06,9.174,8.826,0.0
2018-03-07,8.444,9.556,0.0
2018-03-08,10.012,7.988,0.0
2018-03-09,12.344,5.656,0.0
2018-03-10,13.23,4.77,0.0
2018-03-11,11.17,6.83,0.0
2018-03-12,11.119,6.881,0.0
2018-03-13,11.412,6.588,0.0
2018-03-14,11.259,6.741,0.0
2018-03-15,11.329,6.671,0.0
2018-03-16,9.569,8.431,0.0
2018-03-17,8.027,9.973,0.0
2018-03-18,8.525,9.475,0.0
2018-03-19,7.616,10.384,0.0
2018-03-20,6.95,11.05,0.0
2018-03-21,6.933,11.067,0.0
2018-03-22,7.069,10.931,0.0
2018-03-23,9.477,8.523,0.0
2018-03-24,9.473,8.527,0.0
2018-03-25,9.485,8.515,0.0
2018-03-26,10.376,7.624,0.0
2018-03-27,12.531,5.469,0.0
2018-03-28,14.152,3.848,0.0
2018-03-29,12.627,5.373,0.0
2018-03-30,10.484,7.516,0.0
2018-03-31,10.099,7.901,0.0
2018-04-01,11.416,6.584,0.0
2018-04-02,12.666,5.334,0.0
2018-04-03,13.475,4.525,0.0
2018-04-04,13.162,4.838,0.0
2018-04-05,13.124,4.876,0.0
2018-04-06,13.455,4.545,0.0
2018-04-07,11.868,6.132,0.0
2018-04-08,11.764,6.236,0.0
2018-04-09,9.805,8.195,0.0
2018-04-10,9.022,8.978,0.0
2018-04-11,9.354,8.646,0.0
2018-04-12,10.431,7.569,0.0
2018-04-13,10.554,7.446,0.0
2018-04-14,12.031,5.969,0.0
2018-04-15,13.814,4.186,0.0
2018-04-16,13.335,4.665,0.0
2018-04-17,14.423,3.577,0.0
2018-04-18,16.366,1.634,0.0
2018-04-19,16.328,1.672,0.0
2018-04-20,15.934,2.066,0.0
2018-04-21,16.13,1.87,0.0
2018-04-22,16.89,1.11,0.0
2018-04-23,17.213,0.787,0.0
2018-04-24,18.063,0.0,0.0
2018-04-25,18.023,0.0,0.0
2018-04-26,17.43,0.57,0.0
2018-04-27,17.973,0.027,0.0
2018-04-28,15.365,2.635,0.0
2018-04-29,12.456,5.544,0.0
2018-04-30,11.161,6.839,0.0
2018-05-01,11.217,6.783,0.0
2018-05-02,12.958,5.042,0.0
2018-05-03,14.931,3.069,0.0
2018-05-04,14.515,3.485,0.0
2018-05-05,16.456,1.544,0.0
2018-05-06,17.942,0.058,0.0
2018-05-07,18.052,0.0,0.0
2018-05-08,18.413,0.0,0.0
2018-05-09,18.347,0.0,0.0
2018-05-10,17.807,0.193,0.0
2018-05-11,17.742,0.258,0.0
2018-05-12,16.796,1.204,0.0
2018-05-13,13.987,4.013,0.0
2018-05-14,14.88,3.12,0.0
2018-05-15,16.262,1.738,0.0
2018-05-16,17.463,0.537,0.0
2018-05-17,18.09,0.0,0.0
2018-05-18,17.398,0.602,0.0
2018-05-19,18.114,0.0,0.0
2018-05-20,17.575,0.425,0.0
2018-05-21,17.791,0.209,0.0
2018-05-22,18.71,0.0,0.0
2018-05-23,19.991,0.0,0.0
2018-05-24,19.911,0.0,0.0
2018-05-25,18.087,0.0,0.0
2018-05-26,18.169,0.0,0.0
2018-05-27,19.139,0.0,0.0
2018-05-28,18.064,0.0,0.0
2018-05-29,17.577,0.423,0.0
2018-05-30,17.342,0.658,0.0
2018-05-31,18.384,0.0,0.0
2018-06-01,18.885,0.0,0.0
2018-06-02,18.343,0.0,0.0
2018-06-03,18.629,0.0,0.0
2018-06-04,18.064,0.0,0.0
2018-06-05,17.725,0.275,0.0
2018-06-06,17.061,0.939,0.0
2018-06-07,18.108,0.0,0.0
2018-06-08,18.593,0.0,0.0
2018-06-09,18.416,0.0,0.0
2018-06-10,18.043,0.0,0.0
2018-06-11,18.887,0.0,0.0
2018-06-12,19.501,0.0,0.0
2018-06-13,20.495,0.0,0.0
2018-06-14,20.294,0.0,0.0
2018-06-15,21.739,0.0,0.0
2018-06-16,22.94,0.0,0.94
2018-06-17,23.087,0.0,1.087
2018-06-18,23.639,0.0,1.639
2018-06-19,23.967,0.0,1.967
2018-06-20,25.149,0.0,3.149
2018-06-21,25.551,0.0,3.551
2018-06-22,25.799,0.0,3.799
2018-06-23,25.857,0.0,3.857
2018-06-24,26.168,0.0,4.168
2018-06-25,25.827,0.0,3.827
2018-06-26,25.59,0.0,3.59
2018-06-27,25.132,0.0,3.132
2018-06-28,24.437,0.0,2.437
2018-06-29,24.364,0.0,2.364
2018-06-30,23.505,0.0,1.505
2018-07-01,23.274,0.0,1.274
2018-07-02,23.573,0.0,1.573
2018-07-03,24.309,0.0,2.309
2018-07-04,24.055,0.0,2.055
2018-07-05,23.946,0.0,1.946
2018-07-06,24.313,0.0,2.313
2018-07-07,25.424,0.0,3.424
2018-07-08,26.313,0.0,4.313
2018-07-09,26.877,0.0,4.877
2018-07-10,26.748,0.0,4.748
2018-07-11,25.897,0.0,3.897
2018-07-12,25.24,0.0,3.24
2018-07-13,25.7,0.0,3.7
2018-07-14,25.931,0.0,3.931
2018-07-15,25.074,0.0,3.074
2018-07-16,24.53,0.0,2.53
2018-07-17,25.292,0.0,3.292
2018-07-18,25.851,0.0,3.851
2018-07-19,25.507,0.0,3.507
2018-07-20,25.064,0.0,3.064
2018-07-21,24.177,0.0,2.177
2018-07-22,23.738,0.0,1.738
2018-07-23,25.65,0.0,3.65
2018-07-24,26.451,0.0,4.451
2018-07-25,26.423,0.0,4.423
2018-07-26,26.55,0.0,4.55
2018-07-27,26.218,0.0,4.218
2018-07-28,26.178,0.0,4.178
2018-07-29,26.137,0.0,4.137
2018-07-30,26.427,0.0,4.427
2018-07-31,26.907,0.0,4.907
2018-08-01,27.983,0.0,5.983
2018-08-02,29.328,0.0,7.328
2018-08-03,30.269,0.0,8.269
2018-08-04,29.964,0.0,7.964
2018-08-05,29.662,0.0,7.662
2018-08-06,29.552,0.0,7.552
2018-08-07,28.647,0.0,6.647
2018-08-08,26.418,0.0,4.418
2018-08-09,25.31,0.0,3.31
2018-08-10,24.147,0.0,2.147
2018-08-11,26.201,0.0,4.201
2018-08-12,27.073,0.0,5.073
2018-08-13,26.204,0.0,4.204
2018-08-14,25.345,0.0,3.345
2018-08-15,25.06,0.0,3.06
2018-08-16,25.487,0.0,3.487
2018-08-17,24.208,0.0,2.208
2018-08-18,23.5,0.0,1.5
2018-08-19,24.965,0.0,2.965
2018-08-20,25.678,0.0,3.678
2018-08-21,26.243,0.0,4.243
2018-08-22,26.42,0.0,4.42
2018-08-23,26.362,0.0,4.362
2018-08-24,25.58,0.0,3.58
2018-08-25,24.37,0.0,2.37
2018-08-26,24.291,0.0,2.291
2018-08-27,25.958,0.0,3.958
2018-08-28,26.35,0.0,4.35
2018-08-29,25.407,0.0,3.407
2018-08-30,24.767,0.0,2.767
2018-08-31,25.103,0.0,3.103
2018-09-01,25.5,0.0,3.5
2018-09-02,25.885,0.0,3.885
2018-09-03,25.094,0.0,3.094
2018-09-04,23.888,0.0,1.888
2018-09-05,22.902,0.0,0.902
2018-09-06,22.367,0.0,0.367
2018-09-07,22.482,0.0,0.482
2018-09-08,21.511,0.0,0.0
2018-09-09,21.622,0.0,0.0
2018-09-10,22.495,0.0,0.495
2018-09-11,22.969,0.0,0.969
2018-09-12,23.188,0.0,1.188
2018-09-13,24.144,0.0,2.144
2018-09-14,23.809,0.0,1.809
2018-09-15,23.111,0.0,1.111
2018-09-16,23.05,0.0,1.05
2018-09-17,23.569,0.0,1.569
2018-09-18,22.963,0.0,0.963
2018-09-19,23.563,0.0,1.563
2018-09-20,24.421,0.0,2.421
2018-09-21,24.28,0.0,2.28
2018-09-22,24.617,0.0,2.617
2018-09-23,25.058,0.0,3.058
2018-09-24,24.078,0.0,2.078
2018-09-25,22.051,0.0,0.051
2018-09-26,22.335,0.0,0.335
2018-09-27,21.524,0.0,0.0
2018-09-28,21.87,0.0,0.0
2018-09-29,21.53,0.0,0.0
2018-09-30,21.483,0.0,0.0
2018-10-01,19.982,0.0,0.0
2018-10-02,18.351,0.0,0.0
2018-10-03,19.675,0.0,0.0
2018-10-04,19.935,0.0,0.0
2018-10-05,19.975,0.0,0.0
2018-10-06,20.194,0.0,0.0
2018-10-07,17.659,0.341,0.0
2018-10-08,16.336,1.664,0.0
2018-10-09,16.137,1.863,0.0
2018-10-10,17.212,0.788,0.0
2018-10-11,18.44,0.0,0.0
2018-10-12,19.743,0.0,0.0
2018-10-13,20.154,0.0,0.0
2018-10-14,17.655,0.345,0.0
2018-10-15,15.086,2.914,0.0
2018-10-16,16.107,1.893,0.0
2018-10-17,16.34,1.66,0.0
2018-10-18,16.367,1.633,0.0
2018-10-19,16.801,1.199,0.0
2018-10-20,16.845,1.155,0.0
2018-10-21,17.593,0.407,0.0
2018-10-22,17.162,0.838,0.0
2018-10-23,16.209,1.791,0.0
2018-10-24,16.532,1.468,0.0
2018-10-25,15.916,2.084,0.0
2018-10-26,14.896,3.104,0.0
2018-10-27,12.798,5.202,0.0
2018-10-28,8.521,9.479,0.0
2018-10-29,8.535,9.465,0.0
2018-10-30,9.377,8.623,0.0
2018-10-31,10.28,7.72,0.0
2018-11-01,10.918,7.082,0.0
2018-11-02,12.851,5.149,0.0
2018-11-03,11.402,6.598,0.0
2018-11-04,11.493,6.507,0.0
2018-11-05,11.441,6.559,0.0
2018-11-06,10.699,7.301,0.0
2018-11-07,12.09,5.91,0.0
2018-11-08,11.482,6.518,0.0
2018-11-09,11.374,6.626,0.0
2018-11-10,13.144,4.856,0.0
2018-11-11,14.658,3.342,0.0
2018-11-12,13.246,4.754,0.0
2018-11-13,13.906,4.094,0.0
2018-11-14,13.983,4.017,0.0
2018-11-15,13.957,4.043,0.0
2018-11-16,13.65,4.35,0.0
2018-11-17,13.466,4.534,0.0
2018-11-18,11.949,6.051,0.0
2018-11-19,11.768,6.232,0.0
2018-11-20,10.793,7.207,0.0
2018-11-21,10.583,7.417,0.0
2018-11-22,9.926,8.074,0.0
2018-11-23,10.558,7.442,0.0
2018-11-24,8.769,9.231,0.0
2018-11-25,10.852,7.148,0.0
2018-11-26,10.415,7.585,0.0
2018-11-27,9.291,8.709,0.0
2018-11-28,8.673,9.327,0.0
2018-11-29,8.254,9.746,0.0
2018-11-30,9.954,8.046,0.0
2018-12-01,8.729,9.271,0.0
2018-12-02,10.16,7.84,0.0
2018-12-03,10.605,7.395,0.0
2018-12-04,11.431,6.569,0.0
2018-12-05,10.739,7.261,0.0
2018-12-06,10.655,7.345,0.0
2018-12-07,9.461,8.539,0.0
2018-12-08,10.547,7.453,0.0
2018-12-09,10.23,7.77,0.0
2018-12-10,9.831,8.169,0.0
2018-12-11,8.211,9.789,0.0
2018-12-12,8.952,9.048,0.0
2018-12-13,9.691,8.309,0.0
2018-12-14,9.013,8.987,0.0
2018-12-15,9.186,8.814,0.0
2018-12-16,10.723,7.277,0.0
2018-12-17,8.072,9.928,0.0
2018-12-18,6.968,11.032,0.0
2018-12-19,9.608,8.392,0.0
2018-12-20,9.147,8.853,0.0
2018-12-21,9.335,8.665,0.0
2018-12-22,9.676,8.324,0.0
2018-12-23,9.051,8.949,0.0
2018-12-24,8.392,9.608,0.0
2018-12-25,8.472,9.528,0.0
2018-12-26,7.837,10.163,0.0
2018-12-27,6.753,11.247,0.0
2018-12-28,7.423,10.577,0.0
2018-12-29,8.247,9.753,0.0
2018-12-30,7.624,10.376,0.0
2018-12-31,7.364,10.636,0.0
2019-01-01,6.761,11.239,0.0
2019-01-02,6.267,11.733,0.0
2019-01-03,5.895,12.105,0.0
2019-01-04,5.246,12.754,0.0
2019-01-05,5.391,12.609,0.0
2019-01-06,6.124,11.876,0.0
2019-01-07,5.979,12.021,0.0
2019-01-08,6.105,11.895,0.0
2019-01-09,7.311,10.689,0.0
2019-01-10,6.35,11.65,0.0
2019-01-11,4.219,13.781,0.0
2019-01-12,5.441,12.559,0.0
2019-01-13,6.143,11.857,0.0
2019-01-14,7.68,10.32,0.0
2019-01-15,7.117,10.883,0.0
2019-01-16,6.213,11.787,0.0
2019-01-17,6.469,11.531,0.0
2019-01-18,5.54,12.46,0.0
2019-01-19,5.653,12.347,0.0
2019-01-20,7.805,10.195,0.0
2019-01-21,6.228,11.772,0.0
2019-01-22,5.828,12.172,0.0
2019-01-23,9.269,8.731,0.0
2019-01-24,10.273,7.727,0.0
2019-01-25,10.289,7.711,0.0
2019-01-26,8.784,9.216,0.0
2019-01-27,9.041,8.959,0.0
2019-01-28,8.957,9.043,0.0
2019-01-29,8.536,9.464,0.0
2019-01-30,8.623,9.377,0.0
2019-01-31,11.273,6.727,0.0
2019-02-01,10.523,7.477,0.0
2019-02-02,7.154,10.846,0.0
2019-02-03,5.716,12.284,0.0
2019-02-04,5.844,12.156,0.0
2019-02-05,8.309,9.691,0.0
2019-02-06,9.156,8.844,0.0
2019-02-07,9.278,8.722,0.0
2019-02-08,8.923,9.077,0.0
2019-02-09,8.954,9.046,0.0
2019-02-10,10.202,7.798,0.0
2019-02-11,10.587,7.413,0.0
2019-02-12,8.848,9.152,0.0
2019-02-13,8.415,9.585,0.0
2019-02-14,8.819,9.181,0.0
2019-02-15,8.769,9.231,0.0
2019-02-16,9.57,8.43,0.0
2019-02-17,9.132,8.868,0.0
2019-02-18,9.436,8.564,0.0
2019-02-19,9.453,8.547,0.0
2019-02-20,9.536,8.464,0.0
2019-02-21,9.861,8.139,0.0
2019-02-22,11.221,6.779,0.0
2019-02-23,11.922,6.078,0.0
2019-02-24,12.042,5.958,0.0
2019-02-25,11.398,6.602,0.0
2019-02-26,12.249,5.751,0.0
2019-02-27,12.795,5.205,0.0
2019-02-28,12.568,5.432,0.0
2019-03-01,12.204,5.796,0.0
2019-03-02,13.067,4.933,0.0
2019-03-03,13.673,4.327,0.0
2019-03-04,13.901,4.099,0.0
2019-03-05,12.984,5.016,0.0
2019-03-06,12.409,5.591,0.0
2019-03-07,10.831,7.169,0.0
2019-03-08,10.957,7.043,0.0
2019-03-09,11.942,6.058,0.0
2019-03-10,13.701,4.299,0.0
2019-03-11,13.715,4.285,0.0
2019-03-12,13.029,4.971,0.0
2019-03-13,12.333,5.667,0.0
2019-03-14,11.295,6.705,0.0
2019-03-15,13.261,4.739,0.0
2019-03-16,14.191,3.809,0.0
2019-03-17,14.334,3.666,0.0
2019-03-18,11.409,6.591,0.0
2019-03-19,10.862,7.138,0.0
2019-03-20,10.136,7.864,0.0
2019-03-21,10.435,7.565,0.0
2019-03-22,11.795,6.205,0.0
2019-03-23,13.379,4.621,0.0
2019-03-24,14.389,3.611,0.0
2019-03-25,14.28,3.72,0.0
2019-03-26,13.275,4.725,0.0
2019-03-27,12.171,5.829,0.0
2019-03-28,12.21,5.79,0.0
2019-03-29,12.443,5.557,0.0
2019-03-30,12.536,5.464,0.0
2019-03-31,11.976,6.024,0.0
2019-04-01,12.817,5.183,0.0
2019-04-02,13.136,4.864,0.0
2019-04-03,12.418,5.582,0.0
2019-04-04,9.85,8.15,0.0
2019-04-05,9.565,8.435,0.0
2019-04-06,9.356,8.644,0.0
2019-04-07,10.214,7.786,0.0
2019-04-08,12.754,5.246,0.0
2019-04-09,11.296,6.704,0.0
2019-04-10,11.373,6.627,0.0
2019-04-11,11.608,6.392,0.0
2019-04-12,12.238,5.762,0.0
2019-04-13,13.293,4.707,0.0
2019-04-14,16.134,1.866,0.0
2019-04-15,16.175,1.825,0.0
2019-04-16,14.85,3.15,0.0
2019-04-17,15.291,2.709,0.0
2019-04-18,13.137,4.863,0.0
2019-04-19,13.094,4.906,0.0
2019-04-20,14.751,3.249,0.0
2019-04-21,13.08,4.92,0.0
2019-04-22,14.098,3.902,0.0
2019-04-23,12.741,5.259,0.0
2019-04-24,11.472,6.528,0.0
2019-04-25,13.052,4.948,0.0
2019-04-26,13.015,4.985,0.0
2019-04-27,13.842,4.158,0.0
2019-04-28,15.279,2.721,0.0
2019-04-29,16.149,1.851,0.0
2019-04-30,16.885,1.115,0.0
2019-05-01,17.192,0.808,0.0
2019-05-02,16.579,1.421,0.0
2019-05-03,14.707,3.293,0.0
2019-05-04,14.551,3.449,0.0
2019-05-05,15.143,2.857,0.0
2019-05-06,15.653,2.347,0.0
2019-05-07,16.966,1.034,0.0
2019-05-08,17.923,0.077,0.0
2019-05-09,17.536,0.464,0.0
2019-05-10,19.852,0.0,0.0
2019-05-11,19.213,0.0,0.0
2019-05-12,18.379,0.0,0.0
2019-05-13,19.13,0.0,0.0
2019-05-14,19.145,0.0,0.0
2019-05-15,20.689,0.0,0.0
2019-05-16,19.25,0.0,0.0
2019-05-17,15.43,2.57,0.0
2019-05-18,14.765,3.235,0.0
2019-05-19,14.99,3.01,0.0
2019-05-20,16.007,1.993,0.0
2019-05-21,17.686,0.314,0.0
2019-05-22,19.065,0.0,0.0
2019-05-23,20.188,0.0,0.0
2019-05-24,18.607,0.0,0.0
2019-05-25,18.039,0.0,0.0
2019-05-26,18.614,0.0,0.0
2019-05-27,19.637,0.0,0.0
2019-05-28,19.102,0.0,0.0
2019-05-29,18.51,0.0,0.0
2019-05-30,20.067,0.0,0.0
2019-05-31,21.919,0.0,0.0
2019-06-01,22.887,0.0,0.887
2019-06-02,23.396,0.0,1.396
2019-06-03,23.603,0.0,1.603
2019-06-04,22.023,0.0,0.023
2019-06-05,19.049,0.0,0.0
2019-06-06,18.387,0.0,0.0
2019-06-07,19.168,0.0,0.0
2019-06-08,19.604,0.0,0.0
2019-06-09,20.653,0.0,0.0
2019-06-10,20.221,0.0,0.0
2019-06-11,18.124,0.0,0.0
2019-06-12,17.487,0.513,0.0
2019-06-13,19.436,0.0,0.0
2019-06-14,20.059,0.0,0.0
2019-06-15,19.822,0.0,0.0
2019-06-16,20.911,0.0,0.0
2019-06-17,22.734,0.0,0.734
2019-06-18,23.234,0.0,1.234
2019-06-19,22.459,0.0,0.459
2019-06-20,22.284,0.0,0.284
2019-06-21,21.99,0.0,0.0
2019-06-22,22.949,0.0,0.949
2019-06-23,24.398,0.0,2.398
2019-06-24,24.082,0.0,2.082
2019-06-25,24.747,0.0,2.747
2019-06-26,26.513,0.0,4.513
2019-06-27,27.776,0.0,5.776
2019-06-28,29.004,0.0,7.004
2019-06-29,29.192,0.0,7.192
2019-06-30,28.091,0.0,6.091
2019-07-01,26.628,0.0,4.628
2019-07-02,25.819,0.0,3.819
2019-07-03,26.374,0.0,4.374
2019-07-04,26.333,0.0,4.333
2019-07-05,26.445,0.0,4.445
2019-07-06,26.774,0.0,4.774
2019-07-07,26.775,0.0,4.775
2019-07-08,24.918,0.0,2.918
2019-07-09,23.686,0.0,1.686
2019-07-10,24.906,0.0,2.906
2019-07-11,27.155,0.0,5.155
2019-07-12,28.199,0.0,6.199
2019-07-13,27.591,0.0,5.591
2019-07-14,26.078,0.0,4.078
2019-07-15,26.424,0.0,4.424
2019-07-16,26.146,0.0,4.146
2019-07-17,26.115,0.0,4.115
2019-07-18,26.1,0.0,4.1
2019-07-19,27.128,0.0,5.128
2019-07-20,28.147,0.0,6.147
2019-07-21,28.216,0.0,6.216
2019-07-22,28.781,0.0,6.781
2019-07-23,29.179,0.0,7.179
2019-07-24,28.954,0.0,6.954
2019-07-25,28.449,0.0,6.449
2019-07-26,26.675,0.0,4.675
2019-07-27,23.682,0.0,1.682
2019-07-28,23.289,0.0,1.289
2019-07-29,25.291,0.0,3.291
2019-07-30,24.529,0.0,2.529
2019-07-31,24.533,0.0,2.533
2019-08-01,25.852,0.0,3.852
2019-08-02,26.33,0.0,4.33
2019-08-03,26.687,0.0,4.687
2019-08-04,27.166,0.0,5.166
2019-08-05,27.272,0.0,5.272
2019-08-06,27.464,0.0,5.464
2019-08-07,26.447,0.0,4.447
2019-08-08,27.559,0.0,5.559
2019-08-09,27.825,0.0,5.825
2019-08-10,26.349,0.0,4.349
2019-08-11,25.476,0.0,3.476
2019-08-12,23.458,0.0,1.458
2019-08-13,23.15,0.0,1.15
2019-08-14,24.823,0.0,2.823
2019-08-15,26.102,0.0,4.102
2019-08-16,26.444,0.0,4.444
2019-08-17,27.53,0.0,5.53
2019-08-18,26.931,0.0,4.931
2019-08-19,25.532,0.0,3.532
2019-08-20,24.232,0.0,2.232
2019-08-21,23.696,0.0,1.696
2019-08-22,24.477,0.0,2.477
2019-08-23,25.186,0.0,3.186
2019-08-24,25.72,0.0,3.72
2019-08-25,25.989,0.0,3.989
2019-08-26,23.558,0.0,1.558
2019-08-27,22.775,0.0,0.775
2019-08-28,24.384,0.0,2.384
2019-08-29,25.853,0.0,3.853
2019-08-30,26.467,0.0,4.467
2019-08-31,26.19,0.0,4.19
2019-09-01,25.877,0.0,3.877
2019-09-02,23.817,0.0,1.817
2019-09-03,24.459,0.0,2.459
2019-09-04,24.727,0.0,2.727
2019-09-05,22.511,0.0,0.511
2019-09-06,20.998,0.0,0.0
2019-09-07,21.348,0.0,0.0
2019-09-08,21.84,0.0,0.0
2019-09-09,22.383,0.0,0.383
2019-09-10,19.559,0.0,0.0
2019-09-11,19.814,0.0,0.0
2019-09-12,21.198,0.0,0.0
2019-09-13,20.518,0.0,0.0
2019-09-14,20.601,0.0,0.0
2019-09-15,20.65,0.0,0.0
2019-09-16,21.331,0.0,0.0
2019-09-17,21.856,0.0,0.0
2019-09-18,21.612,0.0,0.0
2019-09-19,21.485,0.0,0.0
2019-09-20,20.997,0.0,0.0
2019-09-21,20.142,0.0,0.0
2019-09-22,20.74,0.0,0.0
2019-09-23,19.197,0.0,0.0
2019-09-24,20.737,0.0,0.0
2019-09-25,20.4,0.0,0.0
2019-09-26,20.588,0.0,0.0
2019-09-27,20.89,0.0,0.0
2019-09-28,20.77,0.0,0.0
2019-09-29,21.267,0.0,0.0
2019-09-30,21.328,0.0,0.0
2019-10-01,21.823,0.0,0.0
2019-10-02,20.115,0.0,0.0
2019-10-03,19.412,0.0,0.0
2019-10-04,19.97,0.0,0.0
2019-10-05,20.224,0.0,0.0
2019-10-06,20.072,0.0,0.0
2019-10-07,20.629,0.0,0.0
2019-10-08,21.308,0.0,0.0
2019-10-09,20.632,0.0,0.0
2019-10-10,19.621,0.0,0.0
2019-10-11,20.817,0.0,0.0
2019-10-12,21.587,0.0,0.0
2019-10-13,20.812,0.0,0.0
2019-10-14,18.667,0.0,0.0
2019-10-15,15.268,2.732,0.0
2019-10-16,15.651,2.349,0.0
2019-10-17,16.303,1.697,0.0
2019-10-18,17.846,0.154,0.0
2019-10-19,17.096,0.904,0.0
2019-10-20,14.74,3.26,0.0
2019-10-21,12.59,5.41,0.0
2019-10-22,12.471,5.529,0.0
2019-10-23,12.676,5.324,0.0
2019-10-24,13.639,4.361,0.0
2019-10-25,14.644,3.356,0.0
2019-10-26,15.46,2.54,0.0
2019-10-27,15.578,2.422,0.0
2019-10-28,16.079,1.921,0.0
2019-10-29,16.15,1.85,0.0
2019-10-30,16.872,1.128,0.0
2019-10-31,18.254,0.0,0.0
2019-11-01,18.277,0.0,0.0
2019-11-02,17.899,0.101,0.0
2019-11-03,16.496,1.504,0.0
2019-11-04,16.25,1.75,0.0
2019-11-05,13.39,4.61,0.0
2019-11-06,12.571,5.429,0.0
2019-11-07,12.526,5.474,0.0
2019-11-08,9.991,8.009,0.0
2019-11-09,10.367,7.633,0.0
2019-11-10,10.343,7.657,0.0
2019-11-11,10.442,7.558,0.0
2019-11-12,10.774,7.226,0.0
2019-11-13,12.441,5.559,0.0
2019-11-14,9.832,8.168,0.0
2019-11-15,7.942,10.058,0.0
2019-11-16,7.361,10.639,0.0
2019-11-17,8.156,9.844,0.0
2019-11-18,8.868,9.132,0.0
2019-11-19,7.31,10.69,0.0
2019-11-20,7.693,10.307,0.0
2019-11-21,9.13,8.87,0.0
2019-11-22,10.457,7.543,0.0
2019-11-23,11.086,6.914,0.0
2019-11-24,10.157,7.843,0.0
2019-11-25,12.725,5.275,0.0
2019-11-26,13.415,4.585,0.0
2019-11-27,13.456,4.544,0.0
2019-11-28,12.678,5.322,0.0
2019-11-29,13.667,4.333,0.0
2019-11-30,13.262,4.738,0.0
2019-12-01,10.845,7.155,0.0
2019-12-02,9.749,8.251,0.0
2019-12-03,8.513,9.487,0.0
2019-12-04,9.247,8.753,0.0
2019-12-05,10.259,7.741,0.0
2019-12-06,9.933,8.067,0.0
2019-12-07,8.616,9.384,0.0
2019-12-08,8.664,9.336,0.0
2019-12-09,10.479,7.521,0.0
2019-12-10,8.216,9.784,0.0
2019-12-11,8.28,9.72,0.0
2019-12-12,8.706,9.294,0.0
2019-12-13,13.269,4.731,0.0
2019-12-14,11.963,6.037,0.0
2019-12-15,11.222,6.778,0.0
2019-12-16,10.594,7.406,0.0
2019-12-17,10.824,7.176,0.0
2019-12-18,9.996,8.004,0.0
2019-12-19,11.213,6.787,0.0
2019-12-20,13.951,4.049,0.0
2019-12-21,14.677,3.323,0.0
2019-12-22,13.114,4.886,0.0
2019-12-23,11.072,6.928,0.0
2019-12-24,11.068,6.932,0.0
2019-12-25,10.537,7.463,0.0
2019-12-26,10.526,7.474,0.0
2019-12-27,8.595,9.405,0.0
2019-12-28,8.028,9.972,0.0
2019-12-29,7.435,10.565,0.0
2019-12-30,6.784,11.216,0.0
2019-12-31,6.599,11.401,0.0
2020-01-01,5.994,12.006,0.0
2020-01-02,5.587,12.413,0.0
2020-01-03,5.485,12.515,0.0
2020-01-04,7.32,10.68,0.0
2020-01-05,7.147,10.853,0.0
2020-01-06,6.015,11.985,0.0
2020-01-07,6.43,11.57,0.0
2020-01-08,7.354,10.646,0.0
2020-01-09,7.646,10.354,0.0
2020-01-10,8.547,9.453,0.0
2020-01-11,6.699,11.301,0.0
2020-01-12,5.12,12.88,0.0
2020-01-13,4.394,13.606,0.0
2020-01-14,5.648,12.352,0.0
2020-01-15,7.534,10.466,0.0
2020-01-16,9.027,8.973,0.0
2020-01-17,9.771,8.229,0.0
2020-01-18,8.661,9.339,0.0
2020-01-19,7.952,10.048,0.0
2020-01-20,5.824,12.176,0.0
2020-01-21,7.296,10.704,0.0
2020-01-22,8.591,9.409,0.0
2020-01-23,8.143,9.857,0.0
2020-01-24,8.279,9.721,0.0
2020-01-25,8.486,9.514,0.0
2020-01-26,8.593,9.407,0.0
2020-01-27,8.4,9.6,0.0
2020-01-28,11.559,6.441,0.0
2020-01-29,11.441,6.559,0.0
2020-01-30,11.744,6.256,0.0
2020-01-31,12.893,5.107,0.0
2020-02-01,14.093,3.907,0.0
2020-02-02,13.524,4.476,0.0
2020-02-03,13.367,4.633,0.0
2020-02-04,12.404,5.596,0.0
2020-02-05,10.058,7.942,0.0
2020-02-06,8.505,9.495,0.0
2020-02-07,9.249,8.751,0.0
2020-02-08,9.401,8.599,0.0
2020-02-09,10.056,7.944,0.0
2020-02-10,12.526,5.474,0.0
2020-02-11,11.91,6.09,0.0
2020-02-12,11.785,6.215,0.0
2020-02-13,12.598,5.402,0.0
2020-02-14,11.088,6.912,0.0
2020-02-15,10.792,7.208,0.0
2020-02-16,11.858,6.142,0.0
2020-02-17,12.224,5.776,0.0
2020-02-18,10.947,7.053,0.0
2020-02-19,10.165,7.835,0.0
2020-02-20,9.552,8.448,0.0
2020-02-21,10.745,7.255,0.0
2020-02-22,11.138,6.862,0.0
2020-02-23,11.779,6.221,0.0
2020-02-24,11.964,6.036,0.0
2020-02-25,12.075,5.925,0.0
2020-02-26,12.234,5.766,0.0
2020-02-27,12.873,5.127,0.0
2020-02-28,13.015,4.985,0.0
2020-02-29,12.756,5.244,0.0
2020-03-01,13.528,4.472,0.0
2020-03-02,13.063,4.937,0.0
2020-03-03,11.062,6.938,0.0
2020-03-04,14.162,3.838,0.0
2020-03-05,13.896,4.104,0.0
2020-03-06,10.567,7.433,0.0
2020-03-07,10.903,7.097,0.0
2020-03-08,11.069,6.931,0.0
2020-03-09,12.862,5.138,0.0
2020-03-10,14.064,3.936,0.0
2020-03-11,15.525,2.475,0.0
2020-03-12,16.163,1.837,0.0
2020-03-13,15.11,2.89,0.0
2020-03-14,14.052,3.948,0.0
2020-03-15,13.201,4.799,0.0
2020-03-16,10.204,7.796,0.0
2020-03-17,11.867,6.133,0.0
2020-03-18,13.455,4.545,0.0
2020-03-19,12.698,5.302,0.0
2020-03-20,12.256,5.744,0.0
2020-03-21,10.885,7.115,0.0
2020-03-22,10.769,7.231,0.0
2020-03-23,11.511,6.489,0.0
2020-03-24,11.939,6.061,0.0
2020-03-25,11.089,6.911,0.0
2020-03-26,10.131,7.869,0.0
2020-03-27,8.636,9.364,0.0
2020-03-28,10.135,7.865,0.0
2020-03-29,11.916,6.084,0.0
2020-03-30,9.111,8.889,0.0
2020-03-31,8.323,9.677,0.0
2020-04-01,10.586,7.414,0.0
2020-04-02,10.564,7.436,0.0
2020-04-03,10.912,7.088,0.0
2020-04-04,12.06,5.94,0.0
2020-04-05,13.333,4.667,0.0
2020-04-06,13.485,4.515,0.0
2020-04-07,14.077,3.923,0.0
2020-04-08,14.445,3.555,0.0
2020-04-09,14.088,3.912,0.0
2020-04-10,14.087,3.913,0.0
2020-04-11,14.45,3.55,0.0
2020-04-12,14.34,3.66,0.0
2020-04-13,13.873,4.127,0.0
2020-04-14,14.022,3.978,0.0
2020-04-15,13.724,4.276,0.0
2020-04-16,14.575,3.425,0.0
2020-04-17,14.499,3.501,0.0
2020-04-18,14.9,3.1,0.0
2020-04-19,15.128,2.872,0.0
2020-04-20,14.476,3.524,0.0
2020-04-21,12.956,5.044,0.0
2020-04-22,14.495,3.505,0.0
2020-04-23,15.42,2.58,0.0
2020-04-24,16.184,1.816,0.0
2020-04-25,15.39,2.61,0.0
2020-04-26,15.473,2.527,0.0
2020-04-27,14.763,3.237,0.0
2020-04-28,14.624,3.376,0.0
2020-04-29,15.16,2.84,0.0
2020-04-30,16.522,1.478,0.0
2020-05-01,18.465,0.0,0.0
2020-05-02,19.652,0.0,0.0
2020-05-03,20.381,0.0,0.0
2020-05-04,20.836,0.0,0.0
2020-05-05,19.661,0.0,0.0
2020-05-06,19.185,0.0,0.0
2020-05-07,19.9,0.0,0.0
2020-05-08,19.863,0.0,0.0
2020-05-09,18.666,0.0,0.0
2020-05-10,16.653,1.347,0.0
2020-05-11,17.145,0.855,0.0
2020-05-12,15.2,2.8,0.0
2020-05-13,15.645,2.355,0.0
2020-05-14,14.267,3.733,0.0
2020-05-15,14.602,3.398,0.0
2020-05-16,15.575,2.425,0.0
2020-05-17,16.647,1.353,0.0
2020-05-18,18.16,0.0,0.0
2020-05-19,20.054,0.0,0.0
2020-05-20,21.325,0.0,0.0
2020-05-21,22.604,0.0,0.604
2020-05-22,23.365,0.0,1.365
2020-05-23,23.227,0.0,1.227
2020-05-24,21.754,0.0,0.0
2020-05-25,21.655,0.0,0.0
2020-05-26,20.963,0.0,0.0
2020-05-27,21.922,0.0,0.0
2020-05-28,22.038,0.0,0.038
2020-05-29,22.55,0.0,0.55
2020-05-30,22.526,0.0,0.526
2020-05-31,22.262,0.0,0.262
2020-06-01,21.67,0.0,0.0
2020-06-02,22.055,0.0,0.055
2020-06-03,21.97,0.0,0.0
2020-06-04,19.719,0.0,0.0
2020-06-05,19.748,0.0,0.0
2020-06-06,21.242,0.0,0.0
2020-06-07,19.522,0.0,0.0
2020-06-08,17.465,0.535,0.0
2020-06-09,17.644,0.356,0.0
2020-06-10,18.839,0.0,0.0
2020-06-11,19.848,0.0,0.0
2020-06-12,18.525,0.0,0.0
2020-06-13,19.074,0.0,0.0
2020-06-14,20.395,0.0,0.0
2020-06-15,21.151,0.0,0.0
2020-06-16,20.857,0.0,0.0
2020-06-17,20.467,0.0,0.0
2020-06-18,20.713,0.0,0.0
2020-06-19,21.724,0.0,0.0
2020-06-20,23.241,0.0,1.241
2020-06-21,24.784,0.0,2.784
2020-06-22,25.263,0.0,3.263
2020-06-23,26.269,0.0,4.269
2020-06-24,25.595,0.0,3.595
2020-06-25,25.352,0.0,3.352
2020-06-26,24.625,0.0,2.625
2020-06-27,24.844,0.0,2.844
2020-06-28,25.912,0.0,3.912
2020-06-29,26.254,0.0,4.254
2020-06-30,26.666,0.0,4.666
2020-07-01,27.13,0.0,5.13
2020-07-02,26.098,0.0,4.098
2020-07-03,23.823,0.0,1.823
2020-07-04,24.764,0.0,2.764
2020-07-05,26.487,0.0,4.487
2020-07-06,26.953,0.0,4.953
2020-07-07,27.164,0.0,5.164
2020-07-08,26.959,0.0,4.959
2020-07-09,25.9,0.0,3.9
2020-07-10,25.484,0.0,3.484
2020-07-11,26.548,0.0,4.548
2020-07-12,25.981,0.0,3.981
2020-07-13,25.944,0.0,3.944
2020-07-14,25.11,0.0,3.11
2020-07-15,24.528,0.0,2.528
2020-07-16,25.406,0.0,3.406
2020-07-17,25.819,0.0,3.819
2020-07-18,25.834,0.0,3.834
2020-07-19,27.147,0.0,5.147
2020-07-20,27.582,0.0,5.582
2020-07-21,27.015,0.0,5.015
2020-07-22,26.715,0.0,4.715
2020-07-23,27.728,0.0,5.728
2020-07-24,27.858,0.0,5.858
2020-07-25,27.58,0.0,5.58
2020-07-26,28.227,0.0,6.227
2020-07-27,28.963,0.0,6.963
2020-07-28,28.34,0.0,6.34
2020-07-29,28.17,0.0,6.17
2020-07-30,29.222,0.0,7.222
2020-07-31,29.18,0.0,7.18
2020-08-01,29.349,0.0,7.349
2020-08-02,27.886,0.0,5.886
2020-08-03,25.875,0.0,3.875
2020-08-04,25.196,0.0,3.196
2020-08-05,26.63,0.0,4.63
2020-08-06,28.225,0.0,6.225
2020-08-07,28.75,0.0,6.75
2020-08-08,28.847,0.0,6.847
2020-08-09,29.087,0.0,7.087
2020-08-10,27.53,0.0,5.53
2020-08-11,24.909,0.0,2.909
2020-08-12,23.978,0.0,1.978
2020-08-13,24.591,0.0,2.591
2020-08-14,24.978,0.0,2.978
2020-08-15,24.678,0.0,2.678
2020-08-16,23.939,0.0,1.939
2020-08-17,24.493,0.0,2.493
2020-08-18,25.495,0.0,3.495
2020-08-19,26.523,0.0,4.523
2020-08-20,26.266,0.0,4.266
2020-08-21,26.466,0.0,4.466
2020-08-22,26.431,0.0,4.431
2020-08-23,25.7,0.0,3.7
2020-08-24,25.395,0.0,3.395
2020-08-25,26.793,0.0,4.793
2020-08-26,27.368,0.0,5.368
2020-08-27,27.755,0.0,5.755
2020-08-28,26.471,0.0,4.471
2020-08-29,21.317,0.0,0.0
2020-08-30,19.498,0.0,0.0
2020-08-31,19.99,0.0,0.0
2020-09-01,21.322,0.0,0.0
2020-09-02,22.008,0.0,0.008
2020-09-03,23.143,0.0,1.143
2020-09-04,24.19,0.0,2.19
2020-09-05,24.355,0.0,2.355
2020-09-06,24.097,0.0,2.097
2020-09-07,21.359,0.0,0.0
2020-09-08,20.824,0.0,0.0
2020-09-09,21.935,0.0,0.0
2020-09-10,23.029,0.0,1.029
2020-09-11,24.009,0.0,2.009
2020-09-12,24.868,0.0,2.868
2020-09-13,25.277,0.0,3.277
2020-09-14,24.527,0.0,2.527
2020-09-15,23.833,0.0,1.833
2020-09-16,23.634,0.0,1.634
2020-09-17,23.223,0.0,1.223
2020-09-18,20.719,0.0,0.0
2020-09-19,20.078,0.0,0.0
2020-09-20,20.461,0.0,0.0
2020-09-21,20.126,0.0,0.0
2020-09-22,19.999,0.0,0.0
2020-09-23,20.821,0.0,0.0
2020-09-24,20.764,0.0,0.0
2020-09-25,17.872,0.128,0.0
2020-09-26,16.824,1.176,0.0
2020-09-27,17.767,0.233,0.0
2020-09-28,16.778,1.222,0.0
2020-09-29,18.327,0.0,0.0
2020-09-30,18.691,0.0,0.0
2020-10-01,19.713,0.0,0.0
2020-10-02,16.007,1.993,0.0
2020-10-03,14.155,3.845,0.0
2020-10-04,14.698,3.302,0.0
2020-10-05,15.415,2.585,0.0
2020-10-06,17.844,0.156,0.0
2020-10-07,19.267,0.0,0.0
2020-10-08,19.243,0.0,0.0
2020-10-09,19.262,0.0,0.0
2020-10-10,18.358,0.0,0.0
2020-10-11,15.552,2.448,0.0
2020-10-12,14.939,3.061,0.0
2020-10-13,16.588,1.412,0.0
2020-10-14,15.046,2.954,0.0
2020-10-15,13.111,4.889,0.0
2020-10-16,12.172,5.828,0.0
2020-10-17,12.638,5.362,0.0
2020-10-18,14.136,3.864,0.0
2020-10-19,16.042,1.958,0.0
2020-10-20,17.601,0.399,0.0
2020-10-21,17.408,0.592,0.0
2020-10-22,16.092,1.908,0.0
2020-10-23,15.089,2.911,0.0
2020-10-24,13.978,4.022,0.0
2020-10-25,14.405,3.595,0.0
2020-10-26,12.578,5.422,0.0
2020-10-27,12.089,5.911,0.0
2020-10-28,13.716,4.284,0.0
2020-10-29,14.119,3.881,0.0
2020-10-30,13.862,4.138,0.0
2020-10-31,14.771,3.229,0.0
2020-11-01,15.293,2.707,0.0
2020-11-02,15.628,2.372,0.0
2020-11-03,14.622,3.378,0.0
2020-11-04,12.239,5.761,0.0
2020-11-05,13.031,4.969,0.0
2020-11-06,16.173,1.827,0.0
2020-11-07,15.321,2.679,0.0
2020-11-08,13.467,4.533,0.0
2020-11-09,13.288,4.712,0.0
2020-11-10,12.598,5.402,0.0
2020-11-11,12.156,5.844,0.0
2020-11-12,12.274,5.726,0.0
2020-11-13,12.478,5.522,0.0
2020-11-14,13.107,4.893,0.0
2020-11-15,15.386,2.614,0.0
2020-11-16,15.668,2.332,0.0
2020-11-17,13.185,4.815,0.0
2020-11-18,12.844,5.156,0.0
2020-11-19,13.698,4.302,0.0
2020-11-20,12.027,5.973,0.0
2020-11-21,10.102,7.898,0.0
2020-11-22,9.091,8.909,0.0
2020-11-23,9.169,8.831,0.0
2020-11-24,8.829,9.171,0.0
2020-11-25,10.363,7.637,0.0
2020-11-26,11.943,6.057,0.0
2020-11-27,11.303,6.697,0.0
2020-11-28,11.022,6.978,0.0
2020-11-29,10.885,7.115,0.0
2020-11-30,10.533,7.467,0.0
2020-12-01,10.217,7.783,0.0
2020-12-02,9.387,8.613,0.0
2020-12-03,6.815,11.185,0.0
2020-12-04,7.886,10.114,0.0
2020-12-05,5.615,12.385,0.0
2020-12-06,6.706,11.294,0.0
2020-12-07,9.18,8.82,0.0
2020-12-08,8.756,9.244,0.0
2020-12-09,7.565,10.435,0.0
2020-12-10,10.613,7.387,0.0
2020-12-11,13.38,4.62,0.0
2020-12-12,12.567,5.433,0.0
2020-12-13,10.617,7.383,0.0
2020-12-14,11.114,6.886,0.0
2020-12-15,10.874,7.126,0.0
2020-12-16,9.059,8.941,0.0
2020-12-17,9.973,8.027,0.0
2020-12-18,9.155,8.845,0.0
2020-12-19,9.575,8.425,0.0
2020-12-20,9.702,8.298,0.0
2020-12-21,9.805,8.195,0.0
2020-12-22,10.085,7.915,0.0
2020-12-23,10.019,7.981,0.0
2020-12-24,9.984,8.016,0.0
2020-12-25,7.241,10.759,0.0
2020-12-26,5.236,12.764,0.0
2020-12-27,4.694,13.306,0.0
2020-12-28,8.171,9.829,0.0
2020-12-29,6.464,11.536,0.0
2020-12-30,5.819,12.181,0.0
2020-12-31,5.487,12.513,0.0
2021-01-01,5.923,12.077,0.0
2021-01-02,4.205,13.795,0.0
2021-01-03,4.227,13.773,0.0
2021-01-04,3.808,14.192,0.0
2021-01-05,2.853,15.147,0.0
2021-01-06,2.685,15.315,0.0
2021-01-07,3.094,14.906,0.0
2021-01-08,3.013,14.987,0.0
2021-01-09,3.174,14.826,0.0
2021-01-10,3.752,14.248,0.0
2021-01-11,3.433,14.567,0.0
2021-01-12,1.949,16.051,0.0
2021-01-13,2.97,15.03,0.0
2021-01-14,2.872,15.128,0.0
2021-01-15,4.753,13.247,0.0
2021-01-16,4.418,13.582,0.0
2021-01-17,4.801,13.199,0.0
2021-01-18,5.37,12.63,0.0
2021-01-19,4.234,13.766,0.0
2021-01-20,6.312,11.688,0.0
2021-01-21,10.221,7.779,0.0
2021-01-22,10.577,7.423,0.0
2021-01-23,8.965,9.035,0.0
2021-01-24,11.38,6.62,0.0
2021-01-25,11.502,6.498,0.0
2021-01-26,11.665,6.335,0.0
2021-01-27,13.506,4.494,0.0
2021-01-28,13.346,4.654,0.0
2021-01-29,13.287,4.713,0.0
2021-01-30,12.489,5.511,0.0
2021-01-31,11.86,6.14,0.0
2021-02-01,13.367,4.633,0.0
2021-02-02,12.667,5.333,0.0
2021-02-03,12.34,5.66,0.0
2021-02-04,11.627,6.373,0.0
2021-02-05,11.609,6.391,0.0
2021-02-06,10.583,7.417,0.0
2021-02-07,9.266,8.734,0.0
2021-02-08,10.119,7.881,0.0
2021-02-09,10.072,7.928,0.0
2021-02-10,10.889,7.111,0.0
2021-02-11,11.74,6.26,0.0
2021-02-12,12.608,5.392,0.0
2021-02-13,11.063,6.937,0.0
2021-02-14,10.083,7.917,0.0
2021-02-15,10.34,7.66,0.0
2021-02-16,10.102,7.898,0.0
2021-02-17,10.896,7.104,0.0
2021-02-18,10.441,7.559,0.0
2021-02-19,10.697,7.303,0.0
2021-02-20,11.225,6.775,0.0
2021-02-21,11.214,6.786,0.0
2021-02-22,10.001,7.999,0.0
2021-02-23,10.114,7.886,0.0
2021-02-24,10.938,7.062,0.0
2021-02-25,10.64,7.36,0.0
2021-02-26,11.207,6.793,0.0
2021-02-27,11.151,6.849,0.0
2021-02-28,10.39,7.61,0.0
2021-03-01,10.709,7.291,0.0
2021-03-02,11.657,6.343,0.0
2021-03-03,11.604,6.396,0.0
2021-03-04,11.03,6.97,0.0
2021-03-05,11.018,6.982,0.0
2021-03-06,11.272,6.728,0.0
2021-03-07,10.882,7.118,0.0
2021-03-08,9.798,8.202,0.0
2021-03-09,9.516,8.484,0.0
2021-03-10,9.299,8.701,0.0
2021-03-11,12.158,5.842,0.0
2021-03-12,12.278,5.722,0.0
2021-03-13,10.884,7.116,0.0
2021-03-14,11.164,6.836,0.0
2021-03-15,11.298,6.702,0.0
2021-03-16,11.886,6.114,0.0
2021-03-17,12.467,5.533,0.0
2021-03-18,10.182,7.818,0.0
2021-03-19,8.725,9.275,0.0
2021-03-20,8.184,9.816,0.0
2021-03-21,8.881,9.119,0.0
2021-03-22,10.346,7.654,0.0
2021-03-23,11.409,6.591,0.0
2021-03-24,12.352,5.648,0.0
2021-03-25,12.891,5.109,0.0
2021-03-26,13.479,4.521,0.0
2021-03-27,13.457,4.543,0.0
2021-03-28,13.816,4.184,0.0
2021-03-29,14.848,3.152,0.0
2021-03-30,16.062,1.938,0.0
2021-03-31,15.85,2.15,0.0
2021-04-01,15.461,2.539,0.0
2021-04-02,14.779,3.221,0.0
2021-04-03,14.683,3.317,0.0
2021-04-04,13.678,4.322,0.0
2021-04-05,13.739,4.261,0.0
2021-04-06,14.28,3.72,0.0
2021-04-07,12.677,5.323,0.0
2021-04-08,12.681,5.319,0.0
2021-04-09,12.029,5.971,0.0
2021-04-10,12.852,5.148,0.0
2021-04-11,13.253,4.747,0.0
2021-04-12,11.896,6.104,0.0
2021-04-13,12.172,5.828,0.0
2021-04-14,13.486,4.514,0.0
2021-04-15,12.932,5.068,0.0
2021-04-16,11.87,6.13,0.0
2021-04-17,10.678,7.322,0.0
2021-04-18,11.893,6.107,0.0
2021-04-19,13.616,4.384,0.0
2021-04-20,14.107,3.893,0.0
2021-04-21,13.753,4.247,0.0
2021-04-22,13.619,4.381,0.0
2021-04-23,14.35,3.65,0.0
2021-04-24,14.334,3.666,0.0
2021-04-25,14.257,3.743,0.0
2021-04-26,14.706,3.294,0.0
2021-04-27,14.582,3.418,0.0
2021-04-28,14.588,3.412,0.0
2021-04-29,14.2,3.8,0.0
2021-04-30,13.449,4.551,0.0
2021-05-01,13.274,4.726,0.0
2021-05-02,13.126,4.874,0.0
2021-05-03,13.421,4.579,0.0
2021-05-04,14.951,3.049,0.0
2021-05-05,16.574,1.426,0.0
2021-05-06,17.959,0.041,0.0
2021-05-07,19.454,0.0,0.0
2021-05-08,20.291,0.0,0.0
2021-05-09,17.46,0.54,0.0
2021-05-10,14.99,3.01,0.0
2021-05-11,14.258,3.742,0.0
2021-05-12,16.049,1.951,0.0
2021-05-13,16.407,1.593,0.0
2021-05-14,17.329,0.671,0.0
2021-05-15,19.373,0.0,0.0
2021-05-16,21.266,0.0,0.0
2021-05-17,19.207,0.0,0.0
2021-05-18,19.353,0.0,0.0
2021-05-19,18.595,0.0,0.0
2021-05-20,19.224,0.0,0.0
2021-05-21,20.485,0.0,0.0
2021-05-22,18.244,0.0,0.0
2021-05-23,15.85,2.15,0.0
2021-05-24,17.24,0.76,0.0
2021-05-25,18.025,0.0,0.0
2021-05-26,18.507,0.0,0.0
2021-05-27,19.678,0.0,0.0
2021-05-28,20.226,0.0,0.0
2021-05-29,21.801,0.0,0.0
2021-05-30,22.441,0.0,0.441
2021-05-31,22.523,0.0,0.523
2021-06-01,20.02,0.0,0.0
2021-06-02,19.967,0.0,0.0
2021-06-03,21.071,0.0,0.0
2021-06-04,20.742,0.0,0.0
2021-06-05,19.429,0.0,0.0
2021-06-06,20.709,0.0,0.0
2021-06-07,22.281,0.0,0.281
2021-06-08,23.842,0.0,1.842
2021-06-09,24.618,0.0,2.618
2021-06-10,24.83,0.0,2.83
2021-06-11,24.117,0.0,2.117
2021-06-12,24.09,0.0,2.09
2021-06-13,25.314,0.0,3.314
2021-06-14,25.68,0.0,3.68
2021-06-15,25.853,0.0,3.853
2021-06-16,24.87,0.0,2.87
2021-06-17,21.146,0.0,0.0
2021-06-18,20.825,0.0,0.0
2021-06-19,20.643,0.0,0.0
2021-06-20,20.107,0.0,0.0
2021-06-21,20.335,0.0,0.0
2021-06-22,19.898,0.0,0.0
2021-06-23,19.848,0.0,0.0
2021-06-24,20.916,0.0,0.0
2021-06-25,22.877,0.0,0.877
2021-06-26,24.292,0.0,2.292
2021-06-27,23.767,0.0,1.767
2021-06-28,22.659,0.0,0.659
2021-06-29,22.76,0.0,0.76
2021-06-30,23.597,0.0,1.597
2021-07-01,24.804,0.0,2.804
2021-07-02,25.538,0.0,3.538
2021-07-03,26.0,0.0,4.0
2021-07-04,26.294,0.0,4.294
2021-07-05,26.296,0.0,4.296
2021-07-06,24.328,0.0,2.328
2021-07-07,22.789,0.0,0.789
2021-07-08,22.879,0.0,0.879
2021-07-09,24.558,0.0,2.558
2021-07-10,26.577,0.0,4.577
2021-07-11,27.357,0.0,5.357
2021-07-12,25.458,0.0,3.458
2021-07-13,22.132,0.0,0.132
2021-07-14,22.352,0.0,0.352
2021-07-15,23.518,0.0,1.518
2021-07-16,25.303,0.0,3.303
2021-07-17,26.827,0.0,4.827
2021-07-18,27.328,0.0,5.328
2021-07-19,27.355,0.0,5.355
2021-07-20,27.242,0.0,5.242
2021-07-21,27.691,0.0,5.691
2021-07-22,28.509,0.0,6.509
2021-07-23,27.501,0.0,5.501
2021-07-24,26.053,0.0,4.053
2021-07-25,25.182,0.0,3.182
2021-07-26,24.419,0.0,2.419
2021-07-27,25.285,0.0,3.285
2021-07-28,25.832,0.0,3.832
2021-07-29,26.426,0.0,4.426
2021-07-30,26.546,0.0,4.546
2021-07-31,23.443,0.0,1.443
2021-08-01,21.524,0.0,0.0
2021-08-02,23.004,0.0,1.004
2021-08-03,24.285,0.0,2.285
2021-08-04,25.404,0.0,3.404
2021-08-05,25.992,0.0,3.992
2021-08-06,25.91,0.0,3.91
2021-08-07,25.093,0.0,3.093
2021-08-08,23.638,0.0,1.638
2021-08-09,24.829,0.0,2.829
2021-08-10,26.452,0.0,4.452
2021-08-11,27.807,0.0,5.807
2021-08-12,28.427,0.0,6.427
2021-08-13,28.832,0.0,6.832
2021-08-14,30.129,0.0,8.129
2021-08-15,29.414,0.0,7.414
2021-08-16,27.091,0.0,5.091
2021-08-17,24.705,0.0,2.705
2021-08-18,24.483,0.0,2.483
2021-08-19,24.627,0.0,2.627
2021-08-20,25.445,0.0,3.445
2021-08-21,26.262,0.0,4.262
2021-08-22,26.487,0.0,4.487
2021-08-23,26.661,0.0,4.661
2021-08-24,24.91,0.0,2.91
2021-08-25,24.355,0.0,2.355
2021-08-26,25.642,0.0,3.642
2021-08-27,26.665,0.0,4.665
2021-08-28,25.56,0.0,3.56
2021-08-29,24.35,0.0,2.35
2021-08-30,24.105,0.0,2.105
2021-08-31,24.274,0.0,2.274
2021-09-01,22.503,0.0,0.503
2021-09-02,21.539,0.0,0.0
2021-09-03,22.292,0.0,0.292
2021-09-04,23.18,0.0,1.18
2021-09-05,24.39,0.0,2.39
2021-09-06,25.4,0.0,3.4
2021-09-07,25.499,0.0,3.499
2021-09-08,24.097,0.0,2.097
2021-09-09,23.686,0.0,1.686
2021-09-10,23.654,0.0,1.654
2021-09-11,23.008,0.0,1.008
2021-09-12,23.754,0.0,1.754
2021-09-13,23.633,0.0,1.633
2021-09-14,21.723,0.0,0.0
2021-09-15,21.358,0.0,0.0
2021-09-16,20.99,0.0,0.0
2021-09-17,21.355,0.0,0.0
2021-09-18,20.988,0.0,0.0
2021-09-19,19.557,0.0,0.0
2021-09-20,19.242,0.0,0.0
2021-09-21,17.948,0.052,0.0
2021-09-22,18.39,0.0,0.0
2021-09-23,19.815,0.0,0.0
2021-09-24,20.143,0.0,0.0
2021-09-25,19.947,0.0,0.0
2021-09-26,19.968,0.0,0.0
2021-09-27,20.252,0.0,0.0
2021-09-28,19.619,0.0,0.0
2021-09-29,19.553,0.0,0.0
2021-09-30,19.417,0.0,0.0
2021-10-01,19.653,0.0,0.0
2021-10-02,20.037,0.0,0.0
2021-10-03,18.781,0.0,0.0
2021-10-04,15.603,2.397,0.0
2021-10-05,17.483,0.517,0.0
2021-10-06,18.405,0.0,0.0
2021-10-07,18.112,0.0,0.0
2021-10-08,18.405,0.0,0.0
2021-10-09,17.925,0.075,0.0
2021-10-10,18.059,0.0,0.0
2021-10-11,17.765,0.235,0.0
2021-10-12,17.612,0.388,0.0
2021-10-13,17.699,0.301,0.0
2021-10-14,16.809,1.191,0.0
2021-10-15,17.495,0.505,0.0
2021-10-16,17.284,0.716,0.0
2021-10-17,18.191,0.0,0.0
2021-10-18,18.603,0.0,0.0
2021-10-19,19.173,0.0,0.0
2021-10-20,18.996,0.0,0.0
2021-10-21,18.02,0.0,0.0
2021-10-22,16.281,1.719,0.0
2021-10-23,14.466,3.534,0.0
2021-10-24,14.445,3.555,0.0
2021-10-25,14.704,3.296,0.0
2021-10-26,15.302,2.698,0.0
2021-10-27,14.833,3.167,0.0
2021-10-28,14.951,3.049,0.0
2021-10-29,15.422,2.578,0.0
2021-10-30,17.659,0.341,0.0
2021-10-31,18.449,0.0,0.0
2021-11-01,17.454,0.546,0.0
2021-11-02,13.755,4.245,0.0
2021-11-03,12.029,5.971,0.0
2021-11-04,9.44,8.56,0.0
2021-11-05,9.436,8.564,0.0
2021-11-06,9.403,8.597,0.0
2021-11-07,9.419,8.581,0.0
2021-11-08,11.862,6.138,0.0
2021-11-09,11.482,6.518,0.0
2021-11-10,11.164,6.836,0.0
2021-11-11,11.138,6.862,0.0
2021-11-12,12.144,5.856,0.0
2021-11-13,12.476,5.524,0.0
2021-11-14,11.948,6.052,0.0
2021-11-15,12.199,5.801,0.0
2021-11-16,10.148,7.852,0.0
2021-11-17,10.522,7.478,0.0
2021-11-18,10.2,7.8,0.0
2021-11-19,10.742,7.258,0.0
2021-11-20,10.987,7.013,0.0
2021-11-21,11.619,6.381,0.0
2021-11-22,9.714,8.286,0.0
2021-11-23,8.145,9.855,0.0
2021-11-24,7.415,10.585,0.0
2021-11-25,8.473,9.527,0.0
2021-11-26,7.9,10.1,0.0
2021-11-27,7.486,10.514,0.0
2021-11-28,6.879,11.121,0.0
2021-11-29,9.814,8.186,0.0
2021-11-30,8.666,9.334,0.0
2021-12-01,7.915,10.085,0.0
2021-12-02,8.44,9.56,0.0
2021-12-03,8.544,9.456,0.0
2021-12-04,9.404,8.596,0.0
2021-12-05,9.033,8.967,0.0
2021-12-06,9.79,8.21,0.0
2021-12-07,10.083,7.917,0.0
2021-12-08,9.977,8.023,0.0
2021-12-09,8.98,9.02,0.0
2021-12-10,11.842,6.158,0.0
2021-12-11,11.974,6.026,0.0
2021-12-12,10.232,7.768,0.0
2021-12-13,8.653,9.347,0.0
2021-12-14,8.359,9.641,0.0
2021-12-15,8.45,9.55,0.0
2021-12-16,7.692,10.308,0.0
2021-12-17,7.242,10.758,0.0
2021-12-18,7.423,10.577,0.0
2021-12-19,8.32,9.68,0.0
2021-12-20,7.325,10.675,0.0
2021-12-21,9.74,8.26,0.0
2021-12-22,10.0,8.0,0.0
2021-12-23,10.599,7.401,0.0
2021-12-24,11.382,6.618,0.0
2021-12-25,11.046,6.954,0.0
2021-12-26,11.254,6.746,0.0
2021-12-27,14.187,3.813,0.0
2021-12-28,13.434,4.566,0.0
2021-12-29,11.883,6.117,0.0
2021-12-30,10.456,7.544,0.0
2021-12-31,9.873,8.127,0.0
2022-01-01,10.033,7.967,0.0
2022-01-02,9.025,8.975,0.0
2022-01-03,9.269,8.731,0.0
2022-01-04,10.377,7.623,0.0
2022-01-05,8.653,9.347,0.0
2022-01-06,6.485,11.515,0.0
2022-01-07,6.466,11.534,0.0
2022-01-08,6.667,11.333,0.0
2022-01-09,9.792,8.208,0.0
2022-01-10,12.142,5.858,0.0
2022-01-11,10.908,7.092,0.0
2022-01-12,8.69,9.31,0.0
2022-01-13,5.966,12.034,0.0
2022-01-14,5.241,12.759,0.0
2022-01-15,4.61,13.39,0.0
2022-01-16,4.793,13.207,0.0
2022-01-17,5.252,12.748,0.0
2022-01-18,5.077,12.923,0.0
2022-01-19,5.111,12.889,0.0
2022-01-20,6.396,11.604,0.0
2022-01-21,5.942,12.058,0.0
2022-01-22,5.381,12.619,0.0
2022-01-23,5.524,12.476,0.0
2022-01-24,6.3,11.7,0.0
2022-01-25,7.17,10.83,0.0
2022-01-26,6.592,11.408,0.0
2022-01-27,7.083,10.917,0.0
2022-01-28,7.264,10.736,0.0
2022-01-29,7.388,10.612,0.0
2022-01-30,8.029,9.971,0.0
2022-01-31,8.251,9.749,0.0
2022-02-01,10.167,7.833,0.0
2022-02-02,10.722,7.278,0.0
2022-02-03,10.049,7.951,0.0
2022-02-04,10.752,7.248,0.0
2022-02-05,10.822,7.178,0.0
2022-02-06,9.012,8.988,0.0
2022-02-07,9.321,8.679,0.0
2022-02-08,10.028,7.972,0.0
2022-02-09,9.425,8.575,0.0
2022-02-10,9.241,8.759,0.0
2022-02-11,10.212,7.788,0.0
2022-02-12,9.595,8.405,0.0
2022-02-13,10.568,7.432,0.0
2022-02-14,10.785,7.215,0.0
2022-02-15,9.319,8.681,0.0
2022-02-16,11.199,6.801,0.0
2022-02-17,12.055,5.945,0.0
2022-02-18,11.901,6.099,0.0
2022-02-19,10.772,7.228,0.0
2022-02-20,9.513,8.487,0.0
2022-02-21,11.183,6.817,0.0
2022-02-22,11.682,6.318,0.0
2022-02-23,11.147,6.853,0.0
2022-02-24,11.185,6.815,0.0
2022-02-25,10.476,7.524,0.0
2022-02-26,10.135,7.865,0.0
2022-02-27,10.777,7.223,0.0
2022-02-28,11.077,6.923,0.0
2022-03-01,10.962,7.038,0.0
2022-03-02,11.956,6.044,0.0
2022-03-03,10.521,7.479,0.0
2022-03-04,10.192,7.808,0.0
2022-03-05,8.921,9.079,0.0
2022-03-06,8.586,9.414,0.0
2022-03-07,8.851,9.149,0.0
2022-03-08,9.267,8.733,0.0
2022-03-09,9.764,8.236,0.0
2022-03-10,10.694,7.306,0.0
2022-03-11,10.995,7.005,0.0
2022-03-12,10.8,7.2,0.0
2022-03-13,11.107,6.893,0.0
2022-03-14,10.616,7.384,0.0
2022-03-15,13.545,4.455,0.0
2022-03-16,13.208,4.792,0.0
2022-03-17,12.294,5.706,0.0
2022-03-18,11.808,6.192,0.0
2022-03-19,11.306,6.694,0.0
2022-03-20,11.82,6.18,0.0
2022-03-21,11.974,6.026,0.0
2022-03-22,11.306,6.694,0.0
2022-03-23,10.781,7.219,0.0
2022-03-24,10.785,7.215,0.0
2022-03-25,11.811,6.189,0.0
2022-03-26,11.418,6.582,0.0
2022-03-27,12.532,5.468,0.0
2022-03-28,12.065,5.935,0.0
2022-03-29,12.266,5.734,0.0
2022-03-30,11.96,6.04,0.0
2022-03-31,11.174,6.826,0.0
2022-04-01,9.006,8.994,0.0
2022-04-02,7.337,10.663,0.0
2022-04-03,6.502,11.498,0.0
2022-04-04,7.238,10.762,0.0
2022-04-05,7.572,10.428,0.0
2022-04-06,10.269,7.731,0.0
2022-04-07,13.455,4.545,0.0
2022-04-08,13.94,4.06,0.0
2022-04-09,14.169,3.831,0.0
2022-04-10,14.634,3.366,0.0
2022-04-11,14.334,3.666,0.0
2022-04-12,12.951,5.049,0.0
2022-04-13,13.29,4.71,0.0
2022-04-14,15.485,2.515,0.0
2022-04-15,16.279,1.721,0.0
2022-04-16,17.688,0.312,0.0
2022-04-17,17.638,0.362,0.0
2022-04-18,17.088,0.912,0.0
2022-04-19,14.239,3.761,0.0
2022-04-20,11.152,6.848,0.0
2022-04-21,12.33,5.67,0.0
2022-04-22,11.793,6.207,0.0
2022-04-23,11.383,6.617,0.0
2022-04-24,13.178,4.822,0.0
2022-04-25,13.944,4.056,0.0
2022-04-26,14.888,3.112,0.0
2022-04-27,14.096,3.904,0.0
2022-04-28,14.21,3.79,0.0
2022-04-29,15.757,2.243,0.0
2022-04-30,16.867,1.133,0.0
2022-05-01,17.517,0.483,0.0
2022-05-02,15.263,2.737,0.0
2022-05-03,14.271,3.729,0.0
2022-05-04,14.867,3.133,0.0
2022-05-05,16.013,1.987,0.0
2022-05-06,16.339,1.661,0.0
2022-05-07,17.283,0.717,0.0
2022-05-08,18.187,0.0,0.0
2022-05-09,18.982,0.0,0.0
2022-05-10,19.951,0.0,0.0
2022-05-11,20.571,0.0,0.0
2022-05-12,20.126,0.0,0.0
2022-05-13,20.547,0.0,0.0
2022-05-14,20.987,0.0,0.0
2022-05-15,20.384,0.0,0.0
2022-05-16,20.607,0.0,0.0
2022-05-17,21.612,0.0,0.0
2022-05-18,22.944,0.0,0.944
2022-05-19,23.681,0.0,1.681
2022-05-20,24.123,0.0,2.123
2022-05-21,24.702,0.0,2.702
2022-05-22,23.309,0.0,1.309
2022-05-23,21.983,0.0,0.0
2022-05-24,19.104,0.0,0.0
2022-05-25,17.352,0.648,0.0
2022-05-26,19.146,0.0,0.0
2022-05-27,21.931,0.0,0.0
2022-05-28,23.339,0.0,1.339
2022-05-29,22.584,0.0,0.584
2022-05-30,20.816,0.0,0.0
2022-05-31,21.713,0.0,0.0
2022-06-01,22.685,0.0,0.685
2022-06-02,22.228,0.0,0.228
2022-06-03,22.46,0.0,0.46
2022-06-04,21.728,0.0,0.0
2022-06-05,22.401,0.0,0.401
2022-06-06,23.523,0.0,1.523
2022-06-07,24.33,0.0,2.33
2022-06-08,24.421,0.0,2.421
2022-06-09,24.587,0.0,2.587
2022-06-10,25.401,0.0,3.401
2022-06-11,26.401,0.0,4.401
2022-06-12,26.99,0.0,4.99
2022-06-13,27.773,0.0,5.773
2022-06-14,28.511,0.0,6.511
2022-06-15,28.796,0.0,6.796
2022-06-16,28.695,0.0,6.695
2022-06-17,29.286,0.0,7.286
2022-06-18,28.621,0.0,6.621
2022-06-19,24.575,0.0,2.575
2022-06-20,23.705,0.0,1.705
2022-06-21,22.935,0.0,0.935
2022-06-22,21.617,0.0,0.0
2022-06-23,21.811,0.0,0.0
2022-06-24,22.434,0.0,0.434
2022-06-25,22.598,0.0,0.598
2022-06-26,22.368,0.0,0.368
2022-06-27,22.4,0.0,0.4
2022-06-28,23.113,0.0,1.113
2022-06-29,24.112,0.0,2.112
2022-06-30,23.508,0.0,1.508
2022-07-01,23.323,0.0,1.323
2022-07-02,25.557,0.0,3.557
2022-07-03,26.171,0.0,4.171
2022-07-04,26.176,0.0,4.176
2022-07-05,26.377,0.0,4.377
2022-07-06,24.517,0.0,2.517
2022-07-07,24.788,0.0,2.788
2022-07-08,25.844,0.0,3.844
2022-07-09,27.248,0.0,5.248
2022-07-10,28.228,0.0,6.228
2022-07-11,28.435,0.0,6.435
2022-07-12,29.054,0.0,7.054
2022-07-13,30.174,0.0,8.174
2022-07-14,30.775,0.0,8.775
2022-07-15,30.499,0.0,8.499
2022-07-16,30.472,0.0,8.472
2022-07-17,30.445,0.0,8.445
2022-07-18,29.516,0.0,7.516
2022-07-19,27.964,0.0,5.964
2022-07-20,27.71,0.0,5.71
2022-07-21,28.422,0.0,6.422
2022-07-22,29.079,0.0,7.079
2022-07-23,28.396,0.0,6.396
2022-07-24,29.473,0.0,7.473
2022-07-25,29.303,0.0,7.303
2022-07-26,27.858,0.0,5.858
2022-07-27,26.925,0.0,4.925
2022-07-28,27.285,0.0,5.285
2022-07-29,27.751,0.0,5.751
2022-07-30,27.522,0.0,5.522
2022-07-31,28.428,0.0,6.428
2022-08-01,29.327,0.0,7.327
2022-08-02,29.281,0.0,7.281
2022-08-03,29.548,0.0,7.548
2022-08-04,28.814,0.0,6.814
2022-08-05,28.247,0.0,6.247
2022-08-06,28.234,0.0,6.234
2022-08-07,28.406,0.0,6.406
2022-08-08,28.014,0.0,6.014
2022-08-09,28.648,0.0,6.648
2022-08-10,29.046,0.0,7.046
2022-08-11,28.52,0.0,6.52
2022-08-12,29.349,0.0,7.349
2022-08-13,27.9,0.0,5.9
2022-08-14,27.219,0.0,5.219
2022-08-15,25.816,0.0,3.816
2022-08-16,25.616,0.0,3.616
2022-08-17,23.526,0.0,1.526
2022-08-18,22.61,0.0,0.61
2022-08-19,24.001,0.0,2.001
2022-08-20,25.817,0.0,3.817
2022-08-21,27.078,0.0,5.078
2022-08-22,26.525,0.0,4.525
2022-08-23,26.824,0.0,4.824
2022-08-24,27.604,0.0,5.604
2022-08-25,26.573,0.0,4.573
2022-08-26,25.606,0.0,3.606
2022-08-27,24.939,0.0,2.939
2022-08-28,26.588,0.0,4.588
2022-08-29,25.934,0.0,3.934
2022-08-30,26.866,0.0,4.866
2022-08-31,26.273,0.0,4.273
2022-09-01,24.997,0.0,2.997
2022-09-02,24.974,0.0,2.974
2022-09-03,23.612,0.0,1.612
2022-09-04,23.807,0.0,1.807
2022-09-05,24.004,0.0,2.004
2022-09-06,24.414,0.0,2.414
2022-09-07,23.78,0.0,1.78
2022-09-08,24.111,0.0,2.111
2022-09-09,24.768,0.0,2.768
2022-09-10,25.382,0.0,3.382
2022-09-11,26.512,0.0,4.512
2022-09-12,26.057,0.0,4.057
2022-09-13,23.908,0.0,1.908
2022-09-14,21.856,0.0,0.0
2022-09-15,21.892,0.0,0.0
2022-09-16,21.928,0.0,0.0
2022-09-17,21.667,0.0,0.0
2022-09-18,22.109,0.0,0.109
2022-09-19,22.01,0.0,0.01
2022-09-20,21.902,0.0,0.0
2022-09-21,21.489,0.0,0.0
2022-09-22,21.623,0.0,0.0
2022-09-23,21.858,0.0,0.0
2022-09-24,20.764,0.0,0.0
2022-09-25,18.241,0.0,0.0
2022-09-26,17.867,0.133,0.0
2022-09-27,18.463,0.0,0.0
2022-09-28,19.372,0.0,0.0
2022-09-29,17.321,0.679,0.0
2022-09-30,16.25,1.75,0.0
2022-10-01,17.451,0.549,0.0
2022-10-02,19.402,0.0,0.0
2022-10-03,20.333,0.0,0.0
2022-10-04,21.233,0.0,0.0
2022-10-05,20.66,0.0,0.0
2022-10-06,20.679,0.0,0.0
2022-10-07,19.867,0.0,0.0
2022-10-08,19.69,0.0,0.0
2022-10-09,19.614,0.0,0.0
2022-10-10,18.556,0.0,0.0
2022-10-11,18.323,0.0,0.0
2022-10-12,18.349,0.0,0.0
2022-10-13,18.765,0.0,0.0
2022-10-14,19.501,0.0,0.0
2022-10-15,19.763,0.0,0.0
2022-10-16,20.272,0.0,0.0
2022-10-17,20.533,0.0,0.0
2022-10-18,21.139,0.0,0.0
2022-10-19,20.66,0.0,0.0
2022-10-20,19.315,0.0,0.0
2022-10-21,18.642,0.0,0.0
2022-10-22,18.586,0.0,0.0
2022-10-23,18.701,0.0,0.0
2022-10-24,18.214,0.0,0.0
2022-10-25,18.77,0.0,0.0
2022-10-26,19.089,0.0,0.0
2022-10-27,19.646,0.0,0.0
2022-10-28,18.966,0.0,0.0
2022-10-29,18.461,0.0,0.0
2022-10-30,17.231,0.769,0.0
2022-10-31,16.462,1.538,0.0
2022-11-01,17.052,0.948,0.0
2022-11-02,16.235,1.765,0.0
2022-11-03,16.317,1.683,0.0
2022-11-04,14.83,3.17,0.0
2022-11-05,12.847,5.153,0.0
2022-11-06,13.317,4.683,0.0
2022-11-07,13.765,4.235,0.0
2022-11-08,14.873,3.127,0.0
2022-11-09,15.495,2.505,0.0
2022-11-10,13.847,4.153,0.0
2022-11-11,13.646,4.354,0.0
2022-11-12,15.555,2.445,0.0
2022-11-13,14.808,3.192,0.0
2022-11-14,14.561,3.439,0.0
2022-11-15,15.83,2.17,0.0
2022-11-16,15.503,2.497,0.0
2022-11-17,16.819,1.181,0.0
2022-11-18,12.768,5.232,0.0
2022-11-19,10.437,7.563,0.0
2022-11-20,11.847,6.153,0.0
2022-11-21,13.13,4.87,0.0
2022-11-22,10.759,7.241,0.0
2022-11-23,15.124,2.876,0.0
2022-11-24,13.835,4.165,0.0
2022-11-25,13.031,4.969,0.0
2022-11-26,10.272,7.728,0.0
2022-11-27,9.496,8.504,0.0
2022-11-28,10.762,7.238,0.0
2022-11-29,9.561,8.439,0.0
2022-11-30,9.281,8.719,0.0
2022-12-01,9.205,8.795,0.0
2022-12-02,7.752,10.248,0.0
2022-12-03,7.042,10.958,0.0
2022-12-04,7.79,10.21,0.0
2022-12-05,8.875,9.125,0.0
2022-12-06,10.971,7.029,0.0
2022-12-07,10.116,7.884,0.0
2022-12-08,10.917,7.083,0.0
2022-12-09,11.596,6.404,0.0
2022-12-10,10.669,7.331,0.0
2022-12-11,9.313,8.687,0.0
2022-12-12,11.78,6.22,0.0
2022-12-13,14.618,3.382,0.0
2022-12-14,13.688,4.312,0.0
2022-12-15,11.81,6.19,0.0
2022-12-16,10.166,7.834,0.0
2022-12-17,9.515,8.485,0.0
2022-12-18,9.308,8.692,0.0
2022-12-19,9.374,8.626,0.0
2022-12-20,10.745,7.255,0.0
2022-12-21,12.63,5.37,0.0
2022-12-22,13.481,4.519,0.0
2022-12-23,13.626,4.374,0.0
2022-12-24,12.205,5.795,0.0
2022-12-25,11.739,6.261,0.0
2022-12-26,11.432,6.568,0.0
2022-12-27,10.104,7.896,0.0
2022-12-28,9.808,8.192,0.0
2022-12-29,10.982,7.018,0.0
2022-12-30,12.863,5.137,0.0
2022-12-31,11.186,6.814,0.0
2023-01-01,10.591,7.409,0.0
2023-01-02,10.537,7.463,0.0
2023-01-03,9.534,8.466,0.0
2023-01-04,8.335,9.665,0.0
2023-01-05,7.718,10.282,0.0
2023-01-06,6.688,11.312,0.0
2023-01-07,7.838,10.162,0.0
2023-01-08,12.094,5.906,0.0
2023-01-09,12.183,5.817,0.0
2023-01-10,9.079,8.921,0.0
2023-01-11,9.902,8.098,0.0
2023-01-12,8.24,9.76,0.0
2023-01-13,8.324,9.676,0.0
2023-01-14,7.832,10.168,0.0
2023-01-15,9.159,8.841,0.0
2023-01-16,8.971,9.029,0.0
2023-01-17,10.863,7.137,0.0
2023-01-18,6.624,11.376,0.0
2023-01-19,6.554,11.446,0.0
2023-01-20,10.137,7.863,0.0
2023-01-21,7.494,10.506,0.0
2023-01-22,5.039,12.961,0.0
2023-01-23,4.291,13.709,0.0
2023-01-24,4.026,13.974,0.0
2023-01-25,5.122,12.878,0.0
2023-01-26,5.835,12.165,0.0
2023-01-27,5.342,12.658,0.0
2023-01-28,5.542,12.458,0.0
2023-01-29,4.377,13.623,0.0
2023-01-30,4.4,13.6,0.0
2023-01-31,5.331,12.669,0.0
2023-02-01,6.502,11.498,0.0
2023-02-02,6.831,11.169,0.0
2023-02-03,7.091,10.909,0.0
2023-02-04,8.002,9.998,0.0
2023-02-05,8.803,9.197,0.0
2023-02-06,7.438,10.562,0.0
2023-02-07,6.613,11.387,0.0
2023-02-08,7.612,10.388,0.0
2023-02-09,7.644,10.356,0.0
2023-02-10,6.557,11.443,0.0
2023-02-11,6.184,11.816,0.0
2023-02-12,6.898,11.102,0.0
2023-02-13,7.457,10.543,0.0
2023-02-14,8.514,9.486,0.0
2023-02-15,9.25,8.75,0.0
2023-02-16,8.891,9.109,0.0
2023-02-17,9.376,8.624,0.0
2023-02-18,10.324,7.676,0.0
2023-02-19,11.41,6.59,0.0
2023-02-20,12.071,5.929,0.0
2023-02-21,11.554,6.446,0.0
2023-02-22,11.373,6.627,0.0
2023-02-23,9.224,8.776,0.0
2023-02-24,7.243,10.757,0.0
2023-02-25,6.76,11.24,0.0
2023-02-26,7.222,10.778,0.0
2023-02-27,5.018,12.982,0.0
2023-02-28,5.539,12.461,0.0
2023-03-01,4.81,13.19,0.0
2023-03-02,5.796,12.204,0.0
2023-03-03,6.894,11.106,0.0
2023-03-04,7.852,10.148,0.0
2023-03-05,7.751,10.249,0.0
2023-03-06,10.006,7.994,0.0
2023-03-07,12.416,5.584,0.0
2023-03-08,14.906,3.094,0.0
2023-03-09,15.495,2.505,0.0
2023-03-10,15.52,2.48,0.0
2023-03-11,17.187,0.813,0.0
2023-03-12,16.63,1.37,0.0
2023-03-13,16.087,1.913,0.0
2023-03-14,14.269,3.731,0.0
2023-03-15,13.227,4.773,0.0
2023-03-16,14.404,3.596,0.0
2023-03-17,14.117,3.883,0.0
2023-03-18,13.155,4.845,0.0
2023-03-19,13.348,4.652,0.0
2023-03-20,13.306,4.694,0.0
2023-03-21,13.961,4.039,0.0
2023-03-22,14.466,3.534,0.0
2023-03-23,15.718,2.282,0.0
2023-03-24,15.782,2.218,0.0
2023-03-25,15.396,2.604,0.0
2023-03-26,16.906,1.094,0.0
2023-03-27,14.604,3.396,0.0
2023-03-28,14.692,3.308,0.0
2023-03-29,16.394,1.606,0.0
2023-03-30,17.481,0.519,0.0
2023-03-31,17.879,0.121,0.0
2023-04-01,16.069,1.931,0.0
2023-04-02,14.034,3.966,0.0
2023-04-03,13.202,4.798,0.0
2023-04-04,13.533,4.467,0.0
2023-04-05,13.259,4.741,0.0
2023-04-06,14.534,3.466,0.0
2023-04-07,15.233,2.767,0.0
2023-04-08,16.535,1.465,0.0
2023-04-09,17.196,0.804,0.0
2023-04-10,18.505,0.0,0.0
2023-04-11,17.847,0.153,0.0
2023-04-12,17.396,0.604,0.0
2023-04-13,14.029,3.971,0.0
2023-04-14,15.793,2.207,0.0
2023-04-15,16.976,1.024,0.0
2023-04-16,16.648,1.352,0.0
2023-04-17,16.027,1.973,0.0
2023-04-18,15.679,2.321,0.0
2023-04-19,16.431,1.569,0.0
2023-04-20,17.841,0.159,0.0
2023-04-21,18.161,0.0,0.0
2023-04-22,16.9,1.1,0.0
2023-04-23,17.43,0.57,0.0
2023-04-24,18.359,0.0,0.0
2023-04-25,20.08,0.0,0.0
2023-04-26,20.715,0.0,0.0
2023-04-27,21.405,0.0,0.0
2023-04-28,21.93,0.0,0.0
2023-04-29,21.383,0.0,0.0
2023-04-30,19.817,0.0,0.0
2023-05-01,18.991,0.0,0.0
2023-05-02,20.005,0.0,0.0
2023-05-03,20.905,0.0,0.0
2023-05-04,19.897,0.0,0.0
2023-05-05,19.684,0.0,0.0
2023-05-06,19.759,0.0,0.0
2023-05-07,20.372,0.0,0.0
2023-05-08,20.851,0.0,0.0
2023-05-09,21.679,0.0,0.0
2023-05-10,19.15,0.0,0.0
2023-05-11,17.299,0.701,0.0
2023-05-12,15.527,2.473,0.0
2023-05-13,15.487,2.513,0.0
2023-05-14,16.55,1.45,0.0
2023-05-15,17.459,0.541,0.0
2023-05-16,17.362,0.638,0.0
2023-05-17,16.793,1.207,0.0
2023-05-18,16.252,1.748,0.0
2023-05-19,16.071,1.929,0.0
2023-05-20,16.232,1.768,0.0
2023-05-21,16.45,1.55,0.0
2023-05-22,17.63,0.37,0.0
2023-05-23,17.391,0.609,0.0
2023-05-24,17.937,0.063,0.0
2023-05-25,17.722,0.278,0.0
2023-05-26,17.576,0.424,0.0
2023-05-27,18.354,0.0,0.0
2023-05-28,18.203,0.0,0.0
2023-05-29,18.31,0.0,0.0
2023-05-30,18.526,0.0,0.0
2023-05-31,19.106,0.0,0.0
2023-06-01,18.693,0.0,0.0
2023-06-02,18.469,0.0,0.0
2023-06-03,19.026,0.0,0.0
2023-06-04,19.745,0.0,0.0
2023-06-05,20.422,0.0,0.0
2023-06-06,21.789,0.0,0.0
2023-06-07,20.279,0.0,0.0
2023-06-08,20.154,0.0,0.0
2023-06-09,21.131,0.0,0.0
2023-06-10,21.849,0.0,0.0
2023-06-11,22.199,0.0,0.199
2023-06-12,21.56,0.0,0.0
2023-06-13,20.962,0.0,0.0
2023-06-14,21.955,0.0,0.0
2023-06-15,23.838,0.0,1.838
2023-06-16,25.189,0.0,3.189
2023-06-17,26.082,0.0,4.082
2023-06-18,23.785,0.0,1.785
2023-06-19,23.883,0.0,1.883
2023-06-20,23.559,0.0,1.559
2023-06-21,23.018,0.0,1.018
2023-06-22,23.426,0.0,1.426
2023-06-23,25.189,0.0,3.189
2023-06-24,26.554,0.0,4.554
2023-06-25,28.097,0.0,6.097
2023-06-26,28.091,0.0,6.091
2023-06-27,27.376,0.0,5.376
2023-06-28,27.107,0.0,5.107
2023-06-29,26.384,0.0,4.384
2023-06-30,23.506,0.0,1.506
2023-07-01,24.379,0.0,2.379
2023-07-02,25.885,0.0,3.885
2023-07-03,26.47,0.0,4.47
2023-07-04,26.318,0.0,4.318
2023-07-05,25.54,0.0,3.54
2023-07-06,25.764,0.0,3.764
2023-07-07,25.869,0.0,3.869
2023-07-08,26.251,0.0,4.251
2023-07-09,26.788,0.0,4.788
2023-07-10,28.179,0.0,6.179
2023-07-11,29.28,0.0,7.28
2023-07-12,27.678,0.0,5.678
2023-07-13,27.433,0.0,5.433
2023-07-14,28.016,0.0,6.016
2023-07-15,26.936,0.0,4.936
2023-07-16,26.315,0.0,4.315
2023-07-17,27.896,0.0,5.896
2023-07-18,29.897,0.0,7.897
2023-07-19,29.94,0.0,7.94
2023-07-20,28.349,0.0,6.349
2023-07-21,26.702,0.0,4.702
2023-07-22,26.079,0.0,4.079
2023-07-23,27.256,0.0,5.256
2023-07-24,27.078,0.0,5.078
2023-07-25,25.388,0.0,3.388
2023-07-26,25.111,0.0,3.111
2023-07-27,26.242,0.0,4.242
2023-07-28,26.403,0.0,4.403
2023-07-29,27.475,0.0,5.475
2023-07-30,27.826,0.0,5.826
2023-07-31,27.94,0.0,5.94
2023-08-01,28.269,0.0,6.269
2023-08-02,28.586,0.0,6.586
2023-08-03,26.39,0.0,4.39
2023-08-04,23.473,0.0,1.473
2023-08-05,24.365,0.0,2.365
2023-08-06,26.06,0.0,4.06
2023-08-07,26.017,0.0,4.017
2023-08-08,27.782,0.0,5.782
2023-08-09,29.067,0.0,7.067
2023-08-10,29.575,0.0,7.575
2023-08-11,29.08,0.0,7.08
2023-08-12,28.421,0.0,6.421
2023-08-13,27.994,0.0,5.994
2023-08-14,27.294,0.0,5.294
2023-08-15,27.046,0.0,5.046
2023-08-16,27.191,0.0,5.191
2023-08-17,27.385,0.0,5.385
2023-08-18,27.704,0.0,5.704
2023-08-19,28.151,0.0,6.151
2023-08-20,29.307,0.0,7.307
2023-08-21,30.234,0.0,8.234
2023-08-22,30.622,0.0,8.622
2023-08-23,31.082,0.0,9.082
2023-08-24,30.735,0.0,8.735
2023-08-25,29.637,0.0,7.637
2023-08-26,27.37,0.0,5.37
2023-08-27,22.176,0.0,0.176
2023-08-28,22.445,0.0,0.445
2023-08-29,22.616,0.0,0.616
2023-08-30,22.549,0.0,0.549
2023-08-31,23.414,0.0,1.414
2023-09-01,24.449,0.0,2.449
2023-09-02,21.396,0.0,0.0
2023-09-03,20.802,0.0,0.0
2023-09-04,22.665,0.0,0.665
2023-09-05,22.936,0.0,0.936
2023-09-06,23.21,0.0,1.21
2023-09-07,23.479,0.0,1.479
2023-09-08,23.163,0.0,1.163
2023-09-09,22.8,0.0,0.8
2023-09-10,22.403,0.0,0.403
2023-09-11,22.096,0.0,0.096
2023-09-12,21.741,0.0,0.0
2023-09-13,21.906,0.0,0.0
2023-09-14,22.255,0.0,0.255
2023-09-15,21.206,0.0,0.0
2023-09-16,20.88,0.0,0.0
2023-09-17,20.67,0.0,0.0
2023-09-18,20.353,0.0,0.0
2023-09-19,19.728,0.0,0.0
2023-09-20,19.952,0.0,0.0
2023-09-21,19.403,0.0,0.0
2023-09-22,18.65,0.0,0.0
2023-09-23,17.699,0.301,0.0
2023-09-24,19.217,0.0,0.0
2023-09-25,20.199,0.0,0.0
2023-09-26,20.781,0.0,0.0
2023-09-27,21.305,0.0,0.0
2023-09-28,21.816,0.0,0.0
2023-09-29,22.675,0.0,0.675
2023-09-30,23.155,0.0,1.155
2023-10-01,23.299,0.0,1.299
2023-10-02,22.657,0.0,0.657
2023-10-03,22.153,0.0,0.153
2023-10-04,22.413,0.0,0.413
2023-10-05,22.492,0.0,0.492
2023-10-06,22.413,0.0,0.413
2023-10-07,22.465,0.0,0.465
2023-10-08,22.066,0.0,0.066
2023-10-09,21.596,0.0,0.0
2023-10-10,20.805,0.0,0.0
2023-10-11,20.273,0.0,0.0
2023-10-12,20.601,0.0,0.0
2023-10-13,20.588,0.0,0.0
2023-10-14,19.998,0.0,0.0
2023-10-15,18.804,0.0,0.0
2023-10-16,19.359,0.0,0.0
2023-10-17,20.451,0.0,0.0
2023-10-18,20.31,0.0,0.0
2023-10-19,18.58,0.0,0.0
2023-10-20,15.991,2.009,0.0
2023-10-21,14.132,3.868,0.0
2023-10-22,13.882,4.118,0.0
2023-10-23,15.809,2.191,0.0
2023-10-24,14.829,3.171,0.0
2023-10-25,17.234,0.766,0.0
2023-10-26,18.786,0.0,0.0
2023-10-27,16.083,1.917,0.0
2023-10-28,16.215,1.785,0.0
2023-10-29,15.993,2.007,0.0
2023-10-30,15.125,2.875,0.0
2023-10-31,13.241,4.759,0.0
2023-11-01,14.524,3.476,0.0
2023-11-02,16.155,1.845,0.0
2023-11-03,12.668,5.332,0.0
2023-11-04,15.009,2.991,0.0
2023-11-05,14.07,3.93,0.0
2023-11-06,11.957,6.043,0.0
2023-11-07,10.243,7.757,0.0
2023-11-08,10.737,7.263,0.0
2023-11-09,13.22,4.78,0.0
2023-11-10,13.668,4.332,0.0
2023-11-11,15.622,2.378,0.0
2023-11-12,16.816,1.184,0.0
2023-11-13,17.35,0.65,0.0
2023-11-14,16.467,1.533,0.0
2023-11-15,14.886,3.114,0.0
2023-11-16,15.291,2.709,0.0
2023-11-17,14.524,3.476,0.0
2023-11-18,13.756,4.244,0.0
2023-11-19,12.886,5.114,0.0
2023-11-20,12.561,5.439,0.0
2023-11-21,12.218,5.782,0.0
2023-11-22,11.875,6.125,0.0
2023-11-23,9.913,8.087,0.0
2023-11-24,10.038,7.962,0.0
2023-11-25,10.576,7.424,0.0
2023-11-26,9.748,8.252,0.0
2023-11-27,10.351,7.649,0.0
2023-11-28,12.307,5.693,0.0
2023-11-29,14.239,3.761,0.0
2023-11-30,15.207,2.793,0.0
2023-12-01,12.155,5.845,0.0
2023-12-02,9.149,8.851,0.0
2023-12-03,7.346,10.654,0.0
2023-12-04,9.182,8.818,0.0
2023-12-05,8.35,9.65,0.0
2023-12-06,8.496,9.504,0.0
2023-12-07,9.191,8.809,0.0
2023-12-08,11.554,6.446,0.0
2023-12-09,11.418,6.582,0.0
2023-12-10,13.348,4.652,0.0
2023-12-11,13.356,4.644,0.0
2023-12-12,13.388,4.612,0.0
2023-12-13,12.599,5.401,0.0
2023-12-14,9.682,8.318,0.0
2023-12-15,10.006,7.994,0.0
2023-12-16,8.019,9.981,0.0
2023-12-17,6.55,11.45,0.0
2023-12-18,6.038,11.962,0.0
2023-12-19,6.223,11.777,0.0
2023-12-20,7.782,10.218,0.0
2023-12-21,8.707,9.293,0.0
2023-12-22,9.308,8.692,0.0
2023-12-23,8.344,9.656,0.0
2023-12-24,7.291,10.709,0.0
2023-12-25,5.943,12.057,0.0
2023-12-26,5.355,12.645,0.0
2023-12-27,5.71,12.29,0.0
2023-12-28,5.634,12.366,0.0
2023-12-29,6.701,11.299,0.0
2023-12-30,7.493,10.507,0.0
2023-12-31,9.172,8.828,0.0
2024-01-01,8.25,9.75,0.0
2024-01-02,8.899,9.101,0.0
2024-01-03,12.945,5.055,0.0
2024-01-04,11.296,6.704,0.0
2024-01-05,9.24,8.76,0.0
2024-01-06,7.987,10.013,0.0
2024-01-07,6.736,11.264,0.0
2024-01-08,5.287,12.713,0.0
2024-01-09,6.413,11.587,0.0
2024-01-10,7.446,10.554,0.0
2024-01-11,6.473,11.527,0.0
2024-01-12,5.674,12.326,0.0
2024-01-13,6.244,11.756,0.0
2024-01-14,9.524,8.476,0.0
2024-01-15,12.279,5.721,0.0
2024-01-16,13.376,4.624,0.0
2024-01-17,13.449,4.551,0.0
2024-01-18,13.648,4.352,0.0
2024-01-19,9.316,8.684,0.0
2024-01-20,7.141,10.859,0.0
2024-01-21,7.484,10.516,0.0
2024-01-22,7.654,10.346,0.0
2024-01-23,9.857,8.143,0.0
2024-01-24,10.905,7.095,0.0
2024-01-25,11.366,6.634,0.0
2024-01-26,11.876,6.124,0.0
2024-01-27,11.12,6.88,0.0
2024-01-28,10.269,7.731,0.0
2024-01-29,10.798,7.202,0.0
2024-01-30,10.266,7.734,0.0
2024-01-31,9.002,8.998,0.0
2024-02-01,9.969,8.031,0.0
2024-02-02,9.984,8.016,0.0
2024-02-03,9.785,8.215,0.0
2024-02-04,9.889,8.111,0.0
2024-02-05,9.253,8.747,0.0
2024-02-06,10.423,7.577,0.0
2024-02-07,11.101,6.899,0.0
2024-02-08,12.251,5.749,0.0
2024-02-09,12.141,5.859,0.0
2024-02-10,10.563,7.437,0.0
2024-02-11,8.534,9.466,0.0
2024-02-12,12.315,5.685,0.0
2024-02-13,12.934,5.066,0.0
2024-02-14,13.291,4.709,0.0
2024-02-15,12.955,5.045,0.0
2024-02-16,12.482,5.518,0.0
2024-02-17,11.338,6.662,0.0
2024-02-18,10.821,7.179,0.0
2024-02-19,12.342,5.658,0.0
2024-02-20,11.688,6.312,0.0
2024-02-21,11.107,6.893,0.0
2024-02-22,13.363,4.637,0.0
2024-02-23,9.799,8.201,0.0
2024-02-24,8.731,9.269,0.0
2024-02-25,11.327,6.673,0.0
2024-02-26,11.326,6.674,0.0
2024-02-27,9.253,8.747,0.0
2024-02-28,9.728,8.272,0.0
2024-02-29,9.922,8.078,0.0
2024-03-01,10.171,7.829,0.0
2024-03-02,10.095,7.905,0.0
2024-03-03,8.521,9.479,0.0
2024-03-04,10.433,7.567,0.0
2024-03-05,10.152,7.848,0.0
2024-03-06,9.235,8.765,0.0
2024-03-07,10.152,7.848,0.0
2024-03-08,9.733,8.267,0.0
2024-03-09,9.357,8.643,0.0
2024-03-10,9.898,8.102,0.0
2024-03-11,10.888,7.112,0.0
2024-03-12,10.589,7.411,0.0
2024-03-13,11.299,6.701,0.0
2024-03-14,12.288,5.712,0.0
2024-03-15,13.571,4.429,0.0
2024-03-16,14.393,3.607,0.0
2024-03-17,15.57,2.43,0.0
2024-03-18,15.505,2.495,0.0
2024-03-19,16.185,1.815,0.0
2024-03-20,15.423,2.577,0.0
2024-03-21,16.114,1.886,0.0
2024-03-22,17.455,0.545,0.0
2024-03-23,16.527,1.473,0.0
2024-03-24,15.414,2.586,0.0
2024-03-25,12.997,5.003,0.0
2024-03-26,10.191,7.809,0.0
2024-03-27,11.039,6.961,0.0
2024-03-28,13.747,4.253,0.0
2024-03-29,12.218,5.782,0.0
2024-03-30,10.132,7.868,0.0
2024-03-31,10.154,7.846,0.0
2024-04-01,10.776,7.224,0.0
2024-04-02,11.477,6.523,0.0
2024-04-03,14.172,3.828,0.0
2024-04-04,14.819,3.181,0.0
2024-04-05,15.963,2.037,0.0
2024-04-06,17.311,0.689,0.0
2024-04-07,17.41,0.59,0.0
2024-04-08,15.762,2.238,0.0
2024-04-09,12.632,5.368,0.0
2024-04-10,12.936,5.064,0.0
2024-04-11,15.755,2.245,0.0
2024-04-12,16.771,1.229,0.0
2024-04-13,18.133,0.0,0.0
2024-04-14,18.943,0.0,0.0
2024-04-15,18.856,0.0,0.0
2024-04-16,17.592,0.408,0.0
2024-04-17,15.49,2.51,0.0
2024-04-18,14.811,3.189,0.0
2024-04-19,14.571,3.429,0.0
2024-04-20,15.862,2.138,0.0
2024-04-21,15.379,2.621,0.0
2024-04-22,13.441,4.559,0.0
2024-04-23,11.864,6.136,0.0
2024-04-24,12.442,5.558,0.0
2024-04-25,13.889,4.111,0.0
2024-04-26,13.884,4.116,0.0
2024-04-27,13.819,4.181,0.0
2024-04-28,13.104,4.896,0.0
2024-04-29,13.173,4.827,0.0
2024-04-30,14.163,3.837,0.0
2024-05-01,13.177,4.823,0.0
2024-05-02,12.589,5.411,0.0
2024-05-03,14.281,3.719,0.0
2024-05-04,17.163,0.837,0.0
2024-05-05,17.605,0.395,0.0
2024-05-06,17.094,0.906,0.0
2024-05-07,16.414,1.586,0.0
2024-05-08,17.385,0.615,0.0
2024-05-09,18.609,0.0,0.0
2024-05-10,20.104,0.0,0.0
2024-05-11,19.971,0.0,0.0
2024-05-12,19.876,0.0,0.0
2024-05-13,19.787,0.0,0.0
2024-05-14,17.551,0.449,0.0
2024-05-15,15.586,2.414,0.0
2024-05-16,15.487,2.513,0.0
2024-05-17,16.579,1.421,0.0
2024-05-18,16.865,1.135,0.0
2024-05-19,16.534,1.466,0.0
2024-05-20,16.618,1.382,0.0
2024-05-21,16.593,1.407,0.0
2024-05-22,17.098,0.902,0.0
2024-05-23,17.821,0.179,0.0
2024-05-24,18.952,0.0,0.0
2024-05-25,20.297,0.0,0.0
2024-05-26,20.924,0.0,0.0
2024-05-27,21.174,0.0,0.0
2024-05-28,21.478,0.0,0.0
2024-05-29,23.269,0.0,1.269
2024-05-30,23.568,0.0,1.568
2024-05-31,21.211,0.0,0.0
2024-06-01,19.931,0.0,0.0
2024-06-02,20.167,0.0,0.0
2024-06-03,21.176,0.0,0.0
2024-06-04,22.517,0.0,0.517
2024-06-05,24.008,0.0,2.008
2024-06-06,25.582,0.0,3.582
2024-06-07,25.144,0.0,3.144
2024-06-08,22.147,0.0,0.147
2024-06-09,20.773,0.0,0.0
2024-06-10,19.204,0.0,0.0
2024-06-11,18.855,0.0,0.0
2024-06-12,18.498,0.0,0.0
2024-06-13,19.303,0.0,0.0
2024-06-14,22.227,0.0,0.227
2024-06-15,22.176,0.0,0.176
2024-06-16,21.853,0.0,0.0
2024-06-17,22.906,0.0,0.906
2024-06-18,22.137,0.0,0.137
2024-06-19,20.526,0.0,0.0
2024-06-20,19.705,0.0,0.0
2024-06-21,20.869,0.0,0.0
2024-06-22,22.554,0.0,0.554
2024-06-23,23.047,0.0,1.047
2024-06-24,23.823,0.0,1.823
2024-06-25,24.973,0.0,2.973
2024-06-26,24.399,0.0,2.399
2024-06-27,24.618,0.0,2.618
2024-06-28,23.78,0.0,1.78
2024-06-29,21.9,0.0,0.0
2024-06-30,22.114,0.0,0.114
2024-07-01,22.324,0.0,0.324
2024-07-02,22.438,0.0,0.438
2024-07-03,23.969,0.0,1.969
2024-07-04,26.009,0.0,4.009
2024-07-05,26.367,0.0,4.367
2024-07-06,25.218,0.0,3.218
2024-07-07,23.31,0.0,1.31
2024-07-08,24.566,0.0,2.566
2024-07-09,25.041,0.0,3.041
2024-07-10,26.488,0.0,4.488
2024-07-11,27.861,0.0,5.861
2024-07-12,26.585,0.0,4.585
2024-07-13,24.854,0.0,2.854
2024-07-14,25.666,0.0,3.666
2024-07-15,26.132,0.0,4.132
2024-07-16,25.749,0.0,3.749
2024-07-17,26.035,0.0,4.035
2024-07-18,27.55,0.0,5.55
2024-07-19,28.88,0.0,6.88
2024-07-20,28.528,0.0,6.528
2024-07-21,25.98,0.0,3.98
2024-07-22,25.726,0.0,3.726
2024-07-23,28.042,0.0,6.042
2024-07-24,29.462,0.0,7.462
2024-07-25,28.857,0.0,6.857
2024-07-26,27.914,0.0,5.914
2024-07-27,28.26,0.0,6.26
2024-07-28,29.052,0.0,7.052
2024-07-29,29.105,0.0,7.105
2024-07-30,29.936,0.0,7.936
2024-07-31,29.873,0.0,7.873
2024-08-01,29.059,0.0,7.059
2024-08-02,28.158,0.0,6.158
2024-08-03,27.614,0.0,5.614
2024-08-04,28.407,0.0,6.407
2024-08-05,28.938,0.0,6.938
2024-08-06,28.805,0.0,6.805
2024-08-07,28.519,0.0,6.519
2024-08-08,28.551,0.0,6.551
2024-08-09,29.254,0.0,7.254
2024-08-10,29.938,0.0,7.938
2024-08-11,29.579,0.0,7.579
2024-08-12,28.554,0.0,6.554
2024-08-13,26.726,0.0,4.726
2024-08-14,25.021,0.0,3.021
2024-08-15,23.919,0.0,1.919
2024-08-16,25.392,0.0,3.392
2024-08-17,27.14,0.0,5.14
2024-08-18,27.023,0.0,5.023
2024-08-19,26.193,0.0,4.193
2024-08-20,26.818,0.0,4.818
2024-08-21,26.632,0.0,4.632
2024-08-22,27.528,0.0,5.528
2024-08-23,27.622,0.0,5.622
2024-08-24,27.536,0.0,5.536
2024-08-25,26.18,0.0,4.18
2024-08-26,26.046,0.0,4.046
2024-08-27,26.982,0.0,4.982
2024-08-28,27.048,0.0,5.048
2024-08-29,24.774,0.0,2.774
2024-08-30,24.193,0.0,2.193
2024-08-31,24.433,0.0,2.433
2024-09-01,24.528,0.0,2.528
2024-09-02,24.584,0.0,2.584
2024-09-03,23.474,0.0,1.474
2024-09-04,21.55,0.0,0.0
2024-09-05,20.743,0.0,0.0
2024-09-06,21.474,0.0,0.0
2024-09-07,21.433,0.0,0.0
2024-09-08,21.984,0.0,0.0
2024-09-09,21.845,0.0,0.0
2024-09-10,22.109,0.0,0.109
2024-09-11,21.75,0.0,0.0
2024-09-12,21.763,0.0,0.0
2024-09-13,19.302,0.0,0.0
2024-09-14,19.29,0.0,0.0
2024-09-15,21.006,0.0,0.0
2024-09-16,21.189,0.0,0.0
2024-09-17,20.312,0.0,0.0
2024-09-18,20.46,0.0,0.0
2024-09-19,19.518,0.0,0.0
2024-09-20,19.16,0.0,0.0
2024-09-21,19.319,0.0,0.0
2024-09-22,19.641,0.0,0.0
2024-09-23,19.413,0.0,0.0
2024-09-24,18.955,0.0,0.0
2024-09-25,20.203,0.0,0.0
2024-09-26,21.803,0.0,0.0
2024-09-27,19.413,0.0,0.0
2024-09-28,16.617,1.383,0.0
2024-09-29,18.016,0.0,0.0
2024-09-30,19.916,0.0,0.0
2024-10-01,20.65,0.0,0.0
2024-10-02,21.568,0.0,0.0
2024-10-03,20.232,0.0,0.0
2024-10-04,18.792,0.0,0.0
2024-10-05,19.625,0.0,0.0
2024-10-06,21.384,0.0,0.0
2024-10-07,19.782,0.0,0.0
2024-10-08,18.231,0.0,0.0
2024-10-09,19.152,0.0,0.0
2024-10-10,17.394,0.606,0.0
2024-10-11,16.112,1.888,0.0
2024-10-12,18.021,0.0,0.0
2024-10-13,18.202,0.0,0.0
2024-10-14,18.94,0.0,0.0
2024-10-15,18.855,0.0,0.0
2024-10-16,18.955,0.0,0.0
2024-10-17,16.204,1.796,0.0
2024-10-18,14.88,3.12,0.0
2024-10-19,16.57,1.43,0.0
2024-10-20,17.147,0.853,0.0
2024-10-21,17.166,0.834,0.0
2024-10-22,17.096,0.904,0.0
2024-10-23,16.578,1.422,0.0
2024-10-24,16.788,1.212,0.0
2024-10-25,15.743,2.257,0.0
2024-10-26,12.668,5.332,0.0
2024-10-27,11.645,6.355,0.0
2024-10-28,14.494,3.506,0.0
2024-10-29,15.83,2.17,0.0
2024-10-30,16.044,1.956,0.0
2024-10-31,16.282,1.718,0.0
2024-11-01,15.83,2.17,0.0
2024-11-02,15.14,2.86,0.0
2024-11-03,15.295,2.705,0.0
2024-11-04,15.66,2.34,0.0
2024-11-05,15.8,2.2,0.0
2024-11-06,15.5,2.5,0.0
2024-11-07,15.048,2.952,0.0
2024-11-08,14.278,3.722,0.0
2024-11-09,14.347,3.653,0.0
2024-11-10,14.063,3.937,0.0
2024-11-11,13.653,4.347,0.0
2024-11-12,11.77,6.23,0.0
2024-11-13,9.879,8.121,0.0
2024-11-14,12.808,5.192,0.0
2024-11-15,13.885,4.115,0.0
2024-11-16,13.233,4.767,0.0
2024-11-17,12.912,5.088,0.0
2024-11-18,13.236,4.764,0.0
2024-11-19,13.058,4.942,0.0
2024-11-20,14.138,3.862,0.0
2024-11-21,13.178,4.822,0.0
2024-11-22,13.359,4.641,0.0
2024-11-23,12.758,5.242,0.0
2024-11-24,13.747,4.253,0.0
2024-11-25,14.906,3.094,0.0
2024-11-26,11.092,6.908,0.0
2024-11-27,10.256,7.744,0.0
2024-11-28,9.972,8.028,0.0
2024-11-29,10.937,7.063,0.0
2024-11-30,11.893,6.107,0.0
2024-12-01,11.774,6.226,0.0
2024-12-02,12.002,5.998,0.0
2024-12-03,11.709,6.291,0.0
2024-12-04,11.881,6.119,0.0
2024-12-05,10.423,7.577,0.0
2024-12-06,12.369,5.631,0.0
2024-12-07,12.315,5.685,0.0
2024-12-08,9.429,8.571,0.0
2024-12-09,7.868,10.132,0.0
2024-12-10,6.846,11.154,0.0
2024-12-11,6.813,11.187,0.0
2024-12-12,7.24,10.76,0.0
2024-12-13,7.745,10.255,0.0
2024-12-14,6.813,11.187,0.0
2024-12-15,6.653,11.347,0.0
2024-12-16,6.72,11.28,0.0
2024-12-17,6.655,11.345,0.0
2024-12-18,8.459,9.541,0.0
2024-12-19,11.996,6.004,0.0
2024-12-20,8.402,9.598,0.0
2024-12-21,6.703,11.297,0.0
2024-12-22,8.291,9.709,0.0
2024-12-23,9.361,8.639,0.0
2024-12-24,8.884,9.116,0.0
2024-12-25,10.196,7.804,0.0
2024-12-26,9.479,8.521,0.0
2024-12-27,8.497,9.503,0.0
2024-12-28,7.028,10.972,0.0
2024-12-29,6.512,11.488,0.0
2024-12-30,5.922,12.078,0.0
2024-12-31,5.704,12.296,0.0
2025-01-01,5.783,12.217,0.0
2025-01-02,5.9,12.1,0.0
2025-01-03,7.202,10.798,0.0
2025-01-04,8.369,9.631,0.0
2025-01-05,9.805,8.195,0.0
2025-01-06,10.851,7.149,0.0
2025-01-07,8.419,9.581,0.0
2025-01-08,11.074,6.926,0.0
2025-01-09,12.888,5.112,0.0
2025-01-10,11.747,6.253,0.0
2025-01-11,13.841,4.159,0.0
2025-01-12,10.418,7.582,0.0
2025-01-13,6.22,11.78,0.0
2025-01-14,4.851,13.149,0.0
2025-01-15,3.956,14.044,0.0
2025-01-16,5.692,12.308,0.0
2025-01-17,7.323,10.677,0.0
2025-01-18,5.924,12.076,0.0
2025-01-19,5.56,12.44,0.0
2025-01-20,7.466,10.534,0.0
2025-01-21,9.674,8.326,0.0
2025-01-22,11.478,6.522,0.0
2025-01-23,12.119,5.881,0.0
2025-01-24,12.197,5.803,0.0
2025-01-25,11.52,6.48,0.0
2025-01-26,10.791,7.209,0.0
2025-01-27,14.569,3.431,0.0
2025-01-28,10.496,7.504,0.0
2025-01-29,9.176,8.824,0.0
2025-01-30,9.008,8.992,0.0
2025-01-31,7.865,10.135,0.0
2025-02-01,7.333,10.667,0.0
2025-02-02,7.496,10.504,0.0
2025-02-03,8.131,9.869,0.0
2025-02-04,7.762,10.238,0.0
2025-02-05,8.0,10.0,0.0
2025-02-06,7.485,10.515,0.0
2025-02-07,7.343,10.657,0.0
2025-02-08,8.991,9.009,0.0
2025-02-09,8.519,9.481,0.0
2025-02-10,9.927,8.073,0.0
2025-02-11,10.701,7.299,0.0
2025-02-12,10.766,7.234,0.0
2025-02-13,10.493,7.507,0.0
2025-02-14,10.958,7.042,0.0
2025-02-15,10.84,7.16,0.0
2025-02-16,11.395,6.605,0.0
2025-02-17,11.067,6.933,0.0
2025-02-18,11.509,6.491,0.0
2025-02-19,12.181,5.819,0.0
2025-02-20,12.09,5.91,0.0
2025-02-21,12.556,5.444,0.0
2025-02-22,11.618,6.382,0.0
2025-02-23,10.729,7.271,0.0
2025-02-24,10.913,7.087,0.0
2025-02-25,11.758,6.242,0.0
2025-02-26,9.558,8.442,0.0
2025-02-27,9.607,8.393,0.0
2025-02-28,10.362,7.638,0.0
2025-03-01,9.326,8.674,0.0
2025-03-02,7.722,10.278,0.0
2025-03-03,10.02,7.98,0.0
2025-03-04,11.773,6.227,0.0
2025-03-05,11.778,6.222,0.0
2025-03-06,12.067,5.933,0.0
2025-03-07,11.904,6.096,0.0
2025-03-08,11.632,6.368,0.0
2025-03-09,9.729,8.271,0.0
2025-03-10,9.765,8.235,0.0
2025-03-11,10.823,7.177,0.0
2025-03-12,10.729,7.271,0.0
2025-03-13,9.592,8.408,0.0
2025-03-14,8.331,9.669,0.0
2025-03-15,7.634,10.366,0.0
2025-03-16,7.581,10.419,0.0
2025-03-17,8.257,9.743,0.0
2025-03-18,10.225,7.775,0.0
2025-03-19,12.542,5.458,0.0
2025-03-20,13.585,4.415,0.0
2025-03-21,12.603,5.397,0.0
2025-03-22,10.405,7.595,0.0
2025-03-23,9.203,8.797,0.0
2025-03-24,9.568,8.432,0.0
2025-03-25,11.097,6.903,0.0
2025-03-26,11.192,6.808,0.0
2025-03-27,11.261,6.739,0.0
2025-03-28,12.111,5.889,0.0
2025-03-29,12.534,5.466,0.0
2025-03-30,11.811,6.189,0.0
2025-03-31,13.944,4.056,0.0
2025-04-01,14.178,3.822,0.0
2025-04-02,13.793,4.207,0.0
2025-04-03,12.672,5.328,0.0
2025-04-04,13.962,4.038,0.0
2025-04-05,13.955,4.045,0.0
2025-04-06,14.971,3.029,0.0
2025-04-07,15.333,2.667,0.0
2025-04-08,15.906,2.094,0.0
2025-04-09,15.992,2.008,0.0
2025-04-10,15.978,2.022,0.0
2025-04-11,14.587,3.413,0.0
2025-04-12,14.559,3.441,0.0
2025-04-13,14.842,3.158,0.0
2025-04-14,14.381,3.619,0.0
2025-04-15,12.042,5.958,0.0
2025-04-16,10.565,7.435,0.0
2025-04-17,13.202,4.798,0.0
2025-04-18,14.515,3.485,0.0
2025-04-19,13.165,4.835,0.0
2025-04-20,12.202,5.798,0.0
2025-04-21,13.882,4.118,0.0
2025-04-22,14.678,3.322,0.0
2025-04-23,15.074,2.926,0.0
2025-04-24,16.93,1.07,0.0
2025-04-25,17.695,0.305,0.0
2025-04-26,17.18,0.82,0.0
2025-04-27,16.084,1.916,0.0
2025-04-28,16.759,1.241,0.0
2025-04-29,16.925,1.075,0.0
2025-04-30,16.407,1.593,0.0
2025-05-01,17.158,0.842,0.0
2025-05-02,16.845,1.155,0.0
2025-05-03,16.881,1.119,0.0
2025-05-04,16.277,1.723,0.0
2025-05-05,15.345,2.655,0.0
2025-05-06,13.905,4.095,0.0
2025-05-07,14.269,3.731,0.0
2025-05-08,14.491,3.509,0.0
2025-05-09,14.938,3.062,0.0
2025-05-10,15.185,2.815,0.0
2025-05-11,15.416,2.584,0.0
2025-05-12,15.279,2.721,0.0
2025-05-13,15.747,2.253,0.0
2025-05-14,16.035,1.965,0.0
2025-05-15,16.262,1.738,0.0
2025-05-16,17.6,0.4,0.0
2025-05-17,18.736,0.0,0.0
2025-05-18,20.138,0.0,0.0
2025-05-19,18.895,0.0,0.0
2025-05-20,19.425,0.0,0.0
2025-05-21,20.132,0.0,0.0
2025-05-22,19.735,0.0,0.0
2025-05-23,18.037,0.0,0.0
2025-05-24,18.917,0.0,0.0
2025-05-25,21.251,0.0,0.0
2025-05-26,21.999,0.0,0.0
2025-05-27,22.344,0.0,0.344
2025-05-28,23.888,0.0,1.888
2025-05-29,25.348,0.0,3.348
2025-05-30,26.284,0.0,4.284
2025-05-31,25.949,0.0,3.949
2025-06-01,25.764,0.0,3.764
2025-06-02,23.589,0.0,1.589
2025-06-03,21.442,0.0,0.0
2025-06-04,21.313,0.0,0.0
2025-06-05,22.358,0.0,0.358
2025-06-06,23.634,0.0,1.634
2025-06-07,24.177,0.0,2.177
2025-06-08,24.969,0.0,2.969
2025-06-09,25.316,0.0,3.316
2025-06-10,26.34,0.0,4.34
2025-06-11,24.515,0.0,2.515
2025-06-12,23.512,0.0,1.512
2025-06-13,24.666,0.0,2.666
2025-06-14,25.915,0.0,3.915
2025-06-15,26.346,0.0,4.346
2025-06-16,26.503,0.0,4.503
2025-06-17,27.97,0.0,5.97
2025-06-18,28.098,0.0,6.098
2025-06-19,28.221,0.0,6.221
2025-06-20,28.933,0.0,6.933
2025-06-21,29.14,0.0,7.14
2025-06-22,28.303,0.0,6.303
2025-06-23,28.327,0.0,6.327
2025-06-24,28.207,0.0,6.207
2025-06-25,25.753,0.0,3.753
2025-06-26,26.404,0.0,4.404
2025-06-27,28.09,0.0,6.09
2025-06-28,29.861,0.0,7.861
2025-06-29,30.958,0.0,8.958
2025-06-30,30.834,0.0,8.834
2025-07-01,30.26,0.0,8.26
2025-07-02,29.615,0.0,7.615
2025-07-03,28.764,0.0,6.764
2025-07-04,28.5,0.0,6.5
2025-07-05,28.463,0.0,6.463
2025-07-06,27.53,0.0,5.53
2025-07-07,26.751,0.0,4.751
2025-07-08,25.172,0.0,3.172
2025-07-09,27.144,0.0,5.144
2025-07-10,27.488,0.0,5.488
2025-07-11,26.311,0.0,4.311
2025-07-12,23.723,0.0,1.723
2025-07-13,24.991,0.0,2.991
2025-07-14,26.799,0.0,4.799
2025-07-15,27.67,0.0,5.67
2025-07-16,28.567,0.0,6.567
2025-07-17,29.565,0.0,7.565
2025-07-18,28.169,0.0,6.169
2025-07-19,26.551,0.0,4.551
2025-07-20,26.473,0.0,4.473
2025-07-21,25.554,0.0,3.554
2025-07-22,26.071,0.0,4.071
2025-07-23,26.174,0.0,4.174
2025-07-24,23.368,0.0,1.368
2025-07-25,23.083,0.0,1.083
2025-07-26,24.481,0.0,2.481
2025-07-27,25.934,0.0,3.934
2025-07-28,25.84,0.0,3.84
2025-07-29,23.924,0.0,1.924
2025-07-30,24.906,0.0,2.906
2025-07-31,26.016,0.0,4.016
2025-08-01,25.882,0.0,3.882
2025-08-02,26.182,0.0,4.182
2025-08-03,27.067,0.0,5.067
2025-08-04,27.958,0.0,5.958
2025-08-05,28.855,0.0,6.855
2025-08-06,28.203,0.0,6.203
2025-08-07,28.499,0.0,6.499
2025-08-08,28.602,0.0,6.602
2025-08-09,29.065,0.0,7.065
2025-08-10,30.125,0.0,8.125
2025-08-11,30.925,0.0,8.925
2025-08-12,30.863,0.0,8.863
2025-08-13,29.729,0.0,7.729
2025-08-14,29.734,0.0,7.734
2025-08-15,30.636,0.0,8.636
2025-08-16,31.257,0.0,9.257
2025-08-17,31.475,0.0,9.475
2025-08-18,30.15,0.0,8.15
2025-08-19,27.02,0.0,5.02
2025-08-20,24.881,0.0,2.881
2025-08-21,24.029,0.0,2.029
2025-08-22,24.308,0.0,2.308
2025-08-23,25.023,0.0,3.023
2025-08-24,26.289,0.0,4.289
2025-08-25,26.839,0.0,4.839
2025-08-26,27.415,0.0,5.415
2025-08-27,26.616,0.0,4.616
2025-08-28,23.862,0.0,1.862
2025-08-29,23.587,0.0,1.587
2025-08-30,24.976,0.0,2.976
2025-08-31,24.583,0.0,2.583
2025-09-01,22.034,0.0,0.034
2025-09-02,22.18,0.0,0.18
2025-09-03,23.887,0.0,1.887
2025-09-04,24.499,0.0,2.499
2025-09-05,23.801,0.0,1.801
2025-09-06,24.969,0.0,2.969
2025-09-07,24.931,0.0,2.931
2025-09-08,24.078,0.0,2.078
2025-09-09,22.05,0.0,0.05
2025-09-10,22.375,0.0,0.375
2025-09-11,23.233,0.0,1.233
2025-09-12,23.831,0.0,1.831
2025-09-13,24.053,0.0,2.053
2025-09-14,24.161,0.0,2.161
2025-09-15,24.769,0.0,2.769
2025-09-16,24.795,0.0,2.795
2025-09-17,25.332,0.0,3.332
2025-09-18,25.802,0.0,3.802
2025-09-19,25.845,0.0,3.845
2025-09-20,24.946,0.0,2.946
2025-09-21,22.181,0.0,0.181
2025-09-22,18.233,0.0,0.0
2025-09-23,17.588,0.412,0.0
2025-09-24,17.158,0.842,0.0
2025-09-25,18.141,0.0,0.0
2025-09-26,18.952,0.0,0.0
2025-09-27,20.096,0.0,0.0
2025-09-28,19.758,0.0,0.0
2025-09-29,19.329,0.0,0.0
2025-09-30,19.246,0.0,0.0
2025-10-01,20.181,0.0,0.0
2025-10-02,20.609,0.0,0.0
2025-10-03,20.883,0.0,0.0
2025-10-04,21.898,0.0,0.0
2025-10-05,20.242,0.0,0.0
2025-10-06,18.688,0.0,0.0
2025-10-07,19.968,0.0,0.0
2025-10-08,20.469,0.0,0.0
2025-10-09,19.548,0.0,0.0
2025-10-10,18.552,0.0,0.0
2025-10-11,19.098,0.0,0.0
2025-10-12,19.405,0.0,0.0
2025-10-13,19.132,0.0,0.0
2025-10-14,18.911,0.0,0.0
2025-10-15,19.071,0.0,0.0
2025-10-16,18.707,0.0,0.0
2025-10-17,18.363,0.0,0.0
2025-10-18,18.235,0.0,0.0
2025-10-19,18.542,0.0,0.0
2025-10-20,19.409,0.0,0.0
2025-10-21,19.373,0.0,0.0
2025-10-22,20.425,0.0,0.0
2025-10-23,20.94,0.0,0.0
2025-10-24,18.4,0.0,0.0
2025-10-25,18.465,0.0,0.0
2025-10-26,16.036,1.964,0.0
2025-10-27,13.636,4.364,0.0
2025-10-28,14.163,3.837,0.0
2025-10-29,15.042,2.958,0.0
2025-10-30,16.076,1.924,0.0
2025-10-31,15.793,2.207,0.0
2025-11-01,16.25,1.75,0.0
2025-11-02,16.306,1.694,0.0
2025-11-03,14.078,3.922,0.0
2025-11-04,14.064,3.936,0.0
2025-11-05,15.45,2.55,0.0
2025-11-06,13.812,4.188,0.0
2025-11-07,12.829,5.171,0.0
2025-11-08,13.119,4.881,0.0
2025-11-09,11.458,6.542,0.0
2025-11-10,11.604,6.396,0.0
2025-11-11,12.604,5.396,0.0
2025-11-12,14.377,3.623,0.0
2025-11-13,15.386,2.614,0.0
2025-11-14,15.234,2.766,0.0
2025-11-15,14.195,3.805,0.0
2025-11-16,13.918,4.082,0.0
2025-11-17,12.33,5.67,0.0
2025-11-18,11.036,6.964,0.0
2025-11-19,8.88,9.12,0.0
2025-11-20,8.184,9.816,0.0
2025-11-21,7.579,10.421,0.0
2025-11-22,6.787,11.213,0.0
2025-11-23,9.298,8.702,0.0
2025-11-24,12.476,5.524,0.0
2025-11-25,11.183,6.817,0.0
2025-11-26,8.772,9.228,0.0
2025-11-27,7.708,10.292,0.0
2025-11-28,8.118,9.882,0.0
2025-11-29,8.169,9.831,0.0
2025-11-30,9.444,8.556,0.0
2025-12-01,8.057,9.943,0.0
2025-12-02,8.307,9.693,0.0
2025-12-03,8.026,9.974,0.0
2025-12-04,9.128,8.872,0.0
2025-12-05,10.487,7.513,0.0
2025-12-06,13.481,4.519,0.0
2025-12-07,12.92,5.08,0.0
2025-12-08,10.678,7.322,0.0
2025-12-09,10.167,7.833,0.0
2025-12-10,10.902,7.098,0.0
2025-12-11,10.172,7.828,0.0
2025-12-12,10.266,7.734,0.0
2025-12-13,11.34,6.66,0.0
2025-12-14,9.617,8.383,0.0
2025-12-15,10.215,7.785,0.0
2025-12-16,9.926,8.074,0.0
2025-12-17,10.558,7.442,0.0
2025-12-18,9.98,8.02,0.0
2025-12-19,9.908,8.092,0.0
2025-12-20,9.831,8.169,0.0
2025-12-21,8.236,9.764,0.0
2025-12-22,5.759,12.241,0.0
2025-12-23,6.634,11.366,0.0
2025-12-24,7.293,10.707,0.0
2025-12-25,6.413,11.587,0.0
2025-12-26,7.215,10.785,0.0
2025-12-27,7.946,10.054,0.0
2025-12-28,9.293,8.707,0.0
2025-12-29,8.67,9.33,0.0
2025-12-30,7.389,10.611,0.0
2025-12-31,6.351,11.649,0.0
